"","recordID","scientificName","taxonConceptID","decimalLatitude","decimalLongitude","eventDate","occurrenceStatus","dataResourceName"
"1","0013ed09-db2f-4342-8a89-eaed2ce599a9","Acraea andromacha","https://biodiversity.org.au/afd/taxa/86294130-ca0d-4e27-81da-5a82a7cd4c87",-28.832085,152.962153,2021-04-02 09:47:00,"PRESENT","iNaturalist Australia"
"2","00181932-880e-40c6-b51f-417becb87206","Acraea andromacha","https://biodiversity.org.au/afd/taxa/86294130-ca0d-4e27-81da-5a82a7cd4c87",-20.654725,117.018568,2025-09-13 09:26:18,"PRESENT","iNaturalist Australia"
"3","001b2d3d-c195-4d56-9992-00b6e19d5c0c","Acraea terpsicore","https://biodiversity.org.au/afd/taxa/ba632bea-a7b4-4b60-bf89-d63128cad841",-22.159952,146.434071,2022-04-02 08:16:21,"PRESENT","iNaturalist Australia"
"4","001cc5f3-f730-48c4-8aae-a3efd564eb20","Acraea andromacha","https://biodiversity.org.au/afd/taxa/86294130-ca0d-4e27-81da-5a82a7cd4c87",-21.142583,149.206324,2021-07-18 09:17:19,"PRESENT","iNaturalist Australia"
"5","00204ab0-9233-46b1-8cca-464e5c0f1a8c","Acraea terpsicore","https://biodiversity.org.au/afd/taxa/ba632bea-a7b4-4b60-bf89-d63128cad841",-15.641154,135.711834,2023-06-16 12:09:00,"PRESENT","iNaturalist Australia"
"6","0023bfb1-d869-445d-b9ef-5c87ca77e200","Acraea terpsicore","https://biodiversity.org.au/afd/taxa/ba632bea-a7b4-4b60-bf89-d63128cad841",-16.527194,145.47365,2025-07-21 08:54:34,"PRESENT","iNaturalist Australia"
"7","0044fff9-b68a-4ab5-9ef2-4a6638b60684","Acraea terpsicore","https://biodiversity.org.au/afd/taxa/ba632bea-a7b4-4b60-bf89-d63128cad841",-27.486492,152.950487,2021-10-03 23:27:00,"PRESENT","iNaturalist Australia"
"8","004e54b2-2a59-477f-b921-47a7f09b7e9d","Acraea terpsicore","https://biodiversity.org.au/afd/taxa/ba632bea-a7b4-4b60-bf89-d63128cad841",-14.452114,132.271515,2023-05-15 14:07:00,"PRESENT","iNaturalist Australia"
"9","006812ae-895b-4b0b-93c5-c2c26ce66c2a","Acraea terpsicore","https://biodiversity.org.au/afd/taxa/ba632bea-a7b4-4b60-bf89-d63128cad841",-20.588818,139.54348,2025-08-30 12:09:00,"PRESENT","iNaturalist Australia"
"10","00714a80-1102-4929-bd12-f451d889a432","Acraea terpsicore","https://biodiversity.org.au/afd/taxa/ba632bea-a7b4-4b60-bf89-d63128cad841",-19.245129,146.786648,2022-10-27 08:27:00,"PRESENT","iNaturalist Australia"
"11","00882519-0de8-458c-9583-2861c63fd9a0","Acraea andromacha","https://biodiversity.org.au/afd/taxa/86294130-ca0d-4e27-81da-5a82a7cd4c87",-28.577075,151.765066,2024-12-28 13:28:00,"PRESENT","iNaturalist Australia"
"12","009860a7-274a-4c8e-9e91-3331342a325e","Adenia heterophylla","https://id.biodiversity.org.au/taxon/apni/51442112",-12.865535,132.813208,2021-06-18 10:53:00,"PRESENT","iNaturalist Australia"
"13","00a0fff5-07b2-4be8-b92e-ff623ea6e26e","Acraea terpsicore","https://biodiversity.org.au/afd/taxa/ba632bea-a7b4-4b60-bf89-d63128cad841",-12.70994,131.090185,2025-01-19 07:26:00,"PRESENT","iNaturalist Australia"
"14","00a56652-fe04-47fc-9ab3-5febae6570f4","Acraea andromacha","https://biodiversity.org.au/afd/taxa/86294130-ca0d-4e27-81da-5a82a7cd4c87",-19.259597,146.807205,2025-04-17 09:23:00,"PRESENT","iNaturalist Australia"
"15","00aa8fa2-25f8-422a-b7cc-a41b81a1eda9","Acraea andromacha","https://biodiversity.org.au/afd/taxa/86294130-ca0d-4e27-81da-5a82a7cd4c87",-33.153946,150.367328,2022-04-24 11:22:22,"PRESENT","iNaturalist Australia"
"16","00c0f624-0c37-4fad-a604-1b19be2176d9","Acraea terpsicore","https://biodiversity.org.au/afd/taxa/ba632bea-a7b4-4b60-bf89-d63128cad841",-15.648429,135.758556,2023-06-16 10:54:00,"PRESENT","iNaturalist Australia"
"17","00d126df-9d4a-421b-857b-99cd45023adb","Acraea andromacha","https://biodiversity.org.au/afd/taxa/86294130-ca0d-4e27-81da-5a82a7cd4c87",-27.4955,152.741306,2023-08-20 09:17:00,"PRESENT","iNaturalist Australia"
"18","00e40328-e63c-416e-9622-11abd294e113","Acraea terpsicore","https://biodiversity.org.au/afd/taxa/ba632bea-a7b4-4b60-bf89-d63128cad841",-18.2214,144.6666,2021-03-21 12:30:00,"PRESENT","Butterflies Australia"
"19","00f53ecf-0fc0-4b98-83a3-9901dd1035ad","Afrohybanthus enneaspermus","https://id.biodiversity.org.au/taxon/apni/51448720",-19.2738,146.7097,2024-03-22 17:02:00,"PRESENT","iNaturalist Australia"
"20","01343b28-a4db-4929-ab78-1ada1ae15b93","Acraea andromacha","https://biodiversity.org.au/afd/taxa/86294130-ca0d-4e27-81da-5a82a7cd4c87",-30.213109,153.160685,2023-04-16 14:02:00,"PRESENT","iNaturalist Australia"
"21","01466a57-63e8-4b7c-bc62-79adef787dc6","Acraea terpsicore","https://biodiversity.org.au/afd/taxa/ba632bea-a7b4-4b60-bf89-d63128cad841",-17.051269,145.374811,2022-06-18 11:40:28,"PRESENT","iNaturalist Australia"
"22","01559586-2cbf-4f6d-857d-cf42f80c598c","Acraea terpsicore","https://biodiversity.org.au/afd/taxa/ba632bea-a7b4-4b60-bf89-d63128cad841",-14.180206,132.190483,2023-05-09 12:33:00,"PRESENT","iNaturalist Australia"
"23","0156c8e9-2016-4919-8bc0-7e2bc60ca3f4","Acraea terpsicore","https://biodiversity.org.au/afd/taxa/ba632bea-a7b4-4b60-bf89-d63128cad841",-14.139527,134.474544,2025-08-05 13:32:00,"PRESENT","iNaturalist Australia"
"24","0160afce-d50f-4b55-a642-a3751807712f","Acraea andromacha","https://biodiversity.org.au/afd/taxa/86294130-ca0d-4e27-81da-5a82a7cd4c87",-27.50768,153.116498,2021-09-26 09:41:00,"PRESENT","iNaturalist Australia"
"25","01823edd-cec8-41a6-bf34-d952f4c6224a","Acraea terpsicore","https://biodiversity.org.au/afd/taxa/ba632bea-a7b4-4b60-bf89-d63128cad841",-19.064337,138.893823,2025-06-25 10:38:00,"PRESENT","iNaturalist Australia"
"26","019e230a-74ea-4238-9bd5-212c77f850ff","Afrohybanthus enneaspermus","https://id.biodiversity.org.au/taxon/apni/51448720",-23.514778,150.462696,2026-01-19 06:53:35,"PRESENT","iNaturalist Australia"
"27","01a292c4-bbcb-4e60-ae07-f93b6869bfa3","Acraea terpsicore","https://biodiversity.org.au/afd/taxa/ba632bea-a7b4-4b60-bf89-d63128cad841",-14.184699,132.036624,2023-05-09 09:42:00,"PRESENT","iNaturalist Australia"
"28","01a37baf-da81-4ddb-a61d-73da4c04687e","Acraea terpsicore","https://biodiversity.org.au/afd/taxa/ba632bea-a7b4-4b60-bf89-d63128cad841",-16.995939,125.205064,2024-06-07 11:48:00,"PRESENT","iNaturalist Australia"
"29","01f42ca7-0a0a-4273-8ef4-d840f508d818","Acraea andromacha","https://biodiversity.org.au/afd/taxa/86294130-ca0d-4e27-81da-5a82a7cd4c87",-16.50605,145.395112,2023-04-16 10:09:00,"PRESENT","Earth Guardians Weekly Feed"
"30","0207c8d2-ef4a-469b-8052-693c7010a391","Acraea andromacha","https://biodiversity.org.au/afd/taxa/86294130-ca0d-4e27-81da-5a82a7cd4c87",-27.553787,153.024278,2025-02-19 15:01:33,"PRESENT","iNaturalist Australia"
"31","0207ec2a-b3c4-4f93-91cb-05b8edbc008e","Acraea terpsicore","https://biodiversity.org.au/afd/taxa/ba632bea-a7b4-4b60-bf89-d63128cad841",-21.939228,146.625252,2022-09-17 08:27:00,"PRESENT","iNaturalist Australia"
"32","020cc3c4-860c-43d6-97a4-1d466f5a129d","Afrohybanthus enneaspermus","https://id.biodiversity.org.au/taxon/apni/51448720",-16.73716,135.01199,2022-02-18,"PRESENT","Flora Atlas N.T."
"33","02109eb7-02b3-4f03-bd05-b6c5e5c8dfe1","Acraea andromacha","https://biodiversity.org.au/afd/taxa/86294130-ca0d-4e27-81da-5a82a7cd4c87",-27.336901,153.077806,2021-06-19 10:30:31,"PRESENT","iNaturalist Australia"
"34","02154067-d42c-4c03-908a-d6609825b962","Acraea andromacha","https://biodiversity.org.au/afd/taxa/86294130-ca0d-4e27-81da-5a82a7cd4c87",-20.811415,148.579762,2023-09-21 07:37:00,"PRESENT","iNaturalist Australia"
"35","021b9e23-3ff8-43ad-ad91-3f4c8507c9e8","Acraea andromacha","https://biodiversity.org.au/afd/taxa/86294130-ca0d-4e27-81da-5a82a7cd4c87",-27.529945,152.623978,2022-05-23 08:07:58,"PRESENT","iNaturalist Australia"
"36","022d2bf5-8a36-4150-816a-d9f83c1d902f","Acraea andromacha","https://biodiversity.org.au/afd/taxa/86294130-ca0d-4e27-81da-5a82a7cd4c87",-26.89975,152.9349,2023-12-18 05:24:00,"PRESENT","Butterflies Australia"
"37","0239b511-7db4-417c-a2ac-6ab2ce33674b","Adenia heterophylla","https://id.biodiversity.org.au/taxon/apni/51442112",-12.716902,143.316047,2022-11-20 06:51:00,"PRESENT","iNaturalist Australia"
"38","02456f65-41e0-4f9b-a468-ed8497e0e27f","Acraea andromacha","https://biodiversity.org.au/afd/taxa/86294130-ca0d-4e27-81da-5a82a7cd4c87",-27.538239,153.043263,2024-01-29 11:52:00,"PRESENT","iNaturalist Australia"
"39","02524872-c54b-4ebc-be84-a868aeb70369","Acraea andromacha","https://biodiversity.org.au/afd/taxa/86294130-ca0d-4e27-81da-5a82a7cd4c87",-28.807937,153.605516,2025-09-24 13:02:30,"PRESENT","iNaturalist Australia"
"40","02594ba6-ab09-4066-891d-5b6e5541ceff","Afrohybanthus enneaspermus","https://id.biodiversity.org.au/taxon/apni/51448720",-18.798417,126.533262,2022-02-15 07:53:00,"PRESENT","iNaturalist Australia"
"41","02651160-415d-4d81-b72a-6ffcb9c32e0f","Acraea terpsicore","https://biodiversity.org.au/afd/taxa/ba632bea-a7b4-4b60-bf89-d63128cad841",-20.551139,147.840941,2025-02-09 13:50:00,"PRESENT","iNaturalist Australia"
"42","0266ccf5-0d06-4074-aa43-db4dee000faf","Acraea terpsicore","https://biodiversity.org.au/afd/taxa/ba632bea-a7b4-4b60-bf89-d63128cad841",-20.597835,139.537055,2025-09-10 14:33:00,"PRESENT","iNaturalist Australia"
"43","026b94a8-e554-413a-ac78-890507ad676c","Acraea andromacha","https://biodiversity.org.au/afd/taxa/86294130-ca0d-4e27-81da-5a82a7cd4c87",-25.988131,152.884253,2025-02-14 13:20:03,"PRESENT","iNaturalist Australia"
"44","027d8371-f3b2-4f8e-ad08-c235f85fb9f9","Acraea terpsicore","https://biodiversity.org.au/afd/taxa/ba632bea-a7b4-4b60-bf89-d63128cad841",-17.459284,140.832932,2025-09-08 21:15:52,"PRESENT","iNaturalist Australia"
"45","028c2f3d-706a-4d32-b029-abfa8f3b26ab","Afrohybanthus enneaspermus","https://id.biodiversity.org.au/taxon/apni/51448720",-12.19406,136.70929,2022-03-09 11:45:00,"PRESENT","iNaturalist Australia"
"46","028e4ed3-771e-4d3c-b04c-babe921743e0","Acraea terpsicore","https://biodiversity.org.au/afd/taxa/ba632bea-a7b4-4b60-bf89-d63128cad841",-19.187873,146.771961,2022-08-19 11:37:00,"PRESENT","iNaturalist Australia"
"47","0296a66a-4c1f-4ad7-be65-5561bd460a0c","Acraea terpsicore","https://biodiversity.org.au/afd/taxa/ba632bea-a7b4-4b60-bf89-d63128cad841",-12.416627,130.835589,2025-05-22 11:18:22,"PRESENT","iNaturalist Australia"
"48","02980021-89f6-418f-a400-1db092526d38","Acraea terpsicore","https://biodiversity.org.au/afd/taxa/ba632bea-a7b4-4b60-bf89-d63128cad841",-15.676903,126.400605,2025-05-29 13:15:22,"PRESENT","iNaturalist Australia"
"49","02c0cea8-aa21-4e4f-a4be-ca986b7482dc","Acraea andromacha","https://biodiversity.org.au/afd/taxa/86294130-ca0d-4e27-81da-5a82a7cd4c87",-28.8792,152.1037,2025-02-12 15:56:00,"PRESENT","iNaturalist Australia"
"50","02c1fb9d-7fac-4eb7-854d-a2e7d168eb0d","Acraea terpsicore","https://biodiversity.org.au/afd/taxa/ba632bea-a7b4-4b60-bf89-d63128cad841",-15.630235,130.476251,2024-08-11 07:42:00,"PRESENT","iNaturalist Australia"
"51","02dc7c44-202f-42b6-90b7-a5f6e9de1d26","Acraea terpsicore","https://biodiversity.org.au/afd/taxa/ba632bea-a7b4-4b60-bf89-d63128cad841",-19.243247,146.783585,2022-08-28 10:19:00,"PRESENT","iNaturalist Australia"
"52","02e2d730-e703-4085-aef1-9bf80be8c458","Acraea terpsicore","https://biodiversity.org.au/afd/taxa/ba632bea-a7b4-4b60-bf89-d63128cad841",-25.670824,152.901328,2024-02-24 09:07:00,"PRESENT","iNaturalist Australia"
"53","02fd7c60-2728-47be-9b20-cde24c5302e4","Acraea terpsicore","https://biodiversity.org.au/afd/taxa/ba632bea-a7b4-4b60-bf89-d63128cad841",-16.84042,145.74148,2022-02-27 02:08:00,"PRESENT","Butterflies Australia"
"54","03000ea5-aed0-4370-abef-fc13e96fe932","Acraea terpsicore","https://biodiversity.org.au/afd/taxa/ba632bea-a7b4-4b60-bf89-d63128cad841",-13.099588,130.784247,2025-05-12 02:39:00,"PRESENT","NatureMapr"
"55","0320a24f-95ed-4eaf-b83a-4239473469b4","Acraea andromacha","https://biodiversity.org.au/afd/taxa/86294130-ca0d-4e27-81da-5a82a7cd4c87",-18.222511,144.665756,2025-04-17 11:49:55,"PRESENT","iNaturalist Australia"
"56","03442a30-7b2d-4c31-a334-93fe7daaf405","Acraea andromacha","https://biodiversity.org.au/afd/taxa/86294130-ca0d-4e27-81da-5a82a7cd4c87",-27.469885,152.950762,2021-12-19 11:06:16,"PRESENT","iNaturalist Australia"
"57","03473a04-9694-4ebd-a39f-2951187b8059","Acraea andromacha","https://biodiversity.org.au/afd/taxa/86294130-ca0d-4e27-81da-5a82a7cd4c87",-27.261314,152.899999,2024-02-19 09:28:00,"PRESENT","iNaturalist Australia"
"58","03610ba8-ffe8-4ed7-ba9a-478341a63cdd","Acraea andromacha","https://biodiversity.org.au/afd/taxa/86294130-ca0d-4e27-81da-5a82a7cd4c87",-28.01418,152.54221,2022-12-18 02:05:00,"PRESENT","Butterflies Australia"
"59","0361eb83-2bb6-4277-9929-df42786f2873","Acraea terpsicore","https://biodiversity.org.au/afd/taxa/ba632bea-a7b4-4b60-bf89-d63128cad841",-12.411568,130.825034,2024-05-25 16:22:05,"PRESENT","iNaturalist Australia"
"60","03b6877f-ed70-4eff-a16a-b9157b8dc4ee","Afrohybanthus enneaspermus","https://id.biodiversity.org.au/taxon/apni/51448720",-17.179992,145.380554,2022-05-24 11:19:25,"PRESENT","iNaturalist Australia"
"61","03bfb243-cd3a-4e7d-9749-bc381fb056b6","Acraea andromacha","https://biodiversity.org.au/afd/taxa/86294130-ca0d-4e27-81da-5a82a7cd4c87",-28.259841,153.401564,2021-03-06 10:59:00,"PRESENT","iNaturalist Australia"
"62","03dc662f-13f8-4426-b2b0-3ec4b285d9d7","Acraea andromacha","https://biodiversity.org.au/afd/taxa/86294130-ca0d-4e27-81da-5a82a7cd4c87",-25.057326,148.242866,2023-09-23,"PRESENT","iNaturalist Australia"
"63","03f1b8df-8a1f-40ff-b92e-ca9154920f94","Acraea terpsicore","https://biodiversity.org.au/afd/taxa/ba632bea-a7b4-4b60-bf89-d63128cad841",-19.24039,146.782572,2023-05-10 08:22:00,"PRESENT","iNaturalist Australia"
"64","04050b41-8ed7-40e6-a605-6fba615a4037","Acraea andromacha","https://biodiversity.org.au/afd/taxa/86294130-ca0d-4e27-81da-5a82a7cd4c87",-27.9591,153.1802,2021-12-22 05:59:00,"PRESENT","Butterflies Australia"
"65","0427323a-9931-4068-bc91-c8793d611ca1","Acraea andromacha","https://biodiversity.org.au/afd/taxa/86294130-ca0d-4e27-81da-5a82a7cd4c87",-26.381901,153.099162,2022-07-26 00:36:00,"PRESENT","iNaturalist Australia"
"66","0447f593-3077-4e50-b042-08427306c794","Acraea andromacha","https://biodiversity.org.au/afd/taxa/86294130-ca0d-4e27-81da-5a82a7cd4c87",-18.223891,144.667885,2025-08-21 09:30:00,"PRESENT","iNaturalist Australia"
"67","045c8330-9f95-4da5-ac26-d17b680f8d9f","Acraea terpsicore","https://biodiversity.org.au/afd/taxa/ba632bea-a7b4-4b60-bf89-d63128cad841",-15.974862,144.828815,2021-06-03 16:49:00,"PRESENT","iNaturalist Australia"
"68","0468c4ee-ad7e-49f1-ad91-af54387ba5af","Acraea terpsicore","https://biodiversity.org.au/afd/taxa/ba632bea-a7b4-4b60-bf89-d63128cad841",-19.2436,146.79522,2022-01-06 05:59:00,"PRESENT","Butterflies Australia"
"69","046c2cf0-33ce-4ac0-ab76-f3e47d90c4c6","Acraea terpsicore","https://biodiversity.org.au/afd/taxa/ba632bea-a7b4-4b60-bf89-d63128cad841",-27.485029,152.952764,2021-12-30 10:56:00,"PRESENT","iNaturalist Australia"
"70","0471e9bb-a347-4e29-a2e5-3e3b15d2d252","Acraea andromacha","https://biodiversity.org.au/afd/taxa/86294130-ca0d-4e27-81da-5a82a7cd4c87",-27.382595,153.035357,2024-04-30 10:01:00,"PRESENT","iNaturalist Australia"
"71","04750c3a-637a-4eeb-9d04-2c18dc0179d9","Acraea terpsicore","https://biodiversity.org.au/afd/taxa/ba632bea-a7b4-4b60-bf89-d63128cad841",-19.26016,146.809331,2025-06-28 14:25:00,"PRESENT","iNaturalist Australia"
"72","047be604-1c75-4539-8ae2-36bbff11f2cf","Acraea terpsicore","https://biodiversity.org.au/afd/taxa/ba632bea-a7b4-4b60-bf89-d63128cad841",-21.04588,148.07328,2021-09-05 14:54:00,"PRESENT","iNaturalist Australia"
"73","0499fedd-2251-4f6b-9310-0573112c9e4e","Acraea terpsicore","https://biodiversity.org.au/afd/taxa/ba632bea-a7b4-4b60-bf89-d63128cad841",-17.674875,141.06928,2025-06-05 12:15:00,"PRESENT","iNaturalist Australia"
"74","04a4c454-b4b4-4cf4-9f30-5db82c19312f","Acraea andromacha","https://biodiversity.org.au/afd/taxa/86294130-ca0d-4e27-81da-5a82a7cd4c87",-27.528792,153.033888,2025-02-23 12:13:45,"PRESENT","iNaturalist Australia"
"75","04a9685c-76de-4bd2-b2b1-ce3e5b3a3ea5","Acraea andromacha","https://biodiversity.org.au/afd/taxa/86294130-ca0d-4e27-81da-5a82a7cd4c87",-27.532844,153.037404,2022-04-15 11:51:00,"PRESENT","iNaturalist Australia"
"76","04ac025a-676c-40a8-b19f-abbcdfa533b9","Acraea andromacha","https://biodiversity.org.au/afd/taxa/86294130-ca0d-4e27-81da-5a82a7cd4c87",-26.937765,152.936821,2024-11-23 11:09:00,"PRESENT","iNaturalist Australia"
"77","04c07017-0675-4103-928d-07662b2c7fbe","Acraea andromacha","https://biodiversity.org.au/afd/taxa/86294130-ca0d-4e27-81da-5a82a7cd4c87",-31.515768,150.672558,2025-03-15 12:41:36,"PRESENT","iNaturalist Australia"
"78","04cc05a3-5e28-46a7-b2a9-2a3f07af26f4","Acraea terpsicore","https://biodiversity.org.au/afd/taxa/ba632bea-a7b4-4b60-bf89-d63128cad841",-27.485755,152.953927,2024-03-16 11:36:00,"PRESENT","iNaturalist Australia"
"79","04d10778-28aa-443b-9cfd-e7ebaac824d0","Acraea terpsicore","https://biodiversity.org.au/afd/taxa/ba632bea-a7b4-4b60-bf89-d63128cad841",-19.1875,146.7708,2025-07-24 10:36:00,"PRESENT","iNaturalist Australia"
"80","04d69915-5979-4bb9-a0ca-56a010313582","Acraea terpsicore","https://biodiversity.org.au/afd/taxa/ba632bea-a7b4-4b60-bf89-d63128cad841",-26.616998,153.06428,2024-01-21 09:56:08,"PRESENT","iNaturalist Australia"
"81","04ea0ee7-3b87-4f00-9ba2-940eaec41140","Acraea andromacha","https://biodiversity.org.au/afd/taxa/86294130-ca0d-4e27-81da-5a82a7cd4c87",-27.88134,153.31046,2024-09-18 17:32:58,"PRESENT","iNaturalist Australia"
"82","04f5c186-e90e-4079-b277-91a4e6507b5b","Afrohybanthus enneaspermus","https://id.biodiversity.org.au/taxon/apni/51448720",-15.33907,133.01591,2022-04-07,"PRESENT","Flora Atlas N.T."
"83","04f6e932-c994-4bee-b8d6-e7d2c42e4b72","Acraea andromacha","https://biodiversity.org.au/afd/taxa/86294130-ca0d-4e27-81da-5a82a7cd4c87",-34.265903,150.227447,2024-03-16 17:13:55,"PRESENT","iNaturalist Australia"
"84","0535f9b9-45b2-42c8-ba04-aad5cbcd9ed7","Acraea andromacha","https://biodiversity.org.au/afd/taxa/86294130-ca0d-4e27-81da-5a82a7cd4c87",-28.648834,153.630199,2023-04-01 11:13:00,"PRESENT","iNaturalist Australia"
"85","053b70aa-5cb2-4dda-b5f4-cb3946e0378f","Acraea andromacha","https://biodiversity.org.au/afd/taxa/86294130-ca0d-4e27-81da-5a82a7cd4c87",-27.510001,152.980735,2022-01-23 11:14:33,"PRESENT","iNaturalist Australia"
"86","0540c15c-e4be-4754-b19a-937c90bf503b","Acraea terpsicore","https://biodiversity.org.au/afd/taxa/ba632bea-a7b4-4b60-bf89-d63128cad841",-18.201661,142.246293,2022-09-02 13:45:00,"PRESENT","iNaturalist Australia"
"87","05440a95-a21c-4a25-b68a-be7ac68a469b","Acraea andromacha","https://biodiversity.org.au/afd/taxa/86294130-ca0d-4e27-81da-5a82a7cd4c87",-27.510047,153.122406,2025-03-19 10:55:00,"PRESENT","iNaturalist Australia"
"88","054887d8-878e-407a-86c6-7af694b31cd0","Acraea andromacha","https://biodiversity.org.au/afd/taxa/86294130-ca0d-4e27-81da-5a82a7cd4c87",-28.734029,151.961078,2022-01-13 13:31:00,"PRESENT","iNaturalist Australia"
"89","055dba8f-5aa4-41ca-a581-17cdf8bd75f0","Acraea andromacha","https://biodiversity.org.au/afd/taxa/86294130-ca0d-4e27-81da-5a82a7cd4c87",-33.70898,150.375217,2025-03-16 10:32:00,"PRESENT","iNaturalist Australia"
"90","05708994-96ec-4379-bd3a-4d0dfe3c81df","Acraea terpsicore","https://biodiversity.org.au/afd/taxa/ba632bea-a7b4-4b60-bf89-d63128cad841",-17.150938,145.179857,2023-08-31 12:35:00,"PRESENT","iNaturalist Australia"
"91","05a606fb-bc09-43da-954e-e0013058f350","Acraea andromacha","https://biodiversity.org.au/afd/taxa/86294130-ca0d-4e27-81da-5a82a7cd4c87",-15.59569,128.278683,2024-06-11 07:54:00,"PRESENT","iNaturalist Australia"
"92","05b2055a-ce3f-4640-8c3a-38dc9fdf41b4","Acraea andromacha","https://biodiversity.org.au/afd/taxa/86294130-ca0d-4e27-81da-5a82a7cd4c87",-27.413997,153.044692,2024-02-15 17:02:49,"PRESENT","iNaturalist Australia"
"93","05be9d32-845f-4721-8715-c8a420f36bc1","Acraea terpsicore","https://biodiversity.org.au/afd/taxa/ba632bea-a7b4-4b60-bf89-d63128cad841",-16.800383,145.677842,2022-11-23 08:57:00,"PRESENT","Earth Guardians Weekly Feed"
"94","05fe869f-f356-46ef-8e4d-971d72fa46d9","Acraea andromacha","https://biodiversity.org.au/afd/taxa/86294130-ca0d-4e27-81da-5a82a7cd4c87",-27.299944,153.033561,2021-04-26 09:25:00,"PRESENT","iNaturalist Australia"
"95","068b5f62-061d-464c-a540-e15b8d60094d","Acraea terpsicore","https://biodiversity.org.au/afd/taxa/ba632bea-a7b4-4b60-bf89-d63128cad841",-19.271681,146.83689,2023-09-21 14:22:00,"PRESENT","iNaturalist Australia"
"96","0693791b-c548-4a7f-9155-2ac0a7317d8b","Acraea andromacha","https://biodiversity.org.au/afd/taxa/86294130-ca0d-4e27-81da-5a82a7cd4c87",-27.641409,153.000825,2025-05-19 11:03:00,"PRESENT","iNaturalist Australia"
"97","06a05998-fa43-4d44-8a41-7053805260bc","Acraea andromacha","https://biodiversity.org.au/afd/taxa/86294130-ca0d-4e27-81da-5a82a7cd4c87",-30.466672,152.852172,2023-01-18 11:13:19,"PRESENT","iNaturalist Australia"
"98","06b0806c-de30-4de7-b136-a56cadae05dc","Acraea andromacha","https://biodiversity.org.au/afd/taxa/86294130-ca0d-4e27-81da-5a82a7cd4c87",-27.976101,151.628492,2023-03-23 09:10:00,"PRESENT","iNaturalist Australia"
"99","06b258bc-adf8-4de0-a225-e565d0b2e300","Acraea andromacha","https://biodiversity.org.au/afd/taxa/86294130-ca0d-4e27-81da-5a82a7cd4c87",-27.436627,153.545785,2023-08-11 12:29:00,"PRESENT","iNaturalist Australia"
"100","06b2f9ca-a5ee-4b03-a367-c27b17b64c98","Acraea andromacha","https://biodiversity.org.au/afd/taxa/86294130-ca0d-4e27-81da-5a82a7cd4c87",-32.157772,151.887742,2024-10-03 07:22:04,"PRESENT","iNaturalist Australia"
"101","06f5ef74-ea7f-4350-9fa6-b1fe757166a1","Acraea andromacha","https://biodiversity.org.au/afd/taxa/86294130-ca0d-4e27-81da-5a82a7cd4c87",-26.933303,153,2021-04-24 12:40:39,"PRESENT","iNaturalist Australia"
"102","07137c37-322b-4008-a1aa-8e6baf2d0c92","Acraea andromacha","https://biodiversity.org.au/afd/taxa/86294130-ca0d-4e27-81da-5a82a7cd4c87",-25.338805,153.202805,2022-03-30 14:22:36,"PRESENT","iNaturalist Australia"
"103","07231c75-3ae3-4332-a346-8f2ffcfde431","Acraea andromacha","https://biodiversity.org.au/afd/taxa/86294130-ca0d-4e27-81da-5a82a7cd4c87",-30.880913,153.074858,2022-03-19 13:33:41,"PRESENT","iNaturalist Australia"
"104","07706c45-d35b-4ed1-a9f8-038a483db1a2","Afrohybanthus enneaspermus","https://id.biodiversity.org.au/taxon/apni/51448720",-16.58596,134.96928,2022-03-10,"PRESENT","Flora Atlas N.T."
"105","077fe21c-0bec-4066-bdf4-5dee83ce6789","Acraea terpsicore","https://biodiversity.org.au/afd/taxa/ba632bea-a7b4-4b60-bf89-d63128cad841",-13.933,143.2026,2022-05-14 18:15:00,"PRESENT","Butterflies Australia"
"106","0794121c-45ca-4a80-9d51-77a4fbc91dd1","Acraea andromacha","https://biodiversity.org.au/afd/taxa/86294130-ca0d-4e27-81da-5a82a7cd4c87",-27.435112,153.544803,2023-06-09 16:05:03,"PRESENT","iNaturalist Australia"
"107","07a01b52-2c01-4f24-a6b1-ea2d95a8dd1b","Acraea andromacha","https://biodiversity.org.au/afd/taxa/86294130-ca0d-4e27-81da-5a82a7cd4c87",-29.779627,151.350343,2023-03-17 07:45:00,"PRESENT","iNaturalist Australia"
"108","07a2b2b6-29d4-4cc7-98f4-777558cdb356","Acraea terpsicore","https://biodiversity.org.au/afd/taxa/ba632bea-a7b4-4b60-bf89-d63128cad841",-13.663028,134.331731,2025-03-23 09:48:00,"PRESENT","iNaturalist Australia"
"109","07a8948e-4b4e-400d-b082-53e7585363ec","Acraea terpsicore","https://biodiversity.org.au/afd/taxa/ba632bea-a7b4-4b60-bf89-d63128cad841",-22.477087,143.1825,2022-09-24 17:00:00,"PRESENT","Butterflies Australia"
"110","07b2bbfc-f6e4-4519-86d0-98b1e004c85c","Acraea andromacha","https://biodiversity.org.au/afd/taxa/86294130-ca0d-4e27-81da-5a82a7cd4c87",-27.723417,152.891946,2024-04-01 12:32:23,"PRESENT","iNaturalist Australia"
"111","07b6e175-8a41-4a8f-9608-a8fa2b89cd42","Acraea terpsicore","https://biodiversity.org.au/afd/taxa/ba632bea-a7b4-4b60-bf89-d63128cad841",-12.703618,130.986945,2021-05-17 13:19:00,"PRESENT","iNaturalist Australia"
"112","07cac7ac-fd1f-4ecf-8525-c23ba8b8b201","Acraea terpsicore","https://biodiversity.org.au/afd/taxa/ba632bea-a7b4-4b60-bf89-d63128cad841",-17.819711,122.211585,2024-09-13 10:37:00,"PRESENT","iNaturalist Australia"
"113","07db6e60-8cd3-4c36-8aa2-fdb1e6b72584","Acraea andromacha","https://biodiversity.org.au/afd/taxa/86294130-ca0d-4e27-81da-5a82a7cd4c87",-18.19992,144.571446,2025-05-04 12:40:01,"PRESENT","iNaturalist Australia"
"114","07f437b1-b00b-458f-bffa-11e1d6bc430e","Acraea andromacha","https://biodiversity.org.au/afd/taxa/86294130-ca0d-4e27-81da-5a82a7cd4c87",-27.812799,152.810098,2024-04-02 13:26:00,"PRESENT","iNaturalist Australia"
"115","082c4c20-1b46-4459-a8b9-153c22720130","Acraea andromacha","https://biodiversity.org.au/afd/taxa/86294130-ca0d-4e27-81da-5a82a7cd4c87",-27.234413,152.422257,2025-02-13 08:27:00,"PRESENT","iNaturalist Australia"
"116","083136d8-3370-47b4-b68f-0554aaa6c4be","Acraea andromacha","https://biodiversity.org.au/afd/taxa/86294130-ca0d-4e27-81da-5a82a7cd4c87",-27.554855,152.81932,2022-12-25 17:15:02,"PRESENT","iNaturalist Australia"
"117","0834ea07-7513-426b-9d7e-a9b8e8115057","Acraea andromacha","https://biodiversity.org.au/afd/taxa/86294130-ca0d-4e27-81da-5a82a7cd4c87",-27.525528,152.863972,2023-09-02 10:54:00,"PRESENT","iNaturalist Australia"
"118","083db274-25b7-48d4-9d74-e5b68e5612b9","Acraea terpsicore","https://biodiversity.org.au/afd/taxa/ba632bea-a7b4-4b60-bf89-d63128cad841",-19.982931,146.439457,2023-06-19 16:10:59,"PRESENT","iNaturalist Australia"
"119","08460a45-6d2b-4953-9351-eaecd5b7af6d","Acraea terpsicore","https://biodiversity.org.au/afd/taxa/ba632bea-a7b4-4b60-bf89-d63128cad841",-12.406273,130.82499,2022-01-22 10:19:02,"PRESENT","iNaturalist Australia"
"120","08474a75-8d29-40e5-9e60-4e1fe9b6fd24","Acraea terpsicore","https://biodiversity.org.au/afd/taxa/ba632bea-a7b4-4b60-bf89-d63128cad841",-14.182913,132.192081,2025-06-08 12:32:00,"PRESENT","iNaturalist Australia"
"121","087b27f2-0e27-4234-9807-4d39c93cb8a8","Acraea andromacha","https://biodiversity.org.au/afd/taxa/86294130-ca0d-4e27-81da-5a82a7cd4c87",-27.606806,153.245833,2022-03-13 11:43:00,"PRESENT","iNaturalist Australia"
"122","087f5308-92cf-43bf-a2f3-47bcc8751738","Acraea andromacha","https://biodiversity.org.au/afd/taxa/86294130-ca0d-4e27-81da-5a82a7cd4c87",-20.376581,118.707047,2025-10-02 11:08:49,"PRESENT","iNaturalist Australia"
"123","08a484c6-7d94-4d2a-9950-9054423f1f23","Acraea andromacha","https://biodiversity.org.au/afd/taxa/86294130-ca0d-4e27-81da-5a82a7cd4c87",-24.98308,151.95122,2022-11-11 00:30:00,"PRESENT","Butterflies Australia"
"124","08b623e5-f705-4542-a3f4-0d6fdf3c7608","Acraea andromacha","https://biodiversity.org.au/afd/taxa/86294130-ca0d-4e27-81da-5a82a7cd4c87",-27.8297,152.82078,2023-10-22 02:15:00,"PRESENT","Butterflies Australia"
"125","08bd7a48-3d28-4a11-8e89-8f919eb12e27","Acraea andromacha","https://biodiversity.org.au/afd/taxa/86294130-ca0d-4e27-81da-5a82a7cd4c87",-30.274449,153.081179,2024-04-28 10:18:00,"PRESENT","iNaturalist Australia"
"126","08c650eb-63cc-4459-892b-9de6e492c778","Acraea terpsicore","https://biodiversity.org.au/afd/taxa/ba632bea-a7b4-4b60-bf89-d63128cad841",-17.337878,124.823017,2021-05-21 12:05:00,"PRESENT","iNaturalist Australia"
"127","08dcbc3c-86e6-4882-b9f0-6d531a61219f","Acraea andromacha","https://biodiversity.org.au/afd/taxa/86294130-ca0d-4e27-81da-5a82a7cd4c87",-27.642292,152.892068,2025-07-27 13:13:00,"PRESENT","iNaturalist Australia"
"128","08e4cd23-2a84-4128-a47c-fdeaf78177d3","Acraea terpsicore","https://biodiversity.org.au/afd/taxa/ba632bea-a7b4-4b60-bf89-d63128cad841",-21.533282,146.860281,2021-05-03 11:38:00,"PRESENT","iNaturalist Australia"
"129","08f6d5ce-33f0-4e65-9658-42d82b7bf050","Acraea andromacha","https://biodiversity.org.au/afd/taxa/86294130-ca0d-4e27-81da-5a82a7cd4c87",-25.0659,148.247235,2021-10-04 12:25:00,"PRESENT","iNaturalist Australia"
"130","08f8f090-ee8a-49d9-987e-fd8f2cdb2e65","Acraea andromacha","https://biodiversity.org.au/afd/taxa/86294130-ca0d-4e27-81da-5a82a7cd4c87",-23.268983,150.818344,2024-09-05 12:00:27,"PRESENT","iNaturalist Australia"
"131","08fd136c-9000-414b-a753-061c4ba9a112","Acraea andromacha","https://biodiversity.org.au/afd/taxa/86294130-ca0d-4e27-81da-5a82a7cd4c87",-27.380712,152.908785,2022-02-08 10:05:00,"PRESENT","iNaturalist Australia"
"132","08fdfb89-a1b0-450f-8775-dd0e9afe015d","Acraea terpsicore","https://biodiversity.org.au/afd/taxa/ba632bea-a7b4-4b60-bf89-d63128cad841",-16.803583,145.365645,2023-03-08 10:06:00,"PRESENT","iNaturalist Australia"
"133","0912f365-ce16-4435-9fd9-19750f2a2879","Acraea andromacha","https://biodiversity.org.au/afd/taxa/86294130-ca0d-4e27-81da-5a82a7cd4c87",-27.736473,152.769241,2021-05-01 12:10:00,"PRESENT","iNaturalist Australia"
"134","09212261-c4de-4502-b4a1-ed352e0f46b6","Acraea andromacha","https://biodiversity.org.au/afd/taxa/86294130-ca0d-4e27-81da-5a82a7cd4c87",-27.970326,153.388971,2021-08-15 09:56:00,"PRESENT","iNaturalist Australia"
"135","092fc22d-85b2-439c-8b30-8dbb7abcb599","Acraea andromacha","https://biodiversity.org.au/afd/taxa/86294130-ca0d-4e27-81da-5a82a7cd4c87",-27.90375,152.868972,2024-10-01 13:06:00,"PRESENT","iNaturalist Australia"
"136","093668e4-3343-49aa-aa66-389fd0e07383","Acraea andromacha","https://biodiversity.org.au/afd/taxa/86294130-ca0d-4e27-81da-5a82a7cd4c87",-29.779172,151.351931,2024-09-03 12:31:06,"PRESENT","iNaturalist Australia"
"137","0941c18c-882d-4c9e-8434-3f6eaed7740b","Acraea andromacha","https://biodiversity.org.au/afd/taxa/86294130-ca0d-4e27-81da-5a82a7cd4c87",-26.679704,153.138464,2024-03-20 09:22:00,"PRESENT","iNaturalist Australia"
"138","09605581-7e99-444e-870f-16cc70ecd1db","Acraea andromacha","https://biodiversity.org.au/afd/taxa/86294130-ca0d-4e27-81da-5a82a7cd4c87",-28.167438,153.541519,2023-04-02 14:47:24,"PRESENT","iNaturalist Australia"
"139","096994e0-c254-4ee5-9899-9160cdb2df76","Afrohybanthus enneaspermus","https://id.biodiversity.org.au/taxon/apni/51448720",-13.881554,136.443085,2022-05-23,"PRESENT","Flora Atlas N.T."
"140","09707e54-9d1f-4a8e-b5ad-c0b8bf640a57","Acraea terpsicore","https://biodiversity.org.au/afd/taxa/ba632bea-a7b4-4b60-bf89-d63128cad841",-18.14004,144.812194,2022-08-16 14:08:05,"PRESENT","iNaturalist Australia"
"141","0971a0b8-17f5-4679-af0e-ca0de6194a68","Acraea terpsicore","https://biodiversity.org.au/afd/taxa/ba632bea-a7b4-4b60-bf89-d63128cad841",-17.33702,124.823953,2025-06-17 13:13:00,"PRESENT","iNaturalist Australia"
"142","097ef953-3634-4318-8e57-244ddc1e1152","Acraea terpsicore","https://biodiversity.org.au/afd/taxa/ba632bea-a7b4-4b60-bf89-d63128cad841",-28.19959,152.771167,2025-01-06 11:53:52,"PRESENT","iNaturalist Australia"
"143","0983ff74-935b-4b9f-9bb8-8db09807248b","Afrohybanthus enneaspermus","https://id.biodiversity.org.au/taxon/apni/51448720",-12.419633,130.852032,2025-03-09 10:10:00,"PRESENT","iNaturalist Australia"
"144","09888b3d-65d1-4f2f-b763-3beff7fd8a60","Acraea terpsicore","https://biodiversity.org.au/afd/taxa/ba632bea-a7b4-4b60-bf89-d63128cad841",-17.779675,122.282228,2024-09-13 13:05:00,"PRESENT","iNaturalist Australia"
"145","098ea120-b414-4839-b1ab-e89617be6fa2","Acraea andromacha","https://biodiversity.org.au/afd/taxa/86294130-ca0d-4e27-81da-5a82a7cd4c87",-25.052067,148.213898,2021-12-31 08:25:50,"PRESENT","iNaturalist Australia"
"146","09901cc5-b64b-4bd7-88e2-e26a7a2c2f21","Acraea andromacha","https://biodiversity.org.au/afd/taxa/86294130-ca0d-4e27-81da-5a82a7cd4c87",-27.846387,153.277477,2021-02-06,"PRESENT","iNaturalist Australia"
"147","099f014c-7de3-41c9-8a44-d33150511f65","Acraea andromacha","https://biodiversity.org.au/afd/taxa/86294130-ca0d-4e27-81da-5a82a7cd4c87",-27.820239,152.817372,2021-02-27 09:22:00,"PRESENT","iNaturalist Australia"
"148","09b17507-c940-49e0-9940-706951b8918c","Acraea andromacha","https://biodiversity.org.au/afd/taxa/86294130-ca0d-4e27-81da-5a82a7cd4c87",-30.503341,151.662152,2024-03-02 12:09:00,"PRESENT","iNaturalist Australia"
"149","09b7636a-b2cc-4188-9fbb-d81e82d8fc18","Acraea andromacha","https://biodiversity.org.au/afd/taxa/86294130-ca0d-4e27-81da-5a82a7cd4c87",-27.439997,153.51384,2023-11-13 10:44:00,"PRESENT","iNaturalist Australia"
"150","09dbcf41-2754-4d99-b884-2247d2ee0901","Acraea andromacha","https://biodiversity.org.au/afd/taxa/86294130-ca0d-4e27-81da-5a82a7cd4c87",-31.642467,152.843595,2025-06-16 02:46:00,"PRESENT","NatureMapr"
"151","09e5e437-b4df-43e8-8877-626a849f589a","Acraea andromacha","https://biodiversity.org.au/afd/taxa/86294130-ca0d-4e27-81da-5a82a7cd4c87",-27.707224,152.906862,2023-04-10 13:38:12,"PRESENT","iNaturalist Australia"
"152","09e7631f-749d-48ad-92aa-35f780a9e207","Acraea terpsicore","https://biodiversity.org.au/afd/taxa/ba632bea-a7b4-4b60-bf89-d63128cad841",-30.466878,152.85167,2025-10-19 14:24:44,"PRESENT","iNaturalist Australia"
"153","09e951f0-06ac-4978-bad3-0593b488342a","Acraea andromacha","https://biodiversity.org.au/afd/taxa/86294130-ca0d-4e27-81da-5a82a7cd4c87",-28.050551,153.279756,2024-04-28 09:32:00,"PRESENT","iNaturalist Australia"
"154","0a1fd334-5a82-4b10-87e9-8af3901a0f4d","Acraea andromacha","https://biodiversity.org.au/afd/taxa/86294130-ca0d-4e27-81da-5a82a7cd4c87",-27.566907,153.296882,2021-08-15 13:06:00,"PRESENT","iNaturalist Australia"
"155","0a38be5c-a7e0-40fe-b963-b3c35e6d4f7c","Acraea andromacha","https://biodiversity.org.au/afd/taxa/86294130-ca0d-4e27-81da-5a82a7cd4c87",-33.538151,150.423402,2025-03-17 14:03:00,"PRESENT","iNaturalist Australia"
"156","0a42a8e6-21ec-4216-a0e1-edb5b977c86c","Acraea andromacha","https://biodiversity.org.au/afd/taxa/86294130-ca0d-4e27-81da-5a82a7cd4c87",-26.394266,153.116078,2022-08-26 12:38:52,"PRESENT","iNaturalist Australia"
"157","0a4e53a0-ff37-41d6-8c49-ea8efe219b5d","Acraea andromacha","https://biodiversity.org.au/afd/taxa/86294130-ca0d-4e27-81da-5a82a7cd4c87",-27.376852,152.966189,2022-01-09 12:39:00,"PRESENT","iNaturalist Australia"
"158","0a523e58-b1ba-48a5-80ff-a256deb873a1","Acraea terpsicore","https://biodiversity.org.au/afd/taxa/ba632bea-a7b4-4b60-bf89-d63128cad841",-16.899393,145.755153,2024-07-18 12:46:23,"PRESENT","iNaturalist Australia"
"159","0a5f34b2-e151-4efc-bb72-3fcecd1e979f","Acraea andromacha","https://biodiversity.org.au/afd/taxa/86294130-ca0d-4e27-81da-5a82a7cd4c87",-25.059462,148.23473,2026-01-05 09:29:00,"PRESENT","iNaturalist Australia"
"160","0a8a360b-8896-4494-b1af-9fd72d906df2","Acraea andromacha","https://biodiversity.org.au/afd/taxa/86294130-ca0d-4e27-81da-5a82a7cd4c87",-26.524918,151.80657,2024-04-19 13:34:46,"PRESENT","iNaturalist Australia"
"161","0a8e77ce-a9de-4b3e-9ff5-4dd783b8dfa2","Acraea andromacha","https://biodiversity.org.au/afd/taxa/86294130-ca0d-4e27-81da-5a82a7cd4c87",-27.630362,153.199063,2021-03-21 10:07:00,"PRESENT","iNaturalist Australia"
"162","0aa49908-edd0-451d-8628-42363c8ab79a","Acraea andromacha","https://biodiversity.org.au/afd/taxa/86294130-ca0d-4e27-81da-5a82a7cd4c87",-28.259835,153.401823,2021-03-07 10:39:00,"PRESENT","iNaturalist Australia"
"163","0aaf104d-5e8b-4ab9-9403-57f8943d6ef6","Acraea andromacha","https://biodiversity.org.au/afd/taxa/86294130-ca0d-4e27-81da-5a82a7cd4c87",-27.393513,153.22807,2022-10-01 12:45:53,"PRESENT","iNaturalist Australia"
"164","0ab12d57-deb2-4f55-868d-936a9532e865","Acraea andromacha","https://biodiversity.org.au/afd/taxa/86294130-ca0d-4e27-81da-5a82a7cd4c87",-25.861091,152.624643,2024-08-30 11:15:00,"PRESENT","iNaturalist Australia"
"165","0ad84a91-bca8-422f-9e84-f97fe056fd1f","Acraea andromacha","https://biodiversity.org.au/afd/taxa/86294130-ca0d-4e27-81da-5a82a7cd4c87",-26.584931,151.806986,2022-01-14 22:00:00,"PRESENT","Butterflies Australia"
"166","0ad95e1b-dde1-412a-b5de-7d85c57e00fc","Acraea terpsicore","https://biodiversity.org.au/afd/taxa/ba632bea-a7b4-4b60-bf89-d63128cad841",-22.593286,144.54698,2024-05-07 11:10:00,"PRESENT","iNaturalist Australia"
"167","0adc06df-116b-40a5-93ed-3c503a3ee01d","Acraea andromacha","https://biodiversity.org.au/afd/taxa/86294130-ca0d-4e27-81da-5a82a7cd4c87",-27.340594,153.080697,2022-06-18 10:38:32,"PRESENT","iNaturalist Australia"
"168","0af908b2-a775-4b47-b96b-0e4dab682511","Acraea andromacha","https://biodiversity.org.au/afd/taxa/86294130-ca0d-4e27-81da-5a82a7cd4c87",-27.538228,153.214313,2023-08-19 13:32:00,"PRESENT","iNaturalist Australia"
"169","0b0e9942-dc1f-4617-b8e1-bf9c5e150147","Acraea andromacha","https://biodiversity.org.au/afd/taxa/86294130-ca0d-4e27-81da-5a82a7cd4c87",-27.823496,152.993559,2023-02-26 11:25:00,"PRESENT","iNaturalist Australia"
"170","0b1d02be-19b1-4d24-ac88-693bb04331b7","Acraea andromacha","https://biodiversity.org.au/afd/taxa/86294130-ca0d-4e27-81da-5a82a7cd4c87",-27.822803,152.992188,2021-11-23 07:58:25,"PRESENT","iNaturalist Australia"
"171","0b2151af-62df-4b88-a4a2-f074871bcdeb","Acraea andromacha","https://biodiversity.org.au/afd/taxa/86294130-ca0d-4e27-81da-5a82a7cd4c87",-27.502897,153.184467,2021-09-15 10:00:00,"PRESENT","iNaturalist Australia"
"172","0b59209f-a409-4dd6-a73c-2ce7cbd610b3","Acraea andromacha","https://biodiversity.org.au/afd/taxa/86294130-ca0d-4e27-81da-5a82a7cd4c87",-18.325937,122.074078,2021-08-18 07:49:00,"PRESENT","iNaturalist Australia"
"173","0b5ab531-8c86-403f-8e0e-b08d7627ce83","Acraea terpsicore","https://biodiversity.org.au/afd/taxa/ba632bea-a7b4-4b60-bf89-d63128cad841",-18.203889,142.245574,2023-06-23 10:07:00,"PRESENT","iNaturalist Australia"
"174","0b789b46-bb98-48bd-983f-109e5a9fb1f7","Acraea andromacha","https://biodiversity.org.au/afd/taxa/86294130-ca0d-4e27-81da-5a82a7cd4c87",-28.019157,153.322962,2025-12-31 15:26:00,"PRESENT","iNaturalist Australia"
"175","0b836f9f-6c39-4ab0-85df-c2bdc35c0994","Acraea terpsicore","https://biodiversity.org.au/afd/taxa/ba632bea-a7b4-4b60-bf89-d63128cad841",-16.521982,144.898686,2022-07-12,"PRESENT","iNaturalist Australia"
"176","0b8f02a0-624c-4901-aeeb-979e9af1cc54","Acraea andromacha","https://biodiversity.org.au/afd/taxa/86294130-ca0d-4e27-81da-5a82a7cd4c87",-27.6139,152.03711,2022-12-07 23:38:00,"PRESENT","Butterflies Australia"
"177","0bb06ad3-5304-4a82-bd46-1f34af85b191","Acraea andromacha","https://biodiversity.org.au/afd/taxa/86294130-ca0d-4e27-81da-5a82a7cd4c87",-34.098943,150.813542,2024-08-17 14:40:19,"PRESENT","iNaturalist Australia"
"178","0bbda35c-e036-4640-b968-ba783ad41dea","Acraea andromacha","https://biodiversity.org.au/afd/taxa/86294130-ca0d-4e27-81da-5a82a7cd4c87",-27.485717,152.953332,2024-03-12 11:02:00,"PRESENT","iNaturalist Australia"
"179","0bbde9c5-be4c-449f-a7ed-3ef4561b2ffe","Acraea andromacha","https://biodiversity.org.au/afd/taxa/86294130-ca0d-4e27-81da-5a82a7cd4c87",-25.062154,148.246379,2023-09-20 15:25:00,"PRESENT","iNaturalist Australia"
"180","0bbeef66-93f8-40e4-8297-688edd211221","Acraea andromacha","https://biodiversity.org.au/afd/taxa/86294130-ca0d-4e27-81da-5a82a7cd4c87",-34.678817,150.265111,2024-01-29 16:26:00,"PRESENT","iNaturalist Australia"
"181","0bd0d36a-41e1-487a-bc51-9a1496014c2c","Acraea andromacha","https://biodiversity.org.au/afd/taxa/86294130-ca0d-4e27-81da-5a82a7cd4c87",-26.506756,153.086515,2024-12-30 12:16:00,"PRESENT","iNaturalist Australia"
"182","0bdece22-6c27-4400-9cb9-985f20bedbf3","Adenia heterophylla","https://id.biodiversity.org.au/taxon/apni/51442112",-17.114222,145.811372,2025-03-10 13:48:52,"PRESENT","iNaturalist Australia"
"183","0be28d62-004b-4343-b3ab-e3c3ab49422e","Acraea andromacha","https://biodiversity.org.au/afd/taxa/86294130-ca0d-4e27-81da-5a82a7cd4c87",-33.761322,150.646028,2025-04-28 11:29:35,"PRESENT","iNaturalist Australia"
"184","0bf20d1c-61f0-44d0-bd6b-a5e2f8c2427c","Afrohybanthus enneaspermus","https://id.biodiversity.org.au/taxon/apni/51448720",-20.082193,148.488685,2024-12-26 11:19:00,"PRESENT","iNaturalist Australia"
"185","0bf843ef-fc37-410c-b942-412928666ba6","Acraea andromacha","https://biodiversity.org.au/afd/taxa/86294130-ca0d-4e27-81da-5a82a7cd4c87",-27.2693,152.861868,2024-11-04 10:52:00,"PRESENT","iNaturalist Australia"
"186","0c0011b9-c53a-4679-8e76-b95857336df0","Acraea terpsicore","https://biodiversity.org.au/afd/taxa/ba632bea-a7b4-4b60-bf89-d63128cad841",-16.747747,145.662376,2021-08-25 11:26:00,"PRESENT","iNaturalist Australia"
"187","0c0ccf3a-d647-4d7b-8aed-63d7e87a80f3","Acraea andromacha","https://biodiversity.org.au/afd/taxa/86294130-ca0d-4e27-81da-5a82a7cd4c87",-17.271618,145.58051,2024-07-22 10:29:35,"PRESENT","iNaturalist Australia"
"188","0c15b209-b0e5-4dd6-9243-ffe8222b5722","Acraea andromacha","https://biodiversity.org.au/afd/taxa/86294130-ca0d-4e27-81da-5a82a7cd4c87",-27.53636,153.140855,2025-11-03 11:05:00,"PRESENT","iNaturalist Australia"
"189","0c1c3f5e-a708-436b-90ba-cad28a36bd40","Acraea andromacha","https://biodiversity.org.au/afd/taxa/86294130-ca0d-4e27-81da-5a82a7cd4c87",-31.642222,152.844755,2024-04-15 08:55:34,"PRESENT","iNaturalist Australia"
"190","0c312fc7-c02f-41d2-9f02-6d98c1eeca7c","Acraea andromacha","https://biodiversity.org.au/afd/taxa/86294130-ca0d-4e27-81da-5a82a7cd4c87",-27.630867,153.071887,2024-05-04 10:57:32,"PRESENT","iNaturalist Australia"
"191","0c3bbe11-603b-4d9a-acfe-bb06e4d7882e","Acraea andromacha","https://biodiversity.org.au/afd/taxa/86294130-ca0d-4e27-81da-5a82a7cd4c87",-30.110595,153.209162,2025-02-02 14:56:00,"PRESENT","iNaturalist Australia"
"192","0c48034c-46b6-4ba8-ac19-9ed94eb68619","Acraea andromacha","https://biodiversity.org.au/afd/taxa/86294130-ca0d-4e27-81da-5a82a7cd4c87",-27.692708,152.879995,2022-08-16 20:33:00,"PRESENT","iNaturalist Australia"
"193","0c4a1679-8fc8-46af-93c9-daecf66e7111","Acraea andromacha","https://biodiversity.org.au/afd/taxa/86294130-ca0d-4e27-81da-5a82a7cd4c87",-28.497765,151.965476,2026-01-01 12:59:20,"PRESENT","iNaturalist Australia"
"194","0c543e2a-bde2-44a5-8e75-70286c581eac","Acraea andromacha","https://biodiversity.org.au/afd/taxa/86294130-ca0d-4e27-81da-5a82a7cd4c87",-27.374705,152.578587,2023-09-21 08:52:00,"PRESENT","iNaturalist Australia"
"195","0c5cd040-d7d7-405d-9be7-d540b307f963","Acraea terpsicore","https://biodiversity.org.au/afd/taxa/ba632bea-a7b4-4b60-bf89-d63128cad841",-17.31234,145.58737,2022-03-09 23:15:00,"PRESENT","Butterflies Australia"
"196","0c5ffbf0-1fd3-439a-83f5-8229ff92c49c","Acraea andromacha","https://biodiversity.org.au/afd/taxa/86294130-ca0d-4e27-81da-5a82a7cd4c87",-27.509641,153.088788,2022-01-03 07:44:00,"PRESENT","iNaturalist Australia"
"197","0c6a7214-7e28-4a09-9331-30930b42688e","Acraea andromacha","https://biodiversity.org.au/afd/taxa/86294130-ca0d-4e27-81da-5a82a7cd4c87",-27.644942,153.003581,2024-04-14 11:45:00,"PRESENT","iNaturalist Australia"
"198","0c6d112f-da3d-44a9-9fed-d5f533a63256","Acraea andromacha","https://biodiversity.org.au/afd/taxa/86294130-ca0d-4e27-81da-5a82a7cd4c87",-27.495351,152.248774,2022-01-02 11:12:00,"PRESENT","iNaturalist Australia"
"199","0c7dcddb-0562-44b0-bca6-200bff3f3086","Afrohybanthus enneaspermus","https://id.biodiversity.org.au/taxon/apni/51448720",-23.493589,150.476354,2025-02-21 07:19:10,"PRESENT","iNaturalist Australia"
"200","0c80202b-171f-4d59-a901-67b627a821e6","Acraea andromacha","https://biodiversity.org.au/afd/taxa/86294130-ca0d-4e27-81da-5a82a7cd4c87",-27.849412,153.161341,2021-03-27 07:43:36,"PRESENT","iNaturalist Australia"
"201","0c97ef18-6425-4f74-b989-e121d41a683b","Acraea andromacha","https://biodiversity.org.au/afd/taxa/86294130-ca0d-4e27-81da-5a82a7cd4c87",-27.300002,153.021888,2022-09-09 16:25:00,"PRESENT","iNaturalist Australia"
"202","0cb6098c-c3bb-4e45-8d78-85c2ccd4ce25","Acraea andromacha","https://biodiversity.org.au/afd/taxa/86294130-ca0d-4e27-81da-5a82a7cd4c87",-27.68033,152.84793,2022-01-26 11:57:11,"PRESENT","iNaturalist Australia"
"203","0cc007d9-80c7-4970-8a3c-e9a5c45b64df","Acraea terpsicore","https://biodiversity.org.au/afd/taxa/ba632bea-a7b4-4b60-bf89-d63128cad841",-13.861688,136.81173,2022-05-13 11:17:00,"PRESENT","iNaturalist Australia"
"204","0cc4e861-3cf6-4aab-8a27-e7a24f91c4bf","Acraea andromacha","https://biodiversity.org.au/afd/taxa/86294130-ca0d-4e27-81da-5a82a7cd4c87",-27.434392,153.54605,2025-06-07 09:46:47,"PRESENT","iNaturalist Australia"
"205","0cd3991f-7280-4398-af00-9775b1e968dd","Acraea andromacha","https://biodiversity.org.au/afd/taxa/86294130-ca0d-4e27-81da-5a82a7cd4c87",-27.548055,153.054676,2025-09-06 12:23:46,"PRESENT","iNaturalist Australia"
"206","0ce4d372-bd83-4781-89fa-6e928d878a0e","Acraea andromacha","https://biodiversity.org.au/afd/taxa/86294130-ca0d-4e27-81da-5a82a7cd4c87",-28.830733,151.936683,2023-03-19 13:03:40,"PRESENT","iNaturalist Australia"
"207","0ce4f241-e472-4d02-816b-8607573ce354","Afrohybanthus enneaspermus","https://id.biodiversity.org.au/taxon/apni/51448720",-15.49614,132.59589,2022-03-31,"PRESENT","Flora Atlas N.T."
"208","0ce51b69-087c-41b5-99ce-c552f07b9b09","Acraea andromacha","https://biodiversity.org.au/afd/taxa/86294130-ca0d-4e27-81da-5a82a7cd4c87",-27.39992,152.888014,2025-04-04 07:21:00,"PRESENT","iNaturalist Australia"
"209","0ce5626c-a307-4534-a057-873a646ca6c9","Acraea terpsicore","https://biodiversity.org.au/afd/taxa/ba632bea-a7b4-4b60-bf89-d63128cad841",-16.804134,145.56268,2021-08-11 13:55:00,"PRESENT","iNaturalist Australia"
"210","0cfb7035-7754-4b98-8d51-28d6054396b9","Acraea terpsicore","https://biodiversity.org.au/afd/taxa/ba632bea-a7b4-4b60-bf89-d63128cad841",-17.66279,141.102225,2022-06-27 12:39:00,"PRESENT","iNaturalist Australia"
"211","0d053991-23e3-43a1-89a2-69a0d72035e5","Acraea terpsicore","https://biodiversity.org.au/afd/taxa/ba632bea-a7b4-4b60-bf89-d63128cad841",-17.467,138.36415,2023-09-11 23:58:00,"PRESENT","Butterflies Australia"
"212","0d0ea1c8-e1b2-4de3-b434-4aa2d34fc766","Acraea terpsicore","https://biodiversity.org.au/afd/taxa/ba632bea-a7b4-4b60-bf89-d63128cad841",-19.189867,146.773833,2024-06-06 16:10:29,"PRESENT","iNaturalist Australia"
"213","0d419935-1373-4470-9610-621cf26040d4","Afrohybanthus enneaspermus","https://id.biodiversity.org.au/taxon/apni/51448720",-16.78506,133.43742,2022-02-18,"PRESENT","Flora Atlas N.T."
"214","0d60c938-adcc-49df-a5d6-01815751a45e","Acraea andromacha","https://biodiversity.org.au/afd/taxa/86294130-ca0d-4e27-81da-5a82a7cd4c87",-28.257834,152.743799,2025-04-12 10:42:00,"PRESENT","iNaturalist Australia"
"215","0d713198-b28d-4bba-a8aa-64409f28a1b4","Afrohybanthus enneaspermus","https://id.biodiversity.org.au/taxon/apni/51448720",-16.73652,135.01831,2022-02-18,"PRESENT","Flora Atlas N.T."
"216","0d7ccfb4-070a-485c-bb39-a1f1f64632d6","Acraea andromacha","https://biodiversity.org.au/afd/taxa/86294130-ca0d-4e27-81da-5a82a7cd4c87",-27.65678,151.52765,2021-12-25 21:28:00,"PRESENT","Butterflies Australia"
"217","0d7e8053-c574-40fe-a152-f48d60ba7dae","Acraea andromacha","https://biodiversity.org.au/afd/taxa/86294130-ca0d-4e27-81da-5a82a7cd4c87",-26.929972,152.998083,2023-08-23 09:56:00,"PRESENT","iNaturalist Australia"
"218","0dc174c8-cc1b-47fb-84b2-acbdef43c1da","Acraea andromacha","https://biodiversity.org.au/afd/taxa/86294130-ca0d-4e27-81da-5a82a7cd4c87",-27.703048,152.086076,2021-09-18 09:16:00,"PRESENT","iNaturalist Australia"
"219","0dd430dd-f756-4310-b2a9-acea3979a6d2","Acraea terpsicore","https://biodiversity.org.au/afd/taxa/ba632bea-a7b4-4b60-bf89-d63128cad841",-18.301064,143.351473,2021-05-07 14:16:00,"PRESENT","iNaturalist Australia"
"220","0dda9296-fb41-44c0-a9ef-3958837bc543","Acraea andromacha","https://biodiversity.org.au/afd/taxa/86294130-ca0d-4e27-81da-5a82a7cd4c87",-25.947114,152.643193,2024-03-11 19:23:28,"PRESENT","iNaturalist Australia"
"221","0df987d7-918e-44b6-984b-525488ac8c69","Acraea terpsicore","https://biodiversity.org.au/afd/taxa/ba632bea-a7b4-4b60-bf89-d63128cad841",-28.265242,153.57785,2022-03-12 09:41:02,"PRESENT","iNaturalist Australia"
"222","0e1ec128-ce91-4eb6-bc24-5ca2c5f7f237","Acraea terpsicore","https://biodiversity.org.au/afd/taxa/ba632bea-a7b4-4b60-bf89-d63128cad841",-17.394103,123.989336,2023-09-12 07:38:24,"PRESENT","Earth Guardians Weekly Feed"
"223","0e232830-b162-40f2-97e8-830cdceea2ee","Acraea andromacha","https://biodiversity.org.au/afd/taxa/86294130-ca0d-4e27-81da-5a82a7cd4c87",-32.225859,152.454908,2024-03-16 12:36:00,"PRESENT","iNaturalist Australia"
"224","0e744d9e-73fa-4b61-b6a1-16ba1d3ced87","Afrohybanthus enneaspermus","https://id.biodiversity.org.au/taxon/apni/51448720",-19.2752,146.7091,2024-03-24 10:42:00,"PRESENT","iNaturalist Australia"
"225","0e870d3a-3532-456e-8a99-92940e379263","Afrohybanthus enneaspermus","https://id.biodiversity.org.au/taxon/apni/51448720",-21.687525,148.689986,2022-02-06 08:43:09,"PRESENT","iNaturalist Australia"
"226","0e90208a-8942-4571-b839-6b2bb7fac985","Acraea andromacha","https://biodiversity.org.au/afd/taxa/86294130-ca0d-4e27-81da-5a82a7cd4c87",-27.26974,152.854265,2025-05-04 11:22:00,"PRESENT","iNaturalist Australia"
"227","0ea39230-f4ce-429e-8d55-267c12d850b8","Acraea terpsicore","https://biodiversity.org.au/afd/taxa/ba632bea-a7b4-4b60-bf89-d63128cad841",-17.976234,122.179337,2023-04-30 13:28:00,"PRESENT","iNaturalist Australia"
"228","0ead58ed-11e4-40a1-a262-adf5f78c5b1a","Acraea andromacha","https://biodiversity.org.au/afd/taxa/86294130-ca0d-4e27-81da-5a82a7cd4c87",-25.790962,152.694173,2022-01-22 14:40:00,"PRESENT","iNaturalist Australia"
"229","0eb8e2b3-a1e4-49e0-8062-f1ea1536f1f5","Acraea andromacha","https://biodiversity.org.au/afd/taxa/86294130-ca0d-4e27-81da-5a82a7cd4c87",-29.65156,151.119571,2022-03-06 18:30:00,"PRESENT","iNaturalist Australia"
"230","0ee4e633-3720-4ad2-aaf9-77c1dbdd2f5f","Acraea andromacha","https://biodiversity.org.au/afd/taxa/86294130-ca0d-4e27-81da-5a82a7cd4c87",-27.818722,153.124216,2024-06-04 09:04:38,"PRESENT","iNaturalist Australia"
"231","0ef9106e-a7e1-4e5a-8216-677e1fa52ed8","Afrohybanthus enneaspermus","https://id.biodiversity.org.au/taxon/apni/51448720",-23.493941,150.476509,2024-02-03 06:47:08,"PRESENT","iNaturalist Australia"
"232","0efd2383-8854-41ed-b2fd-d680c828391b","Acraea andromacha","https://biodiversity.org.au/afd/taxa/86294130-ca0d-4e27-81da-5a82a7cd4c87",-19.25845,146.802859,2022-10-28 23:30:00,"PRESENT","Butterflies Australia"
"233","0f1fafbf-b4d4-42ed-bfaa-642293265d99","Acraea andromacha","https://biodiversity.org.au/afd/taxa/86294130-ca0d-4e27-81da-5a82a7cd4c87",-26.378257,153.108852,2025-07-04 02:09:00,"PRESENT","NatureMapr"
"234","0f207737-9e7e-43e7-a35f-62334bdd3464","Acraea terpsicore","https://biodiversity.org.au/afd/taxa/ba632bea-a7b4-4b60-bf89-d63128cad841",-27.341651,152.929,2021-03-21 11:44:00,"PRESENT","Earth Guardians Weekly Feed"
"235","0f27a1fb-93bd-4316-9ff4-cafeb979bf0b","Acraea andromacha","https://biodiversity.org.au/afd/taxa/86294130-ca0d-4e27-81da-5a82a7cd4c87",-17.975116,122.344946,2025-09-19 20:40:00,"PRESENT","iNaturalist Australia"
"236","0f3323b7-0362-47bd-9159-83d1a7ded6e3","Acraea terpsicore","https://biodiversity.org.au/afd/taxa/ba632bea-a7b4-4b60-bf89-d63128cad841",-20.3456,144.4567,2022-09-22 00:30:00,"PRESENT","Butterflies Australia"
"237","0f33ee8d-dcb0-4d44-bc27-2c97488be4d5","Acraea andromacha","https://biodiversity.org.au/afd/taxa/86294130-ca0d-4e27-81da-5a82a7cd4c87",-27.822497,152.991333,2023-09-24 12:15:05,"PRESENT","iNaturalist Australia"
"238","0f42cbf6-c169-4e7b-8ce6-69b4568a8edd","Acraea andromacha","https://biodiversity.org.au/afd/taxa/86294130-ca0d-4e27-81da-5a82a7cd4c87",-28.6,153.3,2023-03-14 15:48:00,"PRESENT","Earth Guardians Weekly Feed"
"239","0f4995c3-ac3f-4c1d-8588-d9b7824a25f7","Afrohybanthus enneaspermus","https://id.biodiversity.org.au/taxon/apni/51448720",-14.925328,144.194786,2021-06-18 07:12:00,"PRESENT","iNaturalist Australia"
"240","0f4d0548-a391-4446-b80f-7ef96341e076","Acraea andromacha","https://biodiversity.org.au/afd/taxa/86294130-ca0d-4e27-81da-5a82a7cd4c87",-26.525,151.80651,2023-03-12 12:27:15,"PRESENT","iNaturalist Australia"
"241","0f51d53e-dc1f-404d-84ab-fd29a3d4a1cf","Acraea terpsicore","https://biodiversity.org.au/afd/taxa/ba632bea-a7b4-4b60-bf89-d63128cad841",-16.52877,145.112836,2025-05-24 14:53:00,"PRESENT","iNaturalist Australia"
"242","0f5cbb86-590f-4e74-8cfd-6ce7a18af614","Acraea andromacha","https://biodiversity.org.au/afd/taxa/86294130-ca0d-4e27-81da-5a82a7cd4c87",-28.090833,153.459722,2024-06-05 14:05:01,"PRESENT","iNaturalist Australia"
"243","0f66b062-e4a4-4731-8b8e-05581cd60210","Acraea andromacha","https://biodiversity.org.au/afd/taxa/86294130-ca0d-4e27-81da-5a82a7cd4c87",-27.081095,152.973199,2022-04-24 16:00:00,"PRESENT","iNaturalist Australia"
"244","0f6ca847-bde1-4fb5-b4a8-8309097b0984","Acraea andromacha","https://biodiversity.org.au/afd/taxa/86294130-ca0d-4e27-81da-5a82a7cd4c87",-27.708408,152.763612,2025-05-14 11:46:53,"PRESENT","iNaturalist Australia"
"245","0f7f1aa5-ab32-449c-93bf-c5a5d689edd6","Acraea andromacha","https://biodiversity.org.au/afd/taxa/86294130-ca0d-4e27-81da-5a82a7cd4c87",-27.5545,151.94318,2023-02-04 05:30:00,"PRESENT","Butterflies Australia"
"246","0f856cc9-a393-49f8-a67b-1a55c1b4779f","Acraea andromacha","https://biodiversity.org.au/afd/taxa/86294130-ca0d-4e27-81da-5a82a7cd4c87",-27.270345,152.851049,2024-04-20 09:46:00,"PRESENT","iNaturalist Australia"
"247","0f970f23-512b-41e3-aba5-b851b4b33814","Acraea andromacha","https://biodiversity.org.au/afd/taxa/86294130-ca0d-4e27-81da-5a82a7cd4c87",-31.406336,151.207616,2024-03-13 18:22:00,"PRESENT","iNaturalist Australia"
"248","0f9caba6-b76a-49c7-8e86-43aed438d996","Acraea terpsicore","https://biodiversity.org.au/afd/taxa/ba632bea-a7b4-4b60-bf89-d63128cad841",-27.485657,152.954174,2024-03-18 11:46:56,"PRESENT","iNaturalist Australia"
"249","0fa8bc10-3509-4550-9179-f857c7c083b8","Acraea andromacha","https://biodiversity.org.au/afd/taxa/86294130-ca0d-4e27-81da-5a82a7cd4c87",-27.30482,152.92752,2025-12-18 11:24:36,"PRESENT","iNaturalist Australia"
"250","0fa995c3-ea35-4d2a-8c49-0187c11d5617","Acraea andromacha","https://biodiversity.org.au/afd/taxa/86294130-ca0d-4e27-81da-5a82a7cd4c87",-27.5,153,2021-08-29 21:11:00,"PRESENT","Earth Guardians Weekly Feed"
"251","0fb1b7dc-2d98-4d5e-a518-12f6b7660b91","Acraea andromacha","https://biodiversity.org.au/afd/taxa/86294130-ca0d-4e27-81da-5a82a7cd4c87",-25.0653,148.2472,2022-10-06 15:30:00,"PRESENT","Butterflies Australia"
"252","0fb67b63-36ec-4860-8210-7727691d5883","Afrohybanthus enneaspermus","https://id.biodiversity.org.au/taxon/apni/51448720",-14.82569,132.99139,2022-02-20,"PRESENT","Flora Atlas N.T."
"253","0fba7054-29a5-4b94-a5fc-eed5614d98d8","Acraea terpsicore","https://biodiversity.org.au/afd/taxa/ba632bea-a7b4-4b60-bf89-d63128cad841",-25.855164,152.699987,2022-05-08 11:53:00,"PRESENT","iNaturalist Australia"
"254","0fbfa6ea-930b-4ded-83e3-f00a7a9ef9c1","Acraea andromacha","https://biodiversity.org.au/afd/taxa/86294130-ca0d-4e27-81da-5a82a7cd4c87",-25.556589,152.685905,2022-01-05 09:57:00,"PRESENT","iNaturalist Australia"
"255","0fd519d6-064c-4577-a9d1-7ea37621d492","Afrohybanthus enneaspermus","https://id.biodiversity.org.au/taxon/apni/51448720",-23.718139,149.119222,2024-04-21,"PRESENT","BRI AVH Data and Images"
"256","0fdb7b58-3dfc-49e6-b8a2-d8a97978e55a","Acraea andromacha","https://biodiversity.org.au/afd/taxa/86294130-ca0d-4e27-81da-5a82a7cd4c87",-33.874799,151.11539,2025-08-16 13:53:03,"PRESENT","iNaturalist Australia"
"257","0ffc12a4-6f1a-4b4c-b52e-32eb6f497d6a","Afrohybanthus enneaspermus","https://id.biodiversity.org.au/taxon/apni/51448720",-12.695369,135.698217,2024-05-05 12:07:00,"PRESENT","iNaturalist Australia"
"258","103e627a-52aa-4887-b02d-e2ff5f689d18","Acraea terpsicore","https://biodiversity.org.au/afd/taxa/ba632bea-a7b4-4b60-bf89-d63128cad841",-19.257832,145.917639,2025-06-12 15:00:00,"PRESENT","iNaturalist Australia"
"259","105690a1-32a6-47a5-8864-7feb4ce914b8","Acraea andromacha","https://biodiversity.org.au/afd/taxa/86294130-ca0d-4e27-81da-5a82a7cd4c87",-27.571128,152.931887,2022-01-29 12:56:28,"PRESENT","iNaturalist Australia"
"260","10664dff-23ac-44fa-8c91-4d1e8fb207eb","Acraea andromacha","https://biodiversity.org.au/afd/taxa/86294130-ca0d-4e27-81da-5a82a7cd4c87",-27.533464,153.036943,2022-02-13 09:59:45,"PRESENT","iNaturalist Australia"
"261","106dda2a-e03a-4e31-a911-32be373e2177","Acraea terpsicore","https://biodiversity.org.au/afd/taxa/ba632bea-a7b4-4b60-bf89-d63128cad841",-19.259863,146.808822,2025-08-18 13:33:01,"PRESENT","iNaturalist Australia"
"262","10781df6-0d56-425f-a4a7-3ffb823c0555","Acraea andromacha","https://biodiversity.org.au/afd/taxa/86294130-ca0d-4e27-81da-5a82a7cd4c87",-26.930281,152.998478,2023-11-15 11:35:35,"PRESENT","iNaturalist Australia"
"263","10b93231-6f74-48d2-aa42-f10dce5b638c","Acraea terpsicore","https://biodiversity.org.au/afd/taxa/ba632bea-a7b4-4b60-bf89-d63128cad841",-26.955751,152.949014,2025-01-28 13:07:00,"PRESENT","iNaturalist Australia"
"264","10c3541a-98b0-4de3-90b0-06008b77dfa4","Acraea andromacha","https://biodiversity.org.au/afd/taxa/86294130-ca0d-4e27-81da-5a82a7cd4c87",-27.544872,152.857201,2021-04-23 14:17:59,"PRESENT","Brisbane’s Big Butterfly Count"
"265","10d0aa46-6282-45a1-8ab2-04a09360d8d5","Acraea andromacha","https://biodiversity.org.au/afd/taxa/86294130-ca0d-4e27-81da-5a82a7cd4c87",-27.997502,118.940119,2025-08-27 08:59:35,"PRESENT","iNaturalist Australia"
"266","10dd0203-1fc2-4be5-a792-9889050f68d9","Acraea andromacha","https://biodiversity.org.au/afd/taxa/86294130-ca0d-4e27-81da-5a82a7cd4c87",-29.3266,151.9267,2025-09-29 09:17:00,"PRESENT","iNaturalist Australia"
"267","11073082-7b3a-4e11-bdb9-59eeb8393aff","Acraea andromacha","https://biodiversity.org.au/afd/taxa/86294130-ca0d-4e27-81da-5a82a7cd4c87",-28.25998,153.401529,2021-03-04 13:03:00,"PRESENT","iNaturalist Australia"
"268","1153b28c-89a5-4beb-94a8-495a0cb52d7b","Acraea andromacha","https://biodiversity.org.au/afd/taxa/86294130-ca0d-4e27-81da-5a82a7cd4c87",-28.504643,153.54903,2025-02-19 12:13:00,"PRESENT","iNaturalist Australia"
"269","1167b0ee-7bea-4d87-b298-9cd61dc82285","Acraea andromacha","https://biodiversity.org.au/afd/taxa/86294130-ca0d-4e27-81da-5a82a7cd4c87",-35.273563,149.097655,2022-02-27 01:17:00,"PRESENT","NatureMapr"
"270","1187562b-73db-480b-8e04-a6fd2979eddb","Acraea terpsicore","https://biodiversity.org.au/afd/taxa/ba632bea-a7b4-4b60-bf89-d63128cad841",-25.560326,152.681231,2025-12-26 10:08:00,"PRESENT","iNaturalist Australia"
"271","11a60cb8-ae2f-4192-8a33-c04868bb33b5","Acraea terpsicore","https://biodiversity.org.au/afd/taxa/ba632bea-a7b4-4b60-bf89-d63128cad841",-27.485577,152.954153,2022-01-11 11:39:00,"PRESENT","iNaturalist Australia"
"272","11afe14a-67ca-4da8-9f7a-2589e031775d","Acraea andromacha","https://biodiversity.org.au/afd/taxa/86294130-ca0d-4e27-81da-5a82a7cd4c87",-27.736017,152.769283,2021-04-24 11:35:00,"PRESENT","iNaturalist Australia"
"273","11bb9bc8-9032-4812-9807-34bcde001016","Acraea andromacha","https://biodiversity.org.au/afd/taxa/86294130-ca0d-4e27-81da-5a82a7cd4c87",-26.462742,152.670054,2025-04-06 09:20:49,"PRESENT","iNaturalist Australia"
"274","11c1935c-110d-4b78-9090-82303f368173","Acraea andromacha","https://biodiversity.org.au/afd/taxa/86294130-ca0d-4e27-81da-5a82a7cd4c87",-27.549603,153.057498,2025-09-05 10:11:00,"PRESENT","iNaturalist Australia"
"275","11cbf1c7-6841-4b8e-9550-e7f797a9f371","Acraea terpsicore","https://biodiversity.org.au/afd/taxa/ba632bea-a7b4-4b60-bf89-d63128cad841",-12.63838,141.859102,2022-09-04 11:47:00,"PRESENT","iNaturalist Australia"
"276","11cfd57d-ce02-4440-9e8e-28aefdf2be33","Acraea terpsicore","https://biodiversity.org.au/afd/taxa/ba632bea-a7b4-4b60-bf89-d63128cad841",-19.39452,146.736542,2024-08-14,"PRESENT","iNaturalist Australia"
"277","11fa74eb-5b29-4b96-b509-8b6633c08d07","Acraea andromacha","https://biodiversity.org.au/afd/taxa/86294130-ca0d-4e27-81da-5a82a7cd4c87",-30.480614,152.879931,2022-03-11 17:10:00,"PRESENT","iNaturalist Australia"
"278","11fcc59b-c99a-4faa-9a01-71b17008f285","Acraea andromacha","https://biodiversity.org.au/afd/taxa/86294130-ca0d-4e27-81da-5a82a7cd4c87",-27.494027,153.073364,2021-06-19 12:10:00,"PRESENT","Earth Guardians Weekly Feed"
"279","1217e66d-92df-4d69-a42d-e76931a5d83d","Acraea andromacha","https://biodiversity.org.au/afd/taxa/86294130-ca0d-4e27-81da-5a82a7cd4c87",-30.351742,153.079448,2025-03-09 17:38:00,"PRESENT","iNaturalist Australia"
"280","122fc43b-67ca-4b18-a104-5b25a16c30af","Acraea andromacha","https://biodiversity.org.au/afd/taxa/86294130-ca0d-4e27-81da-5a82a7cd4c87",-27.383643,153.103363,2024-01-20 09:05:05,"PRESENT","iNaturalist Australia"
"281","12312a0a-ebbd-49c6-adeb-e789d4e19789","Acraea andromacha","https://biodiversity.org.au/afd/taxa/86294130-ca0d-4e27-81da-5a82a7cd4c87",-19.5654,144.0409,2022-11-22 00:45:00,"PRESENT","Butterflies Australia"
"282","1236ef85-6d87-4d28-b1b6-d89e5d7d6215","Afrohybanthus enneaspermus","https://id.biodiversity.org.au/taxon/apni/51448720",-16.79744,135.20267,2022-03-29,"PRESENT","Flora Atlas N.T."
"283","1256919b-df6e-41f8-942f-86b966a09c87","Acraea terpsicore","https://biodiversity.org.au/afd/taxa/ba632bea-a7b4-4b60-bf89-d63128cad841",-19.298787,146.78064,2021-08-05 12:03:00,"PRESENT","iNaturalist Australia"
"284","125eae89-d44b-4171-9d7f-d8bf889697ee","Acraea andromacha","https://biodiversity.org.au/afd/taxa/86294130-ca0d-4e27-81da-5a82a7cd4c87",-27.46542,153.188515,2024-04-06 11:38:00,"PRESENT","iNaturalist Australia"
"285","126319d6-3280-43b7-b8b0-af2d7b21a6ab","Acraea terpsicore","https://biodiversity.org.au/afd/taxa/ba632bea-a7b4-4b60-bf89-d63128cad841",-16.485753,145.468037,2025-12-25 11:44:57,"PRESENT","iNaturalist Australia"
"286","126fab66-01e5-40b4-9908-783a6f1d197e","Acraea andromacha","https://biodiversity.org.au/afd/taxa/86294130-ca0d-4e27-81da-5a82a7cd4c87",-15.974646,144.828963,2021-03-24 12:00:00,"PRESENT","Butterflies Australia"
"287","128a7252-b9aa-46d8-9fd1-0e2f2f9897fb","Afrohybanthus enneaspermus","https://id.biodiversity.org.au/taxon/apni/51448720",-19.172198,146.832105,2025-02-20 16:38:56,"PRESENT","iNaturalist Australia"
"288","128f9e2b-05fe-40e3-b481-616b9e93228e","Acraea andromacha","https://biodiversity.org.au/afd/taxa/86294130-ca0d-4e27-81da-5a82a7cd4c87",-27.4866,152.8737,2021-02-11 09:14:00,"PRESENT","iNaturalist Australia"
"289","12b71263-1ff3-491b-8af8-42fb6e62387b","Acraea terpsicore","https://biodiversity.org.au/afd/taxa/ba632bea-a7b4-4b60-bf89-d63128cad841",-12.429117,130.747846,2021-05-26 12:27:00,"PRESENT","iNaturalist Australia"
"290","12b73232-3f00-4caf-92c9-0fda720a14f2","Acraea terpsicore","https://biodiversity.org.au/afd/taxa/ba632bea-a7b4-4b60-bf89-d63128cad841",-18.626146,145.874765,2025-08-19 12:57:02,"PRESENT","iNaturalist Australia"
"291","12cdad6a-28b1-46a1-88a1-fbacea5c127c","Acraea andromacha","https://biodiversity.org.au/afd/taxa/86294130-ca0d-4e27-81da-5a82a7cd4c87",-28.178361,153.066278,2025-04-14 11:26:00,"PRESENT","iNaturalist Australia"
"292","12d11e90-e26e-4b08-b87f-414fad9797b1","Acraea terpsicore","https://biodiversity.org.au/afd/taxa/ba632bea-a7b4-4b60-bf89-d63128cad841",-19.256127,146.804361,2022-07-12 17:32:00,"PRESENT","iNaturalist Australia"
"293","12d2da5a-2b5a-4a7b-9370-f19ae1446137","Acraea andromacha","https://biodiversity.org.au/afd/taxa/86294130-ca0d-4e27-81da-5a82a7cd4c87",-27.490593,153.184383,2022-04-27 09:47:00,"PRESENT","iNaturalist Australia"
"294","12e931c8-9a3d-4d2c-a69a-d148d4857ae4","Acraea andromacha","https://biodiversity.org.au/afd/taxa/86294130-ca0d-4e27-81da-5a82a7cd4c87",-27.632942,152.791108,2022-01-28 09:50:11,"PRESENT","iNaturalist Australia"
"295","131811f7-4f04-489b-be03-7f828e225788","Acraea andromacha","https://biodiversity.org.au/afd/taxa/86294130-ca0d-4e27-81da-5a82a7cd4c87",-27.436516,153.546013,2025-11-05 15:33:00,"PRESENT","iNaturalist Australia"
"296","131cbf25-7779-4d12-a890-7feafdae8fd8","Afrohybanthus enneaspermus","https://id.biodiversity.org.au/taxon/apni/51448720",-19.229717,146.668222,2025-01-23 09:45:00,"PRESENT","iNaturalist Australia"
"297","13242d9f-9dbb-425a-b3d2-4ea8dd77f8de","Acraea andromacha","https://biodiversity.org.au/afd/taxa/86294130-ca0d-4e27-81da-5a82a7cd4c87",-24.848055,152.476038,2021-12-26 14:12:00,"PRESENT","iNaturalist Australia"
"298","132a184f-4b15-478a-a276-3a6a031a686f","Afrohybanthus enneaspermus","https://id.biodiversity.org.au/taxon/apni/51448720",-19.2102,146.7755,2022-05-20 10:12:00,"PRESENT","iNaturalist Australia"
"299","133079ab-0c62-4e85-8411-18b6817d768a","Acraea andromacha","https://biodiversity.org.au/afd/taxa/afb7279d-cb44-4c89-be73-cf1e0a48cf46",-17.031045,144.486348,2025-06-21 12:50:34,"PRESENT","iNaturalist Australia"
"300","1399ba81-b704-4ec3-b3bc-a7aef2f21339","Acraea andromacha","https://biodiversity.org.au/afd/taxa/86294130-ca0d-4e27-81da-5a82a7cd4c87",-28.013598,152.543714,2022-12-18 14:26:07,"PRESENT","iNaturalist Australia"
"301","13b4bc54-c802-41a5-8084-c4ede0cdc2d5","Acraea terpsicore","https://biodiversity.org.au/afd/taxa/ba632bea-a7b4-4b60-bf89-d63128cad841",-18.194352,144.569619,2025-05-25 11:41:00,"PRESENT","iNaturalist Australia"
"302","13ca0adc-19e5-4ad0-8eb8-6774edc2a284","Acraea andromacha","https://biodiversity.org.au/afd/taxa/86294130-ca0d-4e27-81da-5a82a7cd4c87",-28.275221,152.768951,2023-11-29 14:25:00,"PRESENT","iNaturalist Australia"
"303","13d800c5-30a8-4a2e-83b0-76f53491a634","Acraea terpsicore","https://biodiversity.org.au/afd/taxa/ba632bea-a7b4-4b60-bf89-d63128cad841",-19.258963,146.816948,2025-06-23 16:03:00,"PRESENT","iNaturalist Australia"
"304","1400f356-53de-4681-b154-28eb41d5a82b","Afrohybanthus enneaspermus","https://id.biodiversity.org.au/taxon/apni/51448720",-16.78522,133.47333,2022-02-18,"PRESENT","Flora Atlas N.T."
"305","141184cd-28b3-4700-a05a-4a53e03e0cbc","Acraea terpsicore","https://biodiversity.org.au/afd/taxa/ba632bea-a7b4-4b60-bf89-d63128cad841",-24.849728,152.327718,2024-07-21 12:23:00,"PRESENT","iNaturalist Australia"
"306","1411fa91-ab24-45de-9dbb-9c96a58a8c12","Acraea andromacha","https://biodiversity.org.au/afd/taxa/86294130-ca0d-4e27-81da-5a82a7cd4c87",-27.61398,152.03708,2023-03-19 04:58:00,"PRESENT","Butterflies Australia"
"307","142f8146-4b7f-41d0-ae07-4907f18a8bb6","Acraea terpsicore","https://biodiversity.org.au/afd/taxa/ba632bea-a7b4-4b60-bf89-d63128cad841",-30.276372,153.131694,2025-12-14 11:04:33,"PRESENT","iNaturalist Australia"
"308","145b942f-0f12-4018-9716-12d44f3bd7ec","Acraea andromacha","https://biodiversity.org.au/afd/taxa/86294130-ca0d-4e27-81da-5a82a7cd4c87",-27.455925,151.980103,2021-05-07 11:41:00,"PRESENT","iNaturalist Australia"
"309","147f2dd3-a060-437d-a11a-51e94ecc8492","Acraea terpsicore","https://biodiversity.org.au/afd/taxa/ba632bea-a7b4-4b60-bf89-d63128cad841",-19.20162,146.75263,2023-01-01 16:31:29,"PRESENT","iNaturalist Australia"
"310","14aa63b3-9cd8-4dc3-a0c3-8517c8d9c80d","Adenia heterophylla","https://id.biodiversity.org.au/taxon/apni/51442112",-11.7946,130.38298,2025-10-30 10:52:03,"PRESENT","iNaturalist Australia"
"311","14b622ba-6dc3-4a8f-b238-99c4352430a5","Afrohybanthus enneaspermus","https://id.biodiversity.org.au/taxon/apni/51448720",-19.235,146.6572,2024-12-30 09:35:00,"PRESENT","iNaturalist Australia"
"312","14c82a95-ea84-4a33-ab6f-c91fce49bf11","Acraea andromacha","https://biodiversity.org.au/afd/taxa/86294130-ca0d-4e27-81da-5a82a7cd4c87",-25.582835,151.615969,2023-08-20 13:05:00,"PRESENT","iNaturalist Australia"
"313","14cef904-318c-4bc9-9e1a-f6c8476f749b","Acraea andromacha","https://biodiversity.org.au/afd/taxa/86294130-ca0d-4e27-81da-5a82a7cd4c87",-28.8764,153.5786,2025-06-12 12:49:00,"PRESENT","iNaturalist Australia"
"314","14defe00-23df-42c3-9314-47af295d9746","Afrohybanthus enneaspermus","https://id.biodiversity.org.au/taxon/apni/51448720",-16.89131,134.30663,2021-05-12,"PRESENT","Flora Atlas N.T."
"315","15031240-cfa4-418d-a9a7-30abb9a167cc","Acraea andromacha","https://biodiversity.org.au/afd/taxa/86294130-ca0d-4e27-81da-5a82a7cd4c87",-19.404759,143.576063,2022-05-11,"PRESENT","Queensland Museum provider for OZCAM"
"316","152d3172-a3f9-49f6-aaae-032a9d3fb714","Acraea terpsicore","https://biodiversity.org.au/afd/taxa/ba632bea-a7b4-4b60-bf89-d63128cad841",-19.97074,148.067871,2022-08-18 10:16:00,"PRESENT","iNaturalist Australia"
"317","1532cf64-0fa7-4f3c-b384-90cecfcdc101","Acraea andromacha","https://biodiversity.org.au/afd/taxa/86294130-ca0d-4e27-81da-5a82a7cd4c87",-32.313783,151.798142,2025-04-16 09:03:56,"PRESENT","iNaturalist Australia"
"318","1573ea9a-f58a-40e5-8186-4c2e8868c24d","Afrohybanthus enneaspermus","https://id.biodiversity.org.au/taxon/apni/51448720",-17.07528,133.45634,2022-02-20,"PRESENT","Flora Atlas N.T."
"319","158e7cf8-c602-4dca-b363-32bffd9000ed","Acraea andromacha","https://biodiversity.org.au/afd/taxa/86294130-ca0d-4e27-81da-5a82a7cd4c87",-24.240397,131.573585,2023-01-17 08:25:00,"PRESENT","iNaturalist Australia"
"320","15b39a74-e96c-4236-be1b-eff323eeef5a","Acraea terpsicore","https://biodiversity.org.au/afd/taxa/ba632bea-a7b4-4b60-bf89-d63128cad841",-18.290475,143.549378,2025-07-19 15:13:16,"PRESENT","iNaturalist Australia"
"321","15b55f4b-7181-440b-a6cf-27095b5456b2","Acraea andromacha","https://biodiversity.org.au/afd/taxa/86294130-ca0d-4e27-81da-5a82a7cd4c87",-27.571278,152.933487,2024-03-05 11:29:02,"PRESENT","iNaturalist Australia"
"322","15bada66-78e2-4b44-8e40-ac16bdca25fc","Acraea andromacha","https://biodiversity.org.au/afd/taxa/86294130-ca0d-4e27-81da-5a82a7cd4c87",-27.750438,152.787198,2025-01-16 16:42:56,"PRESENT","iNaturalist Australia"
"323","15c68080-d0f4-4529-a214-9ad432cdf663","Afrohybanthus enneaspermus","https://id.biodiversity.org.au/taxon/apni/51448720",-16.48548,134.31738,2022-02-19,"PRESENT","Flora Atlas N.T."
"324","15eb3557-a4b5-40a9-b31c-2a05bf6d2908","Acraea terpsicore","https://biodiversity.org.au/afd/taxa/ba632bea-a7b4-4b60-bf89-d63128cad841",-12.031443,135.566286,2025-02-18 18:00:00,"PRESENT","iNaturalist Australia"
"325","15fb2a1e-f2a4-4d9a-a15f-203ed2df4471","Acraea andromacha","https://biodiversity.org.au/afd/taxa/86294130-ca0d-4e27-81da-5a82a7cd4c87",-27.511265,153.122475,2025-04-06 15:41:36,"PRESENT","iNaturalist Australia"
"326","16045f70-e831-4e6a-baba-01d727c39090","Acraea terpsicore","https://biodiversity.org.au/afd/taxa/ba632bea-a7b4-4b60-bf89-d63128cad841",-17.81521,144.39043,2024-08-20 12:31:00,"PRESENT","iNaturalist Australia"
"327","16143d1c-1136-448b-bf1c-c11ff1bb7b34","Acraea terpsicore","https://biodiversity.org.au/afd/taxa/ba632bea-a7b4-4b60-bf89-d63128cad841",-16.575256,145.184803,2023-07-20 12:12:00,"PRESENT","iNaturalist Australia"
"328","1621cffa-4865-41b8-9b9f-a3a5d5856d4c","Acraea andromacha","https://biodiversity.org.au/afd/taxa/86294130-ca0d-4e27-81da-5a82a7cd4c87",-28.636676,153.637668,2024-10-12 10:54:05,"PRESENT","iNaturalist Australia"
"329","166d93a5-188d-49c2-bc32-e33794926a39","Acraea terpsicore","https://biodiversity.org.au/afd/taxa/ba632bea-a7b4-4b60-bf89-d63128cad841",-20.272128,148.72233,2021-08-10 11:44:00,"PRESENT","iNaturalist Australia"
"330","1674ddae-333c-4565-bbef-b2b7023fde67","Acraea terpsicore","https://biodiversity.org.au/afd/taxa/ba632bea-a7b4-4b60-bf89-d63128cad841",-10.57826,142.2301,2023-02-17 02:08:00,"PRESENT","Butterflies Australia"
"331","16858630-77e3-402e-b6ec-5559306b2cfa","Afrohybanthus enneaspermus","https://id.biodiversity.org.au/taxon/apni/51448720",-20.826527,140.048708,2023-09-27 10:46:00,"PRESENT","iNaturalist Australia"
"332","16a4468f-e3a9-411e-8350-ff36665c3341","Acraea andromacha","https://biodiversity.org.au/afd/taxa/86294130-ca0d-4e27-81da-5a82a7cd4c87",-30.47761,151.73988,2022-04-16 04:19:00,"PRESENT","Butterflies Australia"
"333","16cedb7a-88b9-4922-8d45-20e1f38ddd04","Afrohybanthus enneaspermus","https://id.biodiversity.org.au/taxon/apni/51448720",-12.21663,136.82076,2022-03-23 09:31:00,"PRESENT","iNaturalist Australia"
"334","16da5239-179a-4905-a75b-387f3d41f5e7","Acraea andromacha","https://biodiversity.org.au/afd/taxa/86294130-ca0d-4e27-81da-5a82a7cd4c87",-12.469574,130.845772,2024-05-21 15:52:00,"PRESENT","iNaturalist Australia"
"335","16e2f77d-eb5e-4992-95b8-d3f9a1faf728","Adenia heterophylla","https://id.biodiversity.org.au/node/apni/2909919",-12.630708,143.427703,2023-07-17 15:14:56,"PRESENT","iNaturalist Australia"
"336","16e354b1-6920-48b7-b5d8-813df5269986","Acraea terpsicore","https://biodiversity.org.au/afd/taxa/ba632bea-a7b4-4b60-bf89-d63128cad841",-19.1358,143.4721,2022-05-04,"PRESENT","Queensland Museum provider for OZCAM"
"337","16e9e7e9-23c1-4837-947d-2f0b50492bd7","Acraea andromacha","https://biodiversity.org.au/afd/taxa/86294130-ca0d-4e27-81da-5a82a7cd4c87",-32.002891,151.960175,2024-05-05 15:58:53,"PRESENT","iNaturalist Australia"
"338","16ec7f97-1ba3-4438-a44f-71d6f58847bd","Afrohybanthus enneaspermus","https://id.biodiversity.org.au/taxon/apni/51448720",-23.491481,150.478477,2025-02-09 06:21:19,"PRESENT","iNaturalist Australia"
"339","16ed84f8-7171-4f38-b312-709b28783f18","Acraea andromacha","https://biodiversity.org.au/afd/taxa/86294130-ca0d-4e27-81da-5a82a7cd4c87",-12.411541,130.824962,2024-05-25 16:30:53,"PRESENT","iNaturalist Australia"
"340","17064483-8090-46ab-a5c8-b8ed2c185757","Acraea andromacha","https://biodiversity.org.au/afd/taxa/86294130-ca0d-4e27-81da-5a82a7cd4c87",-25.545779,152.691072,2024-02-11 09:28:00,"PRESENT","iNaturalist Australia"
"341","1709f2e7-26ab-4a70-bfc4-d44e162c2f77","Afrohybanthus enneaspermus","https://id.biodiversity.org.au/taxon/apni/51448720",-16.94195,135.26593,2022-03-31,"PRESENT","Flora Atlas N.T."
"342","1721475b-5154-4865-8c4a-1f20e4d8bb11","Acraea andromacha","https://biodiversity.org.au/afd/taxa/86294130-ca0d-4e27-81da-5a82a7cd4c87",-27.822677,152.992108,2024-01-04 12:02:53,"PRESENT","iNaturalist Australia"
"343","17320f8e-1c47-4941-b522-a6a8ae10ee8e","Acraea andromacha","https://biodiversity.org.au/afd/taxa/86294130-ca0d-4e27-81da-5a82a7cd4c87",-28.819093,153.603758,2024-03-14 16:45:00,"PRESENT","iNaturalist Australia"
"344","17636ddb-18bf-4eb9-8289-307e6d267a7f","Acraea terpsicore","https://biodiversity.org.au/afd/taxa/ba632bea-a7b4-4b60-bf89-d63128cad841",-12.763548,143.286777,2023-07-13 09:39:00,"PRESENT","iNaturalist Australia"
"345","179b0d6c-bc23-4302-9c0a-9ed6d25d72fb","Acraea andromacha","https://biodiversity.org.au/afd/taxa/afb7279d-cb44-4c89-be73-cf1e0a48cf46",-27.6581,151.52537,2022-04-15,"PRESENT","WildNet - Queensland Wildlife Data"
"346","17e41ef2-bd7e-4c27-bf03-d34ccabdc748","Acraea andromacha","https://biodiversity.org.au/afd/taxa/86294130-ca0d-4e27-81da-5a82a7cd4c87",-27.238789,152.810422,2024-12-15 11:25:00,"PRESENT","iNaturalist Australia"
"347","17ed63e3-bcec-496a-a5ca-2255b0ebebbf","Acraea andromacha","https://biodiversity.org.au/afd/taxa/86294130-ca0d-4e27-81da-5a82a7cd4c87",-27.527887,152.988808,2021-05-06 15:36:00,"PRESENT","iNaturalist Australia"
"348","18000ade-2eaf-4ac8-9b77-2c11795903d2","Acraea terpsicore","https://biodiversity.org.au/afd/taxa/ba632bea-a7b4-4b60-bf89-d63128cad841",-17.9442,122.228885,2023-04-29 10:18:00,"PRESENT","iNaturalist Australia"
"349","1816aa16-4096-4ed9-a339-8c29855d6d2d","Acraea terpsicore","https://biodiversity.org.au/afd/taxa/ba632bea-a7b4-4b60-bf89-d63128cad841",-27.52998,152.62393,2022-05-23 08:08:10,"PRESENT","iNaturalist Australia"
"350","183842b8-602f-4875-90c5-79319c51f324","Acraea terpsicore","https://biodiversity.org.au/afd/taxa/ba632bea-a7b4-4b60-bf89-d63128cad841",-19.234433,146.78307,2023-06-28 09:46:36,"PRESENT","iNaturalist Australia"
"351","1842f164-454b-41b4-bead-231bbe01847b","Acraea andromacha","https://biodiversity.org.au/afd/taxa/86294130-ca0d-4e27-81da-5a82a7cd4c87",-27.658044,151.525247,2025-02-01 12:47:00,"PRESENT","iNaturalist Australia"
"352","1849c228-6e51-4404-94b4-2e6287dfdec8","Acraea terpsicore","https://biodiversity.org.au/afd/taxa/ba632bea-a7b4-4b60-bf89-d63128cad841",-21.4471,148.5311,2022-10-25 21:30:00,"PRESENT","Butterflies Australia"
"353","185b6b90-81ba-49ee-afe7-485e6fdb6aae","Acraea andromacha","https://biodiversity.org.au/afd/taxa/86294130-ca0d-4e27-81da-5a82a7cd4c87",-27.305625,152.687179,2021-04-17 11:19:00,"PRESENT","Earth Guardians Weekly Feed"
"354","1865aa6d-e191-40c6-9717-79ecf721b08d","Acraea andromacha","https://biodiversity.org.au/afd/taxa/86294130-ca0d-4e27-81da-5a82a7cd4c87",-26.775193,152.876472,2023-11-12 14:00:00,"PRESENT","Sunshine Coast's Big Butterfly Count"
"355","186de5b4-5ae0-4074-b0cf-377762b69786","Afrohybanthus enneaspermus","https://id.biodiversity.org.au/taxon/apni/51448720",-12.820556,132.793889,2024-04-11 10:21:00,"PRESENT","iNaturalist Australia"
"356","18a7d014-1673-476a-a958-bd3655f03216","Acraea andromacha","https://biodiversity.org.au/afd/taxa/86294130-ca0d-4e27-81da-5a82a7cd4c87",-27.54277,153.07244,2022-01-21 00:32:00,"PRESENT","Butterflies Australia"
"357","18b7a452-cadf-4c34-ba87-ca3b411011e5","Acraea andromacha","https://biodiversity.org.au/afd/taxa/86294130-ca0d-4e27-81da-5a82a7cd4c87",-30.500448,151.668421,2022-02-07 16:28:30,"PRESENT","iNaturalist Australia"
"358","18bfacbb-3448-4caf-8626-e32b87ffa968","Acraea terpsicore","https://biodiversity.org.au/afd/taxa/ba632bea-a7b4-4b60-bf89-d63128cad841",-18.499875,143.436955,2021-05-16 03:58:00,"PRESENT","iNaturalist Australia"
"359","18da6950-f129-491f-9890-5da6a0e011fa","Acraea andromacha","https://biodiversity.org.au/afd/taxa/86294130-ca0d-4e27-81da-5a82a7cd4c87",-27.476444,152.795521,2024-05-05 12:03:00,"PRESENT","iNaturalist Australia"
"360","18e2ffdf-9150-4754-acb2-9050419a4fea","Acraea terpsicore","https://biodiversity.org.au/afd/taxa/ba632bea-a7b4-4b60-bf89-d63128cad841",-17.599,145.5523,2021-04-16 11:00:00,"PRESENT","Butterflies Australia"
"361","1907310c-525e-42cb-bd6d-4fcae4030982","Acraea andromacha","https://biodiversity.org.au/afd/taxa/86294130-ca0d-4e27-81da-5a82a7cd4c87",-27.564669,153.281675,2023-09-12 07:21:00,"PRESENT","iNaturalist Australia"
"362","1952cdba-5ad9-4250-ada6-5e72d982c37d","Acraea terpsicore","https://biodiversity.org.au/afd/taxa/ba632bea-a7b4-4b60-bf89-d63128cad841",-10.574478,142.228041,2022-07-15 10:23:00,"PRESENT","iNaturalist Australia"
"363","195a516f-f079-4706-838c-5c826bf839d8","Acraea andromacha","https://biodiversity.org.au/afd/taxa/86294130-ca0d-4e27-81da-5a82a7cd4c87",-30.176434,153.098948,2025-02-19 11:08:14,"PRESENT","iNaturalist Australia"
"364","196d5198-ca78-4031-8df1-875f55a8f4cc","Acraea andromacha","https://biodiversity.org.au/afd/taxa/86294130-ca0d-4e27-81da-5a82a7cd4c87",-27.337571,153.081635,2021-04-15 12:34:00,"PRESENT","iNaturalist Australia"
"365","199dc38d-d2c2-4118-8629-561272818084","Acraea andromacha","https://biodiversity.org.au/afd/taxa/86294130-ca0d-4e27-81da-5a82a7cd4c87",-34.681708,150.211766,2024-03-16 02:24:00,"PRESENT","NatureMapr"
"366","19a360c9-9c8b-45da-b603-25060acc82b6","Acraea terpsicore","https://biodiversity.org.au/afd/taxa/ba632bea-a7b4-4b60-bf89-d63128cad841",-27.485827,152.952802,2022-02-06 11:52:35,"PRESENT","iNaturalist Australia"
"367","19a80589-de69-4e60-83a4-01f71f32055b","Acraea terpsicore","https://biodiversity.org.au/afd/taxa/ba632bea-a7b4-4b60-bf89-d63128cad841",-18.201799,144.573575,2025-08-21 12:18:00,"PRESENT","iNaturalist Australia"
"368","19b5829e-a974-4926-9e2b-a33dec8b6e5b","Acraea terpsicore","https://biodiversity.org.au/afd/taxa/ba632bea-a7b4-4b60-bf89-d63128cad841",-12.467336,130.847172,2025-08-29 10:21:05,"PRESENT","iNaturalist Australia"
"369","19c79281-8696-42ce-aed0-2a37be4029d2","Acraea andromacha","https://biodiversity.org.au/afd/taxa/86294130-ca0d-4e27-81da-5a82a7cd4c87",-23.948059,151.37634,2024-10-14 10:08:00,"PRESENT","iNaturalist Australia"
"370","19eb1a9a-d392-4ca2-8f14-dce3567d2f39","Acraea andromacha","https://biodiversity.org.au/afd/taxa/86294130-ca0d-4e27-81da-5a82a7cd4c87",-27.736698,152.763695,2021-09-05 12:13:00,"PRESENT","iNaturalist Australia"
"371","1a004ae9-10f2-41a7-bb20-db0aae13566f","Acraea andromacha","https://biodiversity.org.au/afd/taxa/86294130-ca0d-4e27-81da-5a82a7cd4c87",-23.079516,150.891435,2024-03-04 10:29:00,"PRESENT","iNaturalist Australia"
"372","1a030da3-32f3-4af4-ae9f-0e96835bc7d6","Afrohybanthus enneaspermus","https://id.biodiversity.org.au/taxon/apni/51448720",-12.354815,130.885653,2024-11-02 10:41:00,"PRESENT","iNaturalist Australia"
"373","1a2ceb4d-75fa-4b99-b3ce-257dd25186b3","Acraea andromacha","https://biodiversity.org.au/afd/taxa/86294130-ca0d-4e27-81da-5a82a7cd4c87",-27.49751,152.7605,2021-02-11 17:04:00,"PRESENT","Butterflies Australia"
"374","1a3216fe-495d-4f0f-b20f-f316f8a0cf90","Acraea terpsicore","https://biodiversity.org.au/afd/taxa/ba632bea-a7b4-4b60-bf89-d63128cad841",-30.176836,153.185728,2021-02-02 15:20:00,"PRESENT","iNaturalist Australia"
"375","1a37ab21-e6f0-4866-b4ea-5b56b2d46b7d","Acraea andromacha","https://biodiversity.org.au/afd/taxa/86294130-ca0d-4e27-81da-5a82a7cd4c87",-27.235317,152.424849,2025-02-08 15:41:00,"PRESENT","iNaturalist Australia"
"376","1a48d6c4-bf76-4f44-bfb8-a93563e39b9a","Acraea terpsicore","https://biodiversity.org.au/afd/taxa/ba632bea-a7b4-4b60-bf89-d63128cad841",-19.279342,146.726868,2021-06-13 00:04:00,"PRESENT","NatureMapr"
"377","1a5cb410-d5d8-474c-aefa-1230fdac5285","Acraea andromacha","https://biodiversity.org.au/afd/taxa/86294130-ca0d-4e27-81da-5a82a7cd4c87",-27.534065,153.1419,2025-11-03 11:12:00,"PRESENT","iNaturalist Australia"
"378","1a7fc233-359e-40ff-ba90-6718801b3586","Acraea terpsicore","https://biodiversity.org.au/afd/taxa/ba632bea-a7b4-4b60-bf89-d63128cad841",-12.485016,130.86461,2025-05-15 20:22:41,"PRESENT","iNaturalist Australia"
"379","1aa11841-2d6c-43a8-92b5-b741f8c4ef2a","Acraea terpsicore","https://biodiversity.org.au/afd/taxa/ba632bea-a7b4-4b60-bf89-d63128cad841",-17.600091,145.551715,2022-03-04 22:45:00,"PRESENT","Butterflies Australia"
"380","1aaca1b1-0c5b-4043-b636-ff0b7bff56aa","Acraea andromacha","https://biodiversity.org.au/afd/taxa/86294130-ca0d-4e27-81da-5a82a7cd4c87",-27.237989,152.929352,2022-01-25 09:18:00,"PRESENT","iNaturalist Australia"
"381","1ad22a18-2848-434a-9fa5-60fb8523cb0d","Acraea andromacha","https://biodiversity.org.au/afd/taxa/afb7279d-cb44-4c89-be73-cf1e0a48cf46",-27.66519,151.63324,2022-04-03,"PRESENT","WildNet - Queensland Wildlife Data"
"382","1add26cd-3a68-4360-94f3-e9f053c1439a","Acraea andromacha","https://biodiversity.org.au/afd/taxa/86294130-ca0d-4e27-81da-5a82a7cd4c87",-27.667187,153.251464,2024-02-09 07:33:01,"PRESENT","iNaturalist Australia"
"383","1b1cb66a-faf1-474b-bc25-22092b7dd2dd","Acraea andromacha","https://biodiversity.org.au/afd/taxa/86294130-ca0d-4e27-81da-5a82a7cd4c87",-31.429959,152.918539,2025-03-22 12:25:16,"PRESENT","iNaturalist Australia"
"384","1b22653e-5796-4241-8a60-643c4c76e6e4","Acraea andromacha","https://biodiversity.org.au/afd/taxa/86294130-ca0d-4e27-81da-5a82a7cd4c87",-26.572008,148.791164,2025-02-08 17:49:13,"PRESENT","iNaturalist Australia"
"385","1b746c55-f9cd-4654-86f6-8de12f7ba7b2","Acraea andromacha","https://biodiversity.org.au/afd/taxa/86294130-ca0d-4e27-81da-5a82a7cd4c87",-27.609103,152.857588,2024-11-08 11:49:15,"PRESENT","iNaturalist Australia"
"386","1b8632b4-8a6d-445e-b7e5-9a04a9d4c0c0","Acraea terpsicore","https://biodiversity.org.au/afd/taxa/ba632bea-a7b4-4b60-bf89-d63128cad841",-19.067168,146.593364,2025-04-20 10:27:05,"PRESENT","iNaturalist Australia"
"387","1b9d662f-7284-44c7-8f17-67c8d36ce280","Acraea andromacha","https://biodiversity.org.au/afd/taxa/86294130-ca0d-4e27-81da-5a82a7cd4c87",-28.642182,153.610807,2025-09-28,"PRESENT","iNaturalist Australia"
"388","1bacf739-0930-4255-a5cb-472103ed2650","Acraea andromacha","https://biodiversity.org.au/afd/taxa/86294130-ca0d-4e27-81da-5a82a7cd4c87",-27.436128,153.546005,2024-02-11 12:54:38,"PRESENT","iNaturalist Australia"
"389","1bb00405-2769-4e17-86aa-a778763cb848","Acraea andromacha","https://biodiversity.org.au/afd/taxa/86294130-ca0d-4e27-81da-5a82a7cd4c87",-27.475346,153.086164,2025-12-27 07:46:00,"PRESENT","iNaturalist Australia"
"390","1bda9d10-34a8-4f31-9b94-ff5773c3c490","Acraea andromacha","https://biodiversity.org.au/afd/taxa/86294130-ca0d-4e27-81da-5a82a7cd4c87",-27.71808,152.8789,2023-02-25 04:34:00,"PRESENT","Butterflies Australia"
"391","1be3e48c-a301-44b3-b257-2db3a09e5f02","Acraea andromacha","https://biodiversity.org.au/afd/taxa/86294130-ca0d-4e27-81da-5a82a7cd4c87",-27.497556,152.744333,2023-08-20 11:51:00,"PRESENT","iNaturalist Australia"
"392","1be957ac-fb84-474d-af71-cc38f279f16b","Acraea andromacha","https://biodiversity.org.au/afd/taxa/86294130-ca0d-4e27-81da-5a82a7cd4c87",-27.548101,152.857822,2025-09-07,"PRESENT","iNaturalist Australia"
"393","1c37d373-423c-4711-85c2-8937a3ce0233","Acraea andromacha","https://biodiversity.org.au/afd/taxa/86294130-ca0d-4e27-81da-5a82a7cd4c87",-27.380271,153.004892,2023-10-11 14:38:00,"PRESENT","iNaturalist Australia"
"394","1c6ca431-da60-45bc-b224-81c4aef8884b","Acraea andromacha","https://biodiversity.org.au/afd/taxa/86294130-ca0d-4e27-81da-5a82a7cd4c87",-26.696234,152.81006,2022-03-20 14:00:00,"PRESENT","Sunshine Coast's Big Butterfly Count"
"395","1c73f38a-44df-4292-9537-504a46f163d7","Acraea andromacha","https://biodiversity.org.au/afd/taxa/86294130-ca0d-4e27-81da-5a82a7cd4c87",-21.575942,118.828588,2021-08-16 17:11:14,"PRESENT","iNaturalist Australia"
"396","1c8f11c7-845e-4cb6-892d-d5ae84864552","Acraea andromacha","https://biodiversity.org.au/afd/taxa/86294130-ca0d-4e27-81da-5a82a7cd4c87",-28.258712,153.401746,2022-11-18 09:27:00,"PRESENT","iNaturalist Australia"
"397","1ce9c095-81e2-42b9-b5a3-b1c759a95283","Acraea terpsicore","https://biodiversity.org.au/afd/taxa/ba632bea-a7b4-4b60-bf89-d63128cad841",-21.011004,149.155976,2025-06-29 12:02:12,"PRESENT","iNaturalist Australia"
"398","1cecd508-332e-4faf-a620-dac3692cffef","Acraea terpsicore","https://biodiversity.org.au/afd/taxa/ba632bea-a7b4-4b60-bf89-d63128cad841",-25.493159,148.814269,2021-02-11 12:01:00,"PRESENT","iNaturalist Australia"
"399","1d214326-1fb4-43a5-84e1-c6fc700f7cfc","Acraea andromacha","https://biodiversity.org.au/afd/taxa/86294130-ca0d-4e27-81da-5a82a7cd4c87",-21.3,149.2,2023-10-27 06:38:00,"PRESENT","Earth Guardians Weekly Feed"
"400","1d39c681-cd46-40a1-8586-3571033b2cec","Acraea terpsicore","https://biodiversity.org.au/afd/taxa/ba632bea-a7b4-4b60-bf89-d63128cad841",-12.868088,131.628353,2025-06-09 11:18:00,"PRESENT","iNaturalist Australia"
"401","1d5133a4-5ff9-4dc0-96f4-f4d041a30317","Acraea andromacha","https://biodiversity.org.au/afd/taxa/86294130-ca0d-4e27-81da-5a82a7cd4c87",-34.259787,150.102093,2025-04-25 15:21:00,"PRESENT","iNaturalist Australia"
"402","1d569a87-926b-4b87-b751-858fd43db81f","Acraea andromacha","https://biodiversity.org.au/afd/taxa/86294130-ca0d-4e27-81da-5a82a7cd4c87",-24.848629,152.477089,2021-10-20 16:47:00,"PRESENT","iNaturalist Australia"
"403","1d749514-f17b-4661-b423-286e7cc20aa1","Acraea andromacha","https://biodiversity.org.au/afd/taxa/86294130-ca0d-4e27-81da-5a82a7cd4c87",-27.592887,151.975408,2023-01-11 10:11:00,"PRESENT","iNaturalist Australia"
"404","1d7f87c2-58e4-44e6-a979-7b345f55aa40","Acraea terpsicore","https://biodiversity.org.au/afd/taxa/ba632bea-a7b4-4b60-bf89-d63128cad841",-19.300922,146.75715,2025-03-03 12:54:00,"PRESENT","iNaturalist Australia"
"405","1dc180b5-3174-4106-a683-4fabdf00da25","Acraea terpsicore","https://biodiversity.org.au/afd/taxa/ba632bea-a7b4-4b60-bf89-d63128cad841",-20.786049,140.730066,2025-09-28 09:58:00,"PRESENT","iNaturalist Australia"
"406","1dca0530-04a5-4664-8576-cedf7f127fa6","Acraea terpsicore","https://biodiversity.org.au/afd/taxa/ba632bea-a7b4-4b60-bf89-d63128cad841",-12.906384,131.651784,2023-02-06 10:48:00,"PRESENT","iNaturalist Australia"
"407","1dcbd2b1-c0bb-487d-8506-3cd3f96c3887","Acraea andromacha","https://biodiversity.org.au/afd/taxa/86294130-ca0d-4e27-81da-5a82a7cd4c87",-27.638483,153.194565,2022-02-01 06:42:00,"PRESENT","iNaturalist Australia"
"408","1dcf771e-818b-4a73-a71d-774b288d4766","Acraea andromacha","https://biodiversity.org.au/afd/taxa/86294130-ca0d-4e27-81da-5a82a7cd4c87",-27.736886,152.70834,2022-04-05 08:48:00,"PRESENT","iNaturalist Australia"
"409","1dd5e3f6-a06f-43f3-92de-a567b281b47e","Acraea andromacha","https://biodiversity.org.au/afd/taxa/86294130-ca0d-4e27-81da-5a82a7cd4c87",-29.096968,152.516216,2025-02-15 17:19:00,"PRESENT","iNaturalist Australia"
"410","1de81bcb-6e4d-487f-815b-fbd4a5830589","Acraea terpsicore","https://biodiversity.org.au/afd/taxa/ba632bea-a7b4-4b60-bf89-d63128cad841",-15.432198,128.129762,2025-08-03 10:45:00,"PRESENT","iNaturalist Australia"
"411","1df542cd-13ad-4353-862f-4ad55ea44345","Acraea andromacha","https://biodiversity.org.au/afd/taxa/86294130-ca0d-4e27-81da-5a82a7cd4c87",-16.720584,137.415632,2025-07-11 12:16:00,"PRESENT","iNaturalist Australia"
"412","1e0bc136-2108-443c-8013-ad1dec382d0b","Acraea andromacha","https://biodiversity.org.au/afd/taxa/86294130-ca0d-4e27-81da-5a82a7cd4c87",-27.823089,152.993128,2025-01-22 06:48:00,"PRESENT","iNaturalist Australia"
"413","1e14edf7-aa9a-4927-8c27-fc35c969d433","Acraea andromacha","https://biodiversity.org.au/afd/taxa/86294130-ca0d-4e27-81da-5a82a7cd4c87",-27.165783,152.95042,2025-01-27 12:09:00,"PRESENT","iNaturalist Australia"
"414","1e2519b4-b109-4cf8-874f-5c939ecb670e","Acraea terpsicore","https://biodiversity.org.au/afd/taxa/ba632bea-a7b4-4b60-bf89-d63128cad841",-17.06017,145.474377,2022-03-21 11:36:00,"PRESENT","iNaturalist Australia"
"415","1e2aaa51-ab12-4702-a266-9df623de1769","Acraea andromacha","https://biodiversity.org.au/afd/taxa/86294130-ca0d-4e27-81da-5a82a7cd4c87",-27.343835,153.093671,2023-04-23 12:06:28,"PRESENT","iNaturalist Australia"
"416","1e368358-3944-487a-890c-2757c9ebc13b","Acraea terpsicore","https://biodiversity.org.au/afd/taxa/ba632bea-a7b4-4b60-bf89-d63128cad841",-13.352662,141.720642,2025-03-03 18:04:43,"PRESENT","iNaturalist Australia"
"417","1e3c288c-d0a7-42d1-8287-562080b20555","Acraea andromacha","https://biodiversity.org.au/afd/taxa/86294130-ca0d-4e27-81da-5a82a7cd4c87",-21.146317,149.207567,2024-06-10 12:09:00,"PRESENT","iNaturalist Australia"
"418","1e4ba77e-43a5-4c4e-a8b0-816bb3a2d9e5","Acraea andromacha","https://biodiversity.org.au/afd/taxa/86294130-ca0d-4e27-81da-5a82a7cd4c87",-27.543962,152.857299,2022-09-30 10:01:00,"PRESENT","iNaturalist Australia"
"419","1e4f66d5-1268-491f-8ed9-4425ba5e73ad","Acraea andromacha","https://biodiversity.org.au/afd/taxa/86294130-ca0d-4e27-81da-5a82a7cd4c87",-27.350915,153.074585,2023-11-25 12:51:00,"PRESENT","iNaturalist Australia"
"420","1e50c17b-822f-4be6-ba6a-b6b05c150ba5","Acraea andromacha","https://biodiversity.org.au/afd/taxa/86294130-ca0d-4e27-81da-5a82a7cd4c87",-27.5,152.9,2023-04-02 03:12:00,"PRESENT","Earth Guardians Weekly Feed"
"421","1e59e4b8-aeb6-488f-9edf-3c8eeb2ed465","Acraea terpsicore","https://biodiversity.org.au/afd/taxa/ba632bea-a7b4-4b60-bf89-d63128cad841",-19.329631,146.745672,2024-06-03 12:04:00,"PRESENT","iNaturalist Australia"
"422","1e5d7096-ee49-4f12-96ee-e627fd8aa603","Afrohybanthus enneaspermus","https://id.biodiversity.org.au/taxon/apni/51448720",-18.17719,142.258297,2025-04-02 15:40:14,"PRESENT","iNaturalist Australia"
"423","1e6595fe-03e5-4f67-955b-a6598a87e256","Acraea andromacha","https://biodiversity.org.au/afd/taxa/86294130-ca0d-4e27-81da-5a82a7cd4c87",-27.518217,152.741725,2022-03-27 09:07:00,"PRESENT","iNaturalist Australia"
"424","1e6dd167-6873-41ec-879b-9f93eff256a5","Acraea andromacha","https://biodiversity.org.au/afd/taxa/86294130-ca0d-4e27-81da-5a82a7cd4c87",-33.636311,150.279732,2025-04-05 15:29:51,"PRESENT","iNaturalist Australia"
"425","1ea5a16a-1b24-4d78-ad3d-a9497f4b1e70","Acraea andromacha","https://biodiversity.org.au/afd/taxa/86294130-ca0d-4e27-81da-5a82a7cd4c87",-17.975116,122.344946,2025-04-25 12:34:00,"PRESENT","iNaturalist Australia"
"426","1eaa3ad2-c10d-4271-8a98-717799b6cd55","Acraea andromacha","https://biodiversity.org.au/afd/taxa/86294130-ca0d-4e27-81da-5a82a7cd4c87",-27.317071,153.065698,2024-01-16 12:07:50,"PRESENT","iNaturalist Australia"
"427","1eaf3630-0356-42a2-be05-2dcf2e810a60","Acraea andromacha","https://biodiversity.org.au/afd/taxa/86294130-ca0d-4e27-81da-5a82a7cd4c87",-32.225886,152.454854,2024-08-31 10:34:00,"PRESENT","iNaturalist Australia"
"428","1edf2aca-94d7-4157-ab37-030bf09c29cf","Acraea terpsicore","https://biodiversity.org.au/afd/taxa/ba632bea-a7b4-4b60-bf89-d63128cad841",-19.280461,146.733498,2023-11-04 14:02:00,"PRESENT","iNaturalist Australia"
"429","1efff39c-b52c-44dc-be7f-09885c753c0e","Afrohybanthus enneaspermus","https://id.biodiversity.org.au/taxon/apni/51448720",-12.438962,130.882664,2026-01-05 09:03:00,"PRESENT","iNaturalist Australia"
"430","1f0aeaa7-3057-4c17-99e7-991783cadb18","Acraea andromacha","https://biodiversity.org.au/afd/taxa/86294130-ca0d-4e27-81da-5a82a7cd4c87",-27.50575,153.07824,2022-03-19 01:13:00,"PRESENT","Butterflies Australia"
"431","1f2a4f0a-343b-4fcc-b42d-ed0e7ddefb24","Acraea andromacha","https://biodiversity.org.au/afd/taxa/86294130-ca0d-4e27-81da-5a82a7cd4c87",-32.226108,152.45468,2024-09-03 17:16:45,"PRESENT","iNaturalist Australia"
"432","1f30d73e-3f26-449f-832e-daf449e36b9b","Acraea andromacha","https://biodiversity.org.au/afd/taxa/86294130-ca0d-4e27-81da-5a82a7cd4c87",-28.558274,153.551274,2024-03-31 01:48:00,"PRESENT","NatureMapr"
"433","1f44da89-76d1-48ac-9ff7-a21746318979","Acraea andromacha","https://biodiversity.org.au/afd/taxa/86294130-ca0d-4e27-81da-5a82a7cd4c87",-27.528098,152.849456,2021-05-09 11:12:00,"PRESENT","Earth Guardians Weekly Feed"
"434","1f8a5071-4da1-4efe-be96-08ce7fd021b5","Acraea andromacha","https://biodiversity.org.au/afd/taxa/86294130-ca0d-4e27-81da-5a82a7cd4c87",-27.567786,151.939698,2025-01-18 05:25:12,"PRESENT","iNaturalist Australia"
"435","1f8d982b-6e6a-4d51-9cbc-8507859c5a1a","Acraea terpsicore","https://biodiversity.org.au/afd/taxa/ba632bea-a7b4-4b60-bf89-d63128cad841",-19.260175,146.809315,2025-06-28 15:06:00,"PRESENT","iNaturalist Australia"
"436","1f8ecd36-abbc-4d52-84c2-d1c4e742e989","Acraea andromacha","https://biodiversity.org.au/afd/taxa/86294130-ca0d-4e27-81da-5a82a7cd4c87",-27.534233,153.138917,2025-04-23 12:05:00,"PRESENT","iNaturalist Australia"
"437","1f92e658-b4b2-4730-9a07-ed73c5ef2845","Acraea andromacha","https://biodiversity.org.au/afd/taxa/86294130-ca0d-4e27-81da-5a82a7cd4c87",-27.529062,152.838713,2026-01-08 17:02:18,"PRESENT","iNaturalist Australia"
"438","1fa181e0-5e15-4268-b139-ca803b9d261b","Acraea andromacha","https://biodiversity.org.au/afd/taxa/86294130-ca0d-4e27-81da-5a82a7cd4c87",-28.156667,153.123031,2025-01-06 17:43:16,"PRESENT","iNaturalist Australia"
"439","1fc1f474-c40a-414b-9c2a-1bb20c1f0e37","Acraea terpsicore","https://biodiversity.org.au/afd/taxa/ba632bea-a7b4-4b60-bf89-d63128cad841",-28.066035,152.639794,2025-01-06,"PRESENT","iNaturalist Australia"
"440","1fc6b55d-0ded-4109-84b2-c4d609ae8d81","Acraea terpsicore","https://biodiversity.org.au/afd/taxa/ba632bea-a7b4-4b60-bf89-d63128cad841",-15.615188,131.130279,2024-08-12 02:28:00,"PRESENT","iNaturalist Australia"
"441","1fc7af4f-9654-485d-8213-1a8b40d3be50","Acraea terpsicore","https://biodiversity.org.au/afd/taxa/ba632bea-a7b4-4b60-bf89-d63128cad841",-19.257819,146.803961,2024-05-22 15:58:00,"PRESENT","iNaturalist Australia"
"442","1fd634ed-da0b-4191-bd3c-47d97b6c53c7","Acraea terpsicore","https://biodiversity.org.au/afd/taxa/ba632bea-a7b4-4b60-bf89-d63128cad841",-17.85683,145.44638,2023-06-12 15:27:00,"PRESENT","Butterflies Australia"
"443","1ff08a6f-9652-4ea3-9f76-082b9f598cab","Acraea andromacha","https://biodiversity.org.au/afd/taxa/86294130-ca0d-4e27-81da-5a82a7cd4c87",-18.95215,143.36375,2022-05-12,"PRESENT","Queensland Museum provider for OZCAM"
"444","1ff10b5f-50a1-4573-be19-6b63b78b466c","Acraea terpsicore","https://biodiversity.org.au/afd/taxa/ba632bea-a7b4-4b60-bf89-d63128cad841",-17.017253,145.752303,2024-02-11 16:54:21,"PRESENT","iNaturalist Australia"
"445","2035eebe-5186-4327-bfeb-c458b906c79b","Acraea andromacha","https://biodiversity.org.au/afd/taxa/86294130-ca0d-4e27-81da-5a82a7cd4c87",-27.261314,152.899999,2024-11-04 10:56:00,"PRESENT","iNaturalist Australia"
"446","203bb551-67d8-427c-8b89-e15734b37789","Acraea andromacha","https://biodiversity.org.au/afd/taxa/86294130-ca0d-4e27-81da-5a82a7cd4c87",-26.584931,151.806986,2022-02-18 22:00:00,"PRESENT","Butterflies Australia"
"447","204ec8c5-18b2-4285-ba85-000fd91f50fe","Afrohybanthus enneaspermus","https://id.biodiversity.org.au/taxon/apni/51448720",-16.7572,135.01534,2022-04-02,"PRESENT","Flora Atlas N.T."
"448","2051f7f4-b5b6-48e6-82f4-fa6f77e680c5","Acraea terpsicore","https://biodiversity.org.au/afd/taxa/ba632bea-a7b4-4b60-bf89-d63128cad841",-15.577218,135.427476,2023-08-03 11:29:00,"PRESENT","iNaturalist Australia"
"449","205d848e-eb69-459b-859c-2b89a70d5a39","Acraea andromacha","https://biodiversity.org.au/afd/taxa/86294130-ca0d-4e27-81da-5a82a7cd4c87",-19.5525,144.155,2022-11-22 14:45:00,"PRESENT","Butterflies Australia"
"450","2061c980-a640-4332-b138-cf31ec05455d","Acraea andromacha","https://biodiversity.org.au/afd/taxa/86294130-ca0d-4e27-81da-5a82a7cd4c87",-30.17816,153.190255,2024-12-01 16:24:00,"PRESENT","iNaturalist Australia"
"451","20670d21-bc24-433f-801b-f6be7dd09a31","Acraea andromacha","https://biodiversity.org.au/afd/taxa/afb7279d-cb44-4c89-be73-cf1e0a48cf46",-27.57833,151.98625,2022-10-31,"PRESENT","WildNet - Queensland Wildlife Data"
"452","2074b6fb-ed7c-4f9b-bb3f-a242f12d5efc","Acraea andromacha","https://biodiversity.org.au/afd/taxa/86294130-ca0d-4e27-81da-5a82a7cd4c87",-27.379636,153.031952,2023-09-26 13:17:00,"PRESENT","iNaturalist Australia"
"453","20af9a5f-e08f-413f-9f30-157aa700eb05","Acraea andromacha","https://biodiversity.org.au/afd/taxa/86294130-ca0d-4e27-81da-5a82a7cd4c87",-27.485871,152.954045,2026-01-01 15:52:00,"PRESENT","iNaturalist Australia"
"454","20c50768-0ad8-4c84-bed1-b397d11dd1b0","Acraea andromacha","https://biodiversity.org.au/afd/taxa/86294130-ca0d-4e27-81da-5a82a7cd4c87",-17.31256,145.58708,2021-04-11 13:32:00,"PRESENT","Butterflies Australia"
"455","20d00fe7-48a5-4188-91ec-3d3c9089a063","Acraea andromacha","https://biodiversity.org.au/afd/taxa/86294130-ca0d-4e27-81da-5a82a7cd4c87",-27.657908,151.526162,2023-01-12 10:07:00,"PRESENT","iNaturalist Australia"
"456","20ddd707-0934-4698-b570-16a70445d462","Acraea andromacha","https://biodiversity.org.au/afd/taxa/86294130-ca0d-4e27-81da-5a82a7cd4c87",-27.735914,152.76668,2022-04-17 13:10:59,"PRESENT","iNaturalist Australia"
"457","21058021-73b5-4c9e-91bc-c0e7f61eb90e","Acraea andromacha","https://biodiversity.org.au/afd/taxa/86294130-ca0d-4e27-81da-5a82a7cd4c87",-22.797551,149.440524,2022-09-16 08:11:41,"PRESENT","iNaturalist Australia"
"458","21242480-5708-44a1-b993-02ef353af6ec","Acraea andromacha","https://biodiversity.org.au/afd/taxa/86294130-ca0d-4e27-81da-5a82a7cd4c87",-27.854604,153.071427,2025-05-13 10:51:27,"PRESENT","iNaturalist Australia"
"459","2129c182-de13-4199-978c-59b7002c368d","Acraea terpsicore","https://biodiversity.org.au/afd/taxa/ba632bea-a7b4-4b60-bf89-d63128cad841",-27.48551,152.954116,2026-01-07 12:37:00,"PRESENT","iNaturalist Australia"
"460","213aefc6-768f-436e-b377-b2aacd109ecd","Acraea terpsicore","https://biodiversity.org.au/afd/taxa/ba632bea-a7b4-4b60-bf89-d63128cad841",-12.395908,130.931107,2023-06-05 11:46:00,"PRESENT","iNaturalist Australia"
"461","213ec40b-b342-45a8-a039-849369614571","Acraea terpsicore","https://biodiversity.org.au/afd/taxa/ba632bea-a7b4-4b60-bf89-d63128cad841",-17.038091,145.350049,2021-08-03 13:12:00,"PRESENT","iNaturalist Australia"
"462","2141fbe5-08d3-4fae-a32e-59d51d5c8c42","Acraea andromacha","https://biodiversity.org.au/afd/taxa/86294130-ca0d-4e27-81da-5a82a7cd4c87",-27.575047,152.873697,2024-05-17 15:16:00,"PRESENT","iNaturalist Australia"
"463","214d47c6-c9f2-4f30-9c88-07177343ebf5","Acraea terpsicore","https://biodiversity.org.au/afd/taxa/ba632bea-a7b4-4b60-bf89-d63128cad841",-26.866453,152.93187,2024-02-19 11:57:52,"PRESENT","iNaturalist Australia"
"464","21723c19-bcf3-49d0-9d7b-0cd08799da5e","Acraea terpsicore","https://biodiversity.org.au/afd/taxa/ba632bea-a7b4-4b60-bf89-d63128cad841",-17.44233,140.84395,2023-08-15 16:39:00,"PRESENT","Butterflies Australia"
"465","2177b845-cbb8-41a7-b018-8615ca8b8ccb","Acraea andromacha","https://biodiversity.org.au/afd/taxa/86294130-ca0d-4e27-81da-5a82a7cd4c87",-34.794198,150.364811,2024-03-16 13:22:00,"PRESENT","iNaturalist Australia"
"466","21812f38-f663-496d-91d1-d87b58774837","Acraea andromacha","https://biodiversity.org.au/afd/taxa/86294130-ca0d-4e27-81da-5a82a7cd4c87",-27.622862,153.159626,2022-04-12 23:38:00,"PRESENT","iNaturalist Australia"
"467","218baa1a-15ea-4a49-b9d6-036018b42e5f","Acraea andromacha","https://biodiversity.org.au/afd/taxa/86294130-ca0d-4e27-81da-5a82a7cd4c87",-25.790683,152.696587,2025-01-31 10:54:00,"PRESENT","iNaturalist Australia"
"468","218f0642-9988-489b-ab41-b4f256da0d73","Acraea andromacha","https://biodiversity.org.au/afd/taxa/86294130-ca0d-4e27-81da-5a82a7cd4c87",-18.201661,142.246293,2022-09-03 14:25:00,"PRESENT","iNaturalist Australia"
"469","21a88883-2577-437c-92a8-31d2c50f0bd0","Acraea andromacha","https://biodiversity.org.au/afd/taxa/86294130-ca0d-4e27-81da-5a82a7cd4c87",-19.56895,138.81176,2023-09-07 02:01:00,"PRESENT","Butterflies Australia"
"470","21bfd7be-20a4-4bbe-855d-41d91ccca303","Afrohybanthus enneaspermus","https://id.biodiversity.org.au/taxon/apni/51448720",-13.800382,136.67345,2021-06-18,"PRESENT","Flora Atlas N.T."
"471","21e63ec8-5eb7-4ec5-a999-4874104537a5","Acraea andromacha","https://biodiversity.org.au/afd/taxa/86294130-ca0d-4e27-81da-5a82a7cd4c87",-27.344291,153.098573,2024-04-19 14:49:21,"PRESENT","iNaturalist Australia"
"472","21e7555c-9446-4f10-a79c-7472e21c66d2","Acraea andromacha","https://biodiversity.org.au/afd/taxa/86294130-ca0d-4e27-81da-5a82a7cd4c87",-27.479297,152.856537,2021-07-11 12:56:00,"PRESENT","Earth Guardians Weekly Feed"
"473","21ea9256-8fd1-48c9-9727-845aebf3a35d","Adenia heterophylla","https://id.biodiversity.org.au/taxon/apni/51442112",-16.247763,145.31398,2022-12-27 11:43:00,"PRESENT","Earth Guardians Weekly Feed"
"474","2204c36f-1b93-429e-91bd-39364c294573","Acraea terpsicore","https://biodiversity.org.au/afd/taxa/ba632bea-a7b4-4b60-bf89-d63128cad841",-10.5963,142.3183,2023-06-05 00:45:00,"PRESENT","Butterflies Australia"
"475","220f663e-7411-40ee-9727-32ca8c07f062","Acraea terpsicore","https://biodiversity.org.au/afd/taxa/ba632bea-a7b4-4b60-bf89-d63128cad841",-19.243896,146.79496,2022-01-06 17:46:00,"PRESENT","iNaturalist Australia"
"476","22250d43-289c-4d18-a5f2-d6626073f394","Acraea andromacha","https://biodiversity.org.au/afd/taxa/86294130-ca0d-4e27-81da-5a82a7cd4c87",-30.109827,153.211507,2025-10-12 11:00:00,"PRESENT","iNaturalist Australia"
"477","223e75cd-12e7-479b-a658-bceaf82b9498","Acraea andromacha","https://biodiversity.org.au/afd/taxa/86294130-ca0d-4e27-81da-5a82a7cd4c87",-31.162676,151.85396,2023-03-24 12:36:00,"PRESENT","iNaturalist Australia"
"478","224188e9-cd9e-4711-bf61-ce670535abd7","Acraea andromacha","https://biodiversity.org.au/afd/taxa/86294130-ca0d-4e27-81da-5a82a7cd4c87",-18.380835,122.028988,2023-05-15 10:00:00,"PRESENT","iNaturalist Australia"
"479","2246888b-391a-4424-9d4c-f1f18f7ea375","Acraea andromacha","https://biodiversity.org.au/afd/taxa/86294130-ca0d-4e27-81da-5a82a7cd4c87",-14.452114,132.271515,2023-05-15 15:37:00,"PRESENT","iNaturalist Australia"
"480","224f4480-1eeb-4eea-aa5d-c92313d35c16","Acraea andromacha","https://biodiversity.org.au/afd/taxa/86294130-ca0d-4e27-81da-5a82a7cd4c87",-34.692639,150.157712,2024-03-23 13:58:50,"PRESENT","iNaturalist Australia"
"481","2254d322-cdb7-4821-b8b8-be5ee55b5b4e","Acraea andromacha","https://biodiversity.org.au/afd/taxa/86294130-ca0d-4e27-81da-5a82a7cd4c87",-27.261314,152.899999,2021-01-26 11:29:00,"PRESENT","iNaturalist Australia"
"482","225c9356-bb64-47bd-af38-a9320abecba0","Acraea terpsicore","https://biodiversity.org.au/afd/taxa/ba632bea-a7b4-4b60-bf89-d63128cad841",-19.40634,146.732031,2025-07-11 09:33:00,"PRESENT","iNaturalist Australia"
"483","22a48919-19e5-4030-9fe8-c4c9b94bee48","Acraea terpsicore","https://biodiversity.org.au/afd/taxa/ba632bea-a7b4-4b60-bf89-d63128cad841",-18.502675,122.083275,2025-03-31 06:57:58,"PRESENT","iNaturalist Australia"
"484","22abc03a-54ca-414b-b7b0-17679b3f5e67","Afrohybanthus enneaspermus","https://id.biodiversity.org.au/taxon/apni/51448720",-23.492987,150.476276,2023-12-16 09:09:48,"PRESENT","iNaturalist Australia"
"485","22b5659e-3919-4faf-844c-a18686dc1441","Acraea andromacha","https://biodiversity.org.au/afd/taxa/86294130-ca0d-4e27-81da-5a82a7cd4c87",-27.506726,153.122235,2025-08-25 14:16:00,"PRESENT","iNaturalist Australia"
"486","22d8a333-5286-4bbb-9459-1754a8dc1c3c","Acraea andromacha","https://biodiversity.org.au/afd/taxa/86294130-ca0d-4e27-81da-5a82a7cd4c87",-27.380141,153.039157,2023-03-04 11:01:00,"PRESENT","iNaturalist Australia"
"487","22da4396-a6a6-4e1c-bf15-5b954370e09f","Acraea andromacha","https://biodiversity.org.au/afd/taxa/86294130-ca0d-4e27-81da-5a82a7cd4c87",-19.169124,146.826964,2022-07-14 13:42:00,"PRESENT","iNaturalist Australia"
"488","230e2fcc-cf96-4fb5-b89b-14e1336f0d14","Acraea terpsicore","https://biodiversity.org.au/afd/taxa/ba632bea-a7b4-4b60-bf89-d63128cad841",-21.936431,146.285863,2022-03-23 10:14:10,"PRESENT","iNaturalist Australia"
"489","23374a83-fd50-43fe-a879-28cd8e10fbce","Acraea andromacha","https://biodiversity.org.au/afd/taxa/afb7279d-cb44-4c89-be73-cf1e0a48cf46",-27.25972,152.07184,2022-12-04,"PRESENT","WildNet - Queensland Wildlife Data"
"490","233e6c2b-91b2-4302-a36d-e491db1befd0","Acraea andromacha","https://biodiversity.org.au/afd/taxa/86294130-ca0d-4e27-81da-5a82a7cd4c87",-27.530478,153.036135,2024-04-12 09:42:00,"PRESENT","iNaturalist Australia"
"491","234e9101-89fb-44cc-a97f-6e3955685d3e","Acraea andromacha","https://biodiversity.org.au/afd/taxa/86294130-ca0d-4e27-81da-5a82a7cd4c87",-27.380271,153.00499,2024-09-06 15:01:00,"PRESENT","iNaturalist Australia"
"492","2354bda3-b4c7-4e84-b686-cca43fb09361","Acraea terpsicore","https://biodiversity.org.au/afd/taxa/ba632bea-a7b4-4b60-bf89-d63128cad841",-21.909449,149.463603,2022-01-04 09:47:00,"PRESENT","iNaturalist Australia"
"493","237067cb-aa33-4665-8218-5ae93606d6c4","Acraea andromacha","https://biodiversity.org.au/afd/taxa/86294130-ca0d-4e27-81da-5a82a7cd4c87",-28.8343,153.6043,2024-04-10 13:26:00,"PRESENT","iNaturalist Australia"
"494","2375a0d9-881a-46f5-a7e9-30e248f03404","Acraea andromacha","https://biodiversity.org.au/afd/taxa/86294130-ca0d-4e27-81da-5a82a7cd4c87",-29.491651,152.466711,2024-11-24 14:06:00,"PRESENT","iNaturalist Australia"
"495","2393ff9b-0d41-4bcd-be64-88c95c1a5202","Afrohybanthus enneaspermus","https://id.biodiversity.org.au/taxon/apni/51448720",-23.492842,150.481584,2025-02-27 06:47:52,"PRESENT","iNaturalist Australia"
"496","23c40e0a-d173-4cf5-8e6a-94297aaf8acf","Acraea andromacha","https://biodiversity.org.au/afd/taxa/86294130-ca0d-4e27-81da-5a82a7cd4c87",-30.356636,153.10753,2021-09-06 09:49:18,"PRESENT","iNaturalist Australia"
"497","23dc5fa7-6919-49cc-8e36-7f93d5e5c5ba","Acraea andromacha","https://biodiversity.org.au/afd/taxa/afb7279d-cb44-4c89-be73-cf1e0a48cf46",-27.65712,151.52485,2022-04-03,"PRESENT","WildNet - Queensland Wildlife Data"
"498","23eb2495-81b2-470a-b14b-5003629176dc","Acraea andromacha","https://biodiversity.org.au/afd/taxa/86294130-ca0d-4e27-81da-5a82a7cd4c87",-27.985281,152.621222,2022-03-12 13:24:00,"PRESENT","iNaturalist Australia"
"499","23ee3f4d-19d8-493c-a3b9-d345eac2154f","Acraea terpsicore","https://biodiversity.org.au/afd/taxa/ba632bea-a7b4-4b60-bf89-d63128cad841",-19.207633,146.741807,2021-08-29 13:56:00,"PRESENT","iNaturalist Australia"
"500","24117e2f-82ae-4601-9849-2eb1e3b24ab8","Acraea andromacha","https://biodiversity.org.au/afd/taxa/86294130-ca0d-4e27-81da-5a82a7cd4c87",-25.186567,149.971417,2024-08-14 13:46:00,"PRESENT","iNaturalist Australia"
"501","241cf899-9690-464f-9f34-8a1943eb70b6","Acraea andromacha","https://biodiversity.org.au/afd/taxa/86294130-ca0d-4e27-81da-5a82a7cd4c87",-27.912351,153.373008,2021-04-13 11:29:00,"PRESENT","iNaturalist Australia"
"502","24332ecc-e009-4404-b779-d6ae9b547081","Acraea andromacha","https://biodiversity.org.au/afd/taxa/86294130-ca0d-4e27-81da-5a82a7cd4c87",-27.736095,152.768806,2022-09-04 15:28:00,"PRESENT","iNaturalist Australia"
"503","2439d0e5-fc4e-467e-b67d-53dc7c85070e","Acraea andromacha","https://biodiversity.org.au/afd/taxa/86294130-ca0d-4e27-81da-5a82a7cd4c87",-27.380567,153.016684,2024-04-12 11:35:00,"PRESENT","iNaturalist Australia"
"504","243bb38e-9897-475d-ab82-9a2a419ffff2","Acraea andromacha","https://biodiversity.org.au/afd/taxa/86294130-ca0d-4e27-81da-5a82a7cd4c87",-23.892701,151.256441,2024-08-10 10:12:00,"PRESENT","iNaturalist Australia"
"505","244a24a1-b9e8-42bd-8c10-c962548eac1d","Acraea andromacha","https://biodiversity.org.au/afd/taxa/86294130-ca0d-4e27-81da-5a82a7cd4c87",-28.02887,153.312994,2024-04-13 09:04:00,"PRESENT","iNaturalist Australia"
"506","24559cca-e64d-40a5-be03-5178a532aa54","Acraea andromacha","https://biodiversity.org.au/afd/taxa/86294130-ca0d-4e27-81da-5a82a7cd4c87",-27.709026,152.912736,2025-09-21 09:27:11,"PRESENT","iNaturalist Australia"
"507","246a1ecf-fa9a-4228-bbf9-e1a0d803a0d6","Acraea terpsicore","https://biodiversity.org.au/afd/taxa/ba632bea-a7b4-4b60-bf89-d63128cad841",-17.313756,145.585965,2023-04-15 01:55:00,"PRESENT","Butterflies Australia"
"508","247501e1-26d4-4f27-9d7b-d62e1a455291","Acraea andromacha","https://biodiversity.org.au/afd/taxa/86294130-ca0d-4e27-81da-5a82a7cd4c87",-28.847572,151.904121,2024-03-15 10:34:40,"PRESENT","iNaturalist Australia"
"509","24824b17-ef6e-4eb2-ad57-c0e62964502b","Acraea andromacha","https://biodiversity.org.au/afd/taxa/86294130-ca0d-4e27-81da-5a82a7cd4c87",-29.397724,153.349899,2024-07-08 16:35:19,"PRESENT","iNaturalist Australia"
"510","248df9c9-fa4d-4173-b205-1f505eadee7c","Acraea andromacha","https://biodiversity.org.au/afd/taxa/86294130-ca0d-4e27-81da-5a82a7cd4c87",-27.698203,152.891266,2024-03-17 10:37:00,"PRESENT","iNaturalist Australia"
"511","24a4d06f-cb0b-4a18-9834-b230530ff93e","Acraea andromacha","https://biodiversity.org.au/afd/taxa/86294130-ca0d-4e27-81da-5a82a7cd4c87",-21.451911,121.02989,2024-06-07 16:09:00,"PRESENT","iNaturalist Australia"
"512","24b85653-5444-4783-92f1-92cdd4d781da","Acraea terpsicore","https://biodiversity.org.au/afd/taxa/ba632bea-a7b4-4b60-bf89-d63128cad841",-17.394609,123.991511,2023-09-12 07:38:00,"PRESENT","iNaturalist Australia"
"513","24be32ab-e786-4e42-b8cf-48f8d3e1af00","Acraea andromacha","https://biodiversity.org.au/afd/taxa/86294130-ca0d-4e27-81da-5a82a7cd4c87",-27.407405,152.894408,2024-03-20 11:02:05,"PRESENT","iNaturalist Australia"
"514","24c867ed-0b36-41f6-ac30-9b83bc90d081","Acraea andromacha","https://biodiversity.org.au/afd/taxa/86294130-ca0d-4e27-81da-5a82a7cd4c87",-27.818312,153.133117,2024-04-21 09:16:53,"PRESENT","iNaturalist Australia"
"515","24ca7f0a-7df9-4aa3-ad4f-ee9d95c95def","Acraea terpsicore","https://biodiversity.org.au/afd/taxa/ba632bea-a7b4-4b60-bf89-d63128cad841",-18.309023,143.783893,2022-04-09 10:06:19,"PRESENT","iNaturalist Australia"
"516","24dbdb8e-e3ca-4a3f-9a5f-13a442a70020","Acraea andromacha","https://biodiversity.org.au/afd/taxa/86294130-ca0d-4e27-81da-5a82a7cd4c87",-22.903635,149.493737,2021-03-05 12:14:00,"PRESENT","iNaturalist Australia"
"517","24e15751-fa6d-4f8c-907d-b76412b438cf","Acraea andromacha","https://biodiversity.org.au/afd/taxa/86294130-ca0d-4e27-81da-5a82a7cd4c87",-27.531052,152.899006,2024-12-29 18:23:41,"PRESENT","iNaturalist Australia"
"518","24eaa408-0756-41b3-9277-f1c6453a2cfe","Afrohybanthus enneaspermus","https://id.biodiversity.org.au/taxon/apni/51448720",-16.78248,133.46649,2022-02-18,"PRESENT","Flora Atlas N.T."
"519","24ef51ae-3c3d-4558-ac3e-c0fc707e6ab3","Acraea terpsicore","https://biodiversity.org.au/afd/taxa/ba632bea-a7b4-4b60-bf89-d63128cad841",-19.16524,146.848224,2024-08-06 15:22:00,"PRESENT","iNaturalist Australia"
"520","25076a32-dda2-474f-8307-6e0235e69844","Acraea terpsicore","https://biodiversity.org.au/afd/taxa/ba632bea-a7b4-4b60-bf89-d63128cad841",-17.85336,138.61942,2023-09-11 03:29:00,"PRESENT","Butterflies Australia"
"521","2528e211-bffa-489b-88df-9199b96b2d6e","Acraea terpsicore","https://biodiversity.org.au/afd/taxa/ba632bea-a7b4-4b60-bf89-d63128cad841",-18.211666,144.561523,2024-08-05 12:19:00,"PRESENT","iNaturalist Australia"
"522","2536688b-e389-4b01-bef5-ff0518c0fe78","Acraea andromacha","https://biodiversity.org.au/afd/taxa/86294130-ca0d-4e27-81da-5a82a7cd4c87",-26.97666,152.171717,2021-04-29 14:56:00,"PRESENT","iNaturalist Australia"
"523","25477257-ee8d-4bbe-9899-43a8482aaecc","Acraea terpsicore","https://biodiversity.org.au/afd/taxa/ba632bea-a7b4-4b60-bf89-d63128cad841",-17.87869,139.342915,2023-09-10 01:30:00,"PRESENT","Butterflies Australia"
"524","254d096a-e4c6-4ac0-b3cc-b42cd45907d6","Acraea andromacha","https://biodiversity.org.au/afd/taxa/86294130-ca0d-4e27-81da-5a82a7cd4c87",-28.807146,153.602827,2023-08-30 10:29:00,"PRESENT","iNaturalist Australia"
"525","255072d6-be2c-4c7e-96c6-3d881027769d","Acraea andromacha","https://biodiversity.org.au/afd/taxa/86294130-ca0d-4e27-81da-5a82a7cd4c87",-26.341202,152.328762,2024-03-18 12:26:00,"PRESENT","iNaturalist Australia"
"526","25641657-0e31-4ac3-81b3-16adef998200","Afrohybanthus enneaspermus","https://id.biodiversity.org.au/taxon/apni/51448720",-23.491718,150.478424,2025-02-09 06:23:20,"PRESENT","iNaturalist Australia"
"527","258fef63-921e-4f90-a48a-1e2284619836","Acraea andromacha","https://biodiversity.org.au/afd/taxa/86294130-ca0d-4e27-81da-5a82a7cd4c87",-27.625426,152.928697,2024-01-31 09:29:00,"PRESENT","iNaturalist Australia"
"528","25a977c0-4066-4e71-ab86-db8f99ce8c78","Acraea andromacha","https://biodiversity.org.au/afd/taxa/86294130-ca0d-4e27-81da-5a82a7cd4c87",-35.235655,149.038402,2024-03-28 13:42:32,"PRESENT","iNaturalist Australia"
"529","25d05fe9-7ce8-40dd-96cb-a76f8bd8fe85","Acraea terpsicore","https://biodiversity.org.au/afd/taxa/ba632bea-a7b4-4b60-bf89-d63128cad841",-15.460922,128.10183,2025-08-05 15:54:00,"PRESENT","iNaturalist Australia"
"530","25e2077f-8549-4537-88bd-bc14585429de","Acraea andromacha","https://biodiversity.org.au/afd/taxa/86294130-ca0d-4e27-81da-5a82a7cd4c87",-23.77229,151.331208,2024-07-12 10:13:00,"PRESENT","iNaturalist Australia"
"531","25e8f527-a821-4635-97bf-cba63113d3be","Acraea terpsicore","https://biodiversity.org.au/afd/taxa/ba632bea-a7b4-4b60-bf89-d63128cad841",-18.51,143.89,2023-03-28 10:47:00,"PRESENT","iNaturalist Australia"
"532","25ee2ecf-b778-4235-a94d-135504a8c71f","Acraea terpsicore","https://biodiversity.org.au/afd/taxa/ba632bea-a7b4-4b60-bf89-d63128cad841",-16.786808,145.690603,2021-10-05 09:03:00,"PRESENT","iNaturalist Australia"
"533","25fbe017-d67e-438e-8a92-5b0d3408086b","Acraea andromacha","https://biodiversity.org.au/afd/taxa/86294130-ca0d-4e27-81da-5a82a7cd4c87",-27.513969,153.116806,2023-04-02 12:42:47,"PRESENT","iNaturalist Australia"
"534","260e99c2-fc80-4297-90d0-f8d974c64ddf","Acraea andromacha","https://biodiversity.org.au/afd/taxa/86294130-ca0d-4e27-81da-5a82a7cd4c87",-26.679756,153.138344,2023-04-10 08:52:00,"PRESENT","iNaturalist Australia"
"535","261bf7a6-7456-48c7-9fae-749d0b072fa6","Acraea terpsicore","https://biodiversity.org.au/afd/taxa/ba632bea-a7b4-4b60-bf89-d63128cad841",-19.924932,147.848148,2021-09-30,"PRESENT","Butterflies Australia"
"536","26255c49-2b99-4e49-b71b-0cae5dca0abf","Acraea terpsicore","https://biodiversity.org.au/afd/taxa/ba632bea-a7b4-4b60-bf89-d63128cad841",-14.4,132.3,2021-01-13 19:02:00,"PRESENT","Earth Guardians Weekly Feed"
"537","2633252d-4d70-451d-9b98-539307df0818","Acraea andromacha","https://biodiversity.org.au/afd/taxa/86294130-ca0d-4e27-81da-5a82a7cd4c87",-27.492281,152.759787,2022-02-13 08:34:00,"PRESENT","iNaturalist Australia"
"538","263c3fed-a429-4e25-b37e-41fb0b697e45","Acraea andromacha","https://biodiversity.org.au/afd/taxa/86294130-ca0d-4e27-81da-5a82a7cd4c87",-23.968282,151.323566,2023-07-11 02:23:00,"PRESENT","iNaturalist Australia"
"539","2643469c-f031-480b-a350-04c3f9543921","Acraea andromacha","https://biodiversity.org.au/afd/taxa/86294130-ca0d-4e27-81da-5a82a7cd4c87",-27.771896,152.874226,2025-02-23 11:19:41,"PRESENT","iNaturalist Australia"
"540","2654b631-0517-4763-a0f2-f19f784c1228","Acraea andromacha","https://biodiversity.org.au/afd/taxa/86294130-ca0d-4e27-81da-5a82a7cd4c87",-23.490767,150.474705,2021-10-17 08:11:30,"PRESENT","iNaturalist Australia"
"541","2658a601-c093-4c86-ade3-19e4edafac27","Acraea andromacha","https://biodiversity.org.au/afd/taxa/86294130-ca0d-4e27-81da-5a82a7cd4c87",-27.534521,153.03676,2021-02-27 09:47:23,"PRESENT","iNaturalist Australia"
"542","2678ae62-1175-4696-a1d4-a5b2dd2b8439","Acraea andromacha","https://biodiversity.org.au/afd/taxa/86294130-ca0d-4e27-81da-5a82a7cd4c87",-28.056559,152.632447,2025-01-23 12:23:00,"PRESENT","iNaturalist Australia"
"543","2688a061-c047-41c1-93e5-b7848940277a","Acraea andromacha","https://biodiversity.org.au/afd/taxa/86294130-ca0d-4e27-81da-5a82a7cd4c87",-17.977342,122.17998,2023-04-30 13:43:00,"PRESENT","iNaturalist Australia"
"544","26a937e4-21a7-425c-a038-8de9d4cad610","Acraea andromacha","https://biodiversity.org.au/afd/taxa/afb7279d-cb44-4c89-be73-cf1e0a48cf46",-27.11625,151.81817,2022-11-06,"PRESENT","WildNet - Queensland Wildlife Data"
"545","26b74a01-1ae1-4d54-ad9e-adb6c2c894d9","Acraea terpsicore","https://biodiversity.org.au/afd/taxa/ba632bea-a7b4-4b60-bf89-d63128cad841",-19.259962,146.808747,2025-05-04 11:56:05,"PRESENT","iNaturalist Australia"
"546","26e4f8c8-0331-4bdc-89ed-75db117b67f8","Acraea terpsicore","https://biodiversity.org.au/afd/taxa/ba632bea-a7b4-4b60-bf89-d63128cad841",-19.17375,146.834125,2021-04-27 08:00:19,"PRESENT","iNaturalist Australia"
"547","2719b307-1f93-4c09-9843-4e746c5439e7","Acraea terpsicore","https://biodiversity.org.au/afd/taxa/ba632bea-a7b4-4b60-bf89-d63128cad841",-16.451973,123.009145,2022-09-07 09:06:00,"PRESENT","iNaturalist Australia"
"548","272c0928-8b2a-476f-ae33-ee3f5dd18d02","Acraea andromacha","https://biodiversity.org.au/afd/taxa/86294130-ca0d-4e27-81da-5a82a7cd4c87",-24.849161,152.47691,2024-10-13 08:21:00,"PRESENT","iNaturalist Australia"
"549","275d2b9a-9311-42d8-8dfc-7b64fcf7888a","Acraea terpsicore","https://biodiversity.org.au/afd/taxa/ba632bea-a7b4-4b60-bf89-d63128cad841",-19.222857,146.756771,2022-05-22 09:57:00,"PRESENT","iNaturalist Australia"
"550","27663cbc-017c-48e1-aece-3f1522facd99","Afrohybanthus enneaspermus","https://id.biodiversity.org.au/taxon/apni/51448720",-15.348382,130.278794,2023-11-29 06:36:27,"PRESENT","iNaturalist Australia"
"551","277305c5-9405-4352-9147-0e62a4dd103d","Acraea andromacha","https://biodiversity.org.au/afd/taxa/86294130-ca0d-4e27-81da-5a82a7cd4c87",-15.953871,128.034303,2024-06-25 09:00:47,"PRESENT","iNaturalist Australia"
"552","27823e3f-3fdd-4ed8-acfc-0841d0034118","Acraea andromacha","https://biodiversity.org.au/afd/taxa/86294130-ca0d-4e27-81da-5a82a7cd4c87",-35.453653,149.108493,2022-03-11 04:30:00,"PRESENT","NatureMapr"
"553","27956135-6c77-43bb-bc06-159d302d2171","Acraea andromacha","https://biodiversity.org.au/afd/taxa/86294130-ca0d-4e27-81da-5a82a7cd4c87",-28.201682,151.660172,2025-10-01 09:00:00,"PRESENT","iNaturalist Australia"
"554","279ebe90-e868-4308-aa33-99ac365ec98b","Acraea andromacha","https://biodiversity.org.au/afd/taxa/86294130-ca0d-4e27-81da-5a82a7cd4c87",-27.238578,152.810426,2025-11-25 15:03:00,"PRESENT","iNaturalist Australia"
"555","27baf7f1-1ff9-4526-9293-bf41c1b85898","Acraea andromacha","https://biodiversity.org.au/afd/taxa/86294130-ca0d-4e27-81da-5a82a7cd4c87",-27.5,153,2023-03-10 01:47:00,"PRESENT","Earth Guardians Weekly Feed"
"556","27c4d452-1a6c-4210-aac1-e58cca6070aa","Acraea andromacha","https://biodiversity.org.au/afd/taxa/86294130-ca0d-4e27-81da-5a82a7cd4c87",-28.664983,152.131408,2025-03-29 09:05:43,"PRESENT","iNaturalist Australia"
"557","27cdb5d4-c3cb-4a2e-ab9c-40a8b9caccaa","Acraea terpsicore","https://biodiversity.org.au/afd/taxa/ba632bea-a7b4-4b60-bf89-d63128cad841",-27.3375,153.07778,2021-02-28 10:54:00,"PRESENT","Butterflies Australia"
"558","27e3b17a-eb3c-4914-9731-61300af702d8","Acraea andromacha","https://biodiversity.org.au/afd/taxa/86294130-ca0d-4e27-81da-5a82a7cd4c87",-27.7,152.8,2023-05-18 22:57:00,"PRESENT","Earth Guardians Weekly Feed"
"559","28116d11-be4f-4c6a-bf2d-817cf73b1640","Acraea terpsicore","https://biodiversity.org.au/afd/taxa/ba632bea-a7b4-4b60-bf89-d63128cad841",-16.068357,136.30497,2023-06-17 10:30:00,"PRESENT","iNaturalist Australia"
"560","28176ad0-49ee-4315-86bb-ecedb08a3a2c","Afrohybanthus enneaspermus","https://id.biodiversity.org.au/taxon/apni/51448720",-16.45664,134.26234,2022-02-21,"PRESENT","Flora Atlas N.T."
"561","281ee558-9b64-444a-991f-54e7abda38af","Acraea terpsicore","https://biodiversity.org.au/afd/taxa/ba632bea-a7b4-4b60-bf89-d63128cad841",-18.72661,143.46073,2025-05-19 10:06:00,"PRESENT","iNaturalist Australia"
"562","28305be7-12ca-4c86-9471-f0fd8321d0d6","Acraea terpsicore","https://biodiversity.org.au/afd/taxa/ba632bea-a7b4-4b60-bf89-d63128cad841",-19.187723,146.770839,2024-07-26 13:03:00,"PRESENT","iNaturalist Australia"
"563","283c41c5-96d3-40cd-b217-8ccba98b807a","Afrohybanthus enneaspermus","https://id.biodiversity.org.au/taxon/apni/51448720",-23.493317,150.474997,2023-01-20 09:13:52,"PRESENT","iNaturalist Australia"
"564","2842c59e-cfae-4c7a-8c97-d5496f73e0ce","Acraea andromacha","https://biodiversity.org.au/afd/taxa/86294130-ca0d-4e27-81da-5a82a7cd4c87",-30.109441,153.210629,2025-05-26 13:33:00,"PRESENT","iNaturalist Australia"
"565","284c8dac-0f47-4cba-8524-7ca6aacb81b9","Afrohybanthus enneaspermus","https://id.biodiversity.org.au/taxon/apni/51448720",-16.724722,134.919444,2021-05-12,"PRESENT","Northern Territory Herbarium (DNA) AVH data"
"566","28a75c36-3121-4ae9-b345-46d04beb2399","Acraea andromacha","https://biodiversity.org.au/afd/taxa/86294130-ca0d-4e27-81da-5a82a7cd4c87",-27.692698,152.879962,2022-08-16 20:34:00,"PRESENT","iNaturalist Australia"
"567","28b1300d-940a-4230-8ac9-3aa0abc150f4","Acraea andromacha","https://biodiversity.org.au/afd/taxa/86294130-ca0d-4e27-81da-5a82a7cd4c87",-17.31238,145.58726,2022-11-18 00:45:00,"PRESENT","Butterflies Australia"
"568","28b2e586-2c9a-4e45-9ded-36268258989c","Acraea terpsicore","https://biodiversity.org.au/afd/taxa/ba632bea-a7b4-4b60-bf89-d63128cad841",-19.2705,146.7241,2025-08-02 14:32:00,"PRESENT","iNaturalist Australia"
"569","28cc206b-e355-4651-90a8-644af4aa0995","Afrohybanthus enneaspermus","https://id.biodiversity.org.au/taxon/apni/51448720",-23.492738,150.480839,2025-03-15 06:37:56,"PRESENT","iNaturalist Australia"
"570","28de3e47-4ef2-47ba-8d4e-bd7a93f9a42e","Acraea andromacha","https://biodiversity.org.au/afd/taxa/86294130-ca0d-4e27-81da-5a82a7cd4c87",-27.550172,152.798347,2023-12-28 08:57:20,"PRESENT","iNaturalist Australia"
"571","28ef9a30-e0aa-45c8-a549-ce409dda5b70","Acraea andromacha","https://biodiversity.org.au/afd/taxa/86294130-ca0d-4e27-81da-5a82a7cd4c87",-27.296415,152.226371,2021-04-10 09:18:35,"PRESENT","iNaturalist Australia"
"572","28f2458c-6a49-49be-a04b-c143d7ac1351","Acraea andromacha","https://biodiversity.org.au/afd/taxa/86294130-ca0d-4e27-81da-5a82a7cd4c87",-27.571513,152.784174,2025-08-11 15:43:36,"PRESENT","iNaturalist Australia"
"573","28f321bd-f4bf-4720-af40-e152384ff7b0","Afrohybanthus enneaspermus","https://id.biodiversity.org.au/taxon/apni/51448720",-23.493304,150.474989,2023-01-20 09:12:56,"PRESENT","iNaturalist Australia"
"574","291092e8-28ef-44b8-8c6e-c12e6e1f610c","Acraea terpsicore","https://biodiversity.org.au/afd/taxa/ba632bea-a7b4-4b60-bf89-d63128cad841",-15.975397,144.828838,2022-06-24 11:02:00,"PRESENT","iNaturalist Australia"
"575","294e5cc8-311a-4964-8912-e556572a347e","Acraea andromacha","https://biodiversity.org.au/afd/taxa/86294130-ca0d-4e27-81da-5a82a7cd4c87",-27.509218,153.122142,2024-05-06 08:44:49,"PRESENT","iNaturalist Australia"
"576","2956700a-b06f-46a4-91ea-0b234403c195","Acraea terpsicore","https://biodiversity.org.au/afd/taxa/ba632bea-a7b4-4b60-bf89-d63128cad841",-19.233528,146.78333,2021-12-10 16:34:00,"PRESENT","iNaturalist Australia"
"577","29631d0d-5edf-4f8f-9f1f-174bf76aec3d","Acraea terpsicore","https://biodiversity.org.au/afd/taxa/ba632bea-a7b4-4b60-bf89-d63128cad841",-19.118487,146.856165,2025-06-27 15:44:00,"PRESENT","iNaturalist Australia"
"578","296d8dfd-5650-4eb2-b97e-190c2654569f","Acraea terpsicore","https://biodiversity.org.au/afd/taxa/ba632bea-a7b4-4b60-bf89-d63128cad841",-19.210829,146.510833,2021-01-26 11:59:09,"PRESENT","iNaturalist Australia"
"579","29887d3e-b69a-4bed-9f9c-0b7d4f012055","Acraea andromacha","https://biodiversity.org.au/afd/taxa/86294130-ca0d-4e27-81da-5a82a7cd4c87",-27.395288,151.472388,2024-04-09 10:20:00,"PRESENT","iNaturalist Australia"
"580","298c6848-394d-4375-a877-d41a8864c0c4","Acraea andromacha","https://biodiversity.org.au/afd/taxa/86294130-ca0d-4e27-81da-5a82a7cd4c87",-27.212722,149.631773,2024-03-31 08:03:00,"PRESENT","iNaturalist Australia"
"581","29912f45-d2a5-4b55-aaad-c85a185d3e19","Acraea andromacha","https://biodiversity.org.au/afd/taxa/86294130-ca0d-4e27-81da-5a82a7cd4c87",-32.225715,152.455035,2025-01-11 10:55:00,"PRESENT","iNaturalist Australia"
"582","299af95f-3f80-424f-9e0b-30f64356f351","Acraea andromacha","https://biodiversity.org.au/afd/taxa/86294130-ca0d-4e27-81da-5a82a7cd4c87",-28.172528,153.067806,2025-03-22 10:38:00,"PRESENT","iNaturalist Australia"
"583","29c302a1-fbdd-4c5a-b729-699a49acb333","Acraea andromacha","https://biodiversity.org.au/afd/taxa/86294130-ca0d-4e27-81da-5a82a7cd4c87",-32.22608,152.454497,2024-01-29 09:10:49,"PRESENT","iNaturalist Australia"
"584","29d86323-ff31-44b2-b0e0-c661e8e89f02","Acraea andromacha","https://biodiversity.org.au/afd/taxa/86294130-ca0d-4e27-81da-5a82a7cd4c87",-30.110502,153.211714,2024-03-30 09:32:00,"PRESENT","iNaturalist Australia"
"585","29dbdd64-f30f-468e-a71f-404276606e60","Acraea andromacha","https://biodiversity.org.au/afd/taxa/86294130-ca0d-4e27-81da-5a82a7cd4c87",-27.651748,152.903068,2024-05-11 09:04:00,"PRESENT","iNaturalist Australia"
"586","29ed5fc5-7ef7-45de-a794-166471d32a6c","Acraea andromacha","https://biodiversity.org.au/afd/taxa/86294130-ca0d-4e27-81da-5a82a7cd4c87",-30.35664,153.10443,2022-05-28 15:30:00,"PRESENT","Butterflies Australia"
"587","2a359ad4-00b0-4096-a07c-aa5f68570e64","Acraea terpsicore","https://biodiversity.org.au/afd/taxa/ba632bea-a7b4-4b60-bf89-d63128cad841",-27.485709,152.951443,2022-03-05 14:44:00,"PRESENT","iNaturalist Australia"
"588","2a687407-311a-4973-81fb-1a0d1c2e05b3","Acraea terpsicore","https://biodiversity.org.au/afd/taxa/ba632bea-a7b4-4b60-bf89-d63128cad841",-26.382753,152.56955,2024-03-03 13:16:58,"PRESENT","iNaturalist Australia"
"589","2a691bf6-6cb7-4330-bb58-814bc323d2cb","Acraea andromacha","https://biodiversity.org.au/afd/taxa/afb7279d-cb44-4c89-be73-cf1e0a48cf46",-27.58101,151.97402,2022-11-01,"PRESENT","WildNet - Queensland Wildlife Data"
"590","2aac8c78-fa9d-46b1-9818-8706eba0ce61","Acraea andromacha","https://biodiversity.org.au/afd/taxa/86294130-ca0d-4e27-81da-5a82a7cd4c87",-27.655298,153.027426,2025-04-11 08:54:00,"PRESENT","iNaturalist Australia"
"591","2acb51c2-e2bd-40cd-8bf3-12e849ce7c8f","Afrohybanthus enneaspermus","https://id.biodiversity.org.au/taxon/apni/51448720",-16.833333,135.375,2022-03-30,"PRESENT","Flora Atlas N.T."
"592","2ad81eed-256f-4b95-bb69-a3cef40c2547","Afrohybanthus enneaspermus","https://id.biodiversity.org.au/taxon/apni/51448720",-15.25048,132.67102,2022-03-29,"PRESENT","Flora Atlas N.T."
"593","2adb4ef2-8e31-4686-b1dd-3e01147fdc32","Acraea andromacha","https://biodiversity.org.au/afd/taxa/86294130-ca0d-4e27-81da-5a82a7cd4c87",-27.7181,152.8789,2023-01-25 15:45:00,"PRESENT","Butterflies Australia"
"594","2aea9f8d-be51-48de-bcee-99c60e153614","Acraea andromacha","https://biodiversity.org.au/afd/taxa/86294130-ca0d-4e27-81da-5a82a7cd4c87",-27.924446,153.283908,2024-10-14 15:53:00,"PRESENT","iNaturalist Australia"
"595","2af58e62-855a-437c-b4dc-1170d765061f","Afrohybanthus enneaspermus","https://id.biodiversity.org.au/taxon/apni/51448720",-24.169278,150.504194,2024-01-17,"PRESENT","BRI AVH Data and Images"
"596","2af76fed-5882-4b01-b2c9-ba5541f6dffb","Acraea andromacha","https://biodiversity.org.au/afd/taxa/86294130-ca0d-4e27-81da-5a82a7cd4c87",-27.81466,152.157304,2024-09-08 14:12:27,"PRESENT","iNaturalist Australia"
"597","2afb7dcb-e026-42fe-8247-d666efeca23d","Acraea andromacha","https://biodiversity.org.au/afd/taxa/86294130-ca0d-4e27-81da-5a82a7cd4c87",-28.257918,153.401596,2021-02-28 11:49:00,"PRESENT","iNaturalist Australia"
"598","2b253705-8cc4-4e13-808d-6cb6459872cf","Acraea terpsicore","https://biodiversity.org.au/afd/taxa/ba632bea-a7b4-4b60-bf89-d63128cad841",-17.976475,122.346368,2023-07-04 18:36:00,"PRESENT","iNaturalist Australia"
"599","2b28cb46-e903-43eb-aebf-91bb5885beaf","Acraea terpsicore","https://biodiversity.org.au/afd/taxa/ba632bea-a7b4-4b60-bf89-d63128cad841",-25.233771,152.944123,2025-02-20 14:28:15,"PRESENT","iNaturalist Australia"
"600","2b2fe888-31f8-429c-bec0-967081a02d76","Acraea andromacha","https://biodiversity.org.au/afd/taxa/86294130-ca0d-4e27-81da-5a82a7cd4c87",-27.655502,152.904552,2024-05-11 10:49:00,"PRESENT","iNaturalist Australia"
"601","2b92ba6a-5a76-4876-b614-784ec91a2196","Acraea andromacha","https://biodiversity.org.au/afd/taxa/86294130-ca0d-4e27-81da-5a82a7cd4c87",-28.316833,153.571717,2024-04-26 08:49:00,"PRESENT","iNaturalist Australia"
"602","2b93bba2-2401-41b8-927a-aad8b37607b5","Adenia heterophylla","https://id.biodiversity.org.au/node/apni/2909919",-16.831305,145.7052,2023-04-04 13:59:00,"PRESENT","iNaturalist Australia"
"603","2b9973ca-7fc7-4d9d-a8e3-076a4d8ee20f","Acraea andromacha","https://biodiversity.org.au/afd/taxa/86294130-ca0d-4e27-81da-5a82a7cd4c87",-25.071473,148.267267,2025-09-22 20:23:00,"PRESENT","iNaturalist Australia"
"604","2b9c46d8-995e-4c3a-9d5f-8aca32e33678","Acraea terpsicore","https://biodiversity.org.au/afd/taxa/ba632bea-a7b4-4b60-bf89-d63128cad841",-22.47605,143.1828,2022-09-25 02:15:00,"PRESENT","Butterflies Australia"
"605","2b9f4eb4-2b2a-4fa4-8e6e-0e6d97488e58","Acraea terpsicore","https://biodiversity.org.au/afd/taxa/ba632bea-a7b4-4b60-bf89-d63128cad841",-28.492967,153.550675,2022-02-07 10:23:47,"PRESENT","iNaturalist Australia"
"606","2bb014f4-e33f-42f9-b280-9e0a8ca33122","Afrohybanthus enneaspermus","https://id.biodiversity.org.au/taxon/apni/51448720",-24.675844,149.630363,2025-04-08 11:08:41,"PRESENT","iNaturalist Australia"
"607","2bbc15c8-e884-4a75-9532-dbee1addb926","Acraea terpsicore","https://biodiversity.org.au/afd/taxa/ba632bea-a7b4-4b60-bf89-d63128cad841",-23.41751,146.41666,2021-08-26 11:11:00,"PRESENT","iNaturalist Australia"
"608","2bc380be-f95a-432f-ac16-c7fdb4a76b4b","Acraea andromacha","https://biodiversity.org.au/afd/taxa/86294130-ca0d-4e27-81da-5a82a7cd4c87",-30.006,152.6624,2025-05-07 12:47:00,"PRESENT","iNaturalist Australia"
"609","2bc67e6a-7132-4c68-84fc-618746c0a57c","Acraea andromacha","https://biodiversity.org.au/afd/taxa/86294130-ca0d-4e27-81da-5a82a7cd4c87",-27.526753,152.736531,2026-01-11 07:46:00,"PRESENT","iNaturalist Australia"
"610","2bda3df5-7eb8-4a45-a44e-576a003875a9","Acraea terpsicore","https://biodiversity.org.au/afd/taxa/ba632bea-a7b4-4b60-bf89-d63128cad841",-17.599452,146.121318,2024-02-25 12:15:13,"PRESENT","iNaturalist Australia"
"611","2be62968-d0c8-438a-b34d-7ef299467970","Acraea terpsicore","https://biodiversity.org.au/afd/taxa/ba632bea-a7b4-4b60-bf89-d63128cad841",-12.349239,130.898633,2024-07-07 10:21:00,"PRESENT","iNaturalist Australia"
"612","2be76c38-5f4c-4353-81de-05dfc05e47b8","Acraea terpsicore","https://biodiversity.org.au/afd/taxa/ba632bea-a7b4-4b60-bf89-d63128cad841",-17.335703,144.946528,2023-04-28 10:07:00,"PRESENT","iNaturalist Australia"
"613","2c32a591-075c-47f6-bc6f-39c4464e3f7d","Acraea andromacha","https://biodiversity.org.au/afd/taxa/86294130-ca0d-4e27-81da-5a82a7cd4c87",-27.950963,153.187563,2025-02-06 12:06:00,"PRESENT","iNaturalist Australia"
"614","2c4801d4-8454-4399-8e95-0353ca4ae4b8","Acraea andromacha","https://biodiversity.org.au/afd/taxa/86294130-ca0d-4e27-81da-5a82a7cd4c87",-27.736445,152.769107,2023-11-15 07:00:00,"PRESENT","iNaturalist Australia"
"615","2c788068-619c-4a5c-81a1-957fa18261b9","Afrohybanthus enneaspermus","https://id.biodiversity.org.au/taxon/apni/51448720",-12.254156,136.88616,2022-07-07 10:21:15,"PRESENT","iNaturalist Australia"
"616","2c7ec1d9-f333-44da-9e83-c3e13245b60e","Acraea andromacha","https://biodiversity.org.au/afd/taxa/86294130-ca0d-4e27-81da-5a82a7cd4c87",-17.295919,145.477996,2021-08-04 11:16:00,"PRESENT","iNaturalist Australia"
"617","2c8c30ee-ad90-4f11-80ce-e7ee6f7c977a","Acraea terpsicore","https://biodiversity.org.au/afd/taxa/ba632bea-a7b4-4b60-bf89-d63128cad841",-11.758633,130.640622,2025-04-03 17:15:00,"PRESENT","iNaturalist Australia"
"618","2c956339-579a-404f-8f39-ee2fe4069e70","Acraea andromacha","https://biodiversity.org.au/afd/taxa/86294130-ca0d-4e27-81da-5a82a7cd4c87",-27.620012,151.945249,2023-02-15 09:09:00,"PRESENT","iNaturalist Australia"
"619","2caa513c-c4d3-45ca-b0db-5669befdab3b","Acraea andromacha","https://biodiversity.org.au/afd/taxa/86294130-ca0d-4e27-81da-5a82a7cd4c87",-30.467272,152.851694,2024-04-27 14:00:25,"PRESENT","iNaturalist Australia"
"620","2cb1e9ee-4c2d-479d-82c5-15d34ef1ae4e","Acraea andromacha","https://biodiversity.org.au/afd/taxa/86294130-ca0d-4e27-81da-5a82a7cd4c87",-24.934448,148.243704,2022-10-02 16:12:00,"PRESENT","iNaturalist Australia"
"621","2cf4261b-2f1f-4008-99de-3712a3ccc3b4","Acraea andromacha","https://biodiversity.org.au/afd/taxa/86294130-ca0d-4e27-81da-5a82a7cd4c87",-27.54692,152.96478,2022-11-28 06:23:00,"PRESENT","Butterflies Australia"
"622","2d144e86-323e-4310-a282-93d48148c4c7","Acraea terpsicore","https://biodiversity.org.au/afd/taxa/ba632bea-a7b4-4b60-bf89-d63128cad841",-16.478448,145.462162,2024-07-17 13:42:00,"PRESENT","iNaturalist Australia"
"623","2d1e49d1-5623-4db2-b60f-a77c17d3ea49","Acraea andromacha","https://biodiversity.org.au/afd/taxa/86294130-ca0d-4e27-81da-5a82a7cd4c87",-27.916656,152.351914,2025-02-22 12:10:00,"PRESENT","iNaturalist Australia"
"624","2d60c715-d7ff-476a-a86c-638d3c1860bd","Acraea andromacha","https://biodiversity.org.au/afd/taxa/86294130-ca0d-4e27-81da-5a82a7cd4c87",-30.401284,152.347395,2025-02-13 13:26:39,"PRESENT","iNaturalist Australia"
"625","2d67bff8-a668-439e-b42d-c4d99b445dc9","Acraea andromacha","https://biodiversity.org.au/afd/taxa/86294130-ca0d-4e27-81da-5a82a7cd4c87",-27.542185,153.073305,2022-12-03 11:15:00,"PRESENT","iNaturalist Australia"
"626","2d6afed2-8799-48f4-acaf-6da42eb8de65","Acraea andromacha","https://biodiversity.org.au/afd/taxa/86294130-ca0d-4e27-81da-5a82a7cd4c87",-24.9916,148.6862,2022-10-11 23:30:00,"PRESENT","Butterflies Australia"
"627","2d745ec6-2efe-45dc-b44a-0030a451738e","Acraea andromacha","https://biodiversity.org.au/afd/taxa/86294130-ca0d-4e27-81da-5a82a7cd4c87",-27.7172,152.462982,2025-03-20 11:04:00,"PRESENT","iNaturalist Australia"
"628","2d7afc0e-9d2a-4c09-81a1-0ce1ffae55da","Acraea terpsicore","https://biodiversity.org.au/afd/taxa/ba632bea-a7b4-4b60-bf89-d63128cad841",-16.9,145.8,2022-04-03 10:49:00,"PRESENT","Earth Guardians Weekly Feed"
"629","2d7b63cf-3d39-4b9c-81b5-b78592508d9c","Acraea terpsicore","https://biodiversity.org.au/afd/taxa/ba632bea-a7b4-4b60-bf89-d63128cad841",-19.194371,146.765669,2021-12-28 11:41:00,"PRESENT","iNaturalist Australia"
"630","2d9db839-3970-4fad-ba68-0b260df44ab0","Afrohybanthus enneaspermus","https://id.biodiversity.org.au/taxon/apni/51448720",-23.494616,150.476305,2025-02-21 07:30:37,"PRESENT","iNaturalist Australia"
"631","2da777f4-539b-418f-861c-26387533a544","Acraea andromacha","https://biodiversity.org.au/afd/taxa/86294130-ca0d-4e27-81da-5a82a7cd4c87",-27.422575,153.167,2022-03-24 07:32:00,"PRESENT","iNaturalist Australia"
"632","2dbc4189-761d-4169-b994-513f4d8878d7","Adenia heterophylla","https://id.biodiversity.org.au/node/apni/2909919",-15.490208,145.274812,2024-05-10 12:04:32,"PRESENT","iNaturalist Australia"
"633","2ddc4377-9f1b-4be1-b0e0-0c76ef4c436c","Acraea andromacha","https://biodiversity.org.au/afd/taxa/86294130-ca0d-4e27-81da-5a82a7cd4c87",-27.276521,153.026731,2024-03-30 09:33:00,"PRESENT","iNaturalist Australia"
"634","2e00c563-7833-448f-97bb-c85b0626817e","Acraea terpsicore","https://biodiversity.org.au/afd/taxa/ba632bea-a7b4-4b60-bf89-d63128cad841",-18.201661,142.246293,2022-09-03 08:12:00,"PRESENT","iNaturalist Australia"
"635","2e18f787-8034-47f7-a405-a0568a5c3973","Acraea terpsicore","https://biodiversity.org.au/afd/taxa/ba632bea-a7b4-4b60-bf89-d63128cad841",-17.6629,141.09126,2023-08-18 00:48:00,"PRESENT","Butterflies Australia"
"636","2e1c62e5-9a56-4a0a-8581-92c21d6782c1","Acraea andromacha","https://biodiversity.org.au/afd/taxa/86294130-ca0d-4e27-81da-5a82a7cd4c87",-28.093139,151.438,2024-02-13 13:44:00,"PRESENT","iNaturalist Australia"
"637","2e24cad9-da04-4134-9bac-9cc53c9aadee","Acraea terpsicore","https://biodiversity.org.au/afd/taxa/ba632bea-a7b4-4b60-bf89-d63128cad841",-19.207633,146.741807,2021-05-16 15:30:00,"PRESENT","iNaturalist Australia"
"638","2e32d8d6-74a4-4045-ba6e-d66903083068","Acraea terpsicore","https://biodiversity.org.au/afd/taxa/ba632bea-a7b4-4b60-bf89-d63128cad841",-17.41457,128.305083,2025-06-22 10:33:26,"PRESENT","iNaturalist Australia"
"639","2e3ba2f4-7903-4c4c-9352-9be6249187e7","Acraea terpsicore","https://biodiversity.org.au/afd/taxa/ba632bea-a7b4-4b60-bf89-d63128cad841",-19.207633,146.741807,2023-07-08 09:11:51,"PRESENT","iNaturalist Australia"
"640","2e450972-ed44-4093-89e5-08f142fe1ae3","Acraea andromacha","https://biodiversity.org.au/afd/taxa/86294130-ca0d-4e27-81da-5a82a7cd4c87",-27.088888,153.163605,2023-10-21 11:11:12,"PRESENT","iNaturalist Australia"
"641","2e46a911-756c-40cf-a014-c42ed7301e6f","Acraea andromacha","https://biodiversity.org.au/afd/taxa/86294130-ca0d-4e27-81da-5a82a7cd4c87",-27.794253,152.797981,2023-11-12 10:51:00,"PRESENT","iNaturalist Australia"
"642","2e4a0eab-8e80-44c7-9aee-dd6f987e0def","Acraea andromacha","https://biodiversity.org.au/afd/taxa/86294130-ca0d-4e27-81da-5a82a7cd4c87",-27.5,153.3,2021-05-26 17:54:00,"PRESENT","Earth Guardians Weekly Feed"
"643","2ea15d9b-f52e-4d00-89e2-05f205397592","Acraea terpsicore","https://biodiversity.org.au/afd/taxa/ba632bea-a7b4-4b60-bf89-d63128cad841",-27.475767,152.976473,2022-03-21 13:55:00,"PRESENT","iNaturalist Australia"
"644","2ebce2e9-3490-4782-8432-4bbbb6e3bc24","Adenia heterophylla","https://id.biodiversity.org.au/node/apni/2909919",-16.8094,145.6738,2023-10-15 15:57:00,"PRESENT","iNaturalist Australia"
"645","2ec1fafb-f2d1-47bb-97f0-f6a12deacb53","Acraea andromacha","https://biodiversity.org.au/afd/taxa/86294130-ca0d-4e27-81da-5a82a7cd4c87",-30.74429,152.997018,2023-06-12 17:00:08,"PRESENT","iNaturalist Australia"
"646","2f29327e-f04f-4c40-9dcc-4018c186fe9c","Acraea terpsicore","https://biodiversity.org.au/afd/taxa/ba632bea-a7b4-4b60-bf89-d63128cad841",-20.089414,146.281672,2022-05-01 17:05:00,"PRESENT","iNaturalist Australia"
"647","2f41ecf1-6549-46ea-839f-76b6797107bc","Acraea andromacha","https://biodiversity.org.au/afd/taxa/86294130-ca0d-4e27-81da-5a82a7cd4c87",-27.572987,152.778887,2025-08-13 10:17:24,"PRESENT","iNaturalist Australia"
"648","2f639660-87d4-435f-aa4b-e5f495780516","Acraea terpsicore","https://biodiversity.org.au/afd/taxa/ba632bea-a7b4-4b60-bf89-d63128cad841",-13.49632,131.03578,2022-03-24 03:48:00,"PRESENT","Butterflies Australia"
"649","2f68fe6b-4325-4735-b1ff-1d0d5e5429e6","Acraea terpsicore","https://biodiversity.org.au/afd/taxa/ba632bea-a7b4-4b60-bf89-d63128cad841",-19.259947,146.808687,2025-04-07 13:22:40,"PRESENT","iNaturalist Australia"
"650","2f7b42f3-50f0-4d6e-a1d5-01deb76bffd0","Acraea andromacha","https://biodiversity.org.au/afd/taxa/86294130-ca0d-4e27-81da-5a82a7cd4c87",-26.920097,150.741013,2024-04-09 10:25:01,"PRESENT","iNaturalist Australia"
"651","2f8e880d-61a3-4cdc-b567-23890a5f2e2c","Acraea andromacha","https://biodiversity.org.au/afd/taxa/86294130-ca0d-4e27-81da-5a82a7cd4c87",-27.507797,153.115608,2024-05-06 08:41:00,"PRESENT","iNaturalist Australia"
"652","2f9a2350-0332-4625-9031-f5dd5b728a67","Acraea andromacha","https://biodiversity.org.au/afd/taxa/86294130-ca0d-4e27-81da-5a82a7cd4c87",-25.18024,151.64545,2021-11-01 11:08:00,"PRESENT","iNaturalist Australia"
"653","2fa1124d-5cfd-494f-9157-aa905e753859","Acraea terpsicore","https://biodiversity.org.au/afd/taxa/ba632bea-a7b4-4b60-bf89-d63128cad841",-19.67662,138.39597,2023-09-06 23:58:00,"PRESENT","Butterflies Australia"
"654","2fabe730-8482-4c94-9f3c-6fd929363d0b","Acraea terpsicore","https://biodiversity.org.au/afd/taxa/ba632bea-a7b4-4b60-bf89-d63128cad841",-18.142352,144.328578,2022-09-12 01:45:00,"PRESENT","Butterflies Australia"
"655","2fcea776-03a2-4fb5-bd1f-6d407622a6e5","Acraea andromacha","https://biodiversity.org.au/afd/taxa/86294130-ca0d-4e27-81da-5a82a7cd4c87",-27.231309,152.972885,2025-09-01 10:35:48,"PRESENT","iNaturalist Australia"
"656","2fdf1bac-aae7-4484-93d9-b095eaf597e2","Acraea andromacha","https://biodiversity.org.au/afd/taxa/86294130-ca0d-4e27-81da-5a82a7cd4c87",-30.911179,153.082714,2022-05-25 10:32:00,"PRESENT","iNaturalist Australia"
"657","2fedb092-569e-46c9-ba65-9ff9a90639be","Acraea andromacha","https://biodiversity.org.au/afd/taxa/86294130-ca0d-4e27-81da-5a82a7cd4c87",-26.876997,151.61412,2025-01-09 13:16:15,"PRESENT","iNaturalist Australia"
"658","302c8c47-1ed4-4540-8ad1-a86431b6de58","Acraea andromacha","https://biodiversity.org.au/afd/taxa/86294130-ca0d-4e27-81da-5a82a7cd4c87",-21.531951,146.859789,2025-04-11 15:57:00,"PRESENT","iNaturalist Australia"
"659","303fcea9-b096-47b4-8046-450968fc23e1","Acraea andromacha","https://biodiversity.org.au/afd/taxa/86294130-ca0d-4e27-81da-5a82a7cd4c87",-27.483248,153.18895,2023-08-27 09:55:00,"PRESENT","iNaturalist Australia"
"660","30407637-354c-4d9c-ad01-c54d6c789cb0","Acraea andromacha","https://biodiversity.org.au/afd/taxa/86294130-ca0d-4e27-81da-5a82a7cd4c87",-27.377176,152.907184,2024-09-03 15:33:00,"PRESENT","iNaturalist Australia"
"661","304212c2-282d-480c-93b3-ee3b717776f4","Afrohybanthus enneaspermus","https://id.biodiversity.org.au/taxon/apni/51448720",-23.490206,150.478588,2025-02-09 06:12:43,"PRESENT","iNaturalist Australia"
"662","306574b4-2465-4efa-9dfe-51d5460fe992","Acraea andromacha","https://biodiversity.org.au/afd/taxa/86294130-ca0d-4e27-81da-5a82a7cd4c87",-28.25928,153.401553,2021-08-31 11:15:00,"PRESENT","iNaturalist Australia"
"663","3067a8e9-5cf1-4367-a951-9e2a5466f2a9","Acraea terpsicore","https://biodiversity.org.au/afd/taxa/ba632bea-a7b4-4b60-bf89-d63128cad841",-19.36369,146.44081,2021-05-09,"PRESENT","WildNet - Queensland Wildlife Data"
"664","3080774d-539a-487d-8104-ddd38a5c3f96","Acraea andromacha","https://biodiversity.org.au/afd/taxa/86294130-ca0d-4e27-81da-5a82a7cd4c87",-27.548429,153.054398,2025-09-08 15:02:00,"PRESENT","iNaturalist Australia"
"665","309280fb-43bc-438e-9101-f92833be5681","Acraea andromacha","https://biodiversity.org.au/afd/taxa/86294130-ca0d-4e27-81da-5a82a7cd4c87",-28.3431,153.574383,2024-09-18 08:48:00,"PRESENT","iNaturalist Australia"
"666","30a0e111-f1f6-4398-aff7-27eb4256e1c8","Acraea andromacha","https://biodiversity.org.au/afd/taxa/86294130-ca0d-4e27-81da-5a82a7cd4c87",-24.848852,152.476685,2022-12-25 15:58:00,"PRESENT","iNaturalist Australia"
"667","30a35f3b-f637-417f-b9cc-dfb59aee5e99","Acraea andromacha","https://biodiversity.org.au/afd/taxa/86294130-ca0d-4e27-81da-5a82a7cd4c87",-27.579605,151.932297,2024-02-20 15:07:10,"PRESENT","iNaturalist Australia"
"668","30a51006-1934-45c0-9877-8bf7b5e32574","Acraea andromacha","https://biodiversity.org.au/afd/taxa/86294130-ca0d-4e27-81da-5a82a7cd4c87",-27.373922,152.026397,2024-02-10 10:49:00,"PRESENT","iNaturalist Australia"
"669","30a8ac6e-9f1e-4335-8db2-60372b058fc8","Acraea terpsicore","https://biodiversity.org.au/afd/taxa/ba632bea-a7b4-4b60-bf89-d63128cad841",-19.25849,146.802732,2025-06-05 11:14:00,"PRESENT","iNaturalist Australia"
"670","30bac023-91a9-4d25-92fc-d3be070c0245","Acraea andromacha","https://biodiversity.org.au/afd/taxa/86294130-ca0d-4e27-81da-5a82a7cd4c87",-27.901226,152.813902,2025-08-04 10:53:08,"PRESENT","iNaturalist Australia"
"671","30d2965f-c2b3-4f1c-afba-7452c5f3f61e","Afrohybanthus enneaspermus","https://id.biodiversity.org.au/taxon/apni/51448720",-16.47222,134.28728,2022-02-20,"PRESENT","Flora Atlas N.T."
"672","30dbfab5-97ee-49f5-b80b-dca2d225700f","Acraea terpsicore","https://biodiversity.org.au/afd/taxa/ba632bea-a7b4-4b60-bf89-d63128cad841",-20.763087,135.191791,2025-07-28 10:51:00,"PRESENT","iNaturalist Australia"
"673","30e7e942-95a4-4d8c-8c31-68b77c3a5fbc","Acraea andromacha","https://biodiversity.org.au/afd/taxa/86294130-ca0d-4e27-81da-5a82a7cd4c87",-27.950467,153.428152,2021-01-17 12:01:18,"PRESENT","iNaturalist Australia"
"674","30e930b2-7297-42af-a98a-fe15fe190596","Acraea terpsicore","https://biodiversity.org.au/afd/taxa/ba632bea-a7b4-4b60-bf89-d63128cad841",-27.485589,152.954201,2022-03-05 13:55:00,"PRESENT","iNaturalist Australia"
"675","30eb8753-3b27-43e1-b446-d0275e82f59c","Afrohybanthus enneaspermus","https://id.biodiversity.org.au/taxon/apni/51448720",-17.30568,133.51955,2022-02-18,"PRESENT","Flora Atlas N.T."
"676","311b9f0e-1c39-4bdd-8746-c214ead95ee7","Acraea andromacha","https://biodiversity.org.au/afd/taxa/86294130-ca0d-4e27-81da-5a82a7cd4c87",-17.484844,140.840366,2025-08-10 10:08:00,"PRESENT","iNaturalist Australia"
"677","313607bc-8fb1-45b5-964f-65d3dcf700ba","Afrohybanthus enneaspermus","https://id.biodiversity.org.au/taxon/apni/51448720",-18.971824,144.716258,2022-02-02 09:02:00,"PRESENT","iNaturalist Australia"
"678","3150406b-c09b-40b5-a339-e5ecd5285528","Acraea andromacha","https://biodiversity.org.au/afd/taxa/86294130-ca0d-4e27-81da-5a82a7cd4c87",-30.466995,152.892638,2023-04-11 12:35:28,"PRESENT","iNaturalist Australia"
"679","31651cae-7e1f-4f4f-a273-19278814bf85","Acraea andromacha","https://biodiversity.org.au/afd/taxa/86294130-ca0d-4e27-81da-5a82a7cd4c87",-35.273552,149.097476,2023-03-12 02:03:00,"PRESENT","NatureMapr"
"680","316606f9-e3c2-4745-8aac-dbc23d656ebc","Acraea terpsicore","https://biodiversity.org.au/afd/taxa/ba632bea-a7b4-4b60-bf89-d63128cad841",-21.638362,149.351206,2025-05-31 16:03:45,"PRESENT","iNaturalist Australia"
"681","31684017-4900-48be-a795-433ed72352cd","Acraea andromacha","https://biodiversity.org.au/afd/taxa/86294130-ca0d-4e27-81da-5a82a7cd4c87",-23.847892,151.261567,2025-09-21 03:03:05,"PRESENT","iNaturalist Australia"
"682","317e240b-b3ee-4a4b-9979-76e5b4fd7277","Acraea andromacha","https://biodiversity.org.au/afd/taxa/86294130-ca0d-4e27-81da-5a82a7cd4c87",-27.654181,151.988112,2021-10-30 10:47:00,"PRESENT","iNaturalist Australia"
"683","319d439c-e3ed-442a-b0f1-f29bce5adb56","Acraea andromacha","https://biodiversity.org.au/afd/taxa/86294130-ca0d-4e27-81da-5a82a7cd4c87",-27.305841,153.517372,2024-10-01 07:08:45,"PRESENT","iNaturalist Australia"
"684","31da71be-29c6-439c-92f2-5e4fb11dbdc4","Acraea andromacha","https://biodiversity.org.au/afd/taxa/86294130-ca0d-4e27-81da-5a82a7cd4c87",-27.378366,152.907108,2025-03-19 13:03:00,"PRESENT","iNaturalist Australia"
"685","31dfc6b7-560b-43a1-a084-d064a3bba3a7","Acraea andromacha","https://biodiversity.org.au/afd/taxa/86294130-ca0d-4e27-81da-5a82a7cd4c87",-25.058685,148.235831,2021-10-13 12:13:00,"PRESENT","iNaturalist Australia"
"686","31e8bc74-39e4-4a42-84d8-7830ffdac93a","Afrohybanthus enneaspermus","https://id.biodiversity.org.au/taxon/apni/51448720",-23.49173,150.478335,2024-02-03 07:04:41,"PRESENT","iNaturalist Australia"
"687","321e5fa7-5b9f-4174-8974-78ecf9db1e35","Acraea andromacha","https://biodiversity.org.au/afd/taxa/86294130-ca0d-4e27-81da-5a82a7cd4c87",-31.191648,152.981325,2023-07-29 01:38:00,"PRESENT","Butterflies Australia"
"688","3227645d-15be-42df-83e8-33167d761986","Acraea andromacha","https://biodiversity.org.au/afd/taxa/86294130-ca0d-4e27-81da-5a82a7cd4c87",-27.484863,152.749706,2021-04-14 15:02:00,"PRESENT","Butterflies Australia"
"689","32341203-30b2-4ad2-9f3b-93387dcb8fb6","Acraea terpsicore","https://biodiversity.org.au/afd/taxa/ba632bea-a7b4-4b60-bf89-d63128cad841",-18.654775,146.15052,2022-02-28 07:47:00,"PRESENT","iNaturalist Australia"
"690","323bb7e3-611b-4c53-917f-2b83906e0aac","Acraea andromacha","https://biodiversity.org.au/afd/taxa/86294130-ca0d-4e27-81da-5a82a7cd4c87",-25.058479,148.235716,2023-09-08 13:02:00,"PRESENT","iNaturalist Australia"
"691","3250c118-223c-43d2-9325-71c3b887c960","Acraea terpsicore","https://biodiversity.org.au/afd/taxa/ba632bea-a7b4-4b60-bf89-d63128cad841",-16.903061,145.755793,2025-06-30 20:58:00,"PRESENT","iNaturalist Australia"
"692","32686eda-e587-408c-9bc2-a158da83e50c","Acraea terpsicore","https://biodiversity.org.au/afd/taxa/ba632bea-a7b4-4b60-bf89-d63128cad841",-30.224572,153.169646,2021-05-12 08:34:00,"PRESENT","iNaturalist Australia"
"693","327179ca-3151-4ae2-aaae-1d27ffb0e4f1","Acraea terpsicore","https://biodiversity.org.au/afd/taxa/ba632bea-a7b4-4b60-bf89-d63128cad841",-17.464372,140.83236,2025-05-09 17:02:00,"PRESENT","iNaturalist Australia"
"694","328d92d6-9805-4cbe-8340-c44c1eb4db2f","Acraea terpsicore","https://biodiversity.org.au/afd/taxa/ba632bea-a7b4-4b60-bf89-d63128cad841",-19.342832,146.782537,2023-04-10 07:43:00,"PRESENT","iNaturalist Australia"
"695","32913545-6c50-4f81-b781-2f02178736eb","Acraea andromacha","https://biodiversity.org.au/afd/taxa/86294130-ca0d-4e27-81da-5a82a7cd4c87",-27.46542,153.188515,2024-04-06 11:36:00,"PRESENT","iNaturalist Australia"
"696","329b376a-53d7-4c52-9d17-f2b04a231e60","Acraea andromacha","https://biodiversity.org.au/afd/taxa/86294130-ca0d-4e27-81da-5a82a7cd4c87",-26.564927,152.767512,2022-03-26 13:28:00,"PRESENT","iNaturalist Australia"
"697","32a4bcf6-b8c7-4465-9701-72b70c4f69c7","Acraea terpsicore","https://biodiversity.org.au/afd/taxa/ba632bea-a7b4-4b60-bf89-d63128cad841",-14.500551,132.238709,2024-05-18 16:25:00,"PRESENT","iNaturalist Australia"
"698","32af14bd-ecfa-4994-bcbd-6bd95aef4838","Acraea andromacha","https://biodiversity.org.au/afd/taxa/86294130-ca0d-4e27-81da-5a82a7cd4c87",-31.433517,152.923538,2023-05-11 15:14:26,"PRESENT","iNaturalist Australia"
"699","32b5a62f-fb2a-40fc-9795-7ae8e8cd297f","Acraea terpsicore","https://biodiversity.org.au/afd/taxa/ba632bea-a7b4-4b60-bf89-d63128cad841",-25.819578,152.723712,2024-04-02 09:14:00,"PRESENT","iNaturalist Australia"
"700","32d23f61-0c48-45aa-9f85-20a017cc3e00","Acraea andromacha","https://biodiversity.org.au/afd/taxa/86294130-ca0d-4e27-81da-5a82a7cd4c87",-27.431512,153.536857,2023-03-21 09:11:00,"PRESENT","iNaturalist Australia"
"701","32eaf20a-f06f-4d1f-990e-deffeee95b21","Acraea andromacha","https://biodiversity.org.au/afd/taxa/86294130-ca0d-4e27-81da-5a82a7cd4c87",-32.876906,151.080973,2022-04-15 11:39:00,"PRESENT","iNaturalist Australia"
"702","330eb1e6-06bc-4f5c-a3ad-e22dfee3f5d3","Acraea andromacha","https://biodiversity.org.au/afd/taxa/86294130-ca0d-4e27-81da-5a82a7cd4c87",-27.616659,153.088283,2023-07-06 09:41:07,"PRESENT","iNaturalist Australia"
"703","3317a780-d41e-4ef0-9f77-af7dc006a71d","Acraea andromacha","https://biodiversity.org.au/afd/taxa/86294130-ca0d-4e27-81da-5a82a7cd4c87",-27.979719,152.291381,2025-04-14 13:25:00,"PRESENT","iNaturalist Australia"
"704","3317e8c3-7319-43ab-981d-e2c26b2de554","Acraea andromacha","https://biodiversity.org.au/afd/taxa/86294130-ca0d-4e27-81da-5a82a7cd4c87",-26.378103,153.108463,2024-04-26 08:50:28,"PRESENT","iNaturalist Australia"
"705","3357a3a4-2886-4224-b7ef-490c15e1db6b","Acraea andromacha","https://biodiversity.org.au/afd/taxa/86294130-ca0d-4e27-81da-5a82a7cd4c87",-24.75969,152.41167,2023-05-21 03:09:00,"PRESENT","Butterflies Australia"
"706","335d6b1c-2615-4c05-9ea1-e5530a888e51","Acraea terpsicore","https://biodiversity.org.au/afd/taxa/ba632bea-a7b4-4b60-bf89-d63128cad841",-19.317292,146.746474,2021-07-09 23:26:00,"PRESENT","NatureMapr"
"707","3361a802-2ae9-4ba9-904a-28cb374b7eb1","Acraea terpsicore","https://biodiversity.org.au/afd/taxa/ba632bea-a7b4-4b60-bf89-d63128cad841",-18.155208,144.308662,2021-04-08 11:44:07,"PRESENT","iNaturalist Australia"
"708","3379f576-4ea1-4897-aa07-25e05e117bd8","Acraea andromacha","https://biodiversity.org.au/afd/taxa/86294130-ca0d-4e27-81da-5a82a7cd4c87",-35.261315,149.150808,2024-03-09 14:29:21,"PRESENT","iNaturalist Australia"
"709","337e999c-e59f-4d85-9e97-b31a8c4427b8","Acraea andromacha","https://biodiversity.org.au/afd/taxa/86294130-ca0d-4e27-81da-5a82a7cd4c87",-27.727462,152.908301,2025-08-31 16:59:08,"PRESENT","iNaturalist Australia"
"710","33997c3e-3d10-4b7a-b8bf-6b95fe517fcb","Acraea andromacha","https://biodiversity.org.au/afd/taxa/86294130-ca0d-4e27-81da-5a82a7cd4c87",-27.71818,152.906179,2023-05-01 13:16:00,"PRESENT","iNaturalist Australia"
"711","33a05763-54bd-4c73-8947-e1266e74856b","Acraea andromacha","https://biodiversity.org.au/afd/taxa/86294130-ca0d-4e27-81da-5a82a7cd4c87",-26.234862,152.639825,2025-02-02 07:58:00,"PRESENT","iNaturalist Australia"
"712","33a58970-1fb9-49c3-8e5a-b711866dc08a","Acraea terpsicore","https://biodiversity.org.au/afd/taxa/ba632bea-a7b4-4b60-bf89-d63128cad841",-21.171275,148.900065,2024-06-07 10:57:00,"PRESENT","iNaturalist Australia"
"713","33b3e7e2-4507-4e25-a8eb-d512255dde57","Acraea andromacha","https://biodiversity.org.au/afd/taxa/86294130-ca0d-4e27-81da-5a82a7cd4c87",-27.377929,153.035328,2024-09-25 13:36:00,"PRESENT","iNaturalist Australia"
"714","33c1ca18-dd38-4de8-ae70-34bfb713a5ad","Acraea terpsicore","https://biodiversity.org.au/afd/taxa/ba632bea-a7b4-4b60-bf89-d63128cad841",-18.713362,146.29837,2025-05-25 10:01:11,"PRESENT","iNaturalist Australia"
"715","33d6f0eb-abb0-42d6-bc9b-6756bc3babd3","Acraea andromacha","https://biodiversity.org.au/afd/taxa/86294130-ca0d-4e27-81da-5a82a7cd4c87",-27.5737,152.9254,2023-03-30 14:00:00,"PRESENT","Butterflies Australia"
"716","33e311c6-30c1-4279-9b70-b02e64963e9f","Acraea andromacha","https://biodiversity.org.au/afd/taxa/86294130-ca0d-4e27-81da-5a82a7cd4c87",-17.3118,145.58736,2023-04-10 01:45:00,"PRESENT","Butterflies Australia"
"717","33e68d7f-dfb8-489f-954c-082f49510632","Adenia heterophylla","https://id.biodiversity.org.au/node/apni/2909919",-16.344207,145.415272,2023-07-24 13:11:24,"PRESENT","iNaturalist Australia"
"718","3415231f-0921-4dd4-a9e4-86b28a84f232","Acraea andromacha","https://biodiversity.org.au/afd/taxa/86294130-ca0d-4e27-81da-5a82a7cd4c87",-26.866197,151.587257,2025-02-22 13:24:00,"PRESENT","iNaturalist Australia"
"719","341e8d38-012a-40b8-9e5e-9307b3e27081","Acraea terpsicore","https://biodiversity.org.au/afd/taxa/ba632bea-a7b4-4b60-bf89-d63128cad841",-13.49632,131.03578,2022-03-24 03:40:00,"PRESENT","Butterflies Australia"
"720","343e1491-d4e2-4231-8c9c-4a18b82c76b4","Acraea terpsicore","https://biodiversity.org.au/afd/taxa/ba632bea-a7b4-4b60-bf89-d63128cad841",-12.372922,142.61582,2021-06-21 17:58:00,"PRESENT","iNaturalist Australia"
"721","344460a3-d849-4434-8bbc-965f7c9022bf","Acraea andromacha","https://biodiversity.org.au/afd/taxa/86294130-ca0d-4e27-81da-5a82a7cd4c87",-26.829613,152.714507,2024-10-31 11:14:00,"PRESENT","iNaturalist Australia"
"722","3454d705-f1d1-4859-86c0-3607778dddfb","Acraea andromacha","https://biodiversity.org.au/afd/taxa/86294130-ca0d-4e27-81da-5a82a7cd4c87",-25.790768,152.695468,2024-02-25 10:36:00,"PRESENT","iNaturalist Australia"
"723","345d3732-52b1-455f-8eb2-7a26b0518031","Acraea terpsicore","https://biodiversity.org.au/afd/taxa/ba632bea-a7b4-4b60-bf89-d63128cad841",-27.53078,153.1415,2022-12-25 03:50:00,"PRESENT","Butterflies Australia"
"724","347216dc-c6d3-4b76-8173-8fb8c0e3e401","Acraea terpsicore","https://biodiversity.org.au/afd/taxa/ba632bea-a7b4-4b60-bf89-d63128cad841",-26.439964,153.169743,2023-02-10 18:16:12,"PRESENT","iNaturalist Australia"
"725","3472817d-2712-413f-ab5a-553ab4205288","Afrohybanthus enneaspermus","https://id.biodiversity.org.au/taxon/apni/51448720",-23.493182,150.475412,2021-11-22 05:48:46,"PRESENT","iNaturalist Australia"
"726","34840fc4-559f-4cd3-b2ef-6369d220a408","Acraea andromacha","https://biodiversity.org.au/afd/taxa/86294130-ca0d-4e27-81da-5a82a7cd4c87",-29.57426,153.33465,2022-12-31 23:39:00,"PRESENT","Butterflies Australia"
"727","348da2bc-f6ad-47b7-b625-26d792a85f86","Acraea terpsicore","https://biodiversity.org.au/afd/taxa/ba632bea-a7b4-4b60-bf89-d63128cad841",-12.36523,130.90957,2025-09-06 09:05:00,"PRESENT","iNaturalist Australia"
"728","348f02b0-4524-4963-81b4-3f13af269b3c","Afrohybanthus enneaspermus","https://id.biodiversity.org.au/taxon/apni/51448720",-12.394847,130.920373,2024-01-09 11:52:00,"PRESENT","iNaturalist Australia"
"729","349a31f5-555e-4dbd-aea6-1295f29f62d2","Acraea andromacha","https://biodiversity.org.au/afd/taxa/86294130-ca0d-4e27-81da-5a82a7cd4c87",-16.7881,145.692963,2025-07-11 14:33:00,"PRESENT","iNaturalist Australia"
"730","34a39317-dd21-4fb3-88cd-ae512fcfb9ba","Acraea terpsicore","https://biodiversity.org.au/afd/taxa/ba632bea-a7b4-4b60-bf89-d63128cad841",-14.910775,133.0835,2025-05-24 11:23:00,"PRESENT","iNaturalist Australia"
"731","34b6bda9-0883-4cb3-ab95-d4b1a77fcd6e","Acraea andromacha","https://biodiversity.org.au/afd/taxa/86294130-ca0d-4e27-81da-5a82a7cd4c87",-27.336047,153.080825,2025-02-14 12:52:48,"PRESENT","iNaturalist Australia"
"732","34db2612-3f31-402c-97ee-00d95d099f5b","Acraea andromacha","https://biodiversity.org.au/afd/taxa/86294130-ca0d-4e27-81da-5a82a7cd4c87",-20.72984,139.505479,2024-09-04 09:00:00,"PRESENT","iNaturalist Australia"
"733","3513c9b1-6069-4e5f-9759-3a4fd129136d","Acraea andromacha","https://biodiversity.org.au/afd/taxa/86294130-ca0d-4e27-81da-5a82a7cd4c87",-27.298762,153.038969,2022-04-02 10:49:00,"PRESENT","iNaturalist Australia"
"734","35302789-e2ca-470b-9cb6-7f6696b25140","Afrohybanthus enneaspermus","https://id.biodiversity.org.au/taxon/apni/51448720",-23.490389,150.478676,2025-02-21 07:02:29,"PRESENT","iNaturalist Australia"
"735","353c7e41-76a9-41ec-aa00-f2c071af3f2f","Acraea andromacha","https://biodiversity.org.au/afd/taxa/86294130-ca0d-4e27-81da-5a82a7cd4c87",-25.059847,148.236965,2021-12-26 10:21:00,"PRESENT","iNaturalist Australia"
"736","35652486-df2a-44c4-b18d-9baa8ff36574","Acraea andromacha","https://biodiversity.org.au/afd/taxa/86294130-ca0d-4e27-81da-5a82a7cd4c87",-33.200914,151.53164,2024-04-26 13:46:08,"PRESENT","iNaturalist Australia"
"737","356cf2b9-9ec8-4958-abf9-8374055aa6b8","Acraea andromacha","https://biodiversity.org.au/afd/taxa/86294130-ca0d-4e27-81da-5a82a7cd4c87",-30.109712,153.210761,2025-05-05 08:45:52,"PRESENT","iNaturalist Australia"
"738","35b2ffda-fa88-4673-be5b-b13cd160e40d","Acraea andromacha","https://biodiversity.org.au/afd/taxa/86294130-ca0d-4e27-81da-5a82a7cd4c87",-26.652096,153.082625,2024-04-18 16:34:00,"PRESENT","iNaturalist Australia"
"739","35baa703-c45d-49c5-bca2-9b737995ea43","Acraea andromacha","https://biodiversity.org.au/afd/taxa/86294130-ca0d-4e27-81da-5a82a7cd4c87",-33.717797,150.421462,2024-12-15 18:07:26,"PRESENT","iNaturalist Australia"
"740","35dbca61-0a53-4231-9439-9d68dcf8f8a1","Afrohybanthus enneaspermus","https://id.biodiversity.org.au/taxon/apni/51448720",-23.493226,150.479728,2024-08-30 07:54:36,"PRESENT","iNaturalist Australia"
"741","35df8312-67e6-4e8c-8ec2-e56e731a7ee8","Acraea andromacha","https://biodiversity.org.au/afd/taxa/86294130-ca0d-4e27-81da-5a82a7cd4c87",-27.823701,152.993247,2023-08-21 14:49:00,"PRESENT","iNaturalist Australia"
"742","35df98e9-c564-4858-9aae-f6f5c1de77da","Acraea andromacha","https://biodiversity.org.au/afd/taxa/86294130-ca0d-4e27-81da-5a82a7cd4c87",-27.339978,153.07844,2023-05-29 10:57:00,"PRESENT","iNaturalist Australia"
"743","35f7f8ad-5f2e-4856-b144-4e785eb04be8","Acraea terpsicore","https://biodiversity.org.au/afd/taxa/ba632bea-a7b4-4b60-bf89-d63128cad841",-12.400416,130.933951,2025-05-17 09:26:19,"PRESENT","iNaturalist Australia"
"744","36018a79-510f-40b7-9f6f-dce7c3db88e2","Acraea terpsicore","https://biodiversity.org.au/afd/taxa/ba632bea-a7b4-4b60-bf89-d63128cad841",-29.577515,153.334985,2023-03-23 11:07:01,"PRESENT","iNaturalist Australia"
"745","360b3c27-8cd8-4b8e-bfd3-1ef65406c03b","Acraea andromacha","https://biodiversity.org.au/afd/taxa/86294130-ca0d-4e27-81da-5a82a7cd4c87",-28.1795,153.53483,2021-02-20 09:36:00,"PRESENT","Butterflies Australia"
"746","360c1994-4f72-405b-aaf0-247f7734f681","Acraea andromacha","https://biodiversity.org.au/afd/taxa/86294130-ca0d-4e27-81da-5a82a7cd4c87",-27.542262,153.056578,2025-11-12 12:07:00,"PRESENT","iNaturalist Australia"
"747","36126c3e-ba04-4bb9-8513-d83424f308d2","Afrohybanthus enneaspermus","https://id.biodiversity.org.au/taxon/apni/51448720",-19.1919,146.7741,2024-12-28 10:25:00,"PRESENT","iNaturalist Australia"
"748","368fd69c-edc4-4f7c-8b44-5fffb210302f","Acraea andromacha","https://biodiversity.org.au/afd/taxa/86294130-ca0d-4e27-81da-5a82a7cd4c87",-24.0718,151.3051,2022-10-17 15:15:00,"PRESENT","Butterflies Australia"
"749","36ad4767-4880-4541-a635-53aee4dfc4fd","Acraea terpsicore","https://biodiversity.org.au/afd/taxa/ba632bea-a7b4-4b60-bf89-d63128cad841",-22.079558,143.510863,2022-09-07 16:36:57,"PRESENT","iNaturalist Australia"
"750","36b18e32-eadc-40de-b1cc-7b165d37223a","Acraea terpsicore","https://biodiversity.org.au/afd/taxa/ba632bea-a7b4-4b60-bf89-d63128cad841",-18.70949,146.29952,2024-05-05 08:17:46,"PRESENT","iNaturalist Australia"
"751","36cb2e39-2861-45af-a114-379ac8369516","Acraea andromacha","https://biodiversity.org.au/afd/taxa/86294130-ca0d-4e27-81da-5a82a7cd4c87",-18.367297,122.037936,2025-10-10 19:02:31,"PRESENT","iNaturalist Australia"
"752","36cff2c5-abde-480d-9b10-607164e9b2f3","Acraea andromacha","https://biodiversity.org.au/afd/taxa/86294130-ca0d-4e27-81da-5a82a7cd4c87",-27.513713,153.121095,2024-03-02 08:39:45,"PRESENT","iNaturalist Australia"
"753","36f25ddc-55dc-432d-b2bc-77b866ffa5fb","Acraea terpsicore","https://biodiversity.org.au/afd/taxa/ba632bea-a7b4-4b60-bf89-d63128cad841",-18.900537,144.070952,2025-02-21 10:55:00,"PRESENT","iNaturalist Australia"
"754","36f3a7bb-3d90-4da3-b888-7773f6448d9f","Acraea andromacha","https://biodiversity.org.au/afd/taxa/86294130-ca0d-4e27-81da-5a82a7cd4c87",-27.42419,153.535062,2022-01-06 10:40:20,"PRESENT","iNaturalist Australia"
"755","370a340a-7558-4e8b-8bce-8f9c661b7c7b","Adenia heterophylla","https://id.biodiversity.org.au/node/apni/2909919",-17.8861,146.086033,2022-06-02 09:49:34,"PRESENT","iNaturalist Australia"
"756","372315c8-a491-492c-9cd7-8da37b048af7","Acraea andromacha","https://biodiversity.org.au/afd/taxa/86294130-ca0d-4e27-81da-5a82a7cd4c87",-27.524894,152.856125,2021-05-04 20:35:00,"PRESENT","iNaturalist Australia"
"757","3746b671-53cb-46a7-90ea-6e7b506519e5","Acraea andromacha","https://biodiversity.org.au/afd/taxa/86294130-ca0d-4e27-81da-5a82a7cd4c87",-27.434355,153.54602,2025-06-22 10:39:33,"PRESENT","iNaturalist Australia"
"758","37575ca5-d2ad-45df-b113-1ab5def5f8ec","Acraea andromacha","https://biodiversity.org.au/afd/taxa/86294130-ca0d-4e27-81da-5a82a7cd4c87",-27.049495,153.134222,2025-04-03 11:30:00,"PRESENT","iNaturalist Australia"
"759","37612ff6-bb82-4da3-a147-d668a6fbc8fd","Acraea andromacha","https://biodiversity.org.au/afd/taxa/86294130-ca0d-4e27-81da-5a82a7cd4c87",-27.342882,153.097189,2023-04-29 11:43:08,"PRESENT","iNaturalist Australia"
"760","37778230-d418-4efa-a5cc-66614d9ec57f","Acraea andromacha","https://biodiversity.org.au/afd/taxa/86294130-ca0d-4e27-81da-5a82a7cd4c87",-20.3456,144.4567,2022-09-22 00:30:00,"PRESENT","Butterflies Australia"
"761","378bfec7-f358-4f54-aba4-1832a77921c3","Acraea andromacha","https://biodiversity.org.au/afd/taxa/86294130-ca0d-4e27-81da-5a82a7cd4c87",-27.48748,152.750898,2023-02-25 12:52:00,"PRESENT","iNaturalist Australia"
"762","37a1fed4-89df-4dd7-b887-fd197902c321","Acraea andromacha","https://biodiversity.org.au/afd/taxa/86294130-ca0d-4e27-81da-5a82a7cd4c87",-17.898816,145.928681,2025-08-30 11:18:00,"PRESENT","iNaturalist Australia"
"763","37ae49ba-22b1-497d-937b-9b49765d135e","Acraea andromacha","https://biodiversity.org.au/afd/taxa/86294130-ca0d-4e27-81da-5a82a7cd4c87",-25.53488,152.68062,2022-11-24 21:15:00,"PRESENT","Butterflies Australia"
"764","37ea3041-3314-4645-b258-5506751e88c9","Afrohybanthus enneaspermus","https://id.biodiversity.org.au/taxon/apni/51448720",-15.85827,132.59056,2022-04-02,"PRESENT","Flora Atlas N.T."
"765","38199ceb-0deb-435c-b823-d68aac709194","Acraea terpsicore","https://biodiversity.org.au/afd/taxa/ba632bea-a7b4-4b60-bf89-d63128cad841",-12.406732,130.911923,2024-12-25 11:04:00,"PRESENT","iNaturalist Australia"
"766","3822e1dd-1e2e-4462-b65a-cd4b3adfa129","Acraea andromacha","https://biodiversity.org.au/afd/taxa/86294130-ca0d-4e27-81da-5a82a7cd4c87",-27.3744,152.579193,2025-04-04 11:16:09,"PRESENT","iNaturalist Australia"
"767","3843badf-5bb5-4862-ba16-b1ed503f46e3","Afrohybanthus enneaspermus","https://id.biodiversity.org.au/taxon/apni/51448720",-16.29722,133.67719,2022-02-22,"PRESENT","Flora Atlas N.T."
"768","38491747-6e2d-4321-86dc-1d71f10a3092","Acraea andromacha","https://biodiversity.org.au/afd/taxa/86294130-ca0d-4e27-81da-5a82a7cd4c87",-24.200281,151.802837,2025-02-17 10:44:00,"PRESENT","iNaturalist Australia"
"769","3858cab3-2707-4be4-8afc-6a57304d7d5a","Acraea terpsicore","https://biodiversity.org.au/afd/taxa/ba632bea-a7b4-4b60-bf89-d63128cad841",-12.407041,130.913089,2024-12-25 11:18:00,"PRESENT","iNaturalist Australia"
"770","385e956c-b933-4f63-867c-c3f94bdfbd27","Acraea andromacha","https://biodiversity.org.au/afd/taxa/86294130-ca0d-4e27-81da-5a82a7cd4c87",-27.48516,152.9544,2023-01-21 01:13:00,"PRESENT","Butterflies Australia"
"771","3867805e-67c9-418c-b5ae-feaea7e5ab02","Acraea andromacha","https://biodiversity.org.au/afd/taxa/86294130-ca0d-4e27-81da-5a82a7cd4c87",-35.25655,149.07821,2024-03-24 09:33:00,"PRESENT","iNaturalist Australia"
"772","388ab897-b3c9-45a0-9ecc-5eb2823c5de2","Acraea andromacha","https://biodiversity.org.au/afd/taxa/86294130-ca0d-4e27-81da-5a82a7cd4c87",-27.52653,153.03373,2026-01-17 10:03:00,"PRESENT","iNaturalist Australia"
"773","388fe217-81e3-4554-92df-1fff229c621b","Afrohybanthus enneaspermus","https://id.biodiversity.org.au/taxon/apni/51448720",-16.78243,133.47063,2022-02-18,"PRESENT","Flora Atlas N.T."
"774","38acfe8e-e26d-4a24-81c2-a38fd3eb9eae","Acraea terpsicore","https://biodiversity.org.au/afd/taxa/ba632bea-a7b4-4b60-bf89-d63128cad841",-14.806205,126.939767,2024-06-28 16:10:00,"PRESENT","iNaturalist Australia"
"775","38bb9455-31a2-44a6-9640-dd075cea99f9","Acraea andromacha","https://biodiversity.org.au/afd/taxa/86294130-ca0d-4e27-81da-5a82a7cd4c87",-26.93799,152.93666,2022-02-17 11:06:00,"PRESENT","iNaturalist Australia"
"776","38bfdc16-e840-45e5-ae91-c82229c65911","Acraea terpsicore","https://biodiversity.org.au/afd/taxa/ba632bea-a7b4-4b60-bf89-d63128cad841",-22.391432,146.698421,2025-08-04 16:55:00,"PRESENT","iNaturalist Australia"
"777","38d5a47d-e81d-4a2b-a947-9410032e84be","Acraea andromacha","https://biodiversity.org.au/afd/taxa/86294130-ca0d-4e27-81da-5a82a7cd4c87",-27.413812,152.835562,2021-08-16 11:54:00,"PRESENT","iNaturalist Australia"
"778","38fb9c48-f1e3-476e-9aae-d7202d34dfce","Acraea andromacha","https://biodiversity.org.au/afd/taxa/86294130-ca0d-4e27-81da-5a82a7cd4c87",-27.343313,153.076828,2024-11-15 08:23:15,"PRESENT","iNaturalist Australia"
"779","390b44ea-9f12-49d8-a161-38ce8ca81374","Acraea andromacha","https://biodiversity.org.au/afd/taxa/86294130-ca0d-4e27-81da-5a82a7cd4c87",-24.252847,131.573136,2021-05-23 16:24:57,"PRESENT","iNaturalist Australia"
"780","390f4df9-e57c-404b-80f2-e10558ef4d94","Acraea terpsicore","https://biodiversity.org.au/afd/taxa/ba632bea-a7b4-4b60-bf89-d63128cad841",-27.48533,152.95436,2022-02-22 02:32:00,"PRESENT","Butterflies Australia"
"781","390fd456-a5e4-4b48-98fe-186b9f0de962","Adenia heterophylla","https://id.biodiversity.org.au/taxon/apni/51442112",-16.934307,145.985497,2024-03-27 09:43:00,"PRESENT","iNaturalist Australia"
"782","3915f2e9-8b80-48ca-a741-66e333b3f23d","Acraea andromacha","https://biodiversity.org.au/afd/taxa/86294130-ca0d-4e27-81da-5a82a7cd4c87",-27.237127,152.929193,2022-01-05 09:12:00,"PRESENT","iNaturalist Australia"
"783","3937c434-d58f-4cbc-9eb7-bbe897966b62","Acraea andromacha","https://biodiversity.org.au/afd/taxa/86294130-ca0d-4e27-81da-5a82a7cd4c87",-32.226095,152.454798,2024-01-19 08:45:00,"PRESENT","iNaturalist Australia"
"784","3956b688-22f3-4c6b-b6f3-8e5fb8ed1d35","Acraea andromacha","https://biodiversity.org.au/afd/taxa/86294130-ca0d-4e27-81da-5a82a7cd4c87",-29.761613,153.294983,2023-04-07 11:22:26,"PRESENT","iNaturalist Australia"
"785","3974d44c-f4cd-45e7-bfbc-7ff7368dceaf","Afrohybanthus enneaspermus","https://id.biodiversity.org.au/taxon/apni/51448720",-16.47163,134.30966,2022-02-22,"PRESENT","Flora Atlas N.T."
"786","39a3d839-ffe4-4251-8a15-7418a59d8faa","Acraea andromacha","https://biodiversity.org.au/afd/taxa/86294130-ca0d-4e27-81da-5a82a7cd4c87",-33.803961,150.270064,2025-01-24 12:03:42,"PRESENT","iNaturalist Australia"
"787","39bfca73-8762-4630-8c22-a703960c0a55","Acraea andromacha","https://biodiversity.org.au/afd/taxa/86294130-ca0d-4e27-81da-5a82a7cd4c87",-19.172717,146.829088,2024-08-07 08:23:00,"PRESENT","iNaturalist Australia"
"788","39c563c3-540f-40c8-b728-e8e78c963013","Acraea andromacha","https://biodiversity.org.au/afd/taxa/86294130-ca0d-4e27-81da-5a82a7cd4c87",-27.268333,152.856053,2025-11-05 08:08:00,"PRESENT","iNaturalist Australia"
"789","39c84670-b9c2-46ec-abfc-0a7a4428d566","Acraea terpsicore","https://biodiversity.org.au/afd/taxa/ba632bea-a7b4-4b60-bf89-d63128cad841",-19.24039,146.782572,2023-05-10 08:22:00,"PRESENT","iNaturalist Australia"
"790","39d43f04-b375-4993-bda6-c5cdfbe1952d","Acraea andromacha","https://biodiversity.org.au/afd/taxa/86294130-ca0d-4e27-81da-5a82a7cd4c87",-32.225956,152.455142,2025-04-07 14:23:00,"PRESENT","iNaturalist Australia"
"791","39e6011a-4893-4e78-9eee-9929743323ae","Acraea terpsicore","https://biodiversity.org.au/afd/taxa/ba632bea-a7b4-4b60-bf89-d63128cad841",-17.66705,141.092195,2022-07-15 16:55:33,"PRESENT","iNaturalist Australia"
"792","39e62d59-8e98-4b52-938c-57f60273fb58","Acraea andromacha","https://biodiversity.org.au/afd/taxa/86294130-ca0d-4e27-81da-5a82a7cd4c87",-28.824103,153.606609,2024-06-10 10:56:00,"PRESENT","iNaturalist Australia"
"793","3a0279a1-a3b6-445e-8e4d-28d4136f4bdc","Acraea andromacha","https://biodiversity.org.au/afd/taxa/86294130-ca0d-4e27-81da-5a82a7cd4c87",-27.54281,153.07324,2022-01-28 02:00:00,"PRESENT","Butterflies Australia"
"794","3a25bbbe-a7e1-42e7-9012-9db4330fb2b7","Acraea terpsicore","https://biodiversity.org.au/afd/taxa/ba632bea-a7b4-4b60-bf89-d63128cad841",-18.1789,144.6108,2021-03-21 11:00:00,"PRESENT","Butterflies Australia"
"795","3a389d33-0cc1-433d-ac87-323fa4a0c432","Acraea terpsicore","https://biodiversity.org.au/afd/taxa/ba632bea-a7b4-4b60-bf89-d63128cad841",-18.30091,143.352441,2025-05-17 09:47:00,"PRESENT","iNaturalist Australia"
"796","3a470624-e0b5-41b2-84f9-bfc8405dda22","Acraea andromacha","https://biodiversity.org.au/afd/taxa/86294130-ca0d-4e27-81da-5a82a7cd4c87",-27.245674,152.417822,2022-03-12 13:13:00,"PRESENT","iNaturalist Australia"
"797","3a5d7618-514f-41b9-bcf2-523223150fda","Acraea andromacha","https://biodiversity.org.au/afd/taxa/86294130-ca0d-4e27-81da-5a82a7cd4c87",-27.532581,153.050997,2024-04-09 12:06:29,"PRESENT","iNaturalist Australia"
"798","3a5f270e-f22b-4d50-a678-88bcf59b91eb","Acraea terpsicore","https://biodiversity.org.au/afd/taxa/ba632bea-a7b4-4b60-bf89-d63128cad841",-18.217724,139.881071,2022-07-15 14:22:00,"PRESENT","iNaturalist Australia"
"799","3a7e40ad-f81e-45ca-9254-69c4a7197df5","Afrohybanthus enneaspermus","https://id.biodiversity.org.au/taxon/apni/51448720",-17.357922,145.325511,2023-01-04 07:26:00,"PRESENT","iNaturalist Australia"
"800","3ad85afd-c679-41ed-b8e6-5eaa4db4f775","Acraea terpsicore","https://biodiversity.org.au/afd/taxa/ba632bea-a7b4-4b60-bf89-d63128cad841",-20.918582,149.044556,2021-04-27 10:44:00,"PRESENT","iNaturalist Australia"
"801","3ae28e2d-35cf-417a-b41b-72c2ea921622","Acraea andromacha","https://biodiversity.org.au/afd/taxa/86294130-ca0d-4e27-81da-5a82a7cd4c87",-27.542503,153.072795,2024-02-11 16:31:00,"PRESENT","iNaturalist Australia"
"802","3b178b7e-d001-4d29-b8fe-1f37030e7e3f","Acraea terpsicore","https://biodiversity.org.au/afd/taxa/ba632bea-a7b4-4b60-bf89-d63128cad841",-23.677233,141.109878,2025-07-30 11:07:00,"PRESENT","iNaturalist Australia"
"803","3b21141c-5226-4909-b89f-7f00cb0ab0be","Afrohybanthus enneaspermus","https://id.biodiversity.org.au/taxon/apni/51448720",-19.119444,143.465278,2022-05-06,"PRESENT","BRI AVH Data and Images"
"804","3b6cf4f4-8304-4582-83c8-e3e6e1d9d61c","Acraea andromacha","https://biodiversity.org.au/afd/taxa/86294130-ca0d-4e27-81da-5a82a7cd4c87",-30.414388,152.64,2023-03-08 10:09:49,"PRESENT","iNaturalist Australia"
"805","3b7f2a83-aafb-42ee-a9ff-b6313f36839f","Acraea andromacha","https://biodiversity.org.au/afd/taxa/86294130-ca0d-4e27-81da-5a82a7cd4c87",-26.377245,153.108039,2024-09-13 10:44:30,"PRESENT","iNaturalist Australia"
"806","3b89cd8b-3f04-4275-bc72-39985138ae9d","Acraea andromacha","https://biodiversity.org.au/afd/taxa/86294130-ca0d-4e27-81da-5a82a7cd4c87",-23.791522,151.153258,2025-09-17 16:38:56,"PRESENT","iNaturalist Australia"
"807","3ba9d2d9-6763-4a97-95af-bf9b11dec591","Acraea terpsicore","https://biodiversity.org.au/afd/taxa/ba632bea-a7b4-4b60-bf89-d63128cad841",-14.04,126.306667,2025-07-04 10:13:00,"PRESENT","iNaturalist Australia"
"808","3bf0caa2-359b-4b7f-8233-aea2ebfc2818","Acraea andromacha","https://biodiversity.org.au/afd/taxa/86294130-ca0d-4e27-81da-5a82a7cd4c87",-27.5,153.1,2023-05-11 09:15:00,"PRESENT","Earth Guardians Weekly Feed"
"809","3bf15690-41fd-4238-a219-7cbe4539eda8","Acraea terpsicore","https://biodiversity.org.au/afd/taxa/ba632bea-a7b4-4b60-bf89-d63128cad841",-15.575485,135.426497,2023-05-15 16:14:29,"PRESENT","iNaturalist Australia"
"810","3bf26f40-476e-4193-bd68-3ca737a19c84","Acraea andromacha","https://biodiversity.org.au/afd/taxa/86294130-ca0d-4e27-81da-5a82a7cd4c87",-30.35646,153.1071,2024-12-09 14:37:00,"PRESENT","iNaturalist Australia"
"811","3c012b5b-4aa9-4794-ae79-96b7490a28bc","Acraea andromacha","https://biodiversity.org.au/afd/taxa/afb7279d-cb44-4c89-be73-cf1e0a48cf46",-27.65712,151.52485,2022-04-01,"PRESENT","WildNet - Queensland Wildlife Data"
"812","3c06d4d8-4f30-4ff6-ba40-6836530b2b3e","Acraea andromacha","https://biodiversity.org.au/afd/taxa/86294130-ca0d-4e27-81da-5a82a7cd4c87",-25.075074,152.256761,2021-03-04 15:44:39,"PRESENT","iNaturalist Australia"
"813","3c0998b7-44a1-442d-afc2-9304e2a77ffb","Acraea andromacha","https://biodiversity.org.au/afd/taxa/86294130-ca0d-4e27-81da-5a82a7cd4c87",-16.714942,125.461414,2021-07-01 13:04:00,"PRESENT","iNaturalist Australia"
"814","3c152086-3d83-40f9-afc3-266d6bd6fea6","Acraea andromacha","https://biodiversity.org.au/afd/taxa/86294130-ca0d-4e27-81da-5a82a7cd4c87",-29.08455,151.96778,2023-01-26,"PRESENT","Butterflies Australia"
"815","3c1fc1f6-9634-4e80-809f-00660eb3782c","Acraea terpsicore","https://biodiversity.org.au/afd/taxa/ba632bea-a7b4-4b60-bf89-d63128cad841",-14.735692,144.066708,2025-07-26 10:48:11,"PRESENT","iNaturalist Australia"
"816","3c3aab22-7892-495b-a005-e704f76a8591","Acraea terpsicore","https://biodiversity.org.au/afd/taxa/ba632bea-a7b4-4b60-bf89-d63128cad841",-20.195358,148.39846,2023-08-18 09:20:00,"PRESENT","iNaturalist Australia"
"817","3c3eb848-d10e-4714-a031-69dbabf03ef8","Acraea andromacha","https://biodiversity.org.au/afd/taxa/86294130-ca0d-4e27-81da-5a82a7cd4c87",-27.52673,153.03381,2024-02-24 10:00:00,"PRESENT","iNaturalist Australia"
"818","3c46f446-da2b-41d6-894f-01b939a1634b","Acraea andromacha","https://biodiversity.org.au/afd/taxa/86294130-ca0d-4e27-81da-5a82a7cd4c87",-27.3,153.1,2022-01-21 13:35:00,"PRESENT","Earth Guardians Weekly Feed"
"819","3c513653-5fe1-40bd-ad71-5a4e97066213","Acraea terpsicore","https://biodiversity.org.au/afd/taxa/ba632bea-a7b4-4b60-bf89-d63128cad841",-16.321488,128.799624,2025-10-01 08:34:00,"PRESENT","iNaturalist Australia"
"820","3c68853a-0177-486a-a642-943ac4fd3e32","Acraea andromacha","https://biodiversity.org.au/afd/taxa/86294130-ca0d-4e27-81da-5a82a7cd4c87",-27.277092,153.026131,2023-11-12 09:42:00,"PRESENT","iNaturalist Australia"
"821","3c6c30a4-316a-4a93-836d-64cb02547bf4","Adenia heterophylla","https://id.biodiversity.org.au/taxon/apni/51442112",-12.869788,131.627121,2024-12-08 13:57:00,"PRESENT","iNaturalist Australia"
"822","3c72391f-4735-4661-b0ba-4aca0a5984a4","Acraea terpsicore","https://biodiversity.org.au/afd/taxa/ba632bea-a7b4-4b60-bf89-d63128cad841",-15.974646,144.828963,2021-03-24 12:00:00,"PRESENT","Butterflies Australia"
"823","3c84b82a-9c0b-4eb7-8cd3-23d7ff645138","Acraea terpsicore","https://biodiversity.org.au/afd/taxa/ba632bea-a7b4-4b60-bf89-d63128cad841",-19.258963,146.816948,2025-06-23 15:51:00,"PRESENT","iNaturalist Australia"
"824","3c9fc203-c946-4059-bcfa-e5638914161d","Acraea andromacha","https://biodiversity.org.au/afd/taxa/afb7279d-cb44-4c89-be73-cf1e0a48cf46",-27.58101,151.97402,2023-03-01,"PRESENT","WildNet - Queensland Wildlife Data"
"825","3ca8cea1-c2f3-4229-a7d5-56824628af42","Acraea terpsicore","https://biodiversity.org.au/afd/taxa/ba632bea-a7b4-4b60-bf89-d63128cad841",-19.254787,146.789153,2024-03-23 08:42:22,"PRESENT","iNaturalist Australia"
"826","3caac089-d5cd-4206-a4dd-8d7d663d5161","Afrohybanthus enneaspermus","https://id.biodiversity.org.au/taxon/apni/51448720",-22.647836,150.037349,2022-05-05 10:44:35,"PRESENT","iNaturalist Australia"
"827","3cb15937-1f35-4d2f-97b4-e916220d91a5","Acraea terpsicore","https://biodiversity.org.au/afd/taxa/ba632bea-a7b4-4b60-bf89-d63128cad841",-10.606274,142.255288,2022-01-24 18:49:00,"PRESENT","iNaturalist Australia"
"828","3cbea88b-01e6-4a98-9534-79a1470f2bf3","Acraea andromacha","https://biodiversity.org.au/afd/taxa/afb7279d-cb44-4c89-be73-cf1e0a48cf46",-27.58101,151.97402,2021-10-01,"PRESENT","WildNet - Queensland Wildlife Data"
"829","3cc54637-dad0-48dc-ab78-fa80d9df1cc4","Acraea andromacha","https://biodiversity.org.au/afd/taxa/86294130-ca0d-4e27-81da-5a82a7cd4c87",-27.645035,153.193112,2025-09-13 09:51:37,"PRESENT","iNaturalist Australia"
"830","3cdd6cb1-6e4f-4813-a9a7-b86975cfc085","Acraea andromacha","https://biodiversity.org.au/afd/taxa/86294130-ca0d-4e27-81da-5a82a7cd4c87",-25.060381,148.235306,2023-10-05 09:13:00,"PRESENT","iNaturalist Australia"
"831","3d07a43b-00ce-4233-bc34-f2e83cc7ac70","Acraea andromacha","https://biodiversity.org.au/afd/taxa/86294130-ca0d-4e27-81da-5a82a7cd4c87",-20.705,140.49685,2023-08-18 17:19:00,"PRESENT","Butterflies Australia"
"832","3d089d73-d72c-4ecd-b883-b9ec530da1d0","Acraea andromacha","https://biodiversity.org.au/afd/taxa/86294130-ca0d-4e27-81da-5a82a7cd4c87",-27.534145,153.137268,2025-04-23 13:02:00,"PRESENT","iNaturalist Australia"
"833","3d0fffd1-cde5-415f-98d8-490dbfaf55eb","Acraea terpsicore","https://biodiversity.org.au/afd/taxa/ba632bea-a7b4-4b60-bf89-d63128cad841",-16.786484,145.691019,2022-04-11 09:51:00,"PRESENT","iNaturalist Australia"
"834","3d1704b4-5dd6-4ede-a019-0cfd89278a99","Afrohybanthus enneaspermus","https://id.biodiversity.org.au/taxon/apni/51448720",-15.32921,133.10098,2022-04-07,"PRESENT","Flora Atlas N.T."
"835","3d1c6a95-39e0-45eb-848d-f1ebed63b24b","Acraea andromacha","https://biodiversity.org.au/afd/taxa/86294130-ca0d-4e27-81da-5a82a7cd4c87",-30.880913,153.074858,2022-03-19 13:33:41,"PRESENT","iNaturalist Australia"
"836","3d1d6dd9-85d1-4d5d-aea6-317fee6e618b","Acraea terpsicore","https://biodiversity.org.au/afd/taxa/ba632bea-a7b4-4b60-bf89-d63128cad841",-27.651697,153.009031,2024-04-14 13:51:00,"PRESENT","iNaturalist Australia"
"837","3d240253-803d-484a-ab24-34fd3c375adc","Acraea terpsicore","https://biodiversity.org.au/afd/taxa/ba632bea-a7b4-4b60-bf89-d63128cad841",-20.342923,148.960734,2024-12-25 12:37:40,"PRESENT","iNaturalist Australia"
"838","3d431011-8bf0-4433-9efb-d18678c9c208","Acraea andromacha","https://biodiversity.org.au/afd/taxa/86294130-ca0d-4e27-81da-5a82a7cd4c87",-27.65703,151.52721,2023-01-10 21:38:00,"PRESENT","Butterflies Australia"
"839","3d509f9c-5aad-4e9d-9f04-0605a505382c","Acraea andromacha","https://biodiversity.org.au/afd/taxa/86294130-ca0d-4e27-81da-5a82a7cd4c87",-25.069557,148.272318,2021-11-13 15:12:00,"PRESENT","iNaturalist Australia"
"840","3d5b33f7-7589-47da-84cb-e9181cab3636","Acraea terpsicore","https://biodiversity.org.au/afd/taxa/ba632bea-a7b4-4b60-bf89-d63128cad841",-18.207813,144.572052,2025-05-01 14:09:00,"PRESENT","iNaturalist Australia"
"841","3d71307d-d62d-4162-8f17-9bfc4f70043f","Acraea andromacha","https://biodiversity.org.au/afd/taxa/86294130-ca0d-4e27-81da-5a82a7cd4c87",-27.545244,152.854996,2025-05-05 16:53:35,"PRESENT","iNaturalist Australia"
"842","3d75f057-8fa0-4b69-a808-36455ebf6afc","Acraea andromacha","https://biodiversity.org.au/afd/taxa/86294130-ca0d-4e27-81da-5a82a7cd4c87",-27.647562,151.946849,2025-01-05 07:25:00,"PRESENT","iNaturalist Australia"
"843","3d7b843a-0cdc-44ab-b5eb-1c66c8907e58","Acraea andromacha","https://biodiversity.org.au/afd/taxa/86294130-ca0d-4e27-81da-5a82a7cd4c87",-25.059157,148.232983,2026-01-05 09:22:00,"PRESENT","iNaturalist Australia"
"844","3d8d6e06-bc37-4aa9-bc6c-92fde1b71e6e","Acraea terpsicore","https://biodiversity.org.au/afd/taxa/ba632bea-a7b4-4b60-bf89-d63128cad841",-21.531325,146.859569,2025-04-11 15:00:31,"PRESENT","iNaturalist Australia"
"845","3da970c4-f4e9-40cc-98a2-636dfa626bab","Acraea terpsicore","https://biodiversity.org.au/afd/taxa/ba632bea-a7b4-4b60-bf89-d63128cad841",-27.49513,152.95787,2022-03-06,"PRESENT","WildNet - Queensland Wildlife Data"
"846","3daaebbe-8958-4bd6-aaca-91eda5981594","Afrohybanthus enneaspermus","https://id.biodiversity.org.au/taxon/apni/51448720",-16.8619,145.7541,2023-02-11 10:48:00,"PRESENT","iNaturalist Australia"
"847","3dbdcbfa-4ef2-4a75-bd8e-8dfa27074784","Acraea terpsicore","https://biodiversity.org.au/afd/taxa/ba632bea-a7b4-4b60-bf89-d63128cad841",-19.201724,146.752389,2022-01-02 15:07:00,"PRESENT","iNaturalist Australia"
"848","3ddd4bfa-c7f3-4b06-b414-dfbffbb6da1b","Acraea andromacha","https://biodiversity.org.au/afd/taxa/86294130-ca0d-4e27-81da-5a82a7cd4c87",-16.374324,137.628572,2025-07-19 11:32:00,"PRESENT","iNaturalist Australia"
"849","3df25150-b272-4d4e-b019-bd11b17880f1","Acraea andromacha","https://biodiversity.org.au/afd/taxa/86294130-ca0d-4e27-81da-5a82a7cd4c87",-33.716153,150.371597,2025-04-20 14:07:28,"PRESENT","iNaturalist Australia"
"850","3e06b186-d8f7-456b-9c8f-18dd81cd00b8","Acraea andromacha","https://biodiversity.org.au/afd/taxa/86294130-ca0d-4e27-81da-5a82a7cd4c87",-32.295658,152.303873,2022-04-09 12:26:00,"PRESENT","iNaturalist Australia"
"851","3e08de12-f4ce-4a24-80ee-68b1e71070ca","Acraea andromacha","https://biodiversity.org.au/afd/taxa/86294130-ca0d-4e27-81da-5a82a7cd4c87",-27.62372,153.092608,2024-04-11 12:45:00,"PRESENT","iNaturalist Australia"
"852","3e0cb2bf-1008-4912-b926-a5db6d285aa0","Acraea andromacha","https://biodiversity.org.au/afd/taxa/86294130-ca0d-4e27-81da-5a82a7cd4c87",-27.5,152.7,2021-03-21 10:30:00,"PRESENT","Earth Guardians Weekly Feed"
"853","3e0ff39c-7123-42b9-8c91-fcaf636ce86c","Acraea terpsicore","https://biodiversity.org.au/afd/taxa/ba632bea-a7b4-4b60-bf89-d63128cad841",-27.485466,152.954193,2022-03-06 12:34:12,"PRESENT","iNaturalist Australia"
"854","3e149f0f-8908-4da2-b57f-f4f0e501aa5e","Acraea andromacha","https://biodiversity.org.au/afd/taxa/86294130-ca0d-4e27-81da-5a82a7cd4c87",-31.193248,152.979723,2021-04-24 10:09:07,"PRESENT","Earth Guardians Weekly Feed"
"855","3e259d00-e6fc-4033-9812-06e69b1b9017","Acraea terpsicore","https://biodiversity.org.au/afd/taxa/ba632bea-a7b4-4b60-bf89-d63128cad841",-16.99019,144.297279,2022-07-18 12:53:59,"PRESENT","iNaturalist Australia"
"856","3e33a69b-0370-4cb5-8c5d-c99c25da7330","Acraea andromacha","https://biodiversity.org.au/afd/taxa/86294130-ca0d-4e27-81da-5a82a7cd4c87",-27.529824,152.840772,2025-07-03 15:35:01,"PRESENT","iNaturalist Australia"
"857","3e611d50-2b22-4311-b1c1-50b803d1773f","Afrohybanthus enneaspermus","https://id.biodiversity.org.au/taxon/apni/51448720",-16.61964,133.37694,2022-02-19,"PRESENT","Flora Atlas N.T."
"858","3e6f1324-f1d5-44e7-a0a9-959cfe9e065d","Acraea terpsicore","https://biodiversity.org.au/afd/taxa/ba632bea-a7b4-4b60-bf89-d63128cad841",-12.435275,130.741103,2025-03-05 20:54:47,"PRESENT","iNaturalist Australia"
"859","3e774002-f2e3-45ab-9f6a-4fe45a7a2bff","Afrohybanthus enneaspermus","https://id.biodiversity.org.au/taxon/apni/51448720",-19.258142,146.802642,2025-04-07 12:49:27,"PRESENT","iNaturalist Australia"
"860","3e7f46b7-de04-48f5-9df8-16892563de02","Acraea andromacha","https://biodiversity.org.au/afd/taxa/86294130-ca0d-4e27-81da-5a82a7cd4c87",-30.401425,152.347617,2024-02-04 15:31:35,"PRESENT","iNaturalist Australia"
"861","3e884869-8ca8-4426-aa36-1115d2b583a6","Acraea terpsicore","https://biodiversity.org.au/afd/taxa/ba632bea-a7b4-4b60-bf89-d63128cad841",-18.528151,146.331454,2021-08-04 12:26:00,"PRESENT","iNaturalist Australia"
"862","3ea601f4-607c-455b-b4c0-36672ff481f5","Acraea andromacha","https://biodiversity.org.au/afd/taxa/86294130-ca0d-4e27-81da-5a82a7cd4c87",-25.067185,148.245895,2024-09-26 15:04:00,"PRESENT","iNaturalist Australia"
"863","3ea6c511-6d80-4560-a990-9dc8199f97d2","Acraea andromacha","https://biodiversity.org.au/afd/taxa/86294130-ca0d-4e27-81da-5a82a7cd4c87",-28.25901,153.401554,2021-12-14 06:42:00,"PRESENT","iNaturalist Australia"
"864","3ebd87a1-728f-4fdc-a14e-96767217e2d9","Acraea terpsicore","https://biodiversity.org.au/afd/taxa/ba632bea-a7b4-4b60-bf89-d63128cad841",-20.630549,147.134342,2024-07-01 12:50:00,"PRESENT","iNaturalist Australia"
"865","3ebd8a8f-fe5c-4c67-885e-1ac8d6a500cd","Acraea terpsicore","https://biodiversity.org.au/afd/taxa/ba632bea-a7b4-4b60-bf89-d63128cad841",-17.31296,145.58673,2021-04-12 10:49:00,"PRESENT","Butterflies Australia"
"866","3f1fe3a1-0492-4884-baff-8df2dbba0fec","Acraea andromacha","https://biodiversity.org.au/afd/taxa/86294130-ca0d-4e27-81da-5a82a7cd4c87",-28.127462,152.612818,2025-01-23 12:29:00,"PRESENT","iNaturalist Australia"
"867","3f337985-87a5-42a8-9876-7e20b0e5062e","Acraea andromacha","https://biodiversity.org.au/afd/taxa/86294130-ca0d-4e27-81da-5a82a7cd4c87",-17.47162,141.17999,2023-08-15 01:53:00,"PRESENT","Butterflies Australia"
"868","3f469fcc-c9e2-496f-8328-5fc0a95dccf3","Acraea andromacha","https://biodiversity.org.au/afd/taxa/86294130-ca0d-4e27-81da-5a82a7cd4c87",-27.822703,152.992423,2024-11-14 08:17:00,"PRESENT","iNaturalist Australia"
"869","3f493fc8-a337-424d-8324-222ff34b20de","Acraea andromacha","https://biodiversity.org.au/afd/taxa/86294130-ca0d-4e27-81da-5a82a7cd4c87",-27.482522,152.955658,2025-05-02 11:00:00,"PRESENT","iNaturalist Australia"
"870","3f6916e2-d0c3-418c-98fa-025fe326747f","Acraea andromacha","https://biodiversity.org.au/afd/taxa/86294130-ca0d-4e27-81da-5a82a7cd4c87",-33.26628,149.10025,2024-03-31 10:19:23,"PRESENT","iNaturalist Australia"
"871","3f69e198-73cc-478c-b8a1-35576611be4b","Acraea andromacha","https://biodiversity.org.au/afd/taxa/86294130-ca0d-4e27-81da-5a82a7cd4c87",-30.500718,151.668691,2024-02-20 09:49:17,"PRESENT","iNaturalist Australia"
"872","3f7bc539-e6ef-4be0-968c-fb939f219c25","Acraea andromacha","https://biodiversity.org.au/afd/taxa/86294130-ca0d-4e27-81da-5a82a7cd4c87",-26.680189,153.13813,2022-09-21 09:06:00,"PRESENT","iNaturalist Australia"
"873","3f9343fb-1336-4c49-9d1b-953d62292690","Acraea andromacha","https://biodiversity.org.au/afd/taxa/86294130-ca0d-4e27-81da-5a82a7cd4c87",-27.538325,153.214172,2023-08-19 13:31:00,"PRESENT","iNaturalist Australia"
"874","3f99f0af-9fbd-4c3f-a123-18b8fc31ea45","Acraea andromacha","https://biodiversity.org.au/afd/taxa/86294130-ca0d-4e27-81da-5a82a7cd4c87",-27.237753,152.929563,2022-04-07 09:16:00,"PRESENT","iNaturalist Australia"
"875","3f9a214b-74c1-448b-893b-ff39def4ee60","Acraea terpsicore","https://biodiversity.org.au/afd/taxa/ba632bea-a7b4-4b60-bf89-d63128cad841",-18.949155,145.914389,2022-08-14 09:57:49,"PRESENT","iNaturalist Australia"
"876","3fa5c196-a3f7-4552-9639-2eea134a3b44","Acraea andromacha","https://biodiversity.org.au/afd/taxa/86294130-ca0d-4e27-81da-5a82a7cd4c87",-27.596738,151.987945,2024-01-26 16:00:53,"PRESENT","iNaturalist Australia"
"877","3fe64528-c9b8-4f76-affd-427917ce55fd","Acraea andromacha","https://biodiversity.org.au/afd/taxa/86294130-ca0d-4e27-81da-5a82a7cd4c87",-27.620561,153.15805,2022-04-18 11:58:00,"PRESENT","iNaturalist Australia"
"878","3fe947fc-b5df-4816-8f24-78b0027a7792","Acraea andromacha","https://biodiversity.org.au/afd/taxa/86294130-ca0d-4e27-81da-5a82a7cd4c87",-27.627111,153.074222,2023-09-16 11:40:00,"PRESENT","iNaturalist Australia"
"879","3fe968ed-3a8f-43b3-8a1c-c1f9c609528f","Acraea andromacha","https://biodiversity.org.au/afd/taxa/86294130-ca0d-4e27-81da-5a82a7cd4c87",-27.46363,152.970245,2025-03-07 17:36:26,"PRESENT","iNaturalist Australia"
"880","3feab9ed-8991-436f-b284-26a3f8c74ce9","Acraea andromacha","https://biodiversity.org.au/afd/taxa/86294130-ca0d-4e27-81da-5a82a7cd4c87",-28.20462,152.041497,2025-03-19 08:24:00,"PRESENT","iNaturalist Australia"
"881","3fefbdb1-072f-478e-9c05-7e3cb142d0a1","Acraea terpsicore","https://biodiversity.org.au/afd/taxa/ba632bea-a7b4-4b60-bf89-d63128cad841",-18.131107,142.214574,2025-04-06 07:40:10,"PRESENT","iNaturalist Australia"
"882","3ff13ccd-1f6c-4dcf-ba75-565af70693a1","Acraea terpsicore","https://biodiversity.org.au/afd/taxa/ba632bea-a7b4-4b60-bf89-d63128cad841",-23.441008,144.258575,2021-06-09 16:12:10,"PRESENT","iNaturalist Australia"
"883","3ffcb91c-f4b8-4915-804a-12582fe38fdb","Acraea terpsicore","https://biodiversity.org.au/afd/taxa/ba632bea-a7b4-4b60-bf89-d63128cad841",-20.58954,139.57504,2023-09-02 17:34:00,"PRESENT","Butterflies Australia"
"884","405dd2c7-a0e3-4e1a-83ab-5daddc36d98d","Acraea terpsicore","https://biodiversity.org.au/afd/taxa/ba632bea-a7b4-4b60-bf89-d63128cad841",-17.4287,145.405,2021-04-22 10:45:00,"PRESENT","Butterflies Australia"
"885","4074001a-de65-4152-b4cb-73b342f8980e","Acraea terpsicore","https://biodiversity.org.au/afd/taxa/ba632bea-a7b4-4b60-bf89-d63128cad841",-19.324115,146.750537,2024-08-07,"PRESENT","iNaturalist Australia"
"886","40b56e98-aacb-416b-b4ec-00bb342f5ac1","Acraea andromacha","https://biodiversity.org.au/afd/taxa/86294130-ca0d-4e27-81da-5a82a7cd4c87",-27.490912,153.186297,2022-12-24 12:03:00,"PRESENT","iNaturalist Australia"
"887","40b677c4-3eca-4bb6-a720-c8297d31b139","Acraea terpsicore","https://biodiversity.org.au/afd/taxa/ba632bea-a7b4-4b60-bf89-d63128cad841",-12.446708,130.87726,2021-04-20 11:14:00,"PRESENT","iNaturalist Australia"
"888","40ba89eb-e338-43df-b17c-80fb3f10736c","Acraea terpsicore","https://biodiversity.org.au/afd/taxa/ba632bea-a7b4-4b60-bf89-d63128cad841",-19.311114,146.724295,2025-05-17 11:30:00,"PRESENT","iNaturalist Australia"
"889","40d1a75a-339f-49ea-9330-7c9cb63280cd","Acraea terpsicore","https://biodiversity.org.au/afd/taxa/ba632bea-a7b4-4b60-bf89-d63128cad841",-17.491402,128.583462,2025-05-11 11:58:42,"PRESENT","iNaturalist Australia"
"890","40f1f9f5-1329-4a19-b273-ca3dd9cd8ade","Acraea terpsicore","https://biodiversity.org.au/afd/taxa/ba632bea-a7b4-4b60-bf89-d63128cad841",-19.233505,146.78261,2022-07-18 12:01:00,"PRESENT","iNaturalist Australia"
"891","40fae1c2-3995-4614-b920-559721ec320d","Acraea andromacha","https://biodiversity.org.au/afd/taxa/86294130-ca0d-4e27-81da-5a82a7cd4c87",-28.019207,153.323078,2025-12-31 15:22:00,"PRESENT","iNaturalist Australia"
"892","4100604c-9269-4d9c-9e16-5824ba9fc49a","Acraea andromacha","https://biodiversity.org.au/afd/taxa/86294130-ca0d-4e27-81da-5a82a7cd4c87",-27.562122,153.173597,2025-11-25 13:34:11,"PRESENT","iNaturalist Australia"
"893","4101dddb-167b-4d4d-9688-6363f9b88340","Acraea terpsicore","https://biodiversity.org.au/afd/taxa/ba632bea-a7b4-4b60-bf89-d63128cad841",-19.189533,146.77385,2024-11-03 11:23:40,"PRESENT","iNaturalist Australia"
"894","4105b272-6344-47ba-beab-4c99ebffd3bf","Acraea andromacha","https://biodiversity.org.au/afd/taxa/86294130-ca0d-4e27-81da-5a82a7cd4c87",-19.9889,148.260378,2024-07-28 10:05:45,"PRESENT","iNaturalist Australia"
"895","410ccd67-02b9-4733-a734-a3268ce0e100","Acraea terpsicore","https://biodiversity.org.au/afd/taxa/ba632bea-a7b4-4b60-bf89-d63128cad841",-17.465925,140.842058,2024-07-27 12:03:00,"PRESENT","iNaturalist Australia"
"896","414e64d2-382d-4ddb-bbf1-e22a14b8657b","Acraea andromacha","https://biodiversity.org.au/afd/taxa/86294130-ca0d-4e27-81da-5a82a7cd4c87",-27.643985,153.00303,2025-04-26 10:05:00,"PRESENT","iNaturalist Australia"
"897","414f237b-1568-4bab-9a27-fa5b15ea955a","Afrohybanthus enneaspermus","https://id.biodiversity.org.au/taxon/apni/51448720",-12.439134,130.881844,2024-03-13 10:09:00,"PRESENT","iNaturalist Australia"
"898","4171effa-af11-4640-ba79-ddee6deea4c5","Afrohybanthus enneaspermus","https://id.biodiversity.org.au/taxon/apni/51448720",-15.597383,133.227878,2021-02-09 13:50:00,"PRESENT","iNaturalist Australia"
"899","419546c9-5271-48c9-bf14-428af4e130c7","Acraea andromacha","https://biodiversity.org.au/afd/taxa/86294130-ca0d-4e27-81da-5a82a7cd4c87",-27.735448,152.706493,2022-11-19 12:54:00,"PRESENT","iNaturalist Australia"
"900","419d6658-1e3e-4f12-a36c-f35f31238c35","Acraea andromacha","https://biodiversity.org.au/afd/taxa/86294130-ca0d-4e27-81da-5a82a7cd4c87",-20.8355,140.05417,2023-08-23 00:26:00,"PRESENT","Butterflies Australia"
"901","41c5c3ba-701e-4cb0-adcd-bdc687f4c0e8","Acraea terpsicore","https://biodiversity.org.au/afd/taxa/ba632bea-a7b4-4b60-bf89-d63128cad841",-12.343043,130.964198,2024-08-23,"PRESENT","iNaturalist Australia"
"902","41d0fa7a-1236-496d-b0da-805115041a0e","Acraea andromacha","https://biodiversity.org.au/afd/taxa/86294130-ca0d-4e27-81da-5a82a7cd4c87",-27.788308,152.394775,2025-02-28 11:20:36,"PRESENT","iNaturalist Australia"
"903","41daef0e-90c7-4144-a6b1-ee91a9994e71","Acraea andromacha","https://biodiversity.org.au/afd/taxa/86294130-ca0d-4e27-81da-5a82a7cd4c87",-27.70592,152.90831,2022-11-19 00:07:00,"PRESENT","Butterflies Australia"
"904","41e4c988-ea56-43c7-9648-50c4bc36d583","Acraea andromacha","https://biodiversity.org.au/afd/taxa/86294130-ca0d-4e27-81da-5a82a7cd4c87",-27.485029,152.952764,2021-12-30 10:20:00,"PRESENT","iNaturalist Australia"
"905","42203cad-f871-4ad1-9857-d838c3796507","Afrohybanthus enneaspermus","https://id.biodiversity.org.au/taxon/apni/51448720",-23.491742,150.478323,2024-02-03 07:06:31,"PRESENT","iNaturalist Australia"
"906","423665b3-2067-499d-ba5c-8935e0fe5873","Acraea terpsicore","https://biodiversity.org.au/afd/taxa/ba632bea-a7b4-4b60-bf89-d63128cad841",-27.485642,152.954136,2022-03-21 12:36:00,"PRESENT","iNaturalist Australia"
"907","4238b94f-dadb-4997-949f-7ec287bfab5b","Acraea andromacha","https://biodiversity.org.au/afd/taxa/86294130-ca0d-4e27-81da-5a82a7cd4c87",-25.99916,152.97692,2022-12-26 03:41:00,"PRESENT","Butterflies Australia"
"908","423beb0e-d878-47d0-ba0c-ffeb4a75773c","Acraea andromacha","https://biodiversity.org.au/afd/taxa/86294130-ca0d-4e27-81da-5a82a7cd4c87",-23.591668,150.470423,2024-08-05 13:25:47,"PRESENT","iNaturalist Australia"
"909","42612a2e-5b69-48d2-a84d-ecb9f299b2aa","Acraea terpsicore","https://biodiversity.org.au/afd/taxa/ba632bea-a7b4-4b60-bf89-d63128cad841",-22.849943,149.436125,2022-02-18,"PRESENT","Butterflies Australia"
"910","4267103e-b743-454e-8576-1fae51b440b4","Acraea andromacha","https://biodiversity.org.au/afd/taxa/86294130-ca0d-4e27-81da-5a82a7cd4c87",-17.935465,122.21581,2022-09-18 13:07:00,"PRESENT","iNaturalist Australia"
"911","42710625-cced-46e9-9b32-c512240a3134","Afrohybanthus enneaspermus","https://id.biodiversity.org.au/taxon/apni/51448720",-23.12993,150.294984,2022-08-08 13:59:33,"PRESENT","iNaturalist Australia"
"912","429081b6-45fa-442b-9e22-2fad287cc112","Acraea andromacha","https://biodiversity.org.au/afd/taxa/86294130-ca0d-4e27-81da-5a82a7cd4c87",-28.495492,151.975875,2024-07-09 10:52:27,"PRESENT","iNaturalist Australia"
"913","4293ef11-29de-47b7-80f6-805ecd149b95","Acraea andromacha","https://biodiversity.org.au/afd/taxa/86294130-ca0d-4e27-81da-5a82a7cd4c87",-27.268435,152.058706,2021-02-21 13:00:00,"PRESENT","iNaturalist Australia"
"914","42a404bc-be2c-4e68-8c5d-c6173068dacc","Acraea terpsicore","https://biodiversity.org.au/afd/taxa/ba632bea-a7b4-4b60-bf89-d63128cad841",-19.405325,146.729717,2021-08-27 14:46:00,"PRESENT","iNaturalist Australia"
"915","42ae3d76-7d89-4cbc-acb3-1f09e7ab4420","Acraea andromacha","https://biodiversity.org.au/afd/taxa/86294130-ca0d-4e27-81da-5a82a7cd4c87",-25.517029,148.861736,2022-04-16 11:45:00,"PRESENT","iNaturalist Australia"
"916","42dc8fe9-3fc3-410a-9a3b-884f0fc31457","Acraea terpsicore","https://biodiversity.org.au/afd/taxa/ba632bea-a7b4-4b60-bf89-d63128cad841",-18.6461,139.2526,2023-09-07 23:00:00,"PRESENT","Butterflies Australia"
"917","42fe17b3-7bd2-45dd-9958-13a9bd9ca1af","Acraea andromacha","https://biodiversity.org.au/afd/taxa/86294130-ca0d-4e27-81da-5a82a7cd4c87",-28.28323,152.72626,2023-01-07 22:45:00,"PRESENT","Butterflies Australia"
"918","431af7b0-e929-447d-9f59-2473bd8d1e1f","Afrohybanthus enneaspermus","https://id.biodiversity.org.au/taxon/apni/51448720",-19.1841,146.7736,2024-12-22 11:53:00,"PRESENT","iNaturalist Australia"
"919","433988b9-d783-4e51-b2b6-f5f85eed1c6c","Acraea terpsicore","https://biodiversity.org.au/afd/taxa/ba632bea-a7b4-4b60-bf89-d63128cad841",-14.437844,132.274594,2023-04-27 09:53:33,"PRESENT","iNaturalist Australia"
"920","4345f0a0-42ef-44f9-a11e-96b38a18d734","Acraea andromacha","https://biodiversity.org.au/afd/taxa/86294130-ca0d-4e27-81da-5a82a7cd4c87",-28.074029,151.042886,2022-10-23 09:28:00,"PRESENT","iNaturalist Australia"
"921","435ac0ba-66d2-4efd-8c4b-e1d8d0502c1e","Afrohybanthus enneaspermus","https://id.biodiversity.org.au/taxon/apni/51448720",-20.547409,145.071161,2022-10-07 12:11:00,"PRESENT","iNaturalist Australia"
"922","436f6f57-73a3-4a0c-aacb-75e2c67dfcfd","Acraea terpsicore","https://biodiversity.org.au/afd/taxa/ba632bea-a7b4-4b60-bf89-d63128cad841",-18.657486,146.145424,2021-09-29 08:35:00,"PRESENT","iNaturalist Australia"
"923","43730079-39d3-4fb5-aa30-037a49b7e569","Acraea terpsicore","https://biodiversity.org.au/afd/taxa/ba632bea-a7b4-4b60-bf89-d63128cad841",-12.371995,130.868864,2021-05-01 08:36:00,"PRESENT","iNaturalist Australia"
"924","43751e7b-368e-4638-a97c-555cbea9dd84","Acraea terpsicore","https://biodiversity.org.au/afd/taxa/ba632bea-a7b4-4b60-bf89-d63128cad841",-19.195593,146.762863,2025-05-08 20:54:22,"PRESENT","iNaturalist Australia"
"925","439b7749-1749-4bf8-a2f6-cfa2c6e1cd0c","Acraea andromacha","https://biodiversity.org.au/afd/taxa/86294130-ca0d-4e27-81da-5a82a7cd4c87",-27.509169,152.993038,2021-01-18 14:00:00,"PRESENT","Brisbane’s Big Butterfly Count"
"926","43aec4ce-bd85-4e07-b2ea-c3fccd8dffdd","Afrohybanthus enneaspermus","https://id.biodiversity.org.au/taxon/apni/51448720",-12.70994,131.090185,2024-11-23 09:18:00,"PRESENT","iNaturalist Australia"
"927","43d79c0e-568b-4df0-b7b9-220536231c2b","Afrohybanthus enneaspermus","https://id.biodiversity.org.au/taxon/apni/51448720",-16.74706,135.00227,2022-02-17,"PRESENT","Flora Atlas N.T."
"928","43ded6bf-6f2c-48d7-b1ce-b1b48d59325d","Acraea andromacha","https://biodiversity.org.au/afd/taxa/86294130-ca0d-4e27-81da-5a82a7cd4c87",-28.670354,153.319465,2022-04-22 14:37:00,"PRESENT","iNaturalist Australia"
"929","43e3058f-ebdb-4448-8164-b47a1e06b36e","Acraea terpsicore","https://biodiversity.org.au/afd/taxa/ba632bea-a7b4-4b60-bf89-d63128cad841",-17.407108,124.950625,2021-08-15 10:33:00,"PRESENT","iNaturalist Australia"
"930","440f07b5-352c-4c46-a1ca-7ed043a5c409","Acraea andromacha","https://biodiversity.org.au/afd/taxa/86294130-ca0d-4e27-81da-5a82a7cd4c87",-27.340113,153.079155,2022-01-15 14:11:08,"PRESENT","iNaturalist Australia"
"931","4428ef48-e480-4ea3-8fa7-efb814681f76","Acraea terpsicore","https://biodiversity.org.au/afd/taxa/ba632bea-a7b4-4b60-bf89-d63128cad841",-19.1903,146.774033,2025-06-18 11:13:00,"PRESENT","iNaturalist Australia"
"932","442a32bb-7007-4d2a-a7ee-8e21ec68fa00","Acraea andromacha","https://biodiversity.org.au/afd/taxa/86294130-ca0d-4e27-81da-5a82a7cd4c87",-27.579952,153.293277,2023-01-02 07:56:07,"PRESENT","iNaturalist Australia"
"933","4435cdb0-3391-4f7b-b9ce-864b1d61ca81","Acraea terpsicore","https://biodiversity.org.au/afd/taxa/ba632bea-a7b4-4b60-bf89-d63128cad841",-18.01553,138.94977,2023-09-11 00:51:00,"PRESENT","Butterflies Australia"
"934","4453957b-70fb-4ef0-8e47-8717fd870073","Acraea andromacha","https://biodiversity.org.au/afd/taxa/86294130-ca0d-4e27-81da-5a82a7cd4c87",-35.274178,149.106463,2022-04-12 03:06:00,"PRESENT","NatureMapr"
"935","445d645b-3195-4025-b75b-07325e694e8a","Afrohybanthus enneaspermus","https://id.biodiversity.org.au/taxon/apni/51448720",-23.493958,150.481324,2025-02-09 07:10:33,"PRESENT","iNaturalist Australia"
"936","4479e8b5-daa0-450a-b6e0-af4aa9e19f3d","Acraea terpsicore","https://biodiversity.org.au/afd/taxa/ba632bea-a7b4-4b60-bf89-d63128cad841",-18.0451,144.9011,2021-04-25 09:15:00,"PRESENT","Butterflies Australia"
"937","4480bae3-ff81-41d3-8876-9cc0c808fb61","Acraea andromacha","https://biodiversity.org.au/afd/taxa/86294130-ca0d-4e27-81da-5a82a7cd4c87",-28.803522,151.891932,2024-03-02 16:58:00,"PRESENT","iNaturalist Australia"
"938","44859a86-5f7d-46a3-885a-3ef0b3dac1b1","Afrohybanthus enneaspermus","https://id.biodiversity.org.au/taxon/apni/51448720",-21.50254,147.873965,2024-08-24 09:57:42,"PRESENT","iNaturalist Australia"
"939","4498cad8-cf70-4287-a289-a078e6bcc838","Acraea andromacha","https://biodiversity.org.au/afd/taxa/86294130-ca0d-4e27-81da-5a82a7cd4c87",-27.680208,152.848674,2021-01-07 14:28:00,"PRESENT","iNaturalist Australia"
"940","4498f567-922b-4b90-893b-dc4ea5c85c40","Acraea andromacha","https://biodiversity.org.au/afd/taxa/86294130-ca0d-4e27-81da-5a82a7cd4c87",-24.883958,152.4885,2025-08-04 10:38:00,"PRESENT","iNaturalist Australia"
"941","44b1f38e-8d76-412b-afa4-43dfd2e670ab","Acraea terpsicore","https://biodiversity.org.au/afd/taxa/ba632bea-a7b4-4b60-bf89-d63128cad841",-22.817217,150.809652,2022-01-10 12:00:35,"PRESENT","iNaturalist Australia"
"942","44b9c78d-a907-4e61-8fcb-723f21392f72","Acraea terpsicore","https://biodiversity.org.au/afd/taxa/ba632bea-a7b4-4b60-bf89-d63128cad841",-12.629275,141.87445,2022-08-24 11:29:27,"PRESENT","iNaturalist Australia"
"943","44be815c-b952-45ce-8666-1e50c2ad60a7","Afrohybanthus enneaspermus","https://id.biodiversity.org.au/taxon/apni/51448720",-16.78243,133.47063,2022-02-18,"PRESENT","Western Australian Herbarium (PERTH) AVH data"
"944","44c57557-50f3-48ab-9b40-4a2eed8dad1b","Acraea terpsicore","https://biodiversity.org.au/afd/taxa/ba632bea-a7b4-4b60-bf89-d63128cad841",-17.410641,145.06215,2021-05-25 10:14:00,"PRESENT","iNaturalist Australia"
"945","44d182b9-cdb2-436a-8f91-458771ce8a47","Acraea terpsicore","https://biodiversity.org.au/afd/taxa/ba632bea-a7b4-4b60-bf89-d63128cad841",-27.485933,152.950914,2022-03-09 13:06:35,"PRESENT","iNaturalist Australia"
"946","44da0a2f-c9fc-4916-a0a2-9d1e250699e8","Acraea andromacha","https://biodiversity.org.au/afd/taxa/86294130-ca0d-4e27-81da-5a82a7cd4c87",-27.548637,153.054512,2023-02-05 10:24:00,"PRESENT","iNaturalist Australia"
"947","44e242dd-346e-43d8-bcba-9238ccfd5537","Acraea andromacha","https://biodiversity.org.au/afd/taxa/86294130-ca0d-4e27-81da-5a82a7cd4c87",-30.595025,151.48157,2022-01-31 18:09:27,"PRESENT","iNaturalist Australia"
"948","4533ace0-86af-4207-809b-ab4c3c2f9573","Acraea terpsicore","https://biodiversity.org.au/afd/taxa/ba632bea-a7b4-4b60-bf89-d63128cad841",-19.316733,146.679278,2024-08-14,"PRESENT","iNaturalist Australia"
"949","45470f2c-90ff-4569-95c7-9bbe6718574e","Acraea andromacha","https://biodiversity.org.au/afd/taxa/86294130-ca0d-4e27-81da-5a82a7cd4c87",-33.692933,150.598022,2024-04-03 14:43:07,"PRESENT","iNaturalist Australia"
"950","454ac0d6-87f2-41ac-957b-704240887d69","Acraea andromacha","https://biodiversity.org.au/afd/taxa/86294130-ca0d-4e27-81da-5a82a7cd4c87",-27.744125,152.905014,2025-08-15 11:30:27,"PRESENT","iNaturalist Australia"
"951","45566632-a478-4cfb-9929-9aeb496b7342","Acraea andromacha","https://biodiversity.org.au/afd/taxa/86294130-ca0d-4e27-81da-5a82a7cd4c87",-18.2214,144.6666,2021-03-21 12:30:00,"PRESENT","Butterflies Australia"
"952","456decf0-cb51-42c6-af44-11d6786c47f2","Acraea andromacha","https://biodiversity.org.au/afd/taxa/86294130-ca0d-4e27-81da-5a82a7cd4c87",-27.482195,153.185248,2021-02-21 19:12:29,"PRESENT","Brisbane’s Big Butterfly Count"
"953","457beca1-6f57-40ea-a04d-b4abc8f65f28","Acraea andromacha","https://biodiversity.org.au/afd/taxa/86294130-ca0d-4e27-81da-5a82a7cd4c87",-27.078029,151.747007,2024-02-28 11:00:00,"PRESENT","iNaturalist Australia"
"954","458539e5-fa65-48e3-9e51-9532b16a0a07","Acraea andromacha","https://biodiversity.org.au/afd/taxa/86294130-ca0d-4e27-81da-5a82a7cd4c87",-27.6,152.4,2021-08-12 14:07:00,"PRESENT","Earth Guardians Weekly Feed"
"955","458ac1ea-2659-4b33-a30d-7a082b7090e2","Acraea andromacha","https://biodiversity.org.au/afd/taxa/86294130-ca0d-4e27-81da-5a82a7cd4c87",-29.880226,152.788596,2025-04-27 11:54:55,"PRESENT","iNaturalist Australia"
"956","458d52b1-35a8-46ac-b48b-2629037e6318","Acraea andromacha","https://biodiversity.org.au/afd/taxa/86294130-ca0d-4e27-81da-5a82a7cd4c87",-30.119365,153.019913,2025-04-20 11:02:00,"PRESENT","iNaturalist Australia"
"957","45ac5848-438d-48b7-8e51-b5a851563d4c","Acraea andromacha","https://biodiversity.org.au/afd/taxa/86294130-ca0d-4e27-81da-5a82a7cd4c87",-24.175531,151.889788,2024-09-06 12:29:00,"PRESENT","iNaturalist Australia"
"958","45b1891f-1588-46be-9a39-822268b2d77b","Acraea andromacha","https://biodiversity.org.au/afd/taxa/86294130-ca0d-4e27-81da-5a82a7cd4c87",-25.042633,148.192885,2024-09-28 10:51:00,"PRESENT","iNaturalist Australia"
"959","45b867df-a47a-4412-9834-e1b1f47d484f","Afrohybanthus enneaspermus","https://id.biodiversity.org.au/taxon/apni/51448720",-12.396738,130.928012,2024-03-17 09:26:00,"PRESENT","iNaturalist Australia"
"960","45bf2076-ac6a-41cf-b3c5-7a9d26459a9d","Acraea andromacha","https://biodiversity.org.au/afd/taxa/86294130-ca0d-4e27-81da-5a82a7cd4c87",-27.097117,153.164078,2022-02-07 12:08:00,"PRESENT","iNaturalist Australia"
"961","45dc5bb1-5545-483d-817f-98be0a0eb713","Acraea andromacha","https://biodiversity.org.au/afd/taxa/86294130-ca0d-4e27-81da-5a82a7cd4c87",-24.212346,151.903333,2021-12-27 12:30:43,"PRESENT","iNaturalist Australia"
"962","460d4625-a862-4319-9530-bc767bf2d2f9","Afrohybanthus enneaspermus","https://id.biodiversity.org.au/taxon/apni/51448720",-12.509205,131.852069,2024-02-21 12:12:00,"PRESENT","iNaturalist Australia"
"963","460f96e5-8dd6-4bfc-b1df-a3d13746a207","Acraea andromacha","https://biodiversity.org.au/afd/taxa/86294130-ca0d-4e27-81da-5a82a7cd4c87",-25.788908,152.696167,2021-12-05 15:25:00,"PRESENT","iNaturalist Australia"
"964","463b5f22-433f-40b4-b92f-bf80aa232b20","Afrohybanthus enneaspermus","https://id.biodiversity.org.au/taxon/apni/51448720",-12.179253,136.730981,2023-04-22 08:07:00,"PRESENT","iNaturalist Australia"
"965","463d09ae-db95-4bd8-89d8-a9d28243fcea","Acraea andromacha","https://biodiversity.org.au/afd/taxa/86294130-ca0d-4e27-81da-5a82a7cd4c87",-27.712378,152.900694,2023-05-01 14:24:00,"PRESENT","iNaturalist Australia"
"966","4645d0e2-3ea2-4e8d-b7e7-1ca7ab05f558","Acraea andromacha","https://biodiversity.org.au/afd/taxa/86294130-ca0d-4e27-81da-5a82a7cd4c87",-23.647442,148.066922,2024-09-19 10:19:00,"PRESENT","iNaturalist Australia"
"967","464cc066-77da-4a1a-8633-991c7c1ea96a","Acraea terpsicore","https://biodiversity.org.au/afd/taxa/ba632bea-a7b4-4b60-bf89-d63128cad841",-19.165311,146.848243,2022-07-09 12:49:00,"PRESENT","iNaturalist Australia"
"968","4650a22a-97f4-4587-8e29-07b680980c49","Acraea andromacha","https://biodiversity.org.au/afd/taxa/86294130-ca0d-4e27-81da-5a82a7cd4c87",-27.29422,153.040817,2022-02-10 13:13:00,"PRESENT","iNaturalist Australia"
"969","465367ae-7770-4cb5-bed4-c1b97b5ec514","Acraea terpsicore","https://biodiversity.org.au/afd/taxa/ba632bea-a7b4-4b60-bf89-d63128cad841",-12.366272,130.864533,2025-04-30 16:02:13,"PRESENT","iNaturalist Australia"
"970","465df1a5-0580-4635-a0c5-35d859532678","Acraea terpsicore","https://biodiversity.org.au/afd/taxa/ba632bea-a7b4-4b60-bf89-d63128cad841",-20.695353,139.511458,2022-12-26 15:01:55,"PRESENT","iNaturalist Australia"
"971","468a20e5-0487-47bf-a746-06aa19a8bd37","Acraea andromacha","https://biodiversity.org.au/afd/taxa/86294130-ca0d-4e27-81da-5a82a7cd4c87",-27.435718,153.545197,2023-05-19 11:20:00,"PRESENT","iNaturalist Australia"
"972","468b61f2-18e6-43a2-adec-bd8ff5377883","Acraea terpsicore","https://biodiversity.org.au/afd/taxa/ba632bea-a7b4-4b60-bf89-d63128cad841",-27.490894,153.186294,2022-04-02 09:57:49,"PRESENT","iNaturalist Australia"
"973","46a6068d-b129-4b1b-9d2b-8172aed2963f","Acraea andromacha","https://biodiversity.org.au/afd/taxa/86294130-ca0d-4e27-81da-5a82a7cd4c87",-27.337674,153.079302,2021-03-08 20:10:00,"PRESENT","iNaturalist Australia"
"974","46b93196-8939-477f-bf6f-a0dc9f2adcde","Acraea andromacha","https://biodiversity.org.au/afd/taxa/86294130-ca0d-4e27-81da-5a82a7cd4c87",-26.875988,151.57275,2026-01-11 15:26:28,"PRESENT","iNaturalist Australia"
"975","46bbca84-7e60-4536-abb8-ccdf6f7fe93f","Acraea andromacha","https://biodiversity.org.au/afd/taxa/86294130-ca0d-4e27-81da-5a82a7cd4c87",-12.330369,130.896164,2023-05-12 11:31:00,"PRESENT","iNaturalist Australia"
"976","46e77306-edfb-4305-b7b3-c3b58b8b6d44","Acraea andromacha","https://biodiversity.org.au/afd/taxa/86294130-ca0d-4e27-81da-5a82a7cd4c87",-27.483007,152.957933,2021-03-08 11:33:33,"PRESENT","iNaturalist Australia"
"977","46ec7ee3-9868-47f3-b157-36e3d64858e1","Acraea terpsicore","https://biodiversity.org.au/afd/taxa/ba632bea-a7b4-4b60-bf89-d63128cad841",-26.504386,153.087115,2022-02-22 12:05:00,"PRESENT","iNaturalist Australia"
"978","472069e2-922a-447c-9b17-174c3884b61c","Acraea andromacha","https://biodiversity.org.au/afd/taxa/86294130-ca0d-4e27-81da-5a82a7cd4c87",-30.357649,153.104489,2024-06-19 11:00:19,"PRESENT","iNaturalist Australia"
"979","472249e8-f75b-4df8-b58b-94b3b1501115","Acraea terpsicore","https://biodiversity.org.au/afd/taxa/ba632bea-a7b4-4b60-bf89-d63128cad841",-27.296806,152.226853,2021-04-10 11:20:31,"PRESENT","iNaturalist Australia"
"980","472480dc-e797-4f28-9c46-5bf4cd2e3393","Adenia heterophylla","https://id.biodiversity.org.au/taxon/apni/51442112",-16.932603,145.987091,2021-07-13 15:01:22,"PRESENT","iNaturalist Australia"
"981","472564ff-bdb0-40b0-8dbd-bf332e6ed138","Acraea andromacha","https://biodiversity.org.au/afd/taxa/86294130-ca0d-4e27-81da-5a82a7cd4c87",-27.236846,152.427456,2025-02-02 09:24:00,"PRESENT","iNaturalist Australia"
"982","4725d864-5c75-4033-ae7f-5a2315804675","Acraea andromacha","https://biodiversity.org.au/afd/taxa/86294130-ca0d-4e27-81da-5a82a7cd4c87",-29.780292,151.348858,2024-02-21 07:27:14,"PRESENT","iNaturalist Australia"
"983","47276f22-7709-4a06-b4e1-4cd39acf5eaf","Acraea terpsicore","https://biodiversity.org.au/afd/taxa/ba632bea-a7b4-4b60-bf89-d63128cad841",-19.188238,146.771665,2025-10-04 09:41:00,"PRESENT","iNaturalist Australia"
"984","47680055-dbd3-4f65-a534-4b2d0cd5151e","Acraea andromacha","https://biodiversity.org.au/afd/taxa/86294130-ca0d-4e27-81da-5a82a7cd4c87",-26.498333,153.084444,2022-11-20 12:28:00,"PRESENT","iNaturalist Australia"
"985","4777c35a-e946-4c9a-adc9-516f6696695d","Acraea andromacha","https://biodiversity.org.au/afd/taxa/86294130-ca0d-4e27-81da-5a82a7cd4c87",-27.435684,153.545727,2024-10-20 11:09:00,"PRESENT","iNaturalist Australia"
"986","47d90be6-2b38-4e92-935b-1a54fe6a9291","Afrohybanthus enneaspermus","https://id.biodiversity.org.au/taxon/apni/51448720",-23.461379,150.471297,2021-03-21 06:39:27,"PRESENT","iNaturalist Australia"
"987","47dc7ea4-f548-4ee9-ab62-d98cd7dbce08","Acraea andromacha","https://biodiversity.org.au/afd/taxa/86294130-ca0d-4e27-81da-5a82a7cd4c87",-28.069188,153.267559,2024-03-21 11:01:00,"PRESENT","iNaturalist Australia"
"988","47e66ebd-85f1-478b-b65c-030f02bb14eb","Acraea andromacha","https://biodiversity.org.au/afd/taxa/86294130-ca0d-4e27-81da-5a82a7cd4c87",-27.694448,152.865207,2024-03-03 09:03:00,"PRESENT","iNaturalist Australia"
"989","47f52529-167c-4f9a-b59b-42ff819f2d8c","Acraea andromacha","https://biodiversity.org.au/afd/taxa/86294130-ca0d-4e27-81da-5a82a7cd4c87",-26.852405,152.72728,2024-01-19 07:43:00,"PRESENT","iNaturalist Australia"
"990","480e3efe-2fb7-4a42-a225-752d67de73bf","Acraea andromacha","https://biodiversity.org.au/afd/taxa/86294130-ca0d-4e27-81da-5a82a7cd4c87",-35.276185,149.106449,2022-02-21 01:42:00,"PRESENT","NatureMapr"
"991","481076d8-8b17-4751-b0f7-6853f95e7f07","Afrohybanthus enneaspermus","https://id.biodiversity.org.au/taxon/apni/51448720",-20.064745,148.46464,2024-04-22 07:34:00,"PRESENT","iNaturalist Australia"
"992","483e981c-f448-4c3d-b31c-ab8e6daff90b","Acraea terpsicore","https://biodiversity.org.au/afd/taxa/ba632bea-a7b4-4b60-bf89-d63128cad841",-18.1394,144.3215,2021-03-23 09:45:00,"PRESENT","Butterflies Australia"
"993","4871ec33-0300-4382-b2fe-eb8d3612660c","Afrohybanthus enneaspermus","https://id.biodiversity.org.au/taxon/apni/51448720",-17.40551,130.97986,2023-08-03,"PRESENT","Northern Territory Herbarium (DNA) AVH data"
"994","4873098d-83f6-4c36-8400-df3d485c570d","Acraea andromacha","https://biodiversity.org.au/afd/taxa/86294130-ca0d-4e27-81da-5a82a7cd4c87",-32.725578,148.191598,2025-04-01 12:24:00,"PRESENT","iNaturalist Australia"
"995","488bf260-378a-45d3-aa0a-591a3da6eea5","Acraea terpsicore","https://biodiversity.org.au/afd/taxa/ba632bea-a7b4-4b60-bf89-d63128cad841",-19.207633,146.741807,2021-05-16 15:30:00,"PRESENT","iNaturalist Australia"
"996","489ebe7b-4429-4e28-bc5d-ec0dd7c26ba3","Acraea andromacha","https://biodiversity.org.au/afd/taxa/86294130-ca0d-4e27-81da-5a82a7cd4c87",-27.394368,152.913727,2025-07-22 10:26:55,"PRESENT","iNaturalist Australia"
"997","489f0a4b-5d4f-463a-81d9-df0d74da6989","Acraea terpsicore","https://biodiversity.org.au/afd/taxa/ba632bea-a7b4-4b60-bf89-d63128cad841",-16.483973,145.462252,2022-06-16 14:03:00,"PRESENT","iNaturalist Australia"
"998","48a713df-64cf-48c9-b867-d948ed50caf4","Acraea terpsicore","https://biodiversity.org.au/afd/taxa/ba632bea-a7b4-4b60-bf89-d63128cad841",-19.5708,146.840761,2022-01-03 14:02:00,"PRESENT","iNaturalist Australia"
"999","48b1234e-e5d7-4ebd-ab9e-865333406abb","Acraea terpsicore","https://biodiversity.org.au/afd/taxa/ba632bea-a7b4-4b60-bf89-d63128cad841",-27.485505,152.954085,2022-01-09 12:42:00,"PRESENT","iNaturalist Australia"
"1000","48b1b014-f4d0-44ef-a0b9-08b94a827254","Acraea andromacha","https://biodiversity.org.au/afd/taxa/86294130-ca0d-4e27-81da-5a82a7cd4c87",-27.35052,153.095495,2024-01-29 10:47:00,"PRESENT","iNaturalist Australia"
"1001","48b24a0e-05dd-4408-8547-718229f15699","Acraea andromacha","https://biodiversity.org.au/afd/taxa/afb7279d-cb44-4c89-be73-cf1e0a48cf46",-27.58101,151.97402,2023-04-01,"PRESENT","WildNet - Queensland Wildlife Data"
"1002","48f615d1-222c-461e-93ae-0edc10ca5e48","Acraea andromacha","https://biodiversity.org.au/afd/taxa/86294130-ca0d-4e27-81da-5a82a7cd4c87",-28.258883,153.401701,2021-09-07 11:53:00,"PRESENT","iNaturalist Australia"
"1003","490b862a-0c4d-4650-bf9c-a55e784f976c","Acraea andromacha","https://biodiversity.org.au/afd/taxa/86294130-ca0d-4e27-81da-5a82a7cd4c87",-28.297544,153.293186,2022-11-22 13:45:00,"PRESENT","iNaturalist Australia"
"1004","49300451-6ac4-4e59-ad20-69d4a35e0c58","Acraea terpsicore","https://biodiversity.org.au/afd/taxa/ba632bea-a7b4-4b60-bf89-d63128cad841",-18.219397,144.666963,2021-07-05 12:00:00,"PRESENT","iNaturalist Australia"
"1005","493e0a1a-f35a-4e6b-988f-61daf77580ca","Acraea terpsicore","https://biodiversity.org.au/afd/taxa/ba632bea-a7b4-4b60-bf89-d63128cad841",-14.315547,132.420989,2025-06-17 14:12:00,"PRESENT","iNaturalist Australia"
"1006","495016a0-0809-4aa6-b873-ab76caeb7d99","Acraea andromacha","https://biodiversity.org.au/afd/taxa/86294130-ca0d-4e27-81da-5a82a7cd4c87",-27.600879,153.374159,2025-08-30 10:09:03,"PRESENT","iNaturalist Australia"
"1007","49531536-03ce-4494-826b-e16bc1341c6f","Acraea terpsicore","https://biodiversity.org.au/afd/taxa/ba632bea-a7b4-4b60-bf89-d63128cad841",-12.463733,130.844445,2025-04-27 13:57:00,"PRESENT","iNaturalist Australia"
"1008","495658a8-be62-4e9f-8d59-2dad7ec66ee7","Acraea andromacha","https://biodiversity.org.au/afd/taxa/86294130-ca0d-4e27-81da-5a82a7cd4c87",-31.018601,152.121418,2024-04-21 09:42:10,"PRESENT","iNaturalist Australia"
"1009","495cfb1a-586d-4080-916e-eb86caed0350","Acraea andromacha","https://biodiversity.org.au/afd/taxa/86294130-ca0d-4e27-81da-5a82a7cd4c87",-27.917195,152.360258,2024-05-05 14:51:00,"PRESENT","iNaturalist Australia"
"1010","497ed147-3b0d-4577-8ace-d76a9766d013","Acraea andromacha","https://biodiversity.org.au/afd/taxa/86294130-ca0d-4e27-81da-5a82a7cd4c87",-17.42015,128.401458,2024-07-05 13:05:25,"PRESENT","iNaturalist Australia"
"1011","4985a767-87ff-406e-bff2-444ca97ecac8","Acraea andromacha","https://biodiversity.org.au/afd/taxa/86294130-ca0d-4e27-81da-5a82a7cd4c87",-25.512995,152.699484,2023-02-17,"PRESENT","iNaturalist Australia"
"1012","49b0fa6f-8ec4-4fac-96c1-246ca23a6e7e","Acraea andromacha","https://biodiversity.org.au/afd/taxa/86294130-ca0d-4e27-81da-5a82a7cd4c87",-27.539614,153.051473,2022-02-05 09:41:00,"PRESENT","iNaturalist Australia"
"1013","49bedf5e-b996-404a-b276-751105a2a633","Acraea andromacha","https://biodiversity.org.au/afd/taxa/86294130-ca0d-4e27-81da-5a82a7cd4c87",-24.804436,152.444473,2022-04-16 12:47:00,"PRESENT","iNaturalist Australia"
"1014","49c21f46-d36a-4167-b76e-aa0cb789deb7","Acraea terpsicore","https://biodiversity.org.au/afd/taxa/ba632bea-a7b4-4b60-bf89-d63128cad841",-15.761804,131.122191,2024-08-29,"PRESENT","iNaturalist Australia"
"1015","49d16a0c-55f3-4b94-b9f7-753994c0206e","Acraea andromacha","https://biodiversity.org.au/afd/taxa/86294130-ca0d-4e27-81da-5a82a7cd4c87",-15.906851,128.128581,2022-08-10 11:27:00,"PRESENT","iNaturalist Australia"
"1016","49db7eda-606e-4bcb-8329-b99b1ceb0caf","Afrohybanthus enneaspermus","https://id.biodiversity.org.au/taxon/apni/51448720",-14.83234,132.98759,2022-02-20,"PRESENT","Flora Atlas N.T."
"1017","49f57443-a6e1-417c-a27c-40fd73cb557a","Acraea terpsicore","https://biodiversity.org.au/afd/taxa/ba632bea-a7b4-4b60-bf89-d63128cad841",-17.89555,139.2966,2023-09-09 03:47:00,"PRESENT","Butterflies Australia"
"1018","4a051344-1722-4320-845a-993c08086b89","Acraea andromacha","https://biodiversity.org.au/afd/taxa/86294130-ca0d-4e27-81da-5a82a7cd4c87",-30.922912,153.087558,2025-12-04 13:55:00,"PRESENT","iNaturalist Australia"
"1019","4a23ca32-c67f-4d05-972c-04ff502d85cd","Acraea andromacha","https://biodiversity.org.au/afd/taxa/86294130-ca0d-4e27-81da-5a82a7cd4c87",-27.5,153.3,2021-06-28 15:43:00,"PRESENT","Earth Guardians Weekly Feed"
"1020","4a7836e9-8ba8-4fa9-abd2-ec97b5400847","Acraea andromacha","https://biodiversity.org.au/afd/taxa/86294130-ca0d-4e27-81da-5a82a7cd4c87",-31.7,152.6,2021-04-02 10:04:00,"PRESENT","Earth Guardians Weekly Feed"
"1021","4a84f41c-c2f8-47df-9842-6daf6cc8308d","Acraea andromacha","https://biodiversity.org.au/afd/taxa/86294130-ca0d-4e27-81da-5a82a7cd4c87",-27.544387,152.859744,2021-02-13 20:16:41,"PRESENT","Brisbane’s Big Butterfly Count"
"1022","4a91a927-def9-493f-8d12-043afa212a58","Acraea terpsicore","https://biodiversity.org.au/afd/taxa/ba632bea-a7b4-4b60-bf89-d63128cad841",-20.571748,148.476251,2025-05-22 10:17:34,"PRESENT","iNaturalist Australia"
"1023","4a97a59c-26cf-4b31-b589-2a68c5d83d81","Adenia heterophylla","https://id.biodiversity.org.au/taxon/apni/51442112",-16.831254,145.705113,2021-12-18 10:48:00,"PRESENT","iNaturalist Australia"
"1024","4ab144c5-90e2-4ded-a4f1-8cbd523b465a","Afrohybanthus enneaspermus","https://id.biodiversity.org.au/taxon/apni/51448720",-15.239387,145.257003,2024-06-27 10:13:23,"PRESENT","iNaturalist Australia"
"1025","4abac467-3cb1-47be-8445-6b48e9b2023b","Acraea andromacha","https://biodiversity.org.au/afd/taxa/86294130-ca0d-4e27-81da-5a82a7cd4c87",-30.109721,153.21076,2025-05-05 08:46:20,"PRESENT","iNaturalist Australia"
"1026","4ac031f6-ab9f-4ffd-981e-73402f55b19a","Acraea andromacha","https://biodiversity.org.au/afd/taxa/86294130-ca0d-4e27-81da-5a82a7cd4c87",-27.450697,153.034592,2024-05-20 10:58:13,"PRESENT","iNaturalist Australia"
"1027","4ac35279-31ed-45eb-8106-0fd9eef658a8","Acraea terpsicore","https://biodiversity.org.au/afd/taxa/ba632bea-a7b4-4b60-bf89-d63128cad841",-26.595451,153.013527,2023-02-14 18:16:58,"PRESENT","iNaturalist Australia"
"1028","4ac69fa8-cf8d-4bb4-b8a9-db85b8fa10df","Acraea andromacha","https://biodiversity.org.au/afd/taxa/86294130-ca0d-4e27-81da-5a82a7cd4c87",-28.34104,152.37203,2023-01-29 03:32:00,"PRESENT","Butterflies Australia"
"1029","4aeeca4f-7bb1-4afb-b871-003e5b990782","Acraea terpsicore","https://biodiversity.org.au/afd/taxa/ba632bea-a7b4-4b60-bf89-d63128cad841",-13.36516,131.087021,2023-06-09 09:48:00,"PRESENT","iNaturalist Australia"
"1030","4b0688e2-1207-4fda-8026-c426c405e94d","Afrohybanthus enneaspermus","https://id.biodiversity.org.au/taxon/apni/51448720",-18,142,2024-03-21 10:54:00,"PRESENT","iNaturalist Australia"
"1031","4b0a83c2-b4d8-4472-ae33-3acbb4d7e2bd","Acraea terpsicore","https://biodiversity.org.au/afd/taxa/ba632bea-a7b4-4b60-bf89-d63128cad841",-19.355769,146.733184,2023-03-27 07:43:00,"PRESENT","iNaturalist Australia"
"1032","4b0ca7bb-b244-43c5-83eb-c08ad1368fe1","Acraea andromacha","https://biodiversity.org.au/afd/taxa/86294130-ca0d-4e27-81da-5a82a7cd4c87",-28.259572,153.401667,2021-09-12 13:00:00,"PRESENT","iNaturalist Australia"
"1033","4b1002ff-e110-4118-92c1-20528af599d9","Acraea terpsicore","https://biodiversity.org.au/afd/taxa/ba632bea-a7b4-4b60-bf89-d63128cad841",-25.405383,152.906177,2024-03-02 01:48:00,"PRESENT","iNaturalist Australia"
"1034","4b170551-7113-470e-bef5-868a4c72b4b2","Acraea andromacha","https://biodiversity.org.au/afd/taxa/86294130-ca0d-4e27-81da-5a82a7cd4c87",-12.331681,130.898562,2025-08-27 12:10:00,"PRESENT","iNaturalist Australia"
"1035","4b21b0fc-66fb-498d-ae7d-6cfcd5468751","Acraea andromacha","https://biodiversity.org.au/afd/taxa/86294130-ca0d-4e27-81da-5a82a7cd4c87",-27.927409,152.38666,2024-02-25 08:41:00,"PRESENT","iNaturalist Australia"
"1036","4b309a17-4fb2-4654-a438-3e0f2079136c","Acraea andromacha","https://biodiversity.org.au/afd/taxa/86294130-ca0d-4e27-81da-5a82a7cd4c87",-25.86683,152.578351,2024-10-06 14:37:52,"PRESENT","iNaturalist Australia"
"1037","4b5721e5-85c3-49dc-aa17-af9a395d2eb3","Afrohybanthus enneaspermus","https://id.biodiversity.org.au/taxon/apni/51448720",-19.2688,146.7222,2025-02-21 10:08:00,"PRESENT","iNaturalist Australia"
"1038","4b623387-f98b-462f-97df-ab5d57bee764","Acraea terpsicore","https://biodiversity.org.au/afd/taxa/ba632bea-a7b4-4b60-bf89-d63128cad841",-16.747595,145.662188,2021-08-16 12:52:00,"PRESENT","iNaturalist Australia"
"1039","4b6be775-5430-49b0-9141-9d0f4d99f406","Afrohybanthus enneaspermus","https://id.biodiversity.org.au/taxon/apni/51448720",-19.325247,146.757734,2022-05-26 12:12:30,"PRESENT","iNaturalist Australia"
"1040","4b89184f-7b0d-47f4-8ede-cabdbdd6e5a5","Acraea andromacha","https://biodiversity.org.au/afd/taxa/86294130-ca0d-4e27-81da-5a82a7cd4c87",-27.34009,153.07783,2021-02-28 10:20:00,"PRESENT","Butterflies Australia"
"1041","4b9569ef-1d43-42b6-8bdc-252c9b1fd75a","Afrohybanthus enneaspermus","https://id.biodiversity.org.au/taxon/apni/51448720",-19.358156,146.813639,2024-04-29 11:13:00,"PRESENT","iNaturalist Australia"
"1042","4ba23e98-ea9b-4a60-854a-35a19a1e028f","Acraea terpsicore","https://biodiversity.org.au/afd/taxa/ba632bea-a7b4-4b60-bf89-d63128cad841",-12.279805,131.023774,2025-05-25 11:42:44,"PRESENT","iNaturalist Australia"
"1043","4ba8152b-69af-4fed-a618-670229d9ae3e","Acraea andromacha","https://biodiversity.org.au/afd/taxa/86294130-ca0d-4e27-81da-5a82a7cd4c87",-26.234862,152.639825,2025-01-26 07:38:00,"PRESENT","iNaturalist Australia"
"1044","4bb05ba0-a18e-4aed-8ad0-fcb3bfcbd351","Acraea terpsicore","https://biodiversity.org.au/afd/taxa/ba632bea-a7b4-4b60-bf89-d63128cad841",-20.341164,144.460081,2025-06-16 11:57:07,"PRESENT","iNaturalist Australia"
"1045","4bb72227-09b5-475e-8ed0-df95090c3321","Acraea andromacha","https://biodiversity.org.au/afd/taxa/86294130-ca0d-4e27-81da-5a82a7cd4c87",-20.725327,139.493202,2024-06-22 14:26:00,"PRESENT","iNaturalist Australia"
"1046","4bbda2ad-0f8b-438a-8596-40671bd25b09","Acraea andromacha","https://biodiversity.org.au/afd/taxa/86294130-ca0d-4e27-81da-5a82a7cd4c87",-23.897951,151.257598,2024-10-20 08:15:00,"PRESENT","iNaturalist Australia"
"1047","4bd9f198-c5e1-4f34-bf7a-31f30a545217","Acraea andromacha","https://biodiversity.org.au/afd/taxa/86294130-ca0d-4e27-81da-5a82a7cd4c87",-27.736751,152.76519,2022-12-10 17:16:28,"PRESENT","iNaturalist Australia"
"1048","4c01d930-a3bb-4795-9950-5881d5d62ad2","Acraea terpsicore","https://biodiversity.org.au/afd/taxa/ba632bea-a7b4-4b60-bf89-d63128cad841",-19.257824,146.803931,2025-08-17 10:08:00,"PRESENT","iNaturalist Australia"
"1049","4c460a16-9fc0-45ad-8800-c7c59f1c74eb","Acraea terpsicore","https://biodiversity.org.au/afd/taxa/ba632bea-a7b4-4b60-bf89-d63128cad841",-20.324317,148.632654,2022-12-28 08:30:00,"PRESENT","iNaturalist Australia"
"1050","4c5f9745-9315-4cfb-a26c-659ffb96a42f","Acraea andromacha","https://biodiversity.org.au/afd/taxa/86294130-ca0d-4e27-81da-5a82a7cd4c87",-27.97086,153.18462,2022-01-24 01:07:00,"PRESENT","Butterflies Australia"
"1051","4c7a9a3a-163e-4964-96a9-9a7b204441e2","Acraea terpsicore","https://biodiversity.org.au/afd/taxa/ba632bea-a7b4-4b60-bf89-d63128cad841",-20.271805,148.718775,2025-01-07 09:45:05,"PRESENT","iNaturalist Australia"
"1052","4c7c30bb-b960-43f5-ab62-7f7e9fd18723","Acraea andromacha","https://biodiversity.org.au/afd/taxa/86294130-ca0d-4e27-81da-5a82a7cd4c87",-27.658419,151.525729,2022-10-28 11:38:00,"PRESENT","iNaturalist Australia"
"1053","4c8c8f10-68d8-41f4-94d1-dc90315e690e","Adenia heterophylla","https://id.biodiversity.org.au/taxon/apni/51442112",-16.5,145.4,2022-07-16 14:36:00,"PRESENT","Earth Guardians Weekly Feed"
"1054","4c91fcf1-3e31-44d7-99b0-daf7c1830495","Acraea andromacha","https://biodiversity.org.au/afd/taxa/86294130-ca0d-4e27-81da-5a82a7cd4c87",-27.494546,152.737035,2021-04-18 14:10:00,"PRESENT","iNaturalist Australia"
"1055","4c93b537-ef08-4b27-a8c4-a9eeb9018260","Acraea andromacha","https://biodiversity.org.au/afd/taxa/86294130-ca0d-4e27-81da-5a82a7cd4c87",-27.521058,153.195628,2026-01-29 10:52:06,"PRESENT","iNaturalist Australia"
"1056","4c940668-aa15-4fd5-9ab5-51ff0934a3e6","Acraea andromacha","https://biodiversity.org.au/afd/taxa/afb7279d-cb44-4c89-be73-cf1e0a48cf46",-27.118,151.81469,2022-11-06,"PRESENT","WildNet - Queensland Wildlife Data"
"1057","4c9a3390-72b4-4fe7-9c7f-33440971b27a","Acraea andromacha","https://biodiversity.org.au/afd/taxa/86294130-ca0d-4e27-81da-5a82a7cd4c87",-24.84534,152.42612,2022-11-13 01:30:00,"PRESENT","Butterflies Australia"
"1058","4caf3376-cb42-4201-bfce-09f2899efdc7","Acraea andromacha","https://biodiversity.org.au/afd/taxa/86294130-ca0d-4e27-81da-5a82a7cd4c87",-27.212776,153.020982,2022-05-19 10:41:00,"PRESENT","iNaturalist Australia"
"1059","4cb4e76c-d7bb-4506-aaca-634f7f59be74","Acraea andromacha","https://biodiversity.org.au/afd/taxa/86294130-ca0d-4e27-81da-5a82a7cd4c87",-27.526067,152.824997,2024-03-18 13:14:33,"PRESENT","iNaturalist Australia"
"1060","4cb61170-cd9b-4103-b391-b3d7f2dd6db8","Acraea andromacha","https://biodiversity.org.au/afd/taxa/86294130-ca0d-4e27-81da-5a82a7cd4c87",-19.5504,143.9732,2022-11-23 00:15:00,"PRESENT","Butterflies Australia"
"1061","4cde87c1-6c82-4045-8dd2-5f4d4746b099","Acraea andromacha","https://biodiversity.org.au/afd/taxa/86294130-ca0d-4e27-81da-5a82a7cd4c87",-33.473012,151.435737,2024-02-24 07:44:06,"PRESENT","iNaturalist Australia"
"1062","4ced0fdb-9f52-4108-81c5-65c4eba84e45","Acraea terpsicore","https://biodiversity.org.au/afd/taxa/ba632bea-a7b4-4b60-bf89-d63128cad841",-14.315848,132.421589,2025-06-17 16:36:00,"PRESENT","iNaturalist Australia"
"1063","4cee76f2-3f22-4079-84c1-dd548a82fe30","Acraea terpsicore","https://biodiversity.org.au/afd/taxa/ba632bea-a7b4-4b60-bf89-d63128cad841",-12.895258,131.627988,2025-02-08 09:54:01,"PRESENT","iNaturalist Australia"
"1064","4d0e4339-0420-4c24-85cd-0bfd97fda06d","Acraea andromacha","https://biodiversity.org.au/afd/taxa/86294130-ca0d-4e27-81da-5a82a7cd4c87",-27.268722,152.85927,2023-05-03 09:07:00,"PRESENT","iNaturalist Australia"
"1065","4d15a486-122e-4f4f-a469-ae7f146d47a2","Acraea andromacha","https://biodiversity.org.au/afd/taxa/86294130-ca0d-4e27-81da-5a82a7cd4c87",-31.599095,152.847308,2024-03-25 13:39:00,"PRESENT","iNaturalist Australia"
"1066","4d3db9e0-52d1-4ee9-bd46-e683ff4a1c7f","Acraea terpsicore","https://biodiversity.org.au/afd/taxa/ba632bea-a7b4-4b60-bf89-d63128cad841",-19.301674,146.77758,2025-05-05 09:24:20,"PRESENT","iNaturalist Australia"
"1067","4d3f4cdc-2e0d-4200-81a7-23a80884c551","Afrohybanthus enneaspermus","https://id.biodiversity.org.au/taxon/apni/51448720",-23.491262,150.480357,2025-01-31 07:46:17,"PRESENT","iNaturalist Australia"
"1068","4d46db12-99a3-4158-b1dd-c8316dc65372","Acraea andromacha","https://biodiversity.org.au/afd/taxa/86294130-ca0d-4e27-81da-5a82a7cd4c87",-29.779231,151.349264,2024-03-11 17:38:30,"PRESENT","iNaturalist Australia"
"1069","4d705779-de98-4ecc-be85-cea2d65d0316","Acraea andromacha","https://biodiversity.org.au/afd/taxa/86294130-ca0d-4e27-81da-5a82a7cd4c87",-27.490306,152.946608,2024-03-16 09:05:00,"PRESENT","iNaturalist Australia"
"1070","4d7c07da-3481-48e6-9f09-e680219beae1","Acraea andromacha","https://biodiversity.org.au/afd/taxa/86294130-ca0d-4e27-81da-5a82a7cd4c87",-27.54235,153.06721,2022-03-24 00:41:00,"PRESENT","Butterflies Australia"
"1071","4d84d551-275f-4d27-9752-d14ef183fb02","Acraea terpsicore","https://biodiversity.org.au/afd/taxa/ba632bea-a7b4-4b60-bf89-d63128cad841",-23.41751,146.41666,2021-08-26 11:11:00,"PRESENT","iNaturalist Australia"
"1072","4dd13760-5d60-4814-8d08-597f0e9fdc6f","Acraea terpsicore","https://biodiversity.org.au/afd/taxa/ba632bea-a7b4-4b60-bf89-d63128cad841",-24.803189,152.441211,2025-01-29 10:12:00,"PRESENT","iNaturalist Australia"
"1073","4de0bef8-0c57-40ad-b2f0-35bb38d40ba1","Acraea terpsicore","https://biodiversity.org.au/afd/taxa/ba632bea-a7b4-4b60-bf89-d63128cad841",-16.981663,145.550492,2022-03-03 15:15:00,"PRESENT","iNaturalist Australia"
"1074","4df01899-e5b6-4eab-97ad-6687981f35cb","Acraea terpsicore","https://biodiversity.org.au/afd/taxa/ba632bea-a7b4-4b60-bf89-d63128cad841",-12.6997,143.3299,2022-03-24 17:30:00,"PRESENT","Butterflies Australia"
"1075","4e1f21cd-4790-4ceb-844a-950b84fc9665","Acraea andromacha","https://biodiversity.org.au/afd/taxa/86294130-ca0d-4e27-81da-5a82a7cd4c87",-22.001226,118.854065,2024-08-03 09:13:11,"PRESENT","iNaturalist Australia"
"1076","4e29ff7a-d5f9-442b-a0b7-051cd21d8981","Acraea terpsicore","https://biodiversity.org.au/afd/taxa/ba632bea-a7b4-4b60-bf89-d63128cad841",-16.83921,145.74087,2022-02-27 02:16:00,"PRESENT","Butterflies Australia"
"1077","4e39c88c-abba-48e3-b7a7-c26ac77b9946","Acraea terpsicore","https://biodiversity.org.au/afd/taxa/ba632bea-a7b4-4b60-bf89-d63128cad841",-12.367059,130.908887,2025-01-01 09:19:42,"PRESENT","iNaturalist Australia"
"1078","4e3b504f-605e-4ec3-88f9-cb1dcad0bae3","Acraea terpsicore","https://biodiversity.org.au/afd/taxa/ba632bea-a7b4-4b60-bf89-d63128cad841",-24.559852,151.883583,2024-06-21 12:46:00,"PRESENT","iNaturalist Australia"
"1079","4e3cf747-f782-4512-bf67-9ca95c71ed56","Acraea andromacha","https://biodiversity.org.au/afd/taxa/86294130-ca0d-4e27-81da-5a82a7cd4c87",-28.02908,153.312921,2024-03-17 09:40:00,"PRESENT","iNaturalist Australia"
"1080","4e471c6d-34b9-4d12-8b73-0463eb3bc729","Afrohybanthus enneaspermus","https://id.biodiversity.org.au/taxon/apni/51448720",-13.595294,134.326942,2024-02-03 09:11:52,"PRESENT","iNaturalist Australia"
"1081","4e472703-919f-488f-9af0-0c4eb107e53c","Acraea andromacha","https://biodiversity.org.au/afd/taxa/86294130-ca0d-4e27-81da-5a82a7cd4c87",-12.411574,130.825033,2024-05-18 16:39:15,"PRESENT","iNaturalist Australia"
"1082","4e4cf835-164e-4b7c-b9e1-a3a238eb89a8","Acraea terpsicore","https://biodiversity.org.au/afd/taxa/ba632bea-a7b4-4b60-bf89-d63128cad841",-14.438646,132.271238,2024-06-04 18:01:15,"PRESENT","iNaturalist Australia"
"1083","4e532ca6-7c9f-4197-bbb9-e963cdcc01d4","Acraea andromacha","https://biodiversity.org.au/afd/taxa/86294130-ca0d-4e27-81da-5a82a7cd4c87",-27.48909,152.753355,2026-01-31 12:16:00,"PRESENT","iNaturalist Australia"
"1084","4eabcc78-dd93-46a4-850e-50b7dfc556d9","Afrohybanthus enneaspermus","https://id.biodiversity.org.au/taxon/apni/51448720",-11.759828,130.64025,2025-04-04 12:24:00,"PRESENT","iNaturalist Australia"
"1085","4ec42e05-14a0-448d-ab14-6838d7be60e4","Acraea andromacha","https://biodiversity.org.au/afd/taxa/86294130-ca0d-4e27-81da-5a82a7cd4c87",-24.156728,151.88726,2024-10-10 12:24:00,"PRESENT","iNaturalist Australia"
"1086","4edb8a2b-c078-4cc8-8a8a-d17706d33ba6","Acraea andromacha","https://biodiversity.org.au/afd/taxa/86294130-ca0d-4e27-81da-5a82a7cd4c87",-29.7496,151.1012,2022-03-05 19:31:00,"PRESENT","Butterflies Australia"
"1087","4ee3fb23-67e7-43ba-a95f-cd15f957ea2f","Acraea andromacha","https://biodiversity.org.au/afd/taxa/86294130-ca0d-4e27-81da-5a82a7cd4c87",-27.436353,153.546037,2024-01-08 09:42:01,"PRESENT","iNaturalist Australia"
"1088","4ef24d1a-1471-4885-aac0-ef9edb5b1d99","Acraea terpsicore","https://biodiversity.org.au/afd/taxa/ba632bea-a7b4-4b60-bf89-d63128cad841",-14.183749,132.188197,2025-05-15 05:06:00,"PRESENT","NatureMapr"
"1089","4ef639ef-77e8-4fa1-93cb-36c3e48a8bcb","Acraea andromacha","https://biodiversity.org.au/afd/taxa/86294130-ca0d-4e27-81da-5a82a7cd4c87",-30.946497,152.558908,2025-04-16 11:20:55,"PRESENT","iNaturalist Australia"
"1090","4f19b910-1007-4f52-a8aa-47c2b0ba0170","Acraea andromacha","https://biodiversity.org.au/afd/taxa/86294130-ca0d-4e27-81da-5a82a7cd4c87",-24.796021,152.440499,2022-04-13 07:51:00,"PRESENT","iNaturalist Australia"
"1091","4f2ae871-9a1d-4ade-ba40-63cf6343215f","Acraea terpsicore","https://biodiversity.org.au/afd/taxa/ba632bea-a7b4-4b60-bf89-d63128cad841",-19.188598,146.772212,2022-06-23 11:32:00,"PRESENT","iNaturalist Australia"
"1092","4f409bc6-53af-4f05-a12d-1ff86810abb6","Acraea terpsicore","https://biodiversity.org.au/afd/taxa/ba632bea-a7b4-4b60-bf89-d63128cad841",-22.348058,149.522536,2024-09-17 12:25:00,"PRESENT","iNaturalist Australia"
"1093","4f411fc8-475f-4773-812d-2a4617eaa070","Acraea andromacha","https://biodiversity.org.au/afd/taxa/86294130-ca0d-4e27-81da-5a82a7cd4c87",-24.795814,152.440347,2024-03-21 09:27:00,"PRESENT","iNaturalist Australia"
"1094","4f580f0f-421a-40b2-b870-1782144bca14","Acraea terpsicore","https://biodiversity.org.au/afd/taxa/ba632bea-a7b4-4b60-bf89-d63128cad841",-14.926073,144.197167,2021-07-22 13:56:00,"PRESENT","iNaturalist Australia"
"1095","4f89165b-3354-47f9-a398-6dc88a68431c","Acraea terpsicore","https://biodiversity.org.au/afd/taxa/ba632bea-a7b4-4b60-bf89-d63128cad841",-15.90152,128.130539,2025-06-25 10:42:42,"PRESENT","iNaturalist Australia"
"1096","4fb0d4fa-d11d-4f37-9390-80ccc5f0ad9e","Acraea andromacha","https://biodiversity.org.au/afd/taxa/86294130-ca0d-4e27-81da-5a82a7cd4c87",-35.990664,150.00471,2024-11-26 16:24:00,"PRESENT","iNaturalist Australia"
"1097","4fb8c61a-e008-48b8-b50b-115893b976eb","Acraea terpsicore","https://biodiversity.org.au/afd/taxa/ba632bea-a7b4-4b60-bf89-d63128cad841",-12.347069,130.895929,2024-07-07 10:04:00,"PRESENT","iNaturalist Australia"
"1098","4fd29ace-3998-433d-805c-fbd485a0b8c7","Acraea andromacha","https://biodiversity.org.au/afd/taxa/86294130-ca0d-4e27-81da-5a82a7cd4c87",-27.569937,152.927887,2024-10-27 09:36:58,"PRESENT","iNaturalist Australia"
"1099","4fe00a44-5881-4dcd-bffc-8f965794e054","Acraea andromacha","https://biodiversity.org.au/afd/taxa/86294130-ca0d-4e27-81da-5a82a7cd4c87",-23.590862,150.470823,2025-10-03 13:46:26,"PRESENT","iNaturalist Australia"
"1100","4ffd5a8f-4be8-48c1-a5b2-e8608f6a409c","Acraea andromacha","https://biodiversity.org.au/afd/taxa/86294130-ca0d-4e27-81da-5a82a7cd4c87",-25.521231,152.669808,2022-03-18 10:23:00,"PRESENT","iNaturalist Australia"
"1101","4ffe7c1f-3619-4398-aca1-f6d89b3362a8","Acraea terpsicore","https://biodiversity.org.au/afd/taxa/ba632bea-a7b4-4b60-bf89-d63128cad841",-12.36608,130.864945,2025-04-30 16:03:27,"PRESENT","iNaturalist Australia"
"1102","502dff0e-9a89-417a-828c-30e3b9c98966","Acraea terpsicore","https://biodiversity.org.au/afd/taxa/ba632bea-a7b4-4b60-bf89-d63128cad841",-21.476828,149.114656,2025-05-21 13:09:04,"PRESENT","iNaturalist Australia"
"1103","50411f9f-7399-449b-a575-a96af2848d0f","Acraea andromacha","https://biodiversity.org.au/afd/taxa/86294130-ca0d-4e27-81da-5a82a7cd4c87",-27.718587,152.906485,2023-04-29 13:38:03,"PRESENT","iNaturalist Australia"
"1104","504b42dc-728e-47d4-874d-2419d78652f2","Acraea andromacha","https://biodiversity.org.au/afd/taxa/86294130-ca0d-4e27-81da-5a82a7cd4c87",-27.451026,151.953683,2026-01-14 15:42:00,"PRESENT","iNaturalist Australia"
"1105","5087baba-09ae-406b-9e6a-8fec8ac3a2d4","Acraea andromacha","https://biodiversity.org.au/afd/taxa/86294130-ca0d-4e27-81da-5a82a7cd4c87",-25.78947,152.694497,2022-07-30 13:50:00,"PRESENT","iNaturalist Australia"
"1106","5096e8ca-e73a-4813-832e-257d53ada46d","Acraea andromacha","https://biodiversity.org.au/afd/taxa/86294130-ca0d-4e27-81da-5a82a7cd4c87",-25.370957,152.899838,2022-10-27 17:59:47,"PRESENT","iNaturalist Australia"
"1107","509b00b5-799c-47ba-99c7-53afe1a5b52a","Acraea andromacha","https://biodiversity.org.au/afd/taxa/86294130-ca0d-4e27-81da-5a82a7cd4c87",-21.129003,148.494355,2024-03-09 09:10:55,"PRESENT","iNaturalist Australia"
"1108","50abde1e-af48-4923-973d-daf0e6383ca4","Acraea terpsicore","https://biodiversity.org.au/afd/taxa/ba632bea-a7b4-4b60-bf89-d63128cad841",-19.255614,146.789398,2025-10-02 09:24:00,"PRESENT","iNaturalist Australia"
"1109","50cfd6c2-88ba-4c0e-98e3-7c56035b5f9a","Acraea andromacha","https://biodiversity.org.au/afd/taxa/86294130-ca0d-4e27-81da-5a82a7cd4c87",-26.165044,152.682953,2025-09-07 09:34:00,"PRESENT","iNaturalist Australia"
"1110","50da975d-1ba1-4956-978f-9bd74ea7922d","Acraea andromacha","https://biodiversity.org.au/afd/taxa/86294130-ca0d-4e27-81da-5a82a7cd4c87",-27.12707,152.895806,2022-01-23 07:47:00,"PRESENT","iNaturalist Australia"
"1111","51069424-5447-4129-8d6b-787c2454027b","Afrohybanthus enneaspermus","https://id.biodiversity.org.au/taxon/apni/51448720",-23.493106,150.475057,2025-02-07 07:19:03,"PRESENT","iNaturalist Australia"
"1112","511f0f10-56bd-48d5-b191-a70e5cce6e63","Afrohybanthus enneaspermus","https://id.biodiversity.org.au/taxon/apni/51448720",-12.800734,132.128448,2024-12-14 10:11:00,"PRESENT","iNaturalist Australia"
"1113","51228927-f63b-45e3-be29-dce5d95cc57c","Acraea andromacha","https://biodiversity.org.au/afd/taxa/86294130-ca0d-4e27-81da-5a82a7cd4c87",-27.559675,151.950669,2021-04-15 13:45:07,"PRESENT","iNaturalist Australia"
"1114","513c8529-ce82-4b38-ace7-5b024878b417","Afrohybanthus enneaspermus","https://id.biodiversity.org.au/taxon/apni/51448720",-23.490304,150.478691,2025-11-24 06:06:45,"PRESENT","iNaturalist Australia"
"1115","514ebe15-a1ae-4490-a263-38e68852dd8f","Acraea andromacha","https://biodiversity.org.au/afd/taxa/86294130-ca0d-4e27-81da-5a82a7cd4c87",-27.971647,153.271545,2023-02-19 14:02:00,"PRESENT","Earth Guardians Weekly Feed"
"1116","5154a250-9735-4ae1-9f66-bbff62fb74b5","Acraea terpsicore","https://biodiversity.org.au/afd/taxa/ba632bea-a7b4-4b60-bf89-d63128cad841",-27.485642,152.954073,2022-02-05 12:31:00,"PRESENT","iNaturalist Australia"
"1117","515d0fd9-64f2-4068-aedc-44fe92218a5c","Acraea andromacha","https://biodiversity.org.au/afd/taxa/86294130-ca0d-4e27-81da-5a82a7cd4c87",-27.741442,152.778947,2021-04-03 08:56:17,"PRESENT","iNaturalist Australia"
"1118","5162778b-d434-4643-b23c-dfa9561d26d2","Acraea terpsicore","https://biodiversity.org.au/afd/taxa/ba632bea-a7b4-4b60-bf89-d63128cad841",-18.0581,144.0678,2021-03-22 12:00:00,"PRESENT","Butterflies Australia"
"1119","517ad156-3d60-4fa0-8f69-15bd9ce2ce1b","Acraea andromacha","https://biodiversity.org.au/afd/taxa/86294130-ca0d-4e27-81da-5a82a7cd4c87",-27.65738,151.524897,2025-11-09 14:11:00,"PRESENT","iNaturalist Australia"
"1120","517ad5ac-e7e5-4c30-a153-5d34f430e8e0","Acraea terpsicore","https://biodiversity.org.au/afd/taxa/ba632bea-a7b4-4b60-bf89-d63128cad841",-29.833993,153.063874,2022-01-07 11:06:00,"PRESENT","iNaturalist Australia"
"1121","51a08873-576c-439d-8e37-6dfea7a68f69","Afrohybanthus enneaspermus","https://id.biodiversity.org.au/taxon/apni/51448720",-23.493113,150.474898,2026-01-06 05:44:58,"PRESENT","iNaturalist Australia"
"1122","51a4c508-8940-4442-92fe-d0b94dd8ccae","Acraea andromacha","https://biodiversity.org.au/afd/taxa/86294130-ca0d-4e27-81da-5a82a7cd4c87",-27.542797,152.829225,2023-01-08 11:58:54,"PRESENT","iNaturalist Australia"
"1123","51b8c779-406d-4aff-9062-0d6df6794e08","Acraea andromacha","https://biodiversity.org.au/afd/taxa/86294130-ca0d-4e27-81da-5a82a7cd4c87",-31.902487,150.786007,2022-04-15 10:13:00,"PRESENT","iNaturalist Australia"
"1124","51c238cd-a824-4faa-a5ae-1382a26401b3","Acraea andromacha","https://biodiversity.org.au/afd/taxa/86294130-ca0d-4e27-81da-5a82a7cd4c87",-27.579583,151.932128,2024-08-24 15:31:00,"PRESENT","iNaturalist Australia"
"1125","51c4b147-7dee-4d57-a82e-a64bde69848b","Acraea terpsicore","https://biodiversity.org.au/afd/taxa/ba632bea-a7b4-4b60-bf89-d63128cad841",-18.295548,143.369656,2023-02-16 16:46:00,"PRESENT","iNaturalist Australia"
"1126","51d80f0c-63b6-404d-a147-8c572336a80e","Acraea andromacha","https://biodiversity.org.au/afd/taxa/86294130-ca0d-4e27-81da-5a82a7cd4c87",-27.498277,152.739617,2021-08-14 15:09:00,"PRESENT","iNaturalist Australia"
"1127","51dd0a85-58c5-49cb-95fc-6b4a46a12c39","Acraea andromacha","https://biodiversity.org.au/afd/taxa/86294130-ca0d-4e27-81da-5a82a7cd4c87",-27.523809,152.880589,2024-05-14 11:02:29,"PRESENT","iNaturalist Australia"
"1128","51f7686f-f7cb-415f-933a-d60496f8e27f","Acraea terpsicore","https://biodiversity.org.au/afd/taxa/ba632bea-a7b4-4b60-bf89-d63128cad841",-12.233187,141.725941,2021-06-02 13:53:00,"PRESENT","iNaturalist Australia"
"1129","51f7c918-8df0-4376-ab25-4d95f09f6ddd","Acraea terpsicore","https://biodiversity.org.au/afd/taxa/ba632bea-a7b4-4b60-bf89-d63128cad841",-20.361867,144.460997,2025-08-13 10:47:06,"PRESENT","iNaturalist Australia"
"1130","51f8493f-dfa2-486c-bdd1-6c492840a29d","Acraea andromacha","https://biodiversity.org.au/afd/taxa/86294130-ca0d-4e27-81da-5a82a7cd4c87",-27.299944,153.033561,2021-04-26 09:28:00,"PRESENT","iNaturalist Australia"
"1131","51f9b350-2964-4561-909d-4642356a2d4e","Acraea andromacha","https://biodiversity.org.au/afd/taxa/86294130-ca0d-4e27-81da-5a82a7cd4c87",-27.57097,152.93355,2022-01-29 05:00:00,"PRESENT","Butterflies Australia"
"1132","52038407-193e-4f66-8e0b-c9108bf0e0fd","Acraea andromacha","https://biodiversity.org.au/afd/taxa/86294130-ca0d-4e27-81da-5a82a7cd4c87",-35.453583,149.108474,2024-03-05 04:46:00,"PRESENT","NatureMapr"
"1133","52038ff5-1c16-4f85-a64c-9ba5f54e9050","Acraea andromacha","https://biodiversity.org.au/afd/taxa/86294130-ca0d-4e27-81da-5a82a7cd4c87",-25.094865,152.104394,2023-01-13 09:54:00,"PRESENT","iNaturalist Australia"
"1134","520a7b0d-5d3c-4913-9301-95fc6354a2b1","Afrohybanthus enneaspermus","https://id.biodiversity.org.au/taxon/apni/51448720",-23.493431,150.475029,2024-02-03 06:31:29,"PRESENT","iNaturalist Australia"
"1135","5211b166-bec0-4302-907c-e517d49c336a","Acraea andromacha","https://biodiversity.org.au/afd/taxa/86294130-ca0d-4e27-81da-5a82a7cd4c87",-28.931363,152.46045,2025-02-08 11:17:28,"PRESENT","iNaturalist Australia"
"1136","52122597-f0ad-49c1-b97d-49cd67df0dde","Acraea terpsicore","https://biodiversity.org.au/afd/taxa/ba632bea-a7b4-4b60-bf89-d63128cad841",-19.196075,146.766933,2023-03-20 10:10:00,"PRESENT","iNaturalist Australia"
"1137","521a469f-731a-4b82-8b23-19e97e1b4546","Acraea andromacha","https://biodiversity.org.au/afd/taxa/86294130-ca0d-4e27-81da-5a82a7cd4c87",-27.296415,152.226371,2021-04-10 11:18:01,"PRESENT","iNaturalist Australia"
"1138","522b9462-23bf-4a48-a1d7-3be3c82ded03","Acraea andromacha","https://biodiversity.org.au/afd/taxa/86294130-ca0d-4e27-81da-5a82a7cd4c87",-27.586049,152.674311,2024-01-04 08:00:00,"PRESENT","iNaturalist Australia"
"1139","523940a4-c235-40ad-85a9-6bf052438206","Acraea andromacha","https://biodiversity.org.au/afd/taxa/86294130-ca0d-4e27-81da-5a82a7cd4c87",-27.534496,153.036938,2022-02-13 08:16:00,"PRESENT","iNaturalist Australia"
"1140","5252512e-c008-4236-8d16-9fcb558eecd9","Acraea andromacha","https://biodiversity.org.au/afd/taxa/86294130-ca0d-4e27-81da-5a82a7cd4c87",-27.571195,153.159782,2022-02-20 14:25:00,"PRESENT","iNaturalist Australia"
"1141","52550d6e-5adf-4e36-9b42-bfcdae2749ef","Afrohybanthus enneaspermus","https://id.biodiversity.org.au/taxon/apni/51448720",-16.6172,134.84936,2022-02-15,"PRESENT","Flora Atlas N.T."
"1142","528a2ad0-5376-46b5-b8f1-22a95e445e91","Acraea andromacha","https://biodiversity.org.au/afd/taxa/86294130-ca0d-4e27-81da-5a82a7cd4c87",-28.166583,153.544897,2021-12-31 11:39:22,"PRESENT","iNaturalist Australia"
"1143","528a81b5-44af-43c9-a2ac-c777b003b093","Acraea andromacha","https://biodiversity.org.au/afd/taxa/86294130-ca0d-4e27-81da-5a82a7cd4c87",-27.694451,153.025217,2023-11-19 08:54:00,"PRESENT","iNaturalist Australia"
"1144","528f392c-51db-4d13-bec2-3db2b9462751","Acraea andromacha","https://biodiversity.org.au/afd/taxa/86294130-ca0d-4e27-81da-5a82a7cd4c87",-28.928242,153.371204,2022-11-19 13:00:00,"PRESENT","iNaturalist Australia"
"1145","52ace0a8-5e85-4897-b1b2-ab148e70ff5f","Afrohybanthus enneaspermus","https://id.biodiversity.org.au/taxon/apni/51448720",-19.3286,146.7516,2025-02-24 15:33:00,"PRESENT","iNaturalist Australia"
"1146","52ad327d-27a9-42b4-91d6-1aabd0f4dbba","Acraea andromacha","https://biodiversity.org.au/afd/taxa/86294130-ca0d-4e27-81da-5a82a7cd4c87",-25.075072,152.256769,2021-03-04 15:38:52,"PRESENT","iNaturalist Australia"
"1147","52b0f6e4-7df7-4867-8224-3d6faa1073ad","Acraea andromacha","https://biodiversity.org.au/afd/taxa/86294130-ca0d-4e27-81da-5a82a7cd4c87",-24.933098,151.388219,2025-12-10 02:54:18,"PRESENT","iNaturalist Australia"
"1148","52cb2d9d-8f60-4913-8604-49b08bbedc79","Acraea andromacha","https://biodiversity.org.au/afd/taxa/86294130-ca0d-4e27-81da-5a82a7cd4c87",-31.460526,152.935547,2024-05-16 10:07:00,"PRESENT","iNaturalist Australia"
"1149","52cea20a-16dd-44c1-9aad-6364ee8a924f","Afrohybanthus enneaspermus","https://id.biodiversity.org.au/taxon/apni/51448720",-16.92323,134.23227,2022-04-06,"PRESENT","Flora Atlas N.T."
"1150","52fa2f90-25ac-4de6-a101-37b0ac29a1e6","Acraea terpsicore","https://biodiversity.org.au/afd/taxa/ba632bea-a7b4-4b60-bf89-d63128cad841",-20.345593,144.459786,2025-05-21 17:41:00,"PRESENT","iNaturalist Australia"
"1151","530716c3-2cc7-4cc7-b76d-1f57267f7d0c","Acraea andromacha","https://biodiversity.org.au/afd/taxa/86294130-ca0d-4e27-81da-5a82a7cd4c87",-27.543628,152.85624,2021-05-29 12:24:00,"PRESENT","iNaturalist Australia"
"1152","530da384-0f65-4e2a-85ba-52b7388bef87","Acraea terpsicore","https://biodiversity.org.au/afd/taxa/ba632bea-a7b4-4b60-bf89-d63128cad841",-24.148103,150.686988,2022-02-27 10:36:51,"PRESENT","iNaturalist Australia"
"1153","5314844d-412c-48f0-8369-410a4861d7c0","Acraea terpsicore","https://biodiversity.org.au/afd/taxa/ba632bea-a7b4-4b60-bf89-d63128cad841",-26.5061,153.086582,2024-04-06 15:51:11,"PRESENT","iNaturalist Australia"
"1154","53247699-1eb4-44f0-bf16-d5f3466c63ed","Acraea andromacha","https://biodiversity.org.au/afd/taxa/86294130-ca0d-4e27-81da-5a82a7cd4c87",-28.832199,151.938192,2024-03-04 05:26:00,"PRESENT","iNaturalist Australia"
"1155","533078bc-a57d-4c16-9b10-c9997ba397fe","Acraea andromacha","https://biodiversity.org.au/afd/taxa/86294130-ca0d-4e27-81da-5a82a7cd4c87",-26.221564,151.141911,2025-09-23 10:06:00,"PRESENT","iNaturalist Australia"
"1156","534ad06c-d1c0-4408-a8c2-0e0f71529857","Acraea andromacha","https://biodiversity.org.au/afd/taxa/86294130-ca0d-4e27-81da-5a82a7cd4c87",-27.315279,153.052182,2024-02-18 10:54:06,"PRESENT","iNaturalist Australia"
"1157","53872a3e-72e8-41de-b654-9d116918a4d3","Acraea terpsicore","https://biodiversity.org.au/afd/taxa/ba632bea-a7b4-4b60-bf89-d63128cad841",-12.670951,141.888428,2022-01-26 10:48:00,"PRESENT","iNaturalist Australia"
"1158","5392c0ee-382b-42b0-adac-ebf61b3c1ec4","Acraea terpsicore","https://biodiversity.org.au/afd/taxa/ba632bea-a7b4-4b60-bf89-d63128cad841",-14.917434,133.072102,2023-02-10 15:47:00,"PRESENT","iNaturalist Australia"
"1159","53ced6d7-1b26-4510-ae9c-f090a64482c7","Acraea andromacha","https://biodiversity.org.au/afd/taxa/86294130-ca0d-4e27-81da-5a82a7cd4c87",-27.543973,152.929169,2024-10-20 15:26:19,"PRESENT","iNaturalist Australia"
"1160","53d39763-1b9e-437f-9a22-b0f54d3a5f91","Acraea andromacha","https://biodiversity.org.au/afd/taxa/86294130-ca0d-4e27-81da-5a82a7cd4c87",-29.761658,153.294997,2023-09-10 13:14:55,"PRESENT","iNaturalist Australia"
"1161","53d5a1b3-9f92-4b1a-b729-6b2de6cd1b97","Acraea andromacha","https://biodiversity.org.au/afd/taxa/86294130-ca0d-4e27-81da-5a82a7cd4c87",-27.688299,152.855333,2024-02-26 13:01:00,"PRESENT","iNaturalist Australia"
"1162","53e3b830-7a0d-45f5-b89d-f195599e413c","Afrohybanthus enneaspermus","https://id.biodiversity.org.au/taxon/apni/51448720",-14.73597,134.728012,2024-05-21 11:20:40,"PRESENT","iNaturalist Australia"
"1163","5405f6d8-86da-45b8-9f31-ed0046bd7f3c","Acraea andromacha","https://biodiversity.org.au/afd/taxa/86294130-ca0d-4e27-81da-5a82a7cd4c87",-28.005689,153.241335,2026-01-09 11:49:27,"PRESENT","iNaturalist Australia"
"1164","5407135b-e3f3-4086-871c-81746e99c979","Acraea andromacha","https://biodiversity.org.au/afd/taxa/86294130-ca0d-4e27-81da-5a82a7cd4c87",-30.412532,151.819442,2024-04-26 09:57:00,"PRESENT","iNaturalist Australia"
"1165","542232ef-044f-4848-9da7-cf8af10a0373","Acraea terpsicore","https://biodiversity.org.au/afd/taxa/ba632bea-a7b4-4b60-bf89-d63128cad841",-20.724925,139.49303,2024-06-22 14:25:00,"PRESENT","iNaturalist Australia"
"1166","5427aea8-477b-4b39-9d9f-2a575ede50b4","Acraea terpsicore","https://biodiversity.org.au/afd/taxa/ba632bea-a7b4-4b60-bf89-d63128cad841",-26.39023,152.97501,2023-02-18 04:48:00,"PRESENT","Butterflies Australia"
"1167","54381041-dcf0-4af4-b1c5-794b548e13dc","Acraea andromacha","https://biodiversity.org.au/afd/taxa/86294130-ca0d-4e27-81da-5a82a7cd4c87",-27.30582,152.886125,2022-11-11 10:50:50,"PRESENT","iNaturalist Australia"
"1168","543f1c31-ebdf-4511-808e-626e8cf4c832","Acraea andromacha","https://biodiversity.org.au/afd/taxa/86294130-ca0d-4e27-81da-5a82a7cd4c87",-29.711933,152.93872,2023-05-08 16:31:22,"PRESENT","iNaturalist Australia"
"1169","5446cca8-f4ff-4720-8f3f-08190e592f88","Acraea andromacha","https://biodiversity.org.au/afd/taxa/86294130-ca0d-4e27-81da-5a82a7cd4c87",-28.56401,152.296943,2026-01-01,"PRESENT","NSW BioNet Atlas"
"1170","5468b680-7800-4f7f-9c46-4e8eb7385648","Acraea terpsicore","https://biodiversity.org.au/afd/taxa/ba632bea-a7b4-4b60-bf89-d63128cad841",-12.272818,130.903123,2023-07-28 10:55:37,"PRESENT","iNaturalist Australia"
"1171","54711b82-7c5f-468c-b577-102e691bb0f7","Acraea terpsicore","https://biodiversity.org.au/afd/taxa/ba632bea-a7b4-4b60-bf89-d63128cad841",-20.014869,148.266111,2025-09-04 12:06:00,"PRESENT","iNaturalist Australia"
"1172","54840194-f05e-4ca8-9590-9d4e9d4359c5","Acraea terpsicore","https://biodiversity.org.au/afd/taxa/ba632bea-a7b4-4b60-bf89-d63128cad841",-19.23129,146.7638,2022-09-04 00:15:00,"PRESENT","Butterflies Australia"
"1173","5493c571-83b0-4b8d-984e-67b9068c0e24","Acraea terpsicore","https://biodiversity.org.au/afd/taxa/ba632bea-a7b4-4b60-bf89-d63128cad841",-19.97834,148.25976,2022-09-23 01:45:00,"PRESENT","Butterflies Australia"
"1174","549dea22-0fb3-4b3b-bd7b-b53420e78c34","Acraea terpsicore","https://biodiversity.org.au/afd/taxa/ba632bea-a7b4-4b60-bf89-d63128cad841",-15.721436,135.640326,2023-06-15 13:25:00,"PRESENT","iNaturalist Australia"
"1175","54c23979-143c-419d-aacd-30869aeb8e8c","Acraea andromacha","https://biodiversity.org.au/afd/taxa/86294130-ca0d-4e27-81da-5a82a7cd4c87",-27.573927,152.931387,2022-01-29 12:06:00,"PRESENT","iNaturalist Australia"
"1176","54c7ad6e-d3d5-4f8e-bfc7-5ef1926a9e42","Acraea terpsicore","https://biodiversity.org.au/afd/taxa/ba632bea-a7b4-4b60-bf89-d63128cad841",-19.190292,146.774028,2025-06-30 19:11:00,"PRESENT","iNaturalist Australia"
"1177","54cdd700-02b9-4034-88d3-f46cd1730e25","Acraea terpsicore","https://biodiversity.org.au/afd/taxa/ba632bea-a7b4-4b60-bf89-d63128cad841",-17.877222,140.823056,2021-07-26 14:54:00,"PRESENT","iNaturalist Australia"
"1178","54d4f725-65a8-4327-b3b5-e7110b0c9234","Acraea terpsicore","https://biodiversity.org.au/afd/taxa/ba632bea-a7b4-4b60-bf89-d63128cad841",-20.014565,148.266034,2021-10-14 09:52:00,"PRESENT","iNaturalist Australia"
"1179","54d9a2c6-5ebe-4132-bd6e-0b59506c6646","Acraea andromacha","https://biodiversity.org.au/afd/taxa/86294130-ca0d-4e27-81da-5a82a7cd4c87",-35.454102,149.125104,2022-03-21 04:03:00,"PRESENT","NatureMapr"
"1180","54e2b93a-a973-48a3-a138-8a8da98ea3cb","Acraea andromacha","https://biodiversity.org.au/afd/taxa/86294130-ca0d-4e27-81da-5a82a7cd4c87",-27.374133,152.575332,2023-09-21 08:42:00,"PRESENT","iNaturalist Australia"
"1181","54eb4249-6b5b-4248-b0cd-276f826ec714","Acraea terpsicore","https://biodiversity.org.au/afd/taxa/ba632bea-a7b4-4b60-bf89-d63128cad841",-15.765381,128.742154,2024-04-09 16:49:00,"PRESENT","iNaturalist Australia"
"1182","55211a60-a7ae-4787-b023-7be12ddabb84","Acraea terpsicore","https://biodiversity.org.au/afd/taxa/ba632bea-a7b4-4b60-bf89-d63128cad841",-14.149075,126.239286,2025-08-03 11:50:00,"PRESENT","iNaturalist Australia"
"1183","553bf743-c227-49e9-bb36-05af3e76b79f","Afrohybanthus enneaspermus","https://id.biodiversity.org.au/taxon/apni/51448720",-14.83218,132.98129,2022-02-20,"PRESENT","Northern Territory Herbarium (DNA) AVH data"
"1184","554a8c03-fd64-429f-9ed7-8c52d014f4d4","Acraea andromacha","https://biodiversity.org.au/afd/taxa/86294130-ca0d-4e27-81da-5a82a7cd4c87",-27.496058,152.860397,2026-01-20 15:51:05,"PRESENT","iNaturalist Australia"
"1185","55602337-74d1-474a-9ead-38c99a18bf6b","Acraea andromacha","https://biodiversity.org.au/afd/taxa/86294130-ca0d-4e27-81da-5a82a7cd4c87",-23.527308,148.164371,2025-05-24 15:16:54,"PRESENT","iNaturalist Australia"
"1186","5574abaa-8307-4e3d-9c85-e45edc8083c3","Acraea andromacha","https://biodiversity.org.au/afd/taxa/86294130-ca0d-4e27-81da-5a82a7cd4c87",-27.339782,153.077917,2021-02-12 00:26:35,"PRESENT","Brisbane’s Big Butterfly Count"
"1187","557d2a0c-0295-46b5-8c1e-7027e9a25515","Acraea andromacha","https://biodiversity.org.au/afd/taxa/86294130-ca0d-4e27-81da-5a82a7cd4c87",-29.399477,153.354644,2022-04-18 11:32:51,"PRESENT","iNaturalist Australia"
"1188","55a2a807-4c00-41e8-9283-88fecb9bd948","Acraea andromacha","https://biodiversity.org.au/afd/taxa/86294130-ca0d-4e27-81da-5a82a7cd4c87",-27.254148,152.86319,2024-10-20 08:30:00,"PRESENT","iNaturalist Australia"
"1189","55cad27d-535e-4836-b45d-3df3d1032cb9","Acraea andromacha","https://biodiversity.org.au/afd/taxa/86294130-ca0d-4e27-81da-5a82a7cd4c87",-24.250628,131.57637,2022-06-11 12:59:53,"PRESENT","iNaturalist Australia"
"1190","55d453ee-c4f5-42ed-8beb-4e23924d0eb8","Acraea andromacha","https://biodiversity.org.au/afd/taxa/86294130-ca0d-4e27-81da-5a82a7cd4c87",-27.368387,152.916298,2025-09-23 14:24:00,"PRESENT","iNaturalist Australia"
"1191","55d4c2e7-67f5-460c-a970-067a1616296b","Acraea andromacha","https://biodiversity.org.au/afd/taxa/86294130-ca0d-4e27-81da-5a82a7cd4c87",-27.435607,153.545587,2022-05-04 13:14:00,"PRESENT","iNaturalist Australia"
"1192","55de04c3-e7b9-4cac-8e3e-46603f335602","Acraea andromacha","https://biodiversity.org.au/afd/taxa/86294130-ca0d-4e27-81da-5a82a7cd4c87",-18.330861,122.082727,2021-08-17 14:17:00,"PRESENT","iNaturalist Australia"
"1193","55fbc91e-6367-4437-b186-9cdb4b1dba47","Acraea andromacha","https://biodiversity.org.au/afd/taxa/86294130-ca0d-4e27-81da-5a82a7cd4c87",-26.3712,152.83788,2023-03-08 04:18:00,"PRESENT","Butterflies Australia"
"1194","5615dfe6-dc3d-4504-aebf-fe9408ee42fd","Acraea andromacha","https://biodiversity.org.au/afd/taxa/86294130-ca0d-4e27-81da-5a82a7cd4c87",-27.299944,153.033561,2022-05-04 12:58:00,"PRESENT","iNaturalist Australia"
"1195","5620392f-fe41-4e37-92a2-e2944d65e0b9","Acraea andromacha","https://biodiversity.org.au/afd/taxa/86294130-ca0d-4e27-81da-5a82a7cd4c87",-25.818927,152.725455,2024-04-02 10:54:00,"PRESENT","iNaturalist Australia"
"1196","56397303-c3e4-4ba4-bd34-ca7c703296c8","Acraea terpsicore","https://biodiversity.org.au/afd/taxa/ba632bea-a7b4-4b60-bf89-d63128cad841",-21.3,149.2,2023-11-26 06:28:00,"PRESENT","Earth Guardians Weekly Feed"
"1197","563aa846-b39f-43a0-8485-522df8b96fb2","Acraea terpsicore","https://biodiversity.org.au/afd/taxa/ba632bea-a7b4-4b60-bf89-d63128cad841",-27.490846,153.186106,2022-03-23 12:30:21,"PRESENT","iNaturalist Australia"
"1198","566c72cf-e24f-420f-ae62-ce4e01916c00","Acraea andromacha","https://biodiversity.org.au/afd/taxa/86294130-ca0d-4e27-81da-5a82a7cd4c87",-17.31159,145.58891,2022-11-03 23:15:00,"PRESENT","Butterflies Australia"
"1199","569079dd-bdc5-4be4-b706-744d65c34351","Acraea andromacha","https://biodiversity.org.au/afd/taxa/86294130-ca0d-4e27-81da-5a82a7cd4c87",-28.259798,153.401705,2021-03-06 10:56:00,"PRESENT","iNaturalist Australia"
"1200","569b4825-4491-44bb-90fc-7f3fd98c1030","Acraea andromacha","https://biodiversity.org.au/afd/taxa/86294130-ca0d-4e27-81da-5a82a7cd4c87",-27.571726,152.782418,2025-01-30 13:32:02,"PRESENT","iNaturalist Australia"
"1201","56aba884-1b39-4ade-b8b1-610dc74a6083","Acraea andromacha","https://biodiversity.org.au/afd/taxa/86294130-ca0d-4e27-81da-5a82a7cd4c87",-19.251638,146.798644,2023-12-17 14:09:00,"PRESENT","iNaturalist Australia"
"1202","56afa82f-3376-43fd-a074-dcc5c7bdbadf","Acraea andromacha","https://biodiversity.org.au/afd/taxa/86294130-ca0d-4e27-81da-5a82a7cd4c87",-27.534296,153.138874,2025-11-07 10:19:00,"PRESENT","iNaturalist Australia"
"1203","56b22e3f-0b9a-42ab-9c0a-9250d7ea1e7e","Adenia heterophylla","https://id.biodiversity.org.au/taxon/apni/51442112",-12.865622,132.815265,2025-10-11 09:35:12,"PRESENT","iNaturalist Australia"
"1204","56b25c53-d24f-492f-869e-aa7228f254a8","Afrohybanthus enneaspermus","https://id.biodiversity.org.au/taxon/apni/51448720",-13.826094,136.351336,2022-05-22,"PRESENT","Flora Atlas N.T."
"1205","56b4ea6a-49e4-4722-b107-4e86645d8bba","Acraea andromacha","https://biodiversity.org.au/afd/taxa/86294130-ca0d-4e27-81da-5a82a7cd4c87",-27.485585,152.954211,2022-02-05 14:07:00,"PRESENT","iNaturalist Australia"
"1206","56cbcadd-8eb4-47ca-9b16-be2c017f6eda","Acraea andromacha","https://biodiversity.org.au/afd/taxa/86294130-ca0d-4e27-81da-5a82a7cd4c87",-21.68688,139.4359,2023-08-24 23:37:00,"PRESENT","Butterflies Australia"
"1207","56ead9bb-7e02-430e-976b-261124717c42","Acraea terpsicore","https://biodiversity.org.au/afd/taxa/ba632bea-a7b4-4b60-bf89-d63128cad841",-19.146791,146.774278,2025-07-13 15:08:00,"PRESENT","Earth Guardians Weekly Feed"
"1208","56fb44b7-6a68-424a-9e08-014b50b11160","Acraea terpsicore","https://biodiversity.org.au/afd/taxa/ba632bea-a7b4-4b60-bf89-d63128cad841",-19.19658,146.768639,2025-11-03 09:28:35,"PRESENT","iNaturalist Australia"
"1209","5706c394-d792-4740-9376-c9256c280fb3","Acraea terpsicore","https://biodiversity.org.au/afd/taxa/ba632bea-a7b4-4b60-bf89-d63128cad841",-12.64848,131.10952,2023-01-17 10:50:00,"PRESENT","iNaturalist Australia"
"1210","57100368-868b-4736-8bf5-598407dd0a45","Afrohybanthus enneaspermus","https://id.biodiversity.org.au/taxon/apni/51448720",-16.71969,134.96971,2022-02-16,"PRESENT","Flora Atlas N.T."
"1211","571fe458-ffed-47f5-8dda-d7640d381ad6","Afrohybanthus enneaspermus","https://id.biodiversity.org.au/taxon/apni/51448720",-17.0361,145.578,2024-02-22 13:00:00,"PRESENT","iNaturalist Australia"
"1212","573481f5-1462-482d-bacc-b3b59d0a1467","Acraea terpsicore","https://biodiversity.org.au/afd/taxa/ba632bea-a7b4-4b60-bf89-d63128cad841",-17.409631,145.062215,2023-04-21 10:13:00,"PRESENT","iNaturalist Australia"
"1213","57580197-79f2-47f8-8d5c-c62cd141b31a","Acraea terpsicore","https://biodiversity.org.au/afd/taxa/ba632bea-a7b4-4b60-bf89-d63128cad841",-27.485699,152.951467,2022-03-05 14:52:00,"PRESENT","iNaturalist Australia"
"1214","57839f0f-3200-47e6-8e4d-2597509435cf","Adenia heterophylla","https://id.biodiversity.org.au/taxon/apni/51442112",-13.906673,136.819895,2025-05-03 14:20:46,"PRESENT","iNaturalist Australia"
"1215","57ad7edf-6079-44e4-9f38-6e8b22cf120f","Acraea terpsicore","https://biodiversity.org.au/afd/taxa/ba632bea-a7b4-4b60-bf89-d63128cad841",-19.198838,146.751162,2024-03-12 07:40:00,"PRESENT","iNaturalist Australia"
"1216","57cbae3a-3729-47bb-9bb0-5d05d01358fa","Acraea andromacha","https://biodiversity.org.au/afd/taxa/86294130-ca0d-4e27-81da-5a82a7cd4c87",-27.261306,152.899998,2021-03-14 08:26:54,"PRESENT","iNaturalist Australia"
"1217","57e0a7dc-ce43-4251-bb58-a9c15a007963","Afrohybanthus enneaspermus","https://id.biodiversity.org.au/taxon/apni/51448720",-17.0651,134.39212,2021-05-11,"PRESENT","Flora Atlas N.T."
"1218","57fc0b41-f851-4795-b472-d02d0203efed","Afrohybanthus enneaspermus","https://id.biodiversity.org.au/taxon/apni/51448720",-23.493753,150.478072,2025-02-09 07:00:55,"PRESENT","iNaturalist Australia"
"1219","580cfef2-6bc0-4b11-a45e-fa28a006298c","Acraea andromacha","https://biodiversity.org.au/afd/taxa/86294130-ca0d-4e27-81da-5a82a7cd4c87",-27.507661,153.115608,2023-02-04 14:18:00,"PRESENT","iNaturalist Australia"
"1220","58598285-9e96-4d7b-8c9b-7addbeec2b4a","Acraea terpsicore","https://biodiversity.org.au/afd/taxa/ba632bea-a7b4-4b60-bf89-d63128cad841",-18.0948,144.0911,2021-03-22 01:00:00,"PRESENT","Butterflies Australia"
"1221","585f20d8-bcf9-4737-af93-284e75ac69d1","Acraea andromacha","https://biodiversity.org.au/afd/taxa/86294130-ca0d-4e27-81da-5a82a7cd4c87",-27.73445,152.768991,2023-05-06 13:36:00,"PRESENT","iNaturalist Australia"
"1222","58674a32-2a3e-4518-8db4-1d02432299af","Acraea terpsicore","https://biodiversity.org.au/afd/taxa/ba632bea-a7b4-4b60-bf89-d63128cad841",-21.131792,148.491011,2021-04-12 12:38:06,"PRESENT","iNaturalist Australia"
"1223","58a708d0-6038-4533-8497-83fba5560701","Acraea andromacha","https://biodiversity.org.au/afd/taxa/86294130-ca0d-4e27-81da-5a82a7cd4c87",-27.4766,152.958757,2025-01-18 08:59:00,"PRESENT","iNaturalist Australia"
"1224","58c67f45-0634-4dec-92ba-528d2d95d7f8","Acraea terpsicore","https://biodiversity.org.au/afd/taxa/ba632bea-a7b4-4b60-bf89-d63128cad841",-17.26801,145.4847,2021-04-09 15:29:00,"PRESENT","Butterflies Australia"
"1225","58d3a023-04ae-4aab-9de9-d9a7253c81b3","Acraea terpsicore","https://biodiversity.org.au/afd/taxa/ba632bea-a7b4-4b60-bf89-d63128cad841",-16.228577,128.739776,2025-10-01 01:38:00,"PRESENT","iNaturalist Australia"
"1226","58e0d35b-2f32-41b7-b769-013e597a1dae","Acraea andromacha","https://biodiversity.org.au/afd/taxa/86294130-ca0d-4e27-81da-5a82a7cd4c87",-27.5,152,2021-03-24 22:30:02,"PRESENT","Earth Guardians Weekly Feed"
"1227","59103aba-5ac1-4e6d-bcb6-22d49164b069","Acraea andromacha","https://biodiversity.org.au/afd/taxa/86294130-ca0d-4e27-81da-5a82a7cd4c87",-27.261314,152.899999,2021-01-26 08:23:00,"PRESENT","iNaturalist Australia"
"1228","592a22db-97fe-4f8b-af7a-12f14e6c1c9a","Adenia heterophylla","https://id.biodiversity.org.au/taxon/apni/51442112",-12.865965,132.81485,2024-12-09 16:51:00,"PRESENT","iNaturalist Australia"
"1229","593cec12-af01-444f-b1ee-a12e7fafe737","Acraea terpsicore","https://biodiversity.org.au/afd/taxa/ba632bea-a7b4-4b60-bf89-d63128cad841",-20.066874,148.450875,2024-07-24 09:25:00,"PRESENT","iNaturalist Australia"
"1230","594b6a27-972e-4366-9262-4f673b0ed5f1","Acraea andromacha","https://biodiversity.org.au/afd/taxa/86294130-ca0d-4e27-81da-5a82a7cd4c87",-24.79663,152.44038,2021-03-05 11:45:00,"PRESENT","Butterflies Australia"
"1231","59577c5a-a092-4ee2-a11a-7bf481f32ee0","Acraea terpsicore","https://biodiversity.org.au/afd/taxa/ba632bea-a7b4-4b60-bf89-d63128cad841",-12.454333,130.947672,2024-04-26 18:06:00,"PRESENT","iNaturalist Australia"
"1232","599433e0-f749-4405-bf29-ac143b6290c4","Acraea terpsicore","https://biodiversity.org.au/afd/taxa/ba632bea-a7b4-4b60-bf89-d63128cad841",-14.439257,132.270211,2023-04-08 13:01:00,"PRESENT","iNaturalist Australia"
"1233","59ab1b2a-6aad-4f5b-a1a6-7e2b92093382","Acraea andromacha","https://biodiversity.org.au/afd/taxa/86294130-ca0d-4e27-81da-5a82a7cd4c87",-19.746438,147.494091,2021-09-30 01:00:00,"PRESENT","Butterflies Australia"
"1234","59b2f567-9504-4f92-91b4-ac34416facf1","Afrohybanthus enneaspermus","https://id.biodiversity.org.au/taxon/apni/51448720",-15.78124,132.60036,2022-04-01,"PRESENT","Flora Atlas N.T."
"1235","59b561c4-db58-4c59-a43b-511728f2950f","Adenia heterophylla","https://id.biodiversity.org.au/node/apni/2909919",-16.5613,145.4802,2023-07-04 13:17:00,"PRESENT","iNaturalist Australia"
"1236","59e69147-cfcc-4aca-9954-748efe658b2a","Acraea andromacha","https://biodiversity.org.au/afd/taxa/86294130-ca0d-4e27-81da-5a82a7cd4c87",-27.382454,152.468371,2021-05-13 09:20:16,"PRESENT","iNaturalist Australia"
"1237","59e722e7-084d-470a-8e85-0402e13e1f5d","Acraea andromacha","https://biodiversity.org.au/afd/taxa/86294130-ca0d-4e27-81da-5a82a7cd4c87",-18.005533,122.209123,2024-09-09 17:05:00,"PRESENT","iNaturalist Australia"
"1238","59e7e0fc-56b8-410b-967c-221e7b3dc658","Acraea terpsicore","https://biodiversity.org.au/afd/taxa/ba632bea-a7b4-4b60-bf89-d63128cad841",-19.519116,146.873128,2025-06-12 13:36:00,"PRESENT","iNaturalist Australia"
"1239","59feb611-2139-4bc7-959f-de73761d63bd","Afrohybanthus enneaspermus","https://id.biodiversity.org.au/taxon/apni/51448720",-16.656625,145.560347,2022-12-22 08:34:56,"PRESENT","iNaturalist Australia"
"1240","5a1a1a5e-b0c8-4e11-847f-e9ea008910f4","Acraea terpsicore","https://biodiversity.org.au/afd/taxa/ba632bea-a7b4-4b60-bf89-d63128cad841",-27.33673,153.07953,2021-02-28 11:40:00,"PRESENT","Butterflies Australia"
"1241","5a2359cf-1e6e-4770-873a-0d95be6c0027","Acraea andromacha","https://biodiversity.org.au/afd/taxa/86294130-ca0d-4e27-81da-5a82a7cd4c87",-27.956065,152.397253,2025-04-24 23:55:00,"PRESENT","iNaturalist Australia"
"1242","5a323543-42ba-474b-8dec-f10b94237cbf","Acraea andromacha","https://biodiversity.org.au/afd/taxa/86294130-ca0d-4e27-81da-5a82a7cd4c87",-27.465828,152.958575,2023-04-28 09:22:00,"PRESENT","iNaturalist Australia"
"1243","5a3c6b0b-52ff-43b0-8f6f-1ab41cb63a00","Acraea andromacha","https://biodiversity.org.au/afd/taxa/86294130-ca0d-4e27-81da-5a82a7cd4c87",-17.865784,140.826572,2025-06-06 09:21:00,"PRESENT","iNaturalist Australia"
"1244","5a4b67db-f06b-4d63-80f9-6249f4cb7332","Acraea andromacha","https://biodiversity.org.au/afd/taxa/86294130-ca0d-4e27-81da-5a82a7cd4c87",-26.758348,152.860769,2023-04-14 14:43:53,"PRESENT","iNaturalist Australia"
"1245","5a628247-5ae4-4d45-b097-c97110de33ca","Acraea andromacha","https://biodiversity.org.au/afd/taxa/86294130-ca0d-4e27-81da-5a82a7cd4c87",-30.090367,151.778717,2024-02-26 09:32:00,"PRESENT","iNaturalist Australia"
"1246","5a7a7056-bd5d-4ce0-b6e1-a32cbd55053f","Acraea terpsicore","https://biodiversity.org.au/afd/taxa/ba632bea-a7b4-4b60-bf89-d63128cad841",-12.369364,130.908814,2025-09-06 11:47:00,"PRESENT","iNaturalist Australia"
"1247","5a807017-0716-46ca-8a03-1c1b72df0762","Acraea terpsicore","https://biodiversity.org.au/afd/taxa/ba632bea-a7b4-4b60-bf89-d63128cad841",-19.207633,146.741807,2021-05-16 14:43:00,"PRESENT","iNaturalist Australia"
"1248","5a903bd0-e629-4438-84b4-1393c2ed58ce","Afrohybanthus enneaspermus","https://id.biodiversity.org.au/taxon/apni/51448720",-23.492966,150.48078,2026-01-27 09:30:20,"PRESENT","iNaturalist Australia"
"1249","5ab279b8-0aa2-4cec-8975-6521217e8afb","Acraea andromacha","https://biodiversity.org.au/afd/taxa/86294130-ca0d-4e27-81da-5a82a7cd4c87",-27.4,152.9,2021-04-29 08:00:00,"PRESENT","Earth Guardians Weekly Feed"
"1250","5ab67335-d08d-4a61-8b99-977413a0a13f","Acraea terpsicore","https://biodiversity.org.au/afd/taxa/ba632bea-a7b4-4b60-bf89-d63128cad841",-18.553579,143.582934,2025-05-17 11:37:00,"PRESENT","iNaturalist Australia"
"1251","5ab6ad8f-1f3f-40d6-96a2-e343740ad1d6","Acraea andromacha","https://biodiversity.org.au/afd/taxa/86294130-ca0d-4e27-81da-5a82a7cd4c87",-24.212292,151.913192,2025-10-30 00:20:09,"PRESENT","iNaturalist Australia"
"1252","5abb2a2a-e854-43be-88c5-ca70f90d8acf","Acraea andromacha","https://biodiversity.org.au/afd/taxa/86294130-ca0d-4e27-81da-5a82a7cd4c87",-28.638418,153.636441,2024-06-15 13:32:40,"PRESENT","iNaturalist Australia"
"1253","5acebcab-70f2-4d10-9a8b-6027a39dc6d8","Acraea terpsicore","https://biodiversity.org.au/afd/taxa/ba632bea-a7b4-4b60-bf89-d63128cad841",-17.91649,145.35196,2023-06-11 16:30:00,"PRESENT","Butterflies Australia"
"1254","5ad4b011-fed8-481c-8627-144343ab761e","Afrohybanthus enneaspermus","https://id.biodiversity.org.au/taxon/apni/51448720",-16.84801,133.47832,2022-02-16,"PRESENT","Flora Atlas N.T."
"1255","5ade29d5-3089-44fd-b56d-fe8dfb0ebe8a","Acraea terpsicore","https://biodiversity.org.au/afd/taxa/ba632bea-a7b4-4b60-bf89-d63128cad841",-16.818234,124.920597,2021-06-26 14:49:00,"PRESENT","iNaturalist Australia"
"1256","5adf3b0e-84ee-4489-9cdc-ab66b51761fc","Acraea andromacha","https://biodiversity.org.au/afd/taxa/86294130-ca0d-4e27-81da-5a82a7cd4c87",-27.345509,152.96841,2025-02-27 15:20:00,"PRESENT","iNaturalist Australia"
"1257","5ae7bf10-b9f8-44a9-8c9a-53cc3fb1641b","Acraea andromacha","https://biodiversity.org.au/afd/taxa/86294130-ca0d-4e27-81da-5a82a7cd4c87",-27.494718,152.736447,2024-05-17 12:15:00,"PRESENT","iNaturalist Australia"
"1258","5ae945e9-bb79-4517-9240-be757ff770e7","Acraea andromacha","https://biodiversity.org.au/afd/taxa/86294130-ca0d-4e27-81da-5a82a7cd4c87",-29.51355,152.345275,2023-03-27 13:35:58,"PRESENT","iNaturalist Australia"
"1259","5aece345-c92e-43c0-b6b1-f60e943613f8","Acraea andromacha","https://biodiversity.org.au/afd/taxa/86294130-ca0d-4e27-81da-5a82a7cd4c87",-27.563619,151.99738,2022-02-14 17:28:00,"PRESENT","iNaturalist Australia"
"1260","5b03ea19-584c-4c50-b0cb-c7461a9102c9","Acraea terpsicore","https://biodiversity.org.au/afd/taxa/ba632bea-a7b4-4b60-bf89-d63128cad841",-18.201661,142.246293,2022-09-02 13:46:00,"PRESENT","iNaturalist Australia"
"1261","5b05eebf-a93e-42c3-921a-701ed51ebdf3","Acraea andromacha","https://biodiversity.org.au/afd/taxa/86294130-ca0d-4e27-81da-5a82a7cd4c87",-28.258981,153.401768,2022-04-06 12:41:00,"PRESENT","iNaturalist Australia"
"1262","5b0b2345-33b8-4d6c-9f0f-9f381600001c","Acraea terpsicore","https://biodiversity.org.au/afd/taxa/ba632bea-a7b4-4b60-bf89-d63128cad841",-12.236543,141.7165,2023-05-18 12:02:00,"PRESENT","iNaturalist Australia"
"1263","5b277a66-3305-4533-a4e8-6eb2cdc5df6f","Acraea terpsicore","https://biodiversity.org.au/afd/taxa/ba632bea-a7b4-4b60-bf89-d63128cad841",-12.338757,130.89286,2021-02-03 12:47:57,"PRESENT","iNaturalist Australia"
"1264","5b2e1571-05ac-4aa8-829c-50bfb43c3ea1","Acraea andromacha","https://biodiversity.org.au/afd/taxa/86294130-ca0d-4e27-81da-5a82a7cd4c87",-20.5248,144.4148,2022-09-23 23:15:00,"PRESENT","Butterflies Australia"
"1265","5b3183d2-d084-44e1-b0a9-7a332d016f01","Acraea andromacha","https://biodiversity.org.au/afd/taxa/86294130-ca0d-4e27-81da-5a82a7cd4c87",-27.972044,153.366398,2025-03-24 12:42:22,"PRESENT","iNaturalist Australia"
"1266","5b399e73-3484-4825-aec5-229a2a2fe7bd","Afrohybanthus enneaspermus","https://id.biodiversity.org.au/taxon/apni/51448720",-19.229702,146.668171,2022-02-21 10:08:00,"PRESENT","iNaturalist Australia"
"1267","5b58b6ab-fb6f-4297-bb80-840aed0c215e","Acraea andromacha","https://biodiversity.org.au/afd/taxa/86294130-ca0d-4e27-81da-5a82a7cd4c87",-27.237778,152.402306,2021-10-04 15:18:49,"PRESENT","iNaturalist Australia"
"1268","5b6c9753-5830-4943-8502-57ce246afb37","Acraea andromacha","https://biodiversity.org.au/afd/taxa/86294130-ca0d-4e27-81da-5a82a7cd4c87",-29.0641,152.43076,2025-01-04 15:24:00,"PRESENT","iNaturalist Australia"
"1269","5b6d91b6-5e54-4a30-b02c-2d5bc4089046","Acraea andromacha","https://biodiversity.org.au/afd/taxa/86294130-ca0d-4e27-81da-5a82a7cd4c87",-27.52914,152.795008,2023-01-02 14:36:02,"PRESENT","iNaturalist Australia"
"1270","5b885fc6-f7c5-4916-8005-22ffa3a6fc23","Afrohybanthus enneaspermus","https://id.biodiversity.org.au/taxon/apni/51448720",-15.261101,145.286213,2022-06-04 11:47:00,"PRESENT","iNaturalist Australia"
"1271","5baf66e8-a8bd-4aef-aea4-7fc7e51bb825","Acraea andromacha","https://biodiversity.org.au/afd/taxa/86294130-ca0d-4e27-81da-5a82a7cd4c87",-27.582778,153.141286,2024-05-22 11:42:19,"PRESENT","iNaturalist Australia"
"1272","5bbf8471-ffc7-4176-bdf8-1dcda2cc10f1","Acraea terpsicore","https://biodiversity.org.au/afd/taxa/ba632bea-a7b4-4b60-bf89-d63128cad841",-23.867027,148.136532,2022-07-12 14:29:04,"PRESENT","iNaturalist Australia"
"1273","5bc452d4-8de7-424d-804a-43830294c017","Acraea terpsicore","https://biodiversity.org.au/afd/taxa/ba632bea-a7b4-4b60-bf89-d63128cad841",-20.273295,148.715873,2022-11-26 14:42:00,"PRESENT","iNaturalist Australia"
"1274","5bc724af-6945-41e2-8b04-be8d811adea0","Acraea andromacha","https://biodiversity.org.au/afd/taxa/86294130-ca0d-4e27-81da-5a82a7cd4c87",-27.484519,152.955309,2024-03-12 09:14:00,"PRESENT","iNaturalist Australia"
"1275","5bc92d9d-3b95-441f-8039-f1ffe0511d3b","Acraea terpsicore","https://biodiversity.org.au/afd/taxa/ba632bea-a7b4-4b60-bf89-d63128cad841",-19.162405,146.847096,2022-07-09 13:19:00,"PRESENT","iNaturalist Australia"
"1276","5be94234-e129-4d69-8188-d8bfa1a82bac","Acraea terpsicore","https://biodiversity.org.au/afd/taxa/ba632bea-a7b4-4b60-bf89-d63128cad841",-19.257845,146.804003,2025-07-04 15:25:46,"PRESENT","iNaturalist Australia"
"1277","5bebcdbd-43e7-488a-8293-11a569151067","Acraea terpsicore","https://biodiversity.org.au/afd/taxa/ba632bea-a7b4-4b60-bf89-d63128cad841",-30.296087,153.138514,2022-11-02 02:48:00,"PRESENT","NatureMapr"
"1278","5bf8be9d-bcad-4e94-a3b5-1e715ba1f9a8","Acraea andromacha","https://biodiversity.org.au/afd/taxa/86294130-ca0d-4e27-81da-5a82a7cd4c87",-24.153761,151.887024,2026-01-01 12:58:00,"PRESENT","iNaturalist Australia"
"1279","5bfd69f6-dc7d-41d3-a398-46c413d54a8c","Acraea andromacha","https://biodiversity.org.au/afd/taxa/86294130-ca0d-4e27-81da-5a82a7cd4c87",-30.435399,152.694547,2023-03-10 11:31:15,"PRESENT","iNaturalist Australia"
"1280","5bfd86b6-45b3-4a39-86ec-e3d2819d1f0b","Acraea andromacha","https://biodiversity.org.au/afd/taxa/86294130-ca0d-4e27-81da-5a82a7cd4c87",-17.452361,145.432383,2025-10-31 07:52:00,"PRESENT","iNaturalist Australia"
"1281","5c2b73b4-ea67-4682-8aae-85d749240d19","Acraea terpsicore","https://biodiversity.org.au/afd/taxa/ba632bea-a7b4-4b60-bf89-d63128cad841",-25.790273,152.6967,2025-03-06 08:52:00,"PRESENT","iNaturalist Australia"
"1282","5c36922a-3b09-42ae-9922-c197328039a0","Acraea terpsicore","https://biodiversity.org.au/afd/taxa/ba632bea-a7b4-4b60-bf89-d63128cad841",-27.514665,152.844107,2022-03-06 12:08:07,"PRESENT","iNaturalist Australia"
"1283","5c435318-c196-4686-80cc-a68a319e4948","Afrohybanthus enneaspermus","https://id.biodiversity.org.au/taxon/apni/51448720",-23.800684,151.339493,2024-09-01 09:19:19,"PRESENT","iNaturalist Australia"
"1284","5c6384e5-ae83-41cf-bf5a-b28bc17244e9","Afrohybanthus enneaspermus","https://id.biodiversity.org.au/taxon/apni/51448720",-19.2297,146.7825,2024-12-28 09:06:00,"PRESENT","iNaturalist Australia"
"1285","5c7d7506-6b93-4708-9d3d-f92245d0ba92","Acraea andromacha","https://biodiversity.org.au/afd/taxa/86294130-ca0d-4e27-81da-5a82a7cd4c87",-27.486641,152.751776,2025-09-24 09:52:48,"PRESENT","iNaturalist Australia"
"1286","5c7f58c9-f865-42ce-8b9f-18187c64fd8f","Acraea andromacha","https://biodiversity.org.au/afd/taxa/86294130-ca0d-4e27-81da-5a82a7cd4c87",-27.056325,152.828277,2021-02-20,"PRESENT","iNaturalist Australia"
"1287","5c836670-1e51-4dd7-95e5-8ae70145a8ce","Afrohybanthus enneaspermus","https://id.biodiversity.org.au/taxon/apni/51448720",-12.406665,130.825735,2024-03-19 11:24:00,"PRESENT","iNaturalist Australia"
"1288","5cad18de-8d0c-47a7-81aa-4d9806adf655","Acraea andromacha","https://biodiversity.org.au/afd/taxa/86294130-ca0d-4e27-81da-5a82a7cd4c87",-25.561566,152.05532,2025-08-12 11:14:00,"PRESENT","iNaturalist Australia"
"1289","5cc41523-4b93-4a10-850f-330b928cebd8","Afrohybanthus enneaspermus","https://id.biodiversity.org.au/taxon/apni/51448720",-23.491483,150.480252,2022-03-25 06:41:22,"PRESENT","iNaturalist Australia"
"1290","5cdd2e0d-0732-43e6-95e7-31830b191a9b","Acraea andromacha","https://biodiversity.org.au/afd/taxa/86294130-ca0d-4e27-81da-5a82a7cd4c87",-27.442522,152.755748,2024-05-05 20:54:00,"PRESENT","iNaturalist Australia"
"1291","5ced6e53-19c7-4d25-9800-85520ff01fcc","Acraea andromacha","https://biodiversity.org.au/afd/taxa/86294130-ca0d-4e27-81da-5a82a7cd4c87",-27.579442,151.934747,2025-02-12 15:20:47,"PRESENT","iNaturalist Australia"
"1292","5d294804-6064-4f6d-8503-898d6959ccc3","Afrohybanthus enneaspermus","https://id.biodiversity.org.au/taxon/apni/51448720",-12.659674,131.771456,2024-11-22 09:58:00,"PRESENT","iNaturalist Australia"
"1293","5d294889-ba9b-4187-9a97-018c99dd256b","Afrohybanthus enneaspermus","https://id.biodiversity.org.au/taxon/apni/51448720",-15.503889,133.185556,2023-03-12,"PRESENT","Northern Territory Herbarium (DNA) AVH data"
"1294","5d606df1-7c27-47bb-8531-da04a2fce9b2","Acraea andromacha","https://biodiversity.org.au/afd/taxa/86294130-ca0d-4e27-81da-5a82a7cd4c87",-23.26199,150.551893,2025-03-08 14:42:00,"PRESENT","iNaturalist Australia"
"1295","5da262af-55b9-4f91-a925-165a056115e3","Acraea andromacha","https://biodiversity.org.au/afd/taxa/afb7279d-cb44-4c89-be73-cf1e0a48cf46",-17.5417,145.51925,2023-01-01,"PRESENT","WildNet - Queensland Wildlife Data"
"1296","5db4bb46-0c00-4a5b-9d96-9e39370c80b1","Acraea andromacha","https://biodiversity.org.au/afd/taxa/86294130-ca0d-4e27-81da-5a82a7cd4c87",-27.594345,151.989733,2022-12-23 09:48:00,"PRESENT","iNaturalist Australia"
"1297","5dc2db45-a3c7-49ff-9d24-41242a726846","Acraea andromacha","https://biodiversity.org.au/afd/taxa/86294130-ca0d-4e27-81da-5a82a7cd4c87",-16.810305,145.728255,2022-03-31 16:58:57,"PRESENT","iNaturalist Australia"
"1298","5dcbb458-c40a-4bed-b602-4a965b5f1091","Acraea terpsicore","https://biodiversity.org.au/afd/taxa/ba632bea-a7b4-4b60-bf89-d63128cad841",-14.5,132.2,2021-02-06 10:17:00,"PRESENT","Earth Guardians Weekly Feed"
"1299","5dd66f66-d86f-4e56-94d7-223fe716be07","Acraea andromacha","https://biodiversity.org.au/afd/taxa/86294130-ca0d-4e27-81da-5a82a7cd4c87",-27.539163,153.215112,2023-08-19 13:41:00,"PRESENT","iNaturalist Australia"
"1300","5def49ea-24a0-4958-be94-69f8929e367a","Acraea andromacha","https://biodiversity.org.au/afd/taxa/86294130-ca0d-4e27-81da-5a82a7cd4c87",-25.057377,148.229218,2021-12-29 07:36:20,"PRESENT","iNaturalist Australia"
"1301","5e12db11-8a0b-4881-90de-bdd3bf4d8791","Acraea andromacha","https://biodiversity.org.au/afd/taxa/86294130-ca0d-4e27-81da-5a82a7cd4c87",-27.793925,152.799987,2025-11-22 09:19:00,"PRESENT","iNaturalist Australia"
"1302","5e24782f-d1c9-47fa-a68e-eb90dddb28ad","Acraea andromacha","https://biodiversity.org.au/afd/taxa/86294130-ca0d-4e27-81da-5a82a7cd4c87",-27.527887,152.988808,2021-08-26 11:10:00,"PRESENT","iNaturalist Australia"
"1303","5e91ef3e-e902-457f-ad93-4ac483051bb8","Acraea terpsicore","https://biodiversity.org.au/afd/taxa/ba632bea-a7b4-4b60-bf89-d63128cad841",-20.101328,148.553186,2025-07-23 13:29:00,"PRESENT","iNaturalist Australia"
"1304","5e927db6-c2bc-48d7-bcf9-b25dd7beffb6","Acraea terpsicore","https://biodiversity.org.au/afd/taxa/ba632bea-a7b4-4b60-bf89-d63128cad841",-15.433263,144.982625,2022-06-25 02:00:00,"PRESENT","Butterflies Australia"
"1305","5e92eda1-b798-4ef9-b2dc-1afdb53e9677","Acraea andromacha","https://biodiversity.org.au/afd/taxa/86294130-ca0d-4e27-81da-5a82a7cd4c87",-25.353881,131.031879,2022-11-14 10:08:00,"PRESENT","iNaturalist Australia"
"1306","5e982e30-5de5-44ad-82c5-7dfad90d4f3f","Acraea andromacha","https://biodiversity.org.au/afd/taxa/afb7279d-cb44-4c89-be73-cf1e0a48cf46",-26.89639,151.28388,2022-12-18,"PRESENT","WildNet - Queensland Wildlife Data"
"1307","5e9b97f5-50f9-4736-a952-00a722d0eaa0","Acraea andromacha","https://biodiversity.org.au/afd/taxa/86294130-ca0d-4e27-81da-5a82a7cd4c87",-19.018491,138.726412,2025-08-31 17:10:00,"PRESENT","iNaturalist Australia"
"1308","5ea77edb-e99d-4d35-bfdf-4303ca080118","Acraea andromacha","https://biodiversity.org.au/afd/taxa/86294130-ca0d-4e27-81da-5a82a7cd4c87",-36.106933,144.755983,2022-02-13 15:20:00,"PRESENT","iNaturalist Australia"
"1309","5eaafa6f-6ac9-449b-a8f6-efe8597296d1","Acraea terpsicore","https://biodiversity.org.au/afd/taxa/ba632bea-a7b4-4b60-bf89-d63128cad841",-17.74008,139.54788,2023-09-09 22:32:00,"PRESENT","Butterflies Australia"
"1310","5eaeec81-8114-44a8-88ed-b476e58c95e9","Acraea andromacha","https://biodiversity.org.au/afd/taxa/86294130-ca0d-4e27-81da-5a82a7cd4c87",-25.518113,148.73632,2022-04-10 12:24:06,"PRESENT","iNaturalist Australia"
"1311","5eb37f0a-9331-42e2-af54-2af1804d0cca","Acraea andromacha","https://biodiversity.org.au/afd/taxa/86294130-ca0d-4e27-81da-5a82a7cd4c87",-30.110016,153.211565,2023-04-19 10:51:00,"PRESENT","iNaturalist Australia"
"1312","5eed3856-d8fb-476c-81a5-734ee27feb3b","Acraea andromacha","https://biodiversity.org.au/afd/taxa/86294130-ca0d-4e27-81da-5a82a7cd4c87",-27.432464,153.543168,2022-11-07 12:16:18,"PRESENT","iNaturalist Australia"
"1313","5ef536a5-d7ee-4a29-ad1a-526e738aa61e","Acraea andromacha","https://biodiversity.org.au/afd/taxa/86294130-ca0d-4e27-81da-5a82a7cd4c87",-28.579498,151.881339,2022-03-15 17:31:00,"PRESENT","iNaturalist Australia"
"1314","5f28748a-6357-46d3-9959-bfa5ed066a03","Acraea andromacha","https://biodiversity.org.au/afd/taxa/86294130-ca0d-4e27-81da-5a82a7cd4c87",-26.376879,153.11626,2025-08-31 22:12:00,"PRESENT","iNaturalist Australia"
"1315","5f2a00c5-d7a3-4991-8da4-2e9921fde8f0","Acraea andromacha","https://biodiversity.org.au/afd/taxa/86294130-ca0d-4e27-81da-5a82a7cd4c87",-27.509177,153.118867,2025-03-19 10:46:00,"PRESENT","iNaturalist Australia"
"1316","5f2c89d8-de7d-40a9-b49b-500305f6e4b9","Acraea terpsicore","https://biodiversity.org.au/afd/taxa/ba632bea-a7b4-4b60-bf89-d63128cad841",-16.787868,145.693065,2025-08-21 12:33:00,"PRESENT","iNaturalist Australia"
"1317","5f313515-aeec-4b1c-99d3-00b3baef2cbc","Acraea andromacha","https://biodiversity.org.au/afd/taxa/86294130-ca0d-4e27-81da-5a82a7cd4c87",-27.381397,153.004749,2025-01-13 17:24:00,"PRESENT","iNaturalist Australia"
"1318","5f3c3c71-e166-45b8-a3d8-8fe9cefbf04e","Acraea andromacha","https://biodiversity.org.au/afd/taxa/86294130-ca0d-4e27-81da-5a82a7cd4c87",-27.542493,153.072962,2024-08-18 15:57:00,"PRESENT","iNaturalist Australia"
"1319","5f4e014b-4854-46a1-815d-e4f093d5d2d5","Acraea andromacha","https://biodiversity.org.au/afd/taxa/86294130-ca0d-4e27-81da-5a82a7cd4c87",-17.338011,144.679852,2025-09-15 13:33:00,"PRESENT","iNaturalist Australia"
"1320","5f59d1e7-b0aa-4ec7-bc3c-00c9022f4850","Acraea terpsicore","https://biodiversity.org.au/afd/taxa/ba632bea-a7b4-4b60-bf89-d63128cad841",-18.040031,144.881387,2021-07-04 14:52:00,"PRESENT","iNaturalist Australia"
"1321","5f5c39fc-8e28-4425-ba21-ce72f19febb5","Acraea terpsicore","https://biodiversity.org.au/afd/taxa/ba632bea-a7b4-4b60-bf89-d63128cad841",-19.2583,146.803131,2021-03-02 10:08:00,"PRESENT","iNaturalist Australia"
"1322","5f8ee5be-7c31-48ea-8aeb-0392517de674","Acraea andromacha","https://biodiversity.org.au/afd/taxa/86294130-ca0d-4e27-81da-5a82a7cd4c87",-24.7231,150.99153,2025-07-28 12:22:00,"PRESENT","iNaturalist Australia"
"1323","5f9d109d-937e-49e1-8589-ec0278e252dc","Acraea terpsicore","https://biodiversity.org.au/afd/taxa/ba632bea-a7b4-4b60-bf89-d63128cad841",-19.177492,146.844085,2022-04-04 09:17:47,"PRESENT","iNaturalist Australia"
"1324","5fb6bc6a-c8d2-4249-908b-e03238b38d7e","Acraea andromacha","https://biodiversity.org.au/afd/taxa/86294130-ca0d-4e27-81da-5a82a7cd4c87",-17.31254,145.58784,2021-04-22 13:36:00,"PRESENT","Butterflies Australia"
"1325","5fb8f90d-862d-4b4f-944b-6b822ba9ce48","Acraea terpsicore","https://biodiversity.org.au/afd/taxa/ba632bea-a7b4-4b60-bf89-d63128cad841",-12.349239,130.898633,2023-04-24 08:32:00,"PRESENT","iNaturalist Australia"
"1326","5fe441d5-ec6c-46d9-94d7-7a02fe9ce4e7","Afrohybanthus enneaspermus","https://id.biodiversity.org.au/taxon/apni/51448720",-16.92836,133.42924,2022-02-16,"PRESENT","Flora Atlas N.T."
"1327","5fe60905-6f41-4a5b-8104-bdd01bddf93b","Acraea andromacha","https://biodiversity.org.au/afd/taxa/86294130-ca0d-4e27-81da-5a82a7cd4c87",-27.597934,153.214981,2025-03-30 11:02:55,"PRESENT","iNaturalist Australia"
"1328","5feb4a96-481f-42d9-99fc-b2b8d2be37b9","Acraea terpsicore","https://biodiversity.org.au/afd/taxa/ba632bea-a7b4-4b60-bf89-d63128cad841",-26.61576,153.063643,2023-04-16 08:25:59,"PRESENT","iNaturalist Australia"
"1329","5ff49fbd-0876-4315-b849-d23fc64e23fe","Acraea terpsicore","https://biodiversity.org.au/afd/taxa/ba632bea-a7b4-4b60-bf89-d63128cad841",-20.000368,148.249079,2024-08-31 10:12:00,"PRESENT","iNaturalist Australia"
"1330","60062e74-739c-456f-a6eb-44392b6cfa07","Acraea andromacha","https://biodiversity.org.au/afd/taxa/86294130-ca0d-4e27-81da-5a82a7cd4c87",-25.86728,152.578402,2022-02-27 10:02:13,"PRESENT","iNaturalist Australia"
"1331","6006a175-125c-4ef3-8215-cf2efee0d6d8","Acraea andromacha","https://biodiversity.org.au/afd/taxa/86294130-ca0d-4e27-81da-5a82a7cd4c87",-27.540051,153.04687,2022-01-08 20:44:00,"PRESENT","iNaturalist Australia"
"1332","601c4810-30b2-480d-bbc9-5c8529fc846f","Acraea terpsicore","https://biodiversity.org.au/afd/taxa/ba632bea-a7b4-4b60-bf89-d63128cad841",-27.236837,152.92987,2021-06-13 09:46:00,"PRESENT","iNaturalist Australia"
"1333","601d7ccd-11e8-4ab8-b7ad-c1653c32277e","Acraea andromacha","https://biodiversity.org.au/afd/taxa/86294130-ca0d-4e27-81da-5a82a7cd4c87",-29.778539,151.350111,2024-08-11 16:55:00,"PRESENT","iNaturalist Australia"
"1334","6024d96e-2b15-41a0-9c13-9095b47faaab","Acraea terpsicore","https://biodiversity.org.au/afd/taxa/ba632bea-a7b4-4b60-bf89-d63128cad841",-22.110775,145.193478,2025-06-26 15:53:36,"PRESENT","iNaturalist Australia"
"1335","6029dadb-56a3-49cd-a68a-854746d541f9","Acraea andromacha","https://biodiversity.org.au/afd/taxa/86294130-ca0d-4e27-81da-5a82a7cd4c87",-20.0658,138.7598,2023-09-05 02:15:00,"PRESENT","Butterflies Australia"
"1336","602e54ea-4101-42e3-a7fa-5874ce891a93","Acraea terpsicore","https://biodiversity.org.au/afd/taxa/ba632bea-a7b4-4b60-bf89-d63128cad841",-18.300685,143.525216,2023-02-16 12:14:00,"PRESENT","iNaturalist Australia"
"1337","6056e4fd-7913-4d1f-8ba5-6c7c025a4c4d","Acraea terpsicore","https://biodiversity.org.au/afd/taxa/ba632bea-a7b4-4b60-bf89-d63128cad841",-29.412722,153.361766,2025-01-03 15:43:12,"PRESENT","iNaturalist Australia"
"1338","607cce15-eead-4e05-b64a-f6ada43c39db","Acraea andromacha","https://biodiversity.org.au/afd/taxa/86294130-ca0d-4e27-81da-5a82a7cd4c87",-17.956925,122.204994,2024-09-13 18:05:00,"PRESENT","iNaturalist Australia"
"1339","608520cf-9fe4-4f6a-ba74-564f6eeed9f4","Afrohybanthus enneaspermus","https://id.biodiversity.org.au/taxon/apni/51448720",-23.492943,150.475023,2025-02-07 06:55:30,"PRESENT","iNaturalist Australia"
"1340","60898832-f771-4291-98b6-3ef5bc192340","Acraea andromacha","https://biodiversity.org.au/afd/taxa/86294130-ca0d-4e27-81da-5a82a7cd4c87",-27.717353,152.457361,2021-10-05 20:45:00,"PRESENT","Earth Guardians Weekly Feed"
"1341","60b584af-ead6-474d-a3bb-1ba51d22c35f","Acraea andromacha","https://biodiversity.org.au/afd/taxa/86294130-ca0d-4e27-81da-5a82a7cd4c87",-27.421549,152.930225,2024-04-27 08:57:06,"PRESENT","iNaturalist Australia"
"1342","60d8a39f-ebc8-4393-b9b1-d181fe39758f","Acraea andromacha","https://biodiversity.org.au/afd/taxa/86294130-ca0d-4e27-81da-5a82a7cd4c87",-24.805965,152.446719,2021-12-27 14:03:00,"PRESENT","iNaturalist Australia"
"1343","60da288a-336d-4dcf-9893-a2551a36ed81","Afrohybanthus enneaspermus","https://id.biodiversity.org.au/taxon/apni/51448720",-21.549493,146.886506,2025-02-11 07:36:00,"PRESENT","iNaturalist Australia"
"1344","60e52798-0697-4410-872b-96adbc8e7602","Acraea andromacha","https://biodiversity.org.au/afd/taxa/86294130-ca0d-4e27-81da-5a82a7cd4c87",-27.450203,151.953445,2021-02-28 10:51:31,"PRESENT","iNaturalist Australia"
"1345","60eaa745-1a9b-43d9-9cfe-acbab68e816b","Acraea andromacha","https://biodiversity.org.au/afd/taxa/86294130-ca0d-4e27-81da-5a82a7cd4c87",-27.2,153,2021-02-17 11:23:00,"PRESENT","Earth Guardians Weekly Feed"
"1346","61092680-d9c4-40e3-91d3-7b835e0e741b","Acraea andromacha","https://biodiversity.org.au/afd/taxa/86294130-ca0d-4e27-81da-5a82a7cd4c87",-27.38027,153.00494,2023-10-28 01:59:00,"PRESENT","Butterflies Australia"
"1347","611a6b90-5461-4a93-8f5d-b306d1264fed","Acraea andromacha","https://biodiversity.org.au/afd/taxa/86294130-ca0d-4e27-81da-5a82a7cd4c87",-30.531106,152.033115,2024-02-27 10:44:00,"PRESENT","iNaturalist Australia"
"1348","613726b8-a421-43cc-8525-81049b82da95","Acraea terpsicore","https://biodiversity.org.au/afd/taxa/ba632bea-a7b4-4b60-bf89-d63128cad841",-13.491678,131.04905,2025-11-13 09:29:00,"PRESENT","iNaturalist Australia"
"1349","6164e508-1c4c-4250-a144-c3c90348b389","Acraea terpsicore","https://biodiversity.org.au/afd/taxa/ba632bea-a7b4-4b60-bf89-d63128cad841",-15.517838,128.834925,2025-03-10 08:30:48,"PRESENT","iNaturalist Australia"
"1350","61655e55-39bd-4ff5-a2c1-3d239967a48a","Acraea andromacha","https://biodiversity.org.au/afd/taxa/86294130-ca0d-4e27-81da-5a82a7cd4c87",-27.267149,152.856923,2023-03-31 08:30:00,"PRESENT","iNaturalist Australia"
"1351","616ae597-cad3-447c-b613-afe94cbf0b75","Acraea terpsicore","https://biodiversity.org.au/afd/taxa/ba632bea-a7b4-4b60-bf89-d63128cad841",-16.787844,145.693086,2022-02-27 15:54:00,"PRESENT","iNaturalist Australia"
"1352","61711170-3db1-4842-b08a-fdf0825ac090","Acraea andromacha","https://biodiversity.org.au/afd/taxa/86294130-ca0d-4e27-81da-5a82a7cd4c87",-27.34068,153.0782,2021-02-28 12:05:00,"PRESENT","Butterflies Australia"
"1353","61893a16-0e0d-4dbc-9922-304fb28f1806","Acraea andromacha","https://biodiversity.org.au/afd/taxa/86294130-ca0d-4e27-81da-5a82a7cd4c87",-23.083317,148.012228,2025-06-05 10:55:00,"PRESENT","iNaturalist Australia"
"1354","619ba99a-9bed-4163-aeae-4f882d438a59","Acraea andromacha","https://biodiversity.org.au/afd/taxa/86294130-ca0d-4e27-81da-5a82a7cd4c87",-29.779822,151.349161,2025-02-14 17:51:14,"PRESENT","iNaturalist Australia"
"1355","61b265eb-7ec0-4fe5-aa71-6731ef06ace9","Acraea terpsicore","https://biodiversity.org.au/afd/taxa/ba632bea-a7b4-4b60-bf89-d63128cad841",-17.3788,145.38465,2023-04-20 01:15:00,"PRESENT","Butterflies Australia"
"1356","61bafcec-70af-48b8-af4a-e2c1a0bf5ea7","Acraea andromacha","https://biodiversity.org.au/afd/taxa/86294130-ca0d-4e27-81da-5a82a7cd4c87",-28.843359,153.452449,2023-04-18 15:17:00,"PRESENT","iNaturalist Australia"
"1357","61cb4837-eb87-493b-9ad8-79e315065c82","Acraea andromacha","https://biodiversity.org.au/afd/taxa/86294130-ca0d-4e27-81da-5a82a7cd4c87",-24.84852,152.477141,2022-12-27 09:07:00,"PRESENT","iNaturalist Australia"
"1358","61e29609-edf1-4a27-9515-a198b79b2f0b","Acraea andromacha","https://biodiversity.org.au/afd/taxa/86294130-ca0d-4e27-81da-5a82a7cd4c87",-27.5424,153.06757,2021-01-09 11:22:00,"PRESENT","Butterflies Australia"
"1359","61e7073f-3536-4e77-bc8d-31d5bfcf9258","Afrohybanthus enneaspermus","https://id.biodiversity.org.au/taxon/apni/51448720",-19.814648,146.55228,2024-03-17 08:17:00,"PRESENT","iNaturalist Australia"
"1360","6200fef4-6436-4a3c-91c1-8085e00db42d","Afrohybanthus enneaspermus","https://id.biodiversity.org.au/taxon/apni/51448720",-20.592282,139.544548,2022-05-17 10:07:00,"PRESENT","iNaturalist Australia"
"1361","620aad29-abd6-4deb-923d-77697439e1f3","Acraea terpsicore","https://biodiversity.org.au/afd/taxa/ba632bea-a7b4-4b60-bf89-d63128cad841",-27.124051,152.898515,2024-01-14 08:33:00,"PRESENT","iNaturalist Australia"
"1362","620d697c-5595-4c8e-b61f-886d38a28d78","Acraea andromacha","https://biodiversity.org.au/afd/taxa/86294130-ca0d-4e27-81da-5a82a7cd4c87",-27.435697,153.545581,2024-02-18 14:41:00,"PRESENT","iNaturalist Australia"
"1363","6211e102-6114-48c8-a282-6238f2e0ef65","Acraea andromacha","https://biodiversity.org.au/afd/taxa/86294130-ca0d-4e27-81da-5a82a7cd4c87",-33.621288,151.32477,2024-06-21 13:44:25,"PRESENT","iNaturalist Australia"
"1364","621e01d5-b989-470c-9737-2976a85de6e4","Acraea terpsicore","https://biodiversity.org.au/afd/taxa/ba632bea-a7b4-4b60-bf89-d63128cad841",-19.698288,146.840225,2023-04-12 10:58:48,"PRESENT","iNaturalist Australia"
"1365","625e9ef9-b6b6-4279-8951-74ebd3256d16","Acraea andromacha","https://biodiversity.org.au/afd/taxa/86294130-ca0d-4e27-81da-5a82a7cd4c87",-29.397678,153.349962,2024-05-27 11:11:40,"PRESENT","iNaturalist Australia"
"1366","6271fabc-5eea-467e-b021-e5d0c2119c4b","Acraea andromacha","https://biodiversity.org.au/afd/taxa/86294130-ca0d-4e27-81da-5a82a7cd4c87",-27.337334,153.081267,2023-08-09 14:30:00,"PRESENT","iNaturalist Australia"
"1367","628f3d7c-b6d8-4091-be48-afedbb374887","Acraea andromacha","https://biodiversity.org.au/afd/taxa/86294130-ca0d-4e27-81da-5a82a7cd4c87",-27.378484,153.033099,2024-01-31 10:58:00,"PRESENT","iNaturalist Australia"
"1368","62917f6d-b72e-4f2f-a5a1-eec53f73b529","Acraea terpsicore","https://biodiversity.org.au/afd/taxa/ba632bea-a7b4-4b60-bf89-d63128cad841",-18.0554,144.9104,2021-04-25 11:45:00,"PRESENT","Butterflies Australia"
"1369","62aadfac-c2e9-43e5-8647-f57b5c5d51b3","Adenia heterophylla","https://id.biodiversity.org.au/taxon/apni/51442112",-16.902778,145.752201,2023-07-25 10:31:00,"PRESENT","iNaturalist Australia"
"1370","62b56eae-8740-4eff-890e-749d3060ea52","Acraea andromacha","https://biodiversity.org.au/afd/taxa/86294130-ca0d-4e27-81da-5a82a7cd4c87",-27.237858,152.425235,2022-11-04 10:46:00,"PRESENT","iNaturalist Australia"
"1371","62b66419-bb69-4b38-a334-e676a43b398a","Acraea andromacha","https://biodiversity.org.au/afd/taxa/86294130-ca0d-4e27-81da-5a82a7cd4c87",-27.353343,153.062014,2022-04-15 12:24:00,"PRESENT","iNaturalist Australia"
"1372","62bf1c18-9a66-4d8e-b4d6-8c58db55a915","Acraea andromacha","https://biodiversity.org.au/afd/taxa/86294130-ca0d-4e27-81da-5a82a7cd4c87",-23.836205,151.146225,2024-02-02 08:48:07,"PRESENT","iNaturalist Australia"
"1373","62c8719b-bdcc-4fc8-a8f4-b8e72ef2fd01","Acraea andromacha","https://biodiversity.org.au/afd/taxa/86294130-ca0d-4e27-81da-5a82a7cd4c87",-31.789338,151.15651,2024-02-09 14:11:00,"PRESENT","iNaturalist Australia"
"1374","62ce2c9b-b42a-4e5b-bfa5-d3b4e76a60fb","Acraea andromacha","https://biodiversity.org.au/afd/taxa/86294130-ca0d-4e27-81da-5a82a7cd4c87",-26.164937,151.971099,2022-10-29 20:03:00,"PRESENT","iNaturalist Australia"
"1375","62ea46aa-9f18-45c1-aa49-ae3f1acbf7c8","Acraea andromacha","https://biodiversity.org.au/afd/taxa/86294130-ca0d-4e27-81da-5a82a7cd4c87",-27.477027,153.007032,2024-04-22 08:30:06,"PRESENT","iNaturalist Australia"
"1376","630724c6-8c78-4173-be40-c03672fbeede","Acraea andromacha","https://biodiversity.org.au/afd/taxa/86294130-ca0d-4e27-81da-5a82a7cd4c87",-27.377196,152.907183,2024-09-22 14:58:00,"PRESENT","iNaturalist Australia"
"1377","630bf7bb-9d03-4601-bbb1-d1249a84135d","Acraea andromacha","https://biodiversity.org.au/afd/taxa/86294130-ca0d-4e27-81da-5a82a7cd4c87",-27.492472,153.18485,2022-04-02 10:29:28,"PRESENT","iNaturalist Australia"
"1378","63181d64-d9fd-4c49-afb2-2543155e0f01","Acraea andromacha","https://biodiversity.org.au/afd/taxa/86294130-ca0d-4e27-81da-5a82a7cd4c87",-27.684487,152.851941,2024-02-26 12:15:00,"PRESENT","iNaturalist Australia"
"1379","6348d2b4-8f25-49d6-a72f-77a449f9fa9d","Afrohybanthus enneaspermus","https://id.biodiversity.org.au/taxon/apni/51448720",-13.72672,136.65068,2021-06-18,"PRESENT","Northern Territory Herbarium (DNA) AVH data"
"1380","636543b4-fc99-4976-9fde-cf7af8e945ee","Acraea andromacha","https://biodiversity.org.au/afd/taxa/86294130-ca0d-4e27-81da-5a82a7cd4c87",-27.620718,152.986506,2021-01-21 12:56:00,"PRESENT","iNaturalist Australia"
"1381","6369df41-e7a3-4dcd-ba06-63b58db1785d","Acraea andromacha","https://biodiversity.org.au/afd/taxa/86294130-ca0d-4e27-81da-5a82a7cd4c87",-33.746178,150.6324,2024-01-18 14:25:36,"PRESENT","iNaturalist Australia"
"1382","637dd111-6e07-4c56-8182-076470627247","Adenia heterophylla","https://id.biodiversity.org.au/node/apni/2909919",-16.829174,145.702612,2025-08-10 14:13:55,"PRESENT","iNaturalist Australia"
"1383","638119bb-b812-4205-ae90-f66c3006035a","Acraea andromacha","https://biodiversity.org.au/afd/taxa/86294130-ca0d-4e27-81da-5a82a7cd4c87",-26.378386,153.113826,2025-06-04 14:33:00,"PRESENT","iNaturalist Australia"
"1384","63b39e20-e278-4089-91a1-612b5ebc6fb1","Acraea andromacha","https://biodiversity.org.au/afd/taxa/86294130-ca0d-4e27-81da-5a82a7cd4c87",-33.422542,148.806026,2024-03-09 16:46:00,"PRESENT","iNaturalist Australia"
"1385","63cfec48-d0b3-496b-8b0a-df0f5db0b9dc","Acraea andromacha","https://biodiversity.org.au/afd/taxa/86294130-ca0d-4e27-81da-5a82a7cd4c87",-27.568921,151.962972,2021-03-19 17:18:00,"PRESENT","iNaturalist Australia"
"1386","63d73731-6a4d-4db8-ba9a-807ee5c727ec","Acraea andromacha","https://biodiversity.org.au/afd/taxa/86294130-ca0d-4e27-81da-5a82a7cd4c87",-27.647817,151.950692,2024-02-28 13:15:00,"PRESENT","iNaturalist Australia"
"1387","63f2eb10-681a-4119-85dc-190aa77e264b","Acraea andromacha","https://biodiversity.org.au/afd/taxa/86294130-ca0d-4e27-81da-5a82a7cd4c87",-27.297603,151.853077,2025-02-18 16:15:00,"PRESENT","iNaturalist Australia"
"1388","643e3f17-662a-40d5-88a2-15f118a3f82e","Adenia heterophylla","https://id.biodiversity.org.au/taxon/apni/51442112",-17.076331,145.719969,2021-03-19 11:06:00,"PRESENT","iNaturalist Australia"
"1389","649dd3b9-1184-4754-acca-17a4cc824f6f","Acraea terpsicore","https://biodiversity.org.au/afd/taxa/ba632bea-a7b4-4b60-bf89-d63128cad841",-15.606636,131.079869,2025-04-18 07:56:25,"PRESENT","iNaturalist Australia"
"1390","64c22beb-507d-44ea-8baa-6b6b59e17bc5","Acraea andromacha","https://biodiversity.org.au/afd/taxa/86294130-ca0d-4e27-81da-5a82a7cd4c87",-24.1513,151.8853,2023-07-09 23:45:00,"PRESENT","Butterflies Australia"
"1391","64c90dc8-a762-4fb7-8416-9cccdd47343a","Acraea andromacha","https://biodiversity.org.au/afd/taxa/86294130-ca0d-4e27-81da-5a82a7cd4c87",-25.067834,148.239277,2021-02-09 12:53:00,"PRESENT","iNaturalist Australia"
"1392","64cc7e3b-938a-43fb-9952-8fec40e2d7ee","Acraea andromacha","https://biodiversity.org.au/afd/taxa/86294130-ca0d-4e27-81da-5a82a7cd4c87",-34.2891,150.937697,2024-03-06 14:32:12,"PRESENT","iNaturalist Australia"
"1393","64d76ddd-a961-47c4-a054-2948da6c6ae0","Acraea andromacha","https://biodiversity.org.au/afd/taxa/86294130-ca0d-4e27-81da-5a82a7cd4c87",-21.409344,148.503785,2021-07-23 11:38:00,"PRESENT","iNaturalist Australia"
"1394","64d96847-2e3c-4cef-b93c-752dc1a0468f","Acraea andromacha","https://biodiversity.org.au/afd/taxa/86294130-ca0d-4e27-81da-5a82a7cd4c87",-27.637295,152.839361,2024-03-05 14:01:00,"PRESENT","iNaturalist Australia"
"1395","64dda792-cb4a-492a-b916-5eab1569dbb6","Acraea andromacha","https://biodiversity.org.au/afd/taxa/86294130-ca0d-4e27-81da-5a82a7cd4c87",-17.953451,122.207331,2023-04-29 12:09:00,"PRESENT","iNaturalist Australia"
"1396","64ef53e1-76e4-446e-9c72-240573af3843","Afrohybanthus enneaspermus","https://id.biodiversity.org.au/taxon/apni/51448720",-17.178372,145.38311,2022-01-19 08:32:04,"PRESENT","iNaturalist Australia"
"1397","6518957b-9a32-4f6d-b7b1-9fd6a28b1095","Acraea andromacha","https://biodiversity.org.au/afd/taxa/86294130-ca0d-4e27-81da-5a82a7cd4c87",-27.484805,152.95496,2025-01-21 11:42:38,"PRESENT","iNaturalist Australia"
"1398","655a8c99-0789-4880-b0af-241a1f1d7ed7","Acraea andromacha","https://biodiversity.org.au/afd/taxa/86294130-ca0d-4e27-81da-5a82a7cd4c87",-27.338467,153.081725,2023-04-25 10:43:37,"PRESENT","iNaturalist Australia"
"1399","6571ac1d-cf56-4771-a59c-0b501fdc487e","Adenia heterophylla","https://id.biodiversity.org.au/node/apni/2909919",-17.604733,145.808738,2024-08-22 11:14:00,"PRESENT","iNaturalist Australia"
"1400","6591cfd0-3209-4d63-a716-b49364c10d21","Acraea andromacha","https://biodiversity.org.au/afd/taxa/86294130-ca0d-4e27-81da-5a82a7cd4c87",-26.311866,153.114499,2023-12-21 10:12:58,"PRESENT","iNaturalist Australia"
"1401","65b56e67-5de7-4463-bb12-6758ba63300a","Acraea andromacha","https://biodiversity.org.au/afd/taxa/86294130-ca0d-4e27-81da-5a82a7cd4c87",-27.529867,152.928872,2021-03-10 15:49:32,"PRESENT","Brisbane’s Big Butterfly Count"
"1402","65b6dc6e-579f-42cb-b1bc-2db5ad2f0e69","Acraea andromacha","https://biodiversity.org.au/afd/taxa/86294130-ca0d-4e27-81da-5a82a7cd4c87",-27.754671,153.097364,2025-12-04 10:16:00,"PRESENT","iNaturalist Australia"
"1403","65d84148-1c3f-475b-b8d4-17df7eeb6073","Acraea andromacha","https://biodiversity.org.au/afd/taxa/86294130-ca0d-4e27-81da-5a82a7cd4c87",-30.487458,153.016207,2024-12-26 09:20:44,"PRESENT","iNaturalist Australia"
"1404","65e5a3f2-7ddf-4caf-a94b-7ebb20c3de13","Acraea andromacha","https://biodiversity.org.au/afd/taxa/86294130-ca0d-4e27-81da-5a82a7cd4c87",-27.53044,153.03603,2022-03-01 23:22:00,"PRESENT","Butterflies Australia"
"1405","65e859f7-13ce-4c9c-aa0f-ade634094d9f","Acraea andromacha","https://biodiversity.org.au/afd/taxa/86294130-ca0d-4e27-81da-5a82a7cd4c87",-27.29612,152.227372,2022-01-22 09:45:08,"PRESENT","iNaturalist Australia"
"1406","65ec5982-54f6-4469-8c5e-79680ae9f4ba","Acraea andromacha","https://biodiversity.org.au/afd/taxa/86294130-ca0d-4e27-81da-5a82a7cd4c87",-27.485694,152.952997,2026-01-07 13:06:00,"PRESENT","iNaturalist Australia"
"1407","65f6c553-96ae-4ad9-96e6-87f16ff91c61","Afrohybanthus enneaspermus","https://id.biodiversity.org.au/taxon/apni/51448720",-23.490413,150.478632,2025-11-22 07:11:02,"PRESENT","iNaturalist Australia"
"1408","660030ec-c538-45f5-a882-af5e2df8357b","Acraea terpsicore","https://biodiversity.org.au/afd/taxa/ba632bea-a7b4-4b60-bf89-d63128cad841",-27.515801,152.844754,2022-03-06 12:01:00,"PRESENT","iNaturalist Australia"
"1409","66048631-fbf1-4b61-a815-e01c5ea1897b","Acraea terpsicore","https://biodiversity.org.au/afd/taxa/ba632bea-a7b4-4b60-bf89-d63128cad841",-12.370347,130.90977,2025-05-01 07:06:27,"PRESENT","iNaturalist Australia"
"1410","6624207c-96bb-4fb9-9927-5503d4cfcccf","Acraea terpsicore","https://biodiversity.org.au/afd/taxa/ba632bea-a7b4-4b60-bf89-d63128cad841",-24.7126,150.987,2022-10-12 23:00:00,"PRESENT","Butterflies Australia"
"1411","662d6108-7ba2-432a-9d45-f32b5f453267","Acraea terpsicore","https://biodiversity.org.au/afd/taxa/ba632bea-a7b4-4b60-bf89-d63128cad841",-19.256757,146.810028,2024-08-02 15:27:00,"PRESENT","iNaturalist Australia"
"1412","6635df8f-fa38-4e74-b0c9-25a7877bb061","Acraea terpsicore","https://biodiversity.org.au/afd/taxa/ba632bea-a7b4-4b60-bf89-d63128cad841",-12.462203,130.834733,2025-07-04 13:40:41,"PRESENT","iNaturalist Australia"
"1413","6649015b-1320-42ac-9f5f-8e3de87663a7","Acraea terpsicore","https://biodiversity.org.au/afd/taxa/ba632bea-a7b4-4b60-bf89-d63128cad841",-27.131083,152.894883,2024-03-02 12:29:22,"PRESENT","iNaturalist Australia"
"1414","664e0a2f-5ee9-42b8-8087-c70d60cff4f8","Acraea andromacha","https://biodiversity.org.au/afd/taxa/86294130-ca0d-4e27-81da-5a82a7cd4c87",-27.444603,152.921016,2021-02-10 09:02:03,"PRESENT","iNaturalist Australia"
"1415","66561324-0bd6-4706-aa89-6090e8e4777c","Acraea andromacha","https://biodiversity.org.au/afd/taxa/86294130-ca0d-4e27-81da-5a82a7cd4c87",-27.381141,153.00506,2025-04-07 13:38:00,"PRESENT","iNaturalist Australia"
"1416","66946d35-1e5a-430e-aeff-9c58268ef6b9","Acraea terpsicore","https://biodiversity.org.au/afd/taxa/ba632bea-a7b4-4b60-bf89-d63128cad841",-12.196622,134.279802,2021-05-14 15:09:00,"PRESENT","iNaturalist Australia"
"1417","669b5bce-68e4-44b7-bfbd-818f9b25d8e2","Acraea andromacha","https://biodiversity.org.au/afd/taxa/86294130-ca0d-4e27-81da-5a82a7cd4c87",-27.536816,153.04086,2024-03-16 13:33:54,"PRESENT","iNaturalist Australia"
"1418","66bc863e-20d9-4c6f-adc5-592026cbf208","Afrohybanthus enneaspermus","https://id.biodiversity.org.au/taxon/apni/51448720",-15.38032,133.11774,2022-04-07,"PRESENT","Flora Atlas N.T."
"1419","66c86051-5cb9-4ef7-9823-6d30175d2387","Acraea andromacha","https://biodiversity.org.au/afd/taxa/86294130-ca0d-4e27-81da-5a82a7cd4c87",-27.340458,153.078767,2025-12-02 07:58:41,"PRESENT","iNaturalist Australia"
"1420","66d6f0be-6788-424a-a3d2-24d2c6a2e219","Acraea terpsicore","https://biodiversity.org.au/afd/taxa/ba632bea-a7b4-4b60-bf89-d63128cad841",-21.53447,148.23757,2022-03-10 02:03:00,"PRESENT","Butterflies Australia"
"1421","66de3d5c-7e14-4a98-830a-a4184ceb864b","Acraea andromacha","https://biodiversity.org.au/afd/taxa/86294130-ca0d-4e27-81da-5a82a7cd4c87",-27.435707,153.545794,2025-07-13 12:00:44,"PRESENT","iNaturalist Australia"
"1422","66e30598-79df-4f8b-98aa-9c00333f258f","Acraea andromacha","https://biodiversity.org.au/afd/taxa/86294130-ca0d-4e27-81da-5a82a7cd4c87",-27.212088,153.053791,2023-04-30 14:14:41,"PRESENT","iNaturalist Australia"
"1423","66e8069c-51e1-4d99-92c8-caa226c2a8ba","Acraea andromacha","https://biodiversity.org.au/afd/taxa/86294130-ca0d-4e27-81da-5a82a7cd4c87",-27.54093,153.057251,2025-08-22 12:09:01,"PRESENT","iNaturalist Australia"
"1424","66f3cff4-0f12-43da-93c1-875fa255f9f8","Acraea terpsicore","https://biodiversity.org.au/afd/taxa/ba632bea-a7b4-4b60-bf89-d63128cad841",-19.334278,146.715884,2024-05-11 19:08:00,"PRESENT","iNaturalist Australia"
"1425","670fe543-d155-4369-8abb-eaf2a479ce5b","Acraea terpsicore","https://biodiversity.org.au/afd/taxa/ba632bea-a7b4-4b60-bf89-d63128cad841",-12.700545,130.99765,2024-05-10 11:14:14,"PRESENT","iNaturalist Australia"
"1426","671f96f9-9d07-41ee-996c-4e4cb8a9f4cc","Acraea terpsicore","https://biodiversity.org.au/afd/taxa/ba632bea-a7b4-4b60-bf89-d63128cad841",-19.188655,146.772454,2022-07-01 12:31:00,"PRESENT","iNaturalist Australia"
"1427","672f742d-7539-4f30-925e-6fd1be1be279","Acraea andromacha","https://biodiversity.org.au/afd/taxa/86294130-ca0d-4e27-81da-5a82a7cd4c87",-27.546733,152.96569,2021-02-21 15:20:00,"PRESENT","iNaturalist Australia"
"1428","6762dfd7-1ace-4dbb-8eb5-840786520a41","Acraea andromacha","https://biodiversity.org.au/afd/taxa/86294130-ca0d-4e27-81da-5a82a7cd4c87",-26.83231,151.96338,2022-02-07 23:18:00,"PRESENT","Butterflies Australia"
"1429","6769eb9c-e346-4e0d-8f37-502675ffa87e","Acraea andromacha","https://biodiversity.org.au/afd/taxa/86294130-ca0d-4e27-81da-5a82a7cd4c87",-27.362868,153.043059,2025-05-23 11:06:00,"PRESENT","iNaturalist Australia"
"1430","67881d4c-3958-4dc7-8f85-823466462288","Acraea andromacha","https://biodiversity.org.au/afd/taxa/86294130-ca0d-4e27-81da-5a82a7cd4c87",-17.412778,145.069167,2023-04-21 14:40:00,"PRESENT","iNaturalist Australia"
"1431","67a1234a-308a-488f-b22d-177df811d3da","Adenia heterophylla","https://id.biodiversity.org.au/taxon/apni/51442112",-16.899118,145.746627,2024-07-16 07:33:00,"PRESENT","iNaturalist Australia"
"1432","67b123ce-67bb-44f4-bd77-c65e61bc81a8","Acraea andromacha","https://biodiversity.org.au/afd/taxa/86294130-ca0d-4e27-81da-5a82a7cd4c87",-28.07748,152.502056,2025-03-17 08:16:00,"PRESENT","iNaturalist Australia"
"1433","67bf678b-82c8-4170-9f84-d8244e6692ba","Acraea terpsicore","https://biodiversity.org.au/afd/taxa/ba632bea-a7b4-4b60-bf89-d63128cad841",-14.314349,132.421975,2025-06-07 13:19:00,"PRESENT","iNaturalist Australia"
"1434","67e107e5-12a4-4fcc-ace0-55c09b9c2723","Acraea andromacha","https://biodiversity.org.au/afd/taxa/86294130-ca0d-4e27-81da-5a82a7cd4c87",-30.213628,153.160341,2023-04-15 16:04:00,"PRESENT","iNaturalist Australia"
"1435","6800dfa5-63d0-46f1-8cb7-36af85d31f80","Adenia heterophylla","https://id.biodiversity.org.au/taxon/apni/51442111",-15.898305,128.131225,2024-06-16 10:49:47,"PRESENT","iNaturalist Australia"
"1436","68173c3f-14ed-41d7-bc76-f99a9e4df84c","Acraea terpsicore","https://biodiversity.org.au/afd/taxa/ba632bea-a7b4-4b60-bf89-d63128cad841",-12.409386,130.824568,2023-03-16 09:30:00,"PRESENT","iNaturalist Australia"
"1437","6827d28e-b3d3-462e-83b3-c223502f56b0","Acraea andromacha","https://biodiversity.org.au/afd/taxa/86294130-ca0d-4e27-81da-5a82a7cd4c87",-30.403244,152.342986,2022-03-22 11:00:00,"PRESENT","iNaturalist Australia"
"1438","682a6f57-639f-4a37-a532-c01797b38a59","Acraea terpsicore","https://biodiversity.org.au/afd/taxa/ba632bea-a7b4-4b60-bf89-d63128cad841",-19.174317,146.841386,2022-06-19 12:18:20,"PRESENT","iNaturalist Australia"
"1439","68395c6c-296c-4b11-a1f0-a6fc89a68357","Acraea andromacha","https://biodiversity.org.au/afd/taxa/86294130-ca0d-4e27-81da-5a82a7cd4c87",-27.507661,153.115608,2025-08-25 11:54:00,"PRESENT","iNaturalist Australia"
"1440","68569c39-0864-45dc-be06-ef99c4d0c41b","Acraea andromacha","https://biodiversity.org.au/afd/taxa/86294130-ca0d-4e27-81da-5a82a7cd4c87",-27.669517,153.07488,2023-05-14 11:01:00,"PRESENT","iNaturalist Australia"
"1441","6877dede-1870-4dd1-938e-f0473a8268cb","Acraea andromacha","https://biodiversity.org.au/afd/taxa/86294130-ca0d-4e27-81da-5a82a7cd4c87",-25.33883,153.202637,2023-07-07 09:41:34,"PRESENT","iNaturalist Australia"
"1442","687971f2-7052-4f73-9a5b-a8505c8e5755","Acraea terpsicore","https://biodiversity.org.au/afd/taxa/ba632bea-a7b4-4b60-bf89-d63128cad841",-18.01655,139.02888,2023-09-11 00:09:00,"PRESENT","Butterflies Australia"
"1443","68939753-4900-4244-a3a9-a6483fd55344","Acraea andromacha","https://biodiversity.org.au/afd/taxa/86294130-ca0d-4e27-81da-5a82a7cd4c87",-28.258155,153.40159,2022-03-09 13:29:00,"PRESENT","iNaturalist Australia"
"1444","689e5d7f-e796-4a24-a5ff-4c7d9a59b95b","Acraea andromacha","https://biodiversity.org.au/afd/taxa/86294130-ca0d-4e27-81da-5a82a7cd4c87",-27.93801,152.400635,2024-04-08 11:11:49,"PRESENT","iNaturalist Australia"
"1445","689f422a-0caa-41dc-9658-4859114c67bc","Acraea andromacha","https://biodiversity.org.au/afd/taxa/86294130-ca0d-4e27-81da-5a82a7cd4c87",-27.550578,153.048142,2025-02-25 12:30:39,"PRESENT","iNaturalist Australia"
"1446","68a09114-5d59-438b-9b09-13d8fab013e2","Afrohybanthus enneaspermus","https://id.biodiversity.org.au/taxon/apni/51448720",-12.401902,130.856516,2024-03-21 11:51:00,"PRESENT","iNaturalist Australia"
"1447","68b8fa15-4847-4d38-8060-a7210309c20a","Acraea andromacha","https://biodiversity.org.au/afd/taxa/86294130-ca0d-4e27-81da-5a82a7cd4c87",-28.849365,153.051296,2024-04-17 12:12:00,"PRESENT","iNaturalist Australia"
"1448","68c4accf-9663-4641-b576-6af616e78e79","Acraea terpsicore","https://biodiversity.org.au/afd/taxa/ba632bea-a7b4-4b60-bf89-d63128cad841",-21.979403,146.286603,2025-05-12 17:29:56,"PRESENT","iNaturalist Australia"
"1449","68dd2929-a617-4a8a-9f2e-805f8d0704d7","Acraea andromacha","https://biodiversity.org.au/afd/taxa/86294130-ca0d-4e27-81da-5a82a7cd4c87",-26.909162,152.758741,2022-04-17 14:16:10,"PRESENT","iNaturalist Australia"
"1450","68effe3f-181a-4b8f-802d-16a56ef66fe3","Acraea andromacha","https://biodiversity.org.au/afd/taxa/86294130-ca0d-4e27-81da-5a82a7cd4c87",-27.636133,153.309211,2022-05-04 16:36:22,"PRESENT","iNaturalist Australia"
"1451","6929e043-f22c-4863-8eb6-20da12a8bd1e","Acraea andromacha","https://biodiversity.org.au/afd/taxa/86294130-ca0d-4e27-81da-5a82a7cd4c87",-26.378922,153.118422,2021-07-13 13:35:26,"PRESENT","iNaturalist Australia"
"1452","69354fb4-182c-43cc-8043-962b575fcb35","Acraea andromacha","https://biodiversity.org.au/afd/taxa/86294130-ca0d-4e27-81da-5a82a7cd4c87",-27.738799,152.902217,2025-03-18 11:12:00,"PRESENT","iNaturalist Australia"
"1453","6943eda6-c4e3-4427-8da8-69dc5702c2f0","Acraea andromacha","https://biodiversity.org.au/afd/taxa/86294130-ca0d-4e27-81da-5a82a7cd4c87",-27.457598,151.855484,2023-01-03 06:45:26,"PRESENT","iNaturalist Australia"
"1454","694fd117-8f46-4268-93af-da31f9c572fd","Acraea terpsicore","https://biodiversity.org.au/afd/taxa/ba632bea-a7b4-4b60-bf89-d63128cad841",-10.5968,142.3136,2023-06-05 01:15:00,"PRESENT","Butterflies Australia"
"1455","6958923b-3351-4646-b68f-56683c982ff9","Acraea andromacha","https://biodiversity.org.au/afd/taxa/86294130-ca0d-4e27-81da-5a82a7cd4c87",-19.233658,146.771558,2025-06-13 10:25:00,"PRESENT","iNaturalist Australia"
"1456","6968d910-4c91-465a-8b58-312e68cb388a","Acraea andromacha","https://biodiversity.org.au/afd/taxa/86294130-ca0d-4e27-81da-5a82a7cd4c87",-27.296415,152.226371,2021-04-10 09:13:08,"PRESENT","iNaturalist Australia"
"1457","69853936-eee3-407b-a062-75c7275185ed","Acraea andromacha","https://biodiversity.org.au/afd/taxa/86294130-ca0d-4e27-81da-5a82a7cd4c87",-19.259631,146.807371,2022-07-25 08:03:00,"PRESENT","iNaturalist Australia"
"1458","69885028-6566-4869-966b-2ffd6a0ec389","Acraea andromacha","https://biodiversity.org.au/afd/taxa/86294130-ca0d-4e27-81da-5a82a7cd4c87",-25.05773,148.229482,2024-09-10 15:10:00,"PRESENT","iNaturalist Australia"
"1459","69b0f516-8918-4dfe-be27-d9c7c7913f58","Acraea andromacha","https://biodiversity.org.au/afd/taxa/86294130-ca0d-4e27-81da-5a82a7cd4c87",-23.947347,151.356406,2024-08-19 11:56:00,"PRESENT","iNaturalist Australia"
"1460","69b19b8d-ece2-4e21-8170-9e5d79eb640b","Afrohybanthus enneaspermus","https://id.biodiversity.org.au/taxon/apni/51448720",-23.491679,150.478349,2025-02-09 06:22:35,"PRESENT","iNaturalist Australia"
"1461","69d95211-3e23-41b3-9099-d007621ccc44","Acraea andromacha","https://biodiversity.org.au/afd/taxa/86294130-ca0d-4e27-81da-5a82a7cd4c87",-36.087685,146.926871,2025-03-22 11:14:00,"PRESENT","iNaturalist Australia"
"1462","69e89ce2-6c75-4d61-bc2e-aa7e6dd45e16","Acraea andromacha","https://biodiversity.org.au/afd/taxa/86294130-ca0d-4e27-81da-5a82a7cd4c87",-25.058732,148.234608,2024-09-25 20:24:00,"PRESENT","iNaturalist Australia"
"1463","69eb00fa-5af7-4fc1-8636-33003614eb83","Afrohybanthus enneaspermus","https://id.biodiversity.org.au/taxon/apni/51448720",-17.331695,145.121746,2025-02-24 09:42:27,"PRESENT","iNaturalist Australia"
"1464","69f20c0a-0b60-4f47-bc07-2c4f97e40269","Afrohybanthus enneaspermus","https://id.biodiversity.org.au/taxon/apni/51448720",-16.61363,134.84923,2022-02-15,"PRESENT","Flora Atlas N.T."
"1465","69fae921-7eb1-41fb-9d8c-8796bff8b610","Acraea terpsicore","https://biodiversity.org.au/afd/taxa/ba632bea-a7b4-4b60-bf89-d63128cad841",-14.140114,134.474535,2025-09-05 11:50:00,"PRESENT","iNaturalist Australia"
"1466","69fca9d8-6e00-4495-b1ab-c72ac2466023","Acraea andromacha","https://biodiversity.org.au/afd/taxa/86294130-ca0d-4e27-81da-5a82a7cd4c87",-19.731379,120.720893,2025-06-26 09:08:59,"PRESENT","iNaturalist Australia"
"1467","6a07845d-6ae6-4886-ab00-84578b0c155a","Acraea terpsicore","https://biodiversity.org.au/afd/taxa/ba632bea-a7b4-4b60-bf89-d63128cad841",-12.357338,130.870357,2025-05-19 14:46:00,"PRESENT","iNaturalist Australia"
"1468","6a3c7469-44e4-4593-b3f4-0bf1469803b6","Acraea andromacha","https://biodiversity.org.au/afd/taxa/86294130-ca0d-4e27-81da-5a82a7cd4c87",-30.178028,153.190613,2025-08-13 11:35:38,"PRESENT","iNaturalist Australia"
"1469","6a50b383-9a29-4367-ac8b-b83158554524","Afrohybanthus enneaspermus","https://id.biodiversity.org.au/taxon/apni/51448720",-16.78243,133.47063,2022-02-18,"PRESENT","Northern Territory Herbarium (DNA) AVH data"
"1470","6a545cb6-bd23-4407-aa72-3047626d4bdf","Acraea andromacha","https://biodiversity.org.au/afd/taxa/86294130-ca0d-4e27-81da-5a82a7cd4c87",-26.679624,153.136629,2023-11-24 18:37:00,"PRESENT","iNaturalist Australia"
"1471","6a5a6a93-07a4-4d19-a486-65cb16ff3f14","Acraea andromacha","https://biodiversity.org.au/afd/taxa/86294130-ca0d-4e27-81da-5a82a7cd4c87",-27.269882,152.855384,2024-03-28 14:29:00,"PRESENT","iNaturalist Australia"
"1472","6a665a97-c0c1-40f3-bcb6-e983a98a8ec4","Acraea andromacha","https://biodiversity.org.au/afd/taxa/86294130-ca0d-4e27-81da-5a82a7cd4c87",-28.028971,153.313312,2024-04-06 13:40:00,"PRESENT","iNaturalist Australia"
"1473","6a6bfe0f-9f3d-4a07-8695-154153cc1791","Acraea terpsicore","https://biodiversity.org.au/afd/taxa/ba632bea-a7b4-4b60-bf89-d63128cad841",-21.40362,148.545255,2025-07-14 12:00:00,"PRESENT","iNaturalist Australia"
"1474","6a6ca6d5-6f58-47cc-aa9e-0fc83d5bc9b1","Acraea terpsicore","https://biodiversity.org.au/afd/taxa/ba632bea-a7b4-4b60-bf89-d63128cad841",-26.939126,152.803853,2024-03-02 10:12:11,"PRESENT","iNaturalist Australia"
"1475","6a77fa8d-93d0-402a-a39e-53489d2fd44b","Acraea andromacha","https://biodiversity.org.au/afd/taxa/86294130-ca0d-4e27-81da-5a82a7cd4c87",-27.707806,153.226719,2023-05-21 09:31:00,"PRESENT","iNaturalist Australia"
"1476","6a859698-9dfb-4472-ad00-f815c24849bf","Acraea terpsicore","https://biodiversity.org.au/afd/taxa/ba632bea-a7b4-4b60-bf89-d63128cad841",-25.289327,151.89575,2022-03-29 09:03:00,"PRESENT","iNaturalist Australia"
"1477","6a88a1c6-c26a-49d4-98b1-db08ad90e71f","Acraea andromacha","https://biodiversity.org.au/afd/taxa/86294130-ca0d-4e27-81da-5a82a7cd4c87",-27.51586,152.802526,2021-04-26 12:44:00,"PRESENT","iNaturalist Australia"
"1478","6a8aadfa-413b-4a02-aea7-029b7d65791b","Acraea terpsicore","https://biodiversity.org.au/afd/taxa/ba632bea-a7b4-4b60-bf89-d63128cad841",-17.484844,140.840366,2025-08-10 10:04:00,"PRESENT","iNaturalist Australia"
"1479","6ac274cf-f628-49d5-af09-203081c2ba98","Acraea andromacha","https://biodiversity.org.au/afd/taxa/86294130-ca0d-4e27-81da-5a82a7cd4c87",-27.366509,152.917654,2025-10-19 15:22:00,"PRESENT","iNaturalist Australia"
"1480","6ac3f0f6-11ec-4238-a896-d7c3a12f6d04","Acraea andromacha","https://biodiversity.org.au/afd/taxa/86294130-ca0d-4e27-81da-5a82a7cd4c87",-27.7945,152.797556,2023-09-03 11:28:00,"PRESENT","iNaturalist Australia"
"1481","6ad266f2-9684-4960-b06b-70d53f6af07e","Acraea andromacha","https://biodiversity.org.au/afd/taxa/86294130-ca0d-4e27-81da-5a82a7cd4c87",-35.273643,149.097552,2022-02-06 04:37:00,"PRESENT","NatureMapr"
"1482","6ae09c48-4874-4571-b40d-56eeb9309207","Acraea andromacha","https://biodiversity.org.au/afd/taxa/86294130-ca0d-4e27-81da-5a82a7cd4c87",-27.538559,152.93458,2021-02-17 15:24:53,"PRESENT","Brisbane’s Big Butterfly Count"
"1483","6afa3cd1-377f-4d0a-a937-cc6a8bf18b6f","Acraea terpsicore","https://biodiversity.org.au/afd/taxa/ba632bea-a7b4-4b60-bf89-d63128cad841",-19.260144,146.809566,2025-06-28 15:29:00,"PRESENT","iNaturalist Australia"
"1484","6afafa72-3549-4ca3-85ed-99da1e72f815","Acraea andromacha","https://biodiversity.org.au/afd/taxa/86294130-ca0d-4e27-81da-5a82a7cd4c87",-28.741177,151.922843,2024-03-20 14:15:19,"PRESENT","iNaturalist Australia"
"1485","6b083e2a-2986-4f00-b7ae-93093a82b88b","Acraea andromacha","https://biodiversity.org.au/afd/taxa/86294130-ca0d-4e27-81da-5a82a7cd4c87",-27.343918,151.822876,2024-04-14 09:46:59,"PRESENT","iNaturalist Australia"
"1486","6b0aacd6-6993-470c-a67f-239ddcf2ed1f","Acraea andromacha","https://biodiversity.org.au/afd/taxa/86294130-ca0d-4e27-81da-5a82a7cd4c87",-27.474225,152.964947,2021-09-14 11:28:00,"PRESENT","iNaturalist Australia"
"1487","6b13ec3a-bd6f-48d3-85f2-a81452d8fe46","Acraea andromacha","https://biodiversity.org.au/afd/taxa/86294130-ca0d-4e27-81da-5a82a7cd4c87",-27.711698,152.092393,2021-09-12 09:31:00,"PRESENT","iNaturalist Australia"
"1488","6b15d9e3-0a41-4d84-a902-25780e54fa2d","Acraea terpsicore","https://biodiversity.org.au/afd/taxa/ba632bea-a7b4-4b60-bf89-d63128cad841",-17.79439,138.53697,2023-09-11 03:46:00,"PRESENT","Butterflies Australia"
"1489","6b1f106a-8f48-4a61-a1c8-2b718217d2f9","Acraea andromacha","https://biodiversity.org.au/afd/taxa/86294130-ca0d-4e27-81da-5a82a7cd4c87",-27.53517,153.142177,2025-11-03 11:06:00,"PRESENT","iNaturalist Australia"
"1490","6b23e15b-4d3f-4edd-b0da-d16ef8c3582d","Acraea terpsicore","https://biodiversity.org.au/afd/taxa/ba632bea-a7b4-4b60-bf89-d63128cad841",-12.821332,131.974454,2023-05-14 11:56:00,"PRESENT","iNaturalist Australia"
"1491","6b6b3a4b-1a43-467c-b273-82f4a06a0350","Acraea andromacha","https://biodiversity.org.au/afd/taxa/afb7279d-cb44-4c89-be73-cf1e0a48cf46",-19.28927,147.01247,2023-05-08,"PRESENT","WildNet - Queensland Wildlife Data"
"1492","6b97b591-029d-490f-b058-d357643b86f3","Acraea andromacha","https://biodiversity.org.au/afd/taxa/86294130-ca0d-4e27-81da-5a82a7cd4c87",-30.10998,153.211717,2023-05-11 11:32:07,"PRESENT","iNaturalist Australia"
"1493","6bec1600-279e-4c78-9a77-9cc4223e1bc7","Acraea terpsicore","https://biodiversity.org.au/afd/taxa/ba632bea-a7b4-4b60-bf89-d63128cad841",-19.200719,146.754997,2025-07-03 15:40:36,"PRESENT","iNaturalist Australia"
"1494","6bf4bf3a-edda-4891-8f8e-feb85533abf8","Acraea andromacha","https://biodiversity.org.au/afd/taxa/86294130-ca0d-4e27-81da-5a82a7cd4c87",-27.498055,153.12082,2021-01-19 12:41:23,"PRESENT","iNaturalist Australia"
"1495","6c127787-d50a-425f-b94e-9d9b2a70d443","Acraea andromacha","https://biodiversity.org.au/afd/taxa/86294130-ca0d-4e27-81da-5a82a7cd4c87",-24.86729,152.36714,2022-03-17 15:30:00,"PRESENT","Butterflies Australia"
"1496","6c1f0460-922b-461e-8eeb-83fe762ff58c","Acraea andromacha","https://biodiversity.org.au/afd/taxa/86294130-ca0d-4e27-81da-5a82a7cd4c87",-27.298152,153.043828,2023-04-22 08:03:00,"PRESENT","iNaturalist Australia"
"1497","6c251c88-6d7e-414f-ad2b-b1e02da10d53","Acraea terpsicore","https://biodiversity.org.au/afd/taxa/ba632bea-a7b4-4b60-bf89-d63128cad841",-20.290279,148.674594,2025-05-04 11:49:20,"PRESENT","iNaturalist Australia"
"1498","6c267818-a116-45d7-9393-4af0a3a3184c","Acraea andromacha","https://biodiversity.org.au/afd/taxa/86294130-ca0d-4e27-81da-5a82a7cd4c87",-19.183033,143.580978,2022-05-27 18:53:16,"PRESENT","iNaturalist Australia"
"1499","6c4f59fc-a1b9-45e3-8dab-276f83e02183","Acraea terpsicore","https://biodiversity.org.au/afd/taxa/ba632bea-a7b4-4b60-bf89-d63128cad841",-17.85695,138.62785,2023-09-11 03:08:00,"PRESENT","Butterflies Australia"
"1500","6c60e22f-b062-44e2-8334-98d4ac994cb0","Acraea andromacha","https://biodiversity.org.au/afd/taxa/86294130-ca0d-4e27-81da-5a82a7cd4c87",-19.0244,146.109016,2022-06-15 11:21:00,"PRESENT","iNaturalist Australia"
"1501","6c630e90-1dc5-4213-84ad-9fc572fbd6ce","Acraea andromacha","https://biodiversity.org.au/afd/taxa/afb7279d-cb44-4c89-be73-cf1e0a48cf46",-24.165813,151.885371,2024-09-06 13:27:00,"PRESENT","iNaturalist Australia"
"1502","6c7d443f-2c38-4e08-b340-c8433204f4a6","Acraea terpsicore","https://biodiversity.org.au/afd/taxa/ba632bea-a7b4-4b60-bf89-d63128cad841",-28.647421,153.634712,2022-06-01 09:59:57,"PRESENT","iNaturalist Australia"
"1503","6c819b43-13a0-43c9-a4c3-617eb45b5c53","Acraea terpsicore","https://biodiversity.org.au/afd/taxa/ba632bea-a7b4-4b60-bf89-d63128cad841",-15.640635,135.712115,2023-06-16 11:57:00,"PRESENT","iNaturalist Australia"
"1504","6c895142-10f9-409b-987f-0c5de08d528e","Acraea terpsicore","https://biodiversity.org.au/afd/taxa/ba632bea-a7b4-4b60-bf89-d63128cad841",-19.185,146.7677,2025-06-13 14:22:00,"PRESENT","iNaturalist Australia"
"1505","6c91e61f-efa9-4b40-bf74-f6ff813799ea","Acraea andromacha","https://biodiversity.org.au/afd/taxa/86294130-ca0d-4e27-81da-5a82a7cd4c87",-21.942254,146.613375,2022-09-17 11:05:00,"PRESENT","iNaturalist Australia"
"1506","6ca03ccc-6380-4dcc-bcb3-2b9398b15a12","Acraea andromacha","https://biodiversity.org.au/afd/taxa/86294130-ca0d-4e27-81da-5a82a7cd4c87",-27.98241,152.62213,2023-01-02 02:29:00,"PRESENT","Butterflies Australia"
"1507","6cc5fa67-9a4e-4ede-b2bd-d3e55d31c13f","Acraea andromacha","https://biodiversity.org.au/afd/taxa/86294130-ca0d-4e27-81da-5a82a7cd4c87",-35.273579,149.097587,2022-02-12 02:30:00,"PRESENT","NatureMapr"
"1508","6ccdfbf1-1577-4645-ba5a-27b862f8177e","Acraea terpsicore","https://biodiversity.org.au/afd/taxa/ba632bea-a7b4-4b60-bf89-d63128cad841",-14.190385,132.076264,2023-05-09 10:20:00,"PRESENT","iNaturalist Australia"
"1509","6cd73637-a2b2-42e0-8454-c4281b0fec2c","Acraea andromacha","https://biodiversity.org.au/afd/taxa/86294130-ca0d-4e27-81da-5a82a7cd4c87",-27.474829,151.955172,2023-02-06 19:31:00,"PRESENT","iNaturalist Australia"
"1510","6cfb7aca-3ff2-475d-b57c-545a2f79add4","Acraea terpsicore","https://biodiversity.org.au/afd/taxa/ba632bea-a7b4-4b60-bf89-d63128cad841",-16.747718,145.662126,2021-08-16 12:15:00,"PRESENT","iNaturalist Australia"
"1511","6d473cd9-402a-49dc-8ca4-a5df77464d3b","Afrohybanthus enneaspermus","https://id.biodiversity.org.au/taxon/apni/51448720",-23.493032,150.475797,2025-02-09 06:41:45,"PRESENT","iNaturalist Australia"
"1512","6d4f89ae-cf3f-478e-99f5-f2d51399416c","Acraea andromacha","https://biodiversity.org.au/afd/taxa/86294130-ca0d-4e27-81da-5a82a7cd4c87",-17.3116,145.589,2022-04-12,"PRESENT","Butterflies Australia"
"1513","6d50641f-5626-40c4-acf2-4134238e2ece","Acraea terpsicore","https://biodiversity.org.au/afd/taxa/ba632bea-a7b4-4b60-bf89-d63128cad841",-25.060275,148.23613,2023-04-13 10:15:33,"PRESENT","iNaturalist Australia"
"1514","6d551edb-fad6-424d-97cf-c02db0e1c5a8","Acraea terpsicore","https://biodiversity.org.au/afd/taxa/ba632bea-a7b4-4b60-bf89-d63128cad841",-16.107193,144.776782,2025-06-27 16:00:00,"PRESENT","iNaturalist Australia"
"1515","6d8070b1-eada-495f-9098-44bc2723cbbb","Acraea terpsicore","https://biodiversity.org.au/afd/taxa/ba632bea-a7b4-4b60-bf89-d63128cad841",-27.588278,153.159924,2022-03-12 13:34:00,"PRESENT","iNaturalist Australia"
"1516","6d834458-0b5d-43d1-b408-e60df53cb521","Acraea terpsicore","https://biodiversity.org.au/afd/taxa/ba632bea-a7b4-4b60-bf89-d63128cad841",-19.178037,146.844483,2022-04-03 09:25:06,"PRESENT","iNaturalist Australia"
"1517","6da96012-ca75-47de-88d3-e8abe9aab815","Acraea terpsicore","https://biodiversity.org.au/afd/taxa/ba632bea-a7b4-4b60-bf89-d63128cad841",-16.315965,128.701236,2023-07-13 08:37:44,"PRESENT","iNaturalist Australia"
"1518","6db446f0-437a-4aaf-a816-ae8fc69e323a","Acraea terpsicore","https://biodiversity.org.au/afd/taxa/ba632bea-a7b4-4b60-bf89-d63128cad841",-21.170586,148.89989,2022-04-22 12:09:00,"PRESENT","iNaturalist Australia"
"1519","6dd01f6d-ac6c-4b80-8ff4-070ce0790e77","Afrohybanthus enneaspermus","https://id.biodiversity.org.au/taxon/apni/51448720",-23.461694,150.468309,2021-11-22 05:34:44,"PRESENT","iNaturalist Australia"
"1520","6de18fd8-aed4-424b-90bb-fd5efcbadf4c","Acraea andromacha","https://biodiversity.org.au/afd/taxa/afb7279d-cb44-4c89-be73-cf1e0a48cf46",-27.66476,151.63306,2022-04-15,"PRESENT","WildNet - Queensland Wildlife Data"
"1521","6def6eb6-a71e-4f4b-b92c-66d39d916780","Acraea terpsicore","https://biodiversity.org.au/afd/taxa/ba632bea-a7b4-4b60-bf89-d63128cad841",-19.270598,146.724293,2022-04-03 14:07:00,"PRESENT","iNaturalist Australia"
"1522","6df8855b-99f1-4dc9-9ff5-e066e65f3379","Acraea andromacha","https://biodiversity.org.au/afd/taxa/86294130-ca0d-4e27-81da-5a82a7cd4c87",-27.114217,152.988149,2023-04-12 10:02:00,"PRESENT","iNaturalist Australia"
"1523","6e05c4a4-6740-4bb3-aebb-8ced2de1c3d2","Acraea andromacha","https://biodiversity.org.au/afd/taxa/86294130-ca0d-4e27-81da-5a82a7cd4c87",-19.818148,146.094945,2024-05-09 11:14:16,"PRESENT","iNaturalist Australia"
"1524","6e270e9e-e61c-4cc8-87cc-d692b6f938f2","Acraea andromacha","https://biodiversity.org.au/afd/taxa/86294130-ca0d-4e27-81da-5a82a7cd4c87",-27.508127,153.116526,2025-09-13 10:38:32,"PRESENT","iNaturalist Australia"
"1525","6e285a01-24b2-49b8-96f7-404704d4eae3","Acraea terpsicore","https://biodiversity.org.au/afd/taxa/ba632bea-a7b4-4b60-bf89-d63128cad841",-17,145.7,2023-04-15 11:22:00,"PRESENT","Earth Guardians Weekly Feed"
"1526","6e31aee1-cd24-49e8-b14d-d70aa5861106","Acraea terpsicore","https://biodiversity.org.au/afd/taxa/ba632bea-a7b4-4b60-bf89-d63128cad841",-25.197411,152.307633,2023-02-07 14:03:00,"PRESENT","iNaturalist Australia"
"1527","6e36f510-4d11-4bba-8e15-db78d6db7c20","Acraea andromacha","https://biodiversity.org.au/afd/taxa/86294130-ca0d-4e27-81da-5a82a7cd4c87",-20.9275,149.0539,2021-09-20 23:00:00,"PRESENT","Butterflies Australia"
"1528","6e4d12a9-6a93-47f6-b907-0eaa43b97cd3","Acraea andromacha","https://biodiversity.org.au/afd/taxa/86294130-ca0d-4e27-81da-5a82a7cd4c87",-32.219149,152.436499,2024-04-06 11:22:00,"PRESENT","iNaturalist Australia"
"1529","6e58923e-e05d-4e01-b1dc-df6b8c525d85","Acraea andromacha","https://biodiversity.org.au/afd/taxa/86294130-ca0d-4e27-81da-5a82a7cd4c87",-12.410582,130.829522,2024-05-12 09:40:00,"PRESENT","iNaturalist Australia"
"1530","6e68b01d-80c4-4c43-9ef2-69fc012e9568","Acraea andromacha","https://biodiversity.org.au/afd/taxa/86294130-ca0d-4e27-81da-5a82a7cd4c87",-29.442683,151.574617,2022-03-21 11:41:40,"PRESENT","iNaturalist Australia"
"1531","6e8a8b24-0e23-46e3-89a8-03dbccad22a5","Acraea terpsicore","https://biodiversity.org.au/afd/taxa/ba632bea-a7b4-4b60-bf89-d63128cad841",-26.50685,153.086564,2023-02-26 12:49:10,"PRESENT","iNaturalist Australia"
"1532","6e8c20c7-9baf-40d0-8f1c-4ad303c58d24","Acraea andromacha","https://biodiversity.org.au/afd/taxa/86294130-ca0d-4e27-81da-5a82a7cd4c87",-27.684487,152.851941,2024-02-26 11:44:00,"PRESENT","iNaturalist Australia"
"1533","6e91f3d5-178c-4a8c-9806-63a78a4c6dc2","Acraea andromacha","https://biodiversity.org.au/afd/taxa/86294130-ca0d-4e27-81da-5a82a7cd4c87",-27.263399,152.853759,2025-09-29 08:26:00,"PRESENT","iNaturalist Australia"
"1534","6e97e398-ba91-4006-ad98-654f9045487a","Acraea terpsicore","https://biodiversity.org.au/afd/taxa/ba632bea-a7b4-4b60-bf89-d63128cad841",-19.195883,146.774492,2024-04-13 09:37:55,"PRESENT","iNaturalist Australia"
"1535","6e9c9f50-79ce-45ee-a87e-8bfec23fdc2e","Acraea andromacha","https://biodiversity.org.au/afd/taxa/86294130-ca0d-4e27-81da-5a82a7cd4c87",-27.580848,151.99369,2024-04-19 09:10:00,"PRESENT","iNaturalist Australia"
"1536","6ea38363-3dcd-4a7a-8e31-d44abf741ac2","Acraea andromacha","https://biodiversity.org.au/afd/taxa/86294130-ca0d-4e27-81da-5a82a7cd4c87",-27.44401,152.922741,2021-04-29 07:58:52,"PRESENT","iNaturalist Australia"
"1537","6eb04571-75db-4c50-a3b8-0314476964ca","Acraea terpsicore","https://biodiversity.org.au/afd/taxa/ba632bea-a7b4-4b60-bf89-d63128cad841",-15.606494,131.115214,2024-09-11,"PRESENT","iNaturalist Australia"
"1538","6edd12f0-ad1b-4890-b84b-eaf958faaebb","Acraea terpsicore","https://biodiversity.org.au/afd/taxa/ba632bea-a7b4-4b60-bf89-d63128cad841",-18.999487,144.982618,2025-06-02 15:35:00,"PRESENT","iNaturalist Australia"
"1539","6ef942f4-fb1d-4cdc-8c3d-ef4ff40a0a8d","Acraea andromacha","https://biodiversity.org.au/afd/taxa/86294130-ca0d-4e27-81da-5a82a7cd4c87",-27.57076,152.9335,2022-12-11 02:50:00,"PRESENT","Butterflies Australia"
"1540","6f15ca2d-7e91-48a8-96a6-5042d635612a","Acraea terpsicore","https://biodiversity.org.au/afd/taxa/ba632bea-a7b4-4b60-bf89-d63128cad841",-18.0168,144.0233,2021-03-22 09:45:00,"PRESENT","Butterflies Australia"
"1541","6f22abcc-29de-43fd-b2d7-92636417fa75","Afrohybanthus enneaspermus","https://id.biodiversity.org.au/taxon/apni/51448720",-19.2211,146.7786,2025-02-20 15:59:00,"PRESENT","iNaturalist Australia"
"1542","6f3e3500-a26d-4392-aa2d-d740c1086847","Acraea terpsicore","https://biodiversity.org.au/afd/taxa/ba632bea-a7b4-4b60-bf89-d63128cad841",-19.189257,146.773593,2025-05-10 11:36:58,"PRESENT","iNaturalist Australia"
"1543","6f56a009-d044-4bcf-8482-89336e0452ed","Afrohybanthus enneaspermus","https://id.biodiversity.org.au/taxon/apni/51448720",-12.446452,130.877357,2023-12-26 11:21:24,"PRESENT","iNaturalist Australia"
"1544","6f6dbd48-c079-418a-90e3-d0c8da26a9cb","Acraea terpsicore","https://biodiversity.org.au/afd/taxa/ba632bea-a7b4-4b60-bf89-d63128cad841",-27.490906,153.186239,2022-03-26 10:03:30,"PRESENT","iNaturalist Australia"
"1545","6f9c4922-577b-44fe-ad82-175bd9978509","Acraea andromacha","https://biodiversity.org.au/afd/taxa/86294130-ca0d-4e27-81da-5a82a7cd4c87",-14.48729,132.381406,2023-09-29 08:10:52,"PRESENT","iNaturalist Australia"
"1546","6fc17cf1-3c09-44d8-a9d8-731ef9a94d51","Acraea andromacha","https://biodiversity.org.au/afd/taxa/86294130-ca0d-4e27-81da-5a82a7cd4c87",-27.55193,152.974853,2024-03-06 14:54:56,"PRESENT","iNaturalist Australia"
"1547","6fe75e06-a5a1-4307-b868-c0c42deb04ac","Acraea terpsicore","https://biodiversity.org.au/afd/taxa/ba632bea-a7b4-4b60-bf89-d63128cad841",-18.0469,144.8846,2021-04-24 12:00:00,"PRESENT","Butterflies Australia"
"1548","70056005-b006-419e-a52b-ec1060258603","Acraea terpsicore","https://biodiversity.org.au/afd/taxa/ba632bea-a7b4-4b60-bf89-d63128cad841",-22.10975,145.194722,2021-08-13 16:57:00,"PRESENT","iNaturalist Australia"
"1549","70082d26-eceb-49c0-83b4-21e2a8a97bc9","Acraea andromacha","https://biodiversity.org.au/afd/taxa/86294130-ca0d-4e27-81da-5a82a7cd4c87",-30.364232,153.065964,2021-03-02 14:23:00,"PRESENT","iNaturalist Australia"
"1550","700da5c9-3ab0-4571-b234-0aa5c3615700","Acraea andromacha","https://biodiversity.org.au/afd/taxa/86294130-ca0d-4e27-81da-5a82a7cd4c87",-26.234862,152.639825,2025-01-15 10:15:00,"PRESENT","iNaturalist Australia"
"1551","7015b922-3013-457c-ae83-c0b8e712b67b","Acraea andromacha","https://biodiversity.org.au/afd/taxa/86294130-ca0d-4e27-81da-5a82a7cd4c87",-24.848539,152.476236,2023-12-25 17:14:00,"PRESENT","iNaturalist Australia"
"1552","702171df-7835-4644-95aa-eeea7eb5157e","Acraea andromacha","https://biodiversity.org.au/afd/taxa/86294130-ca0d-4e27-81da-5a82a7cd4c87",-30.519967,151.666092,2025-03-28 09:50:11,"PRESENT","iNaturalist Australia"
"1553","704cdcb1-87cd-49c4-bc8c-c44d67a4e887","Acraea terpsicore","https://biodiversity.org.au/afd/taxa/ba632bea-a7b4-4b60-bf89-d63128cad841",-16.785784,145.690812,2023-04-15 09:43:00,"PRESENT","iNaturalist Australia"
"1554","7076aa4d-91e2-4290-8da8-86451c35b418","Acraea andromacha","https://biodiversity.org.au/afd/taxa/86294130-ca0d-4e27-81da-5a82a7cd4c87",-27.793756,152.797853,2025-12-06 08:37:09,"PRESENT","iNaturalist Australia"
"1555","70854fe6-1d60-4a9a-99fe-5d3aef2f9976","Acraea andromacha","https://biodiversity.org.au/afd/taxa/86294130-ca0d-4e27-81da-5a82a7cd4c87",-27.9685,153.18469,2021-02-20 14:05:00,"PRESENT","Butterflies Australia"
"1556","708d347d-593a-4afa-aa88-6fef4210924e","Acraea andromacha","https://biodiversity.org.au/afd/taxa/afb7279d-cb44-4c89-be73-cf1e0a48cf46",-27.810503,152.991408,2021-03-16 11:31:40,"PRESENT","iNaturalist Australia"
"1557","7092865c-04fc-46a1-9fbb-f0918027ed51","Acraea terpsicore","https://biodiversity.org.au/afd/taxa/ba632bea-a7b4-4b60-bf89-d63128cad841",-18.406162,143.510349,2025-05-08 10:12:00,"PRESENT","iNaturalist Australia"
"1558","70d8c495-a6be-43a6-ad54-cb1b4de0f420","Acraea terpsicore","https://biodiversity.org.au/afd/taxa/ba632bea-a7b4-4b60-bf89-d63128cad841",-28.181806,153.061889,2024-12-30 10:54:00,"PRESENT","iNaturalist Australia"
"1559","70e0dbdc-fa1f-496c-a595-e769faa6e763","Acraea terpsicore","https://biodiversity.org.au/afd/taxa/ba632bea-a7b4-4b60-bf89-d63128cad841",-19.201291,146.754401,2023-12-08 15:24:20,"PRESENT","iNaturalist Australia"
"1560","70e69fd4-907d-4c5a-af04-571284f72978","Acraea andromacha","https://biodiversity.org.au/afd/taxa/86294130-ca0d-4e27-81da-5a82a7cd4c87",-24.250552,131.577164,2023-04-06 14:20:00,"PRESENT","iNaturalist Australia"
"1561","70fbbdba-26b7-44b5-a987-f6da9b611bdd","Acraea andromacha","https://biodiversity.org.au/afd/taxa/86294130-ca0d-4e27-81da-5a82a7cd4c87",-27.529262,152.838058,2024-04-10 13:29:02,"PRESENT","iNaturalist Australia"
"1562","70fedddf-c43c-46ea-bb4d-1e4a43ba463d","Acraea andromacha","https://biodiversity.org.au/afd/taxa/86294130-ca0d-4e27-81da-5a82a7cd4c87",-25.068275,148.247008,2025-10-03 12:40:14,"PRESENT","iNaturalist Australia"
"1563","710fb102-d458-426d-817d-862863177ff1","Acraea terpsicore","https://biodiversity.org.au/afd/taxa/ba632bea-a7b4-4b60-bf89-d63128cad841",-12.36341,130.904965,2025-07-02 10:15:00,"PRESENT","iNaturalist Australia"
"1564","7121d04d-9af3-44f2-93e3-2901b97a9a0c","Acraea terpsicore","https://biodiversity.org.au/afd/taxa/ba632bea-a7b4-4b60-bf89-d63128cad841",-27.529592,152.62372,2022-05-15 10:55:20,"PRESENT","iNaturalist Australia"
"1565","7123a8eb-ec07-49b4-92d0-01cf4023b0de","Acraea andromacha","https://biodiversity.org.au/afd/taxa/86294130-ca0d-4e27-81da-5a82a7cd4c87",-27.54225,153.07247,2021-10-03 04:01:00,"PRESENT","Butterflies Australia"
"1566","7134e48c-703e-485f-8057-782768b647ef","Acraea andromacha","https://biodiversity.org.au/afd/taxa/86294130-ca0d-4e27-81da-5a82a7cd4c87",-18.952335,143.359235,2022-05-05,"PRESENT","Queensland Museum provider for OZCAM"
"1567","7150104e-bd41-4768-ba18-38eabf627b88","Acraea andromacha","https://biodiversity.org.au/afd/taxa/86294130-ca0d-4e27-81da-5a82a7cd4c87",-27.5,153,2021-10-10 17:37:00,"PRESENT","Earth Guardians Weekly Feed"
"1568","715ae841-73f0-45a4-b237-9b8f91e73109","Acraea andromacha","https://biodiversity.org.au/afd/taxa/86294130-ca0d-4e27-81da-5a82a7cd4c87",-27.559844,152.192397,2025-09-10 14:21:16,"PRESENT","iNaturalist Australia"
"1569","7180cfb0-4115-49d5-89c6-9b8c6bccfab8","Acraea terpsicore","https://biodiversity.org.au/afd/taxa/ba632bea-a7b4-4b60-bf89-d63128cad841",-21.91049,148.37016,2022-02-15 01:43:00,"PRESENT","Butterflies Australia"
"1570","718e9199-e520-42e3-ac4e-f5520b1adcfa","Acraea andromacha","https://biodiversity.org.au/afd/taxa/86294130-ca0d-4e27-81da-5a82a7cd4c87",-27.607344,152.604858,2021-05-09 09:51:00,"PRESENT","iNaturalist Australia"
"1571","719b282e-b4cf-4c93-9432-50ced322c858","Acraea terpsicore","https://biodiversity.org.au/afd/taxa/ba632bea-a7b4-4b60-bf89-d63128cad841",-18.646634,139.248883,2021-05-11 11:08:00,"PRESENT","iNaturalist Australia"
"1572","71b929b7-a3ea-4631-8baf-bdab154bed3f","Acraea terpsicore","https://biodiversity.org.au/afd/taxa/ba632bea-a7b4-4b60-bf89-d63128cad841",-24.472825,148.643112,2024-10-12 08:09:30,"PRESENT","iNaturalist Australia"
"1573","71cf1022-87be-436b-a26f-166e3bb84414","Acraea andromacha","https://biodiversity.org.au/afd/taxa/86294130-ca0d-4e27-81da-5a82a7cd4c87",-27.364272,153.073253,2023-03-18 08:36:34,"PRESENT","iNaturalist Australia"
"1574","71f6dd82-83d0-4312-8d47-1754ab0fd1d9","Acraea andromacha","https://biodiversity.org.au/afd/taxa/86294130-ca0d-4e27-81da-5a82a7cd4c87",-27.433179,153.544195,2022-01-16 11:15:06,"PRESENT","iNaturalist Australia"
"1575","722555dc-db7d-499f-861c-5f5326a0b741","Acraea andromacha","https://biodiversity.org.au/afd/taxa/86294130-ca0d-4e27-81da-5a82a7cd4c87",-27.502047,153.122453,2024-04-15 12:53:00,"PRESENT","iNaturalist Australia"
"1576","722a432b-f472-4fa4-9349-3540d8cc4bfb","Acraea terpsicore","https://biodiversity.org.au/afd/taxa/ba632bea-a7b4-4b60-bf89-d63128cad841",-21.403702,148.544511,2021-07-21 15:03:00,"PRESENT","iNaturalist Australia"
"1577","722f7deb-1a22-4629-8306-ce9f5b750838","Acraea terpsicore","https://biodiversity.org.au/afd/taxa/ba632bea-a7b4-4b60-bf89-d63128cad841",-12.339167,130.892868,2023-06-04 09:06:00,"PRESENT","iNaturalist Australia"
"1578","723f39fe-04cf-457d-8beb-670e5c2c498a","Adenia heterophylla","https://id.biodiversity.org.au/taxon/apni/51442111",-10.721633,142.46051,2025-09-01 15:50:42,"PRESENT","iNaturalist Australia"
"1579","7267a7e5-5424-4767-bcb2-9b872172bfba","Acraea andromacha","https://biodiversity.org.au/afd/taxa/86294130-ca0d-4e27-81da-5a82a7cd4c87",-27.375239,152.792798,2025-12-02 10:22:00,"PRESENT","iNaturalist Australia"
"1580","726a8657-b459-4fec-ab7e-5fefe61c1126","Acraea terpsicore","https://biodiversity.org.au/afd/taxa/ba632bea-a7b4-4b60-bf89-d63128cad841",-29.779336,151.349267,2024-04-23 13:00:26,"PRESENT","iNaturalist Australia"
"1581","726bd457-ade5-44a1-b1c8-b8b2b4385170","Acraea andromacha","https://biodiversity.org.au/afd/taxa/86294130-ca0d-4e27-81da-5a82a7cd4c87",-27.659046,152.833585,2025-05-16 08:55:00,"PRESENT","iNaturalist Australia"
"1582","7289f234-69c9-4961-ae3d-2d3462f2ffc5","Acraea andromacha","https://biodiversity.org.au/afd/taxa/86294130-ca0d-4e27-81da-5a82a7cd4c87",-27.4847,152.95529,2023-02-11 23:13:00,"PRESENT","Butterflies Australia"
"1583","72bada24-3f86-45e0-9ea1-b7afa4e04bb7","Acraea terpsicore","https://biodiversity.org.au/afd/taxa/ba632bea-a7b4-4b60-bf89-d63128cad841",-19.28447,146.804764,2023-09-02 07:27:40,"PRESENT","iNaturalist Australia"
"1584","72bfc62f-6a02-4d88-91c1-a2606bad7757","Acraea terpsicore","https://biodiversity.org.au/afd/taxa/ba632bea-a7b4-4b60-bf89-d63128cad841",-20.71448,140.479146,2025-07-19 15:40:00,"PRESENT","iNaturalist Australia"
"1585","7317eed9-d0b3-4bd4-83fa-dc960b82fa5c","Acraea andromacha","https://biodiversity.org.au/afd/taxa/86294130-ca0d-4e27-81da-5a82a7cd4c87",-27.648037,151.951357,2023-01-04 12:45:00,"PRESENT","iNaturalist Australia"
"1586","731f3100-b2c7-47b7-b1da-08264f985419","Acraea andromacha","https://biodiversity.org.au/afd/taxa/86294130-ca0d-4e27-81da-5a82a7cd4c87",-17.87869,139.342915,2023-09-10 01:30:00,"PRESENT","Butterflies Australia"
"1587","732dcd15-978b-471c-a83d-8463c0d2ada9","Acraea andromacha","https://biodiversity.org.au/afd/taxa/86294130-ca0d-4e27-81da-5a82a7cd4c87",-30.882026,153.074847,2024-03-28 12:05:59,"PRESENT","iNaturalist Australia"
"1588","73352ed1-46c0-4079-b2fc-2633d25e2e29","Acraea terpsicore","https://biodiversity.org.au/afd/taxa/ba632bea-a7b4-4b60-bf89-d63128cad841",-19.189516,146.77393,2025-06-13 12:34:00,"PRESENT","iNaturalist Australia"
"1589","736231e6-c49a-4097-a64b-65707baacf67","Afrohybanthus enneaspermus","https://id.biodiversity.org.au/taxon/apni/51448720",-13.752961,136.660694,2021-06-17,"PRESENT","Flora Atlas N.T."
"1590","7364610e-7cb4-49bb-8d7e-086bb041901b","Acraea andromacha","https://biodiversity.org.au/afd/taxa/86294130-ca0d-4e27-81da-5a82a7cd4c87",-27.580294,153.293232,2023-09-23 09:02:39,"PRESENT","iNaturalist Australia"
"1591","73ab38fa-5621-43d9-bddd-a0a8987127b3","Acraea terpsicore","https://biodiversity.org.au/afd/taxa/ba632bea-a7b4-4b60-bf89-d63128cad841",-20.344596,144.462509,2024-06-21 10:45:45,"PRESENT","iNaturalist Australia"
"1592","73b41666-f45b-4faf-8c50-86008914231c","Acraea andromacha","https://biodiversity.org.au/afd/taxa/86294130-ca0d-4e27-81da-5a82a7cd4c87",-27.48909,152.753355,2026-01-31 12:17:00,"PRESENT","iNaturalist Australia"
"1593","73bfdc07-5214-4d0e-9831-d32c7a4a9586","Acraea terpsicore","https://biodiversity.org.au/afd/taxa/ba632bea-a7b4-4b60-bf89-d63128cad841",-20.322141,148.61461,2023-01-20 08:37:00,"PRESENT","iNaturalist Australia"
"1594","740cdc9c-ca61-4573-954f-45a8400cbf59","Acraea andromacha","https://biodiversity.org.au/afd/taxa/86294130-ca0d-4e27-81da-5a82a7cd4c87",-28.193998,153.095197,2021-03-08 11:51:51,"PRESENT","iNaturalist Australia"
"1595","74170c42-01de-4c0b-bcaf-41bf2fde6cd2","Afrohybanthus enneaspermus","https://id.biodiversity.org.au/taxon/apni/51448720",-12.397011,130.925788,2025-10-25 11:46:38,"PRESENT","iNaturalist Australia"
"1596","7447734b-cb7a-414f-9d14-0baad00afcf8","Acraea andromacha","https://biodiversity.org.au/afd/taxa/86294130-ca0d-4e27-81da-5a82a7cd4c87",-17.317,123.641,2022-03-22,"PRESENT","Insect Investigators"
"1597","744bef23-8d26-4fd5-864f-d98a2bf48baf","Acraea andromacha","https://biodiversity.org.au/afd/taxa/86294130-ca0d-4e27-81da-5a82a7cd4c87",-27.49376,152.75304,2021-02-11 17:30:00,"PRESENT","Butterflies Australia"
"1598","7481fcb5-8a96-4b35-826a-7fa549f142cc","Acraea terpsicore","https://biodiversity.org.au/afd/taxa/ba632bea-a7b4-4b60-bf89-d63128cad841",-11.759967,130.639819,2025-04-03 18:02:00,"PRESENT","iNaturalist Australia"
"1599","74b48248-2f30-4a5d-a404-5760881d6045","Acraea andromacha","https://biodiversity.org.au/afd/taxa/86294130-ca0d-4e27-81da-5a82a7cd4c87",-27.495039,152.250229,2022-02-08 16:49:00,"PRESENT","iNaturalist Australia"
"1600","74b4f858-9185-49a9-ab75-21e9c4a2e3e1","Acraea andromacha","https://biodiversity.org.au/afd/taxa/86294130-ca0d-4e27-81da-5a82a7cd4c87",-30.176353,153.185713,2025-12-17 17:27:07,"PRESENT","iNaturalist Australia"
"1601","74d3563b-eeb6-4abb-a233-0911741571e3","Acraea andromacha","https://biodiversity.org.au/afd/taxa/86294130-ca0d-4e27-81da-5a82a7cd4c87",-26.534037,152.750983,2021-09-22 11:44:06,"PRESENT","iNaturalist Australia"
"1602","74e92a42-8acb-4e32-9274-261d5bca7832","Acraea terpsicore","https://biodiversity.org.au/afd/taxa/ba632bea-a7b4-4b60-bf89-d63128cad841",-17.6518,145.4722,2022-03-07 22:15:00,"PRESENT","Butterflies Australia"
"1603","74f143e4-6b3a-4091-a7c4-ad867ac80d33","Acraea andromacha","https://biodiversity.org.au/afd/taxa/86294130-ca0d-4e27-81da-5a82a7cd4c87",-33.717797,150.421462,2024-04-16 14:37:21,"PRESENT","iNaturalist Australia"
"1604","74f6d0da-2051-4bae-a297-5e1e04611ef9","Acraea andromacha","https://biodiversity.org.au/afd/taxa/86294130-ca0d-4e27-81da-5a82a7cd4c87",-30.9219,153.0861,2023-01-03 11:19:00,"PRESENT","iNaturalist Australia"
"1605","7542c6c0-a34f-40e5-86e6-1bc14f8f6e67","Acraea terpsicore","https://biodiversity.org.au/afd/taxa/ba632bea-a7b4-4b60-bf89-d63128cad841",-19.366524,146.639706,2022-09-19 21:18:00,"PRESENT","iNaturalist Australia"
"1606","756f98d2-e6c1-41af-ba92-4756dd611e90","Acraea andromacha","https://biodiversity.org.au/afd/taxa/86294130-ca0d-4e27-81da-5a82a7cd4c87",-27.707887,152.885776,2025-07-29 13:03:38,"PRESENT","iNaturalist Australia"
"1607","75894950-2cca-45e4-90ba-4b1055f2c544","Acraea andromacha","https://biodiversity.org.au/afd/taxa/86294130-ca0d-4e27-81da-5a82a7cd4c87",-27.512292,152.740277,2022-03-27 09:50:00,"PRESENT","iNaturalist Australia"
"1608","758dd12b-1fcd-4594-a043-3a524df8fade","Acraea andromacha","https://biodiversity.org.au/afd/taxa/86294130-ca0d-4e27-81da-5a82a7cd4c87",-27.422583,152.903823,2024-12-01 13:48:00,"PRESENT","iNaturalist Australia"
"1609","758e6dd4-f87c-45f1-bcb1-96953d798462","Acraea andromacha","https://biodiversity.org.au/afd/taxa/86294130-ca0d-4e27-81da-5a82a7cd4c87",-27.527891,153.034764,2021-02-14 14:57:49,"PRESENT","iNaturalist Australia"
"1610","75adfa7a-f807-4166-a2aa-f54963362b0e","Acraea terpsicore","https://biodiversity.org.au/afd/taxa/ba632bea-a7b4-4b60-bf89-d63128cad841",-19.979528,148.260972,2025-08-10 09:02:57,"PRESENT","iNaturalist Australia"
"1611","75ce8cc2-b69a-48fd-bfcf-f21f23e9bb12","Acraea andromacha","https://biodiversity.org.au/afd/taxa/86294130-ca0d-4e27-81da-5a82a7cd4c87",-27.50683,153.075454,2025-09-15 13:19:00,"PRESENT","iNaturalist Australia"
"1612","75e59fb3-c72a-420c-b17a-a9fffd397e29","Acraea andromacha","https://biodiversity.org.au/afd/taxa/86294130-ca0d-4e27-81da-5a82a7cd4c87",-28.259945,153.401717,2021-03-07 10:49:00,"PRESENT","iNaturalist Australia"
"1613","75e7a8ab-267f-4499-9d28-8bef9d1412c9","Acraea terpsicore","https://biodiversity.org.au/afd/taxa/ba632bea-a7b4-4b60-bf89-d63128cad841",-23.85867,148.159427,2022-07-19 09:39:00,"PRESENT","iNaturalist Australia"
"1614","75f4930c-6b60-4914-adbe-93f866495a73","Acraea andromacha","https://biodiversity.org.au/afd/taxa/86294130-ca0d-4e27-81da-5a82a7cd4c87",-27.759578,152.863783,2021-09-26 11:57:00,"PRESENT","iNaturalist Australia"
"1615","75f7ed7c-a8c3-419e-accd-a3b3d2f093ee","Acraea terpsicore","https://biodiversity.org.au/afd/taxa/ba632bea-a7b4-4b60-bf89-d63128cad841",-27.50683,153.075454,2023-01-26 09:04:00,"PRESENT","iNaturalist Australia"
"1616","7621563b-4e75-4ca5-b4f2-a33b7fe9bc0f","Afrohybanthus enneaspermus","https://id.biodiversity.org.au/taxon/apni/51448720",-23.610128,149.068131,2024-09-04 08:45:59,"PRESENT","iNaturalist Australia"
"1617","7640e705-75b8-4462-8b78-b768551252a6","Acraea terpsicore","https://biodiversity.org.au/afd/taxa/ba632bea-a7b4-4b60-bf89-d63128cad841",-20.351338,144.466241,2022-08-20 13:40:00,"PRESENT","iNaturalist Australia"
"1618","765786ee-664d-4f4a-9048-bd280b726f46","Acraea andromacha","https://biodiversity.org.au/afd/taxa/86294130-ca0d-4e27-81da-5a82a7cd4c87",-27.335561,153.082182,2021-05-30 11:32:00,"PRESENT","iNaturalist Australia"
"1619","765a06fd-c4c0-4135-8115-f441d3ba8414","Acraea andromacha","https://biodiversity.org.au/afd/taxa/86294130-ca0d-4e27-81da-5a82a7cd4c87",-27.492341,152.981119,2024-04-10 12:39:00,"PRESENT","iNaturalist Australia"
"1620","765c644a-f7f1-4483-9950-b0aa8bdbe7a3","Acraea terpsicore","https://biodiversity.org.au/afd/taxa/ba632bea-a7b4-4b60-bf89-d63128cad841",-19.354473,146.800432,2025-03-08,"PRESENT","iNaturalist Australia"
"1621","768346ad-e98c-4766-bf0e-8502580b9139","Acraea terpsicore","https://biodiversity.org.au/afd/taxa/ba632bea-a7b4-4b60-bf89-d63128cad841",-18.14259,144.328905,2025-05-07 12:18:00,"PRESENT","iNaturalist Australia"
"1622","769880b9-b0de-43b7-9563-bf652c583dcd","Acraea terpsicore","https://biodiversity.org.au/afd/taxa/ba632bea-a7b4-4b60-bf89-d63128cad841",-28.244167,153.01825,2025-04-21 12:36:00,"PRESENT","iNaturalist Australia"
"1623","76a0538f-7bf2-4b42-a9b6-4df4af1fe719","Acraea terpsicore","https://biodiversity.org.au/afd/taxa/ba632bea-a7b4-4b60-bf89-d63128cad841",-25.559954,152.681264,2025-12-26 09:00:00,"PRESENT","iNaturalist Australia"
"1624","76b5fe55-1186-411b-bd34-a398040a44b5","Afrohybanthus enneaspermus","https://id.biodiversity.org.au/taxon/apni/51448720",-16.72537,134.92259,2021-05-12,"PRESENT","Flora Atlas N.T."
"1625","76b788cc-fdc3-4730-94fb-58b19a4d538a","Acraea andromacha","https://biodiversity.org.au/afd/taxa/86294130-ca0d-4e27-81da-5a82a7cd4c87",-27.54016,153.048807,2022-09-23 15:41:42,"PRESENT","iNaturalist Australia"
"1626","76be388e-1497-44b8-af1a-cd59460f9dff","Afrohybanthus enneaspermus","https://id.biodiversity.org.au/taxon/apni/51448720",-23.494222,150.476445,2022-01-05 07:21:55,"PRESENT","iNaturalist Australia"
"1627","76ecdfbd-39eb-45bd-ac7d-a6e6441710db","Acraea terpsicore","https://biodiversity.org.au/afd/taxa/ba632bea-a7b4-4b60-bf89-d63128cad841",-27.918488,153.37738,2024-03-03 12:02:51,"PRESENT","iNaturalist Australia"
"1628","76feedaf-a5d6-47b5-873c-9a2259dc53ee","Acraea terpsicore","https://biodiversity.org.au/afd/taxa/ba632bea-a7b4-4b60-bf89-d63128cad841",-15.42599,144.974869,2022-06-24 15:30:00,"PRESENT","Butterflies Australia"
"1629","771f8de4-5a77-4be4-8058-4f9b6b540654","Acraea andromacha","https://biodiversity.org.au/afd/taxa/86294130-ca0d-4e27-81da-5a82a7cd4c87",-33.635384,150.28402,2024-03-29 16:24:13,"PRESENT","iNaturalist Australia"
"1630","7720e1db-037d-4267-bdc6-675590bdf5b7","Acraea andromacha","https://biodiversity.org.au/afd/taxa/86294130-ca0d-4e27-81da-5a82a7cd4c87",-28.027123,153.315007,2024-04-14 12:23:00,"PRESENT","iNaturalist Australia"
"1631","773b973c-43ff-4f51-87a6-1077b1d2432d","Acraea andromacha","https://biodiversity.org.au/afd/taxa/86294130-ca0d-4e27-81da-5a82a7cd4c87",-35.398702,149.060228,2022-03-24 11:40:00,"PRESENT","NatureMapr"
"1632","7744c6da-6d5e-427c-a2a3-ea5c2178edc9","Acraea terpsicore","https://biodiversity.org.au/afd/taxa/ba632bea-a7b4-4b60-bf89-d63128cad841",-19.324765,146.762339,2022-07-12 15:17:00,"PRESENT","iNaturalist Australia"
"1633","774d7a0f-91ff-4005-89ec-46da058cfd71","Acraea andromacha","https://biodiversity.org.au/afd/taxa/86294130-ca0d-4e27-81da-5a82a7cd4c87",-27.212088,153.022095,2022-05-19 10:34:00,"PRESENT","iNaturalist Australia"
"1634","776327b4-fbe5-4cde-bfbe-3ae21f973d66","Acraea terpsicore","https://biodiversity.org.au/afd/taxa/ba632bea-a7b4-4b60-bf89-d63128cad841",-25.405383,152.906177,2024-03-02 01:51:00,"PRESENT","iNaturalist Australia"
"1635","777940a3-3cd1-40b3-8c61-d7e0244d79b1","Acraea andromacha","https://biodiversity.org.au/afd/taxa/86294130-ca0d-4e27-81da-5a82a7cd4c87",-27.517711,152.739075,2021-05-02 11:38:00,"PRESENT","iNaturalist Australia"
"1636","778338c0-1590-44ae-89ed-8cd32cd6ef19","Acraea terpsicore","https://biodiversity.org.au/afd/taxa/ba632bea-a7b4-4b60-bf89-d63128cad841",-19.24039,146.782572,2023-05-10 07:59:00,"PRESENT","iNaturalist Australia"
"1637","778f77f0-1bc4-4977-81f8-eae788984246","Acraea andromacha","https://biodiversity.org.au/afd/taxa/86294130-ca0d-4e27-81da-5a82a7cd4c87",-27.544032,152.857309,2025-08-17,"PRESENT","iNaturalist Australia"
"1638","7796a6b3-55a7-4dfa-aeb9-08cadfdef50c","Acraea terpsicore","https://biodiversity.org.au/afd/taxa/ba632bea-a7b4-4b60-bf89-d63128cad841",-14.313531,132.423002,2025-05-15 10:18:21,"PRESENT","iNaturalist Australia"
"1639","77afdb2e-baa5-479e-8df4-9dcc8d9234db","Acraea andromacha","https://biodiversity.org.au/afd/taxa/86294130-ca0d-4e27-81da-5a82a7cd4c87",-27.449022,151.948209,2023-03-04 17:22:00,"PRESENT","iNaturalist Australia"
"1640","77b1de62-4dbc-48ff-ba99-eddbd5ee9758","Acraea andromacha","https://biodiversity.org.au/afd/taxa/86294130-ca0d-4e27-81da-5a82a7cd4c87",-26.578612,148.791595,2023-02-26 10:34:27,"PRESENT","iNaturalist Australia"
"1641","77b7cbd0-ad9f-4f1c-a0ef-176db21fd857","Acraea andromacha","https://biodiversity.org.au/afd/taxa/86294130-ca0d-4e27-81da-5a82a7cd4c87",-27.71808,152.8789,2023-02-25 04:34:00,"PRESENT","Butterflies Australia"
"1642","77c077d2-d613-4537-810a-c0cedbb13456","Acraea terpsicore","https://biodiversity.org.au/afd/taxa/ba632bea-a7b4-4b60-bf89-d63128cad841",-13.230953,131.114075,2023-05-10 12:17:00,"PRESENT","iNaturalist Australia"
"1643","77d3046e-a59d-4a97-9c2c-ebd4b965e4b2","Acraea andromacha","https://biodiversity.org.au/afd/taxa/86294130-ca0d-4e27-81da-5a82a7cd4c87",-30.058472,153.205406,2024-06-12 12:04:25,"PRESENT","iNaturalist Australia"
"1644","77ff6310-69b4-4ac2-865b-b38425567eaa","Afrohybanthus enneaspermus","https://id.biodiversity.org.au/taxon/apni/51448720",-23.493141,150.475009,2025-02-07 07:20:28,"PRESENT","iNaturalist Australia"
"1645","77ffe10f-4c8b-478d-94a3-5da3cf9651df","Afrohybanthus enneaspermus","https://id.biodiversity.org.au/taxon/apni/51448720",-23.491129,150.480562,2025-02-09 07:21:08,"PRESENT","iNaturalist Australia"
"1646","7802121d-47f7-42ac-be00-fe6770c359c8","Acraea andromacha","https://biodiversity.org.au/afd/taxa/86294130-ca0d-4e27-81da-5a82a7cd4c87",-27.596073,151.98761,2021-03-05 10:37:00,"PRESENT","iNaturalist Australia"
"1647","782899dd-a265-4f01-9a98-9657c952dfe8","Acraea andromacha","https://biodiversity.org.au/afd/taxa/86294130-ca0d-4e27-81da-5a82a7cd4c87",-27.340767,153.077472,2024-02-04 09:50:39,"PRESENT","iNaturalist Australia"
"1648","783651fe-30f4-46ba-a447-45739af80e2c","Acraea terpsicore","https://biodiversity.org.au/afd/taxa/ba632bea-a7b4-4b60-bf89-d63128cad841",-19.5377,144.2055,2022-11-21 22:00:00,"PRESENT","Butterflies Australia"
"1649","78407d58-4c88-417f-8046-b65159ab08d0","Acraea terpsicore","https://biodiversity.org.au/afd/taxa/ba632bea-a7b4-4b60-bf89-d63128cad841",-21.6218,148.10772,2022-03-09 02:32:00,"PRESENT","Butterflies Australia"
"1650","7851b39b-24da-4253-81b5-7582cf579235","Acraea andromacha","https://biodiversity.org.au/afd/taxa/86294130-ca0d-4e27-81da-5a82a7cd4c87",-27.610536,153.081756,2025-08-26 11:28:00,"PRESENT","iNaturalist Australia"
"1651","786fe288-46fb-4168-9fcd-2a9d38851a2e","Acraea andromacha","https://biodiversity.org.au/afd/taxa/86294130-ca0d-4e27-81da-5a82a7cd4c87",-17.4366,124.667082,2022-06-11 10:08:00,"PRESENT","iNaturalist Australia"
"1652","7879baea-8a02-4545-9f65-a5b4a788c949","Acraea andromacha","https://biodiversity.org.au/afd/taxa/86294130-ca0d-4e27-81da-5a82a7cd4c87",-27.570891,153.163944,2022-01-03 14:04:24,"PRESENT","iNaturalist Australia"
"1653","787e97c7-c33f-44e7-9e5e-211691524c81","Acraea terpsicore","https://biodiversity.org.au/afd/taxa/ba632bea-a7b4-4b60-bf89-d63128cad841",-27.642623,153.002492,2025-04-26 10:51:00,"PRESENT","iNaturalist Australia"
"1654","7884263d-6a94-4eec-9fdc-1f2403fcb0b1","Acraea terpsicore","https://biodiversity.org.au/afd/taxa/ba632bea-a7b4-4b60-bf89-d63128cad841",-18.203917,144.565735,2025-05-01 15:04:00,"PRESENT","iNaturalist Australia"
"1655","78aa9bf8-88dd-496d-adfd-31aa609a14c5","Adenia heterophylla","https://id.biodiversity.org.au/taxon/apni/51442112",-16.931967,145.722227,2023-09-15 07:36:00,"PRESENT","iNaturalist Australia"
"1656","79095e06-f81d-4a02-8116-a2f0907410dd","Acraea andromacha","https://biodiversity.org.au/afd/taxa/86294130-ca0d-4e27-81da-5a82a7cd4c87",-27.531706,152.928147,2023-08-16 16:50:59,"PRESENT","iNaturalist Australia"
"1657","790d88ff-5c76-43b7-b13b-37e88e6ea4f0","Acraea terpsicore","https://biodiversity.org.au/afd/taxa/ba632bea-a7b4-4b60-bf89-d63128cad841",-19.0459,146.3936,2022-12-19 15:15:00,"PRESENT","Butterflies Australia"
"1658","792e432f-0ad8-4b93-9df7-d9946507cbe6","Acraea terpsicore","https://biodiversity.org.au/afd/taxa/ba632bea-a7b4-4b60-bf89-d63128cad841",-18.85554,146.126395,2025-06-14 11:29:00,"PRESENT","iNaturalist Australia"
"1659","7946a54f-e02d-4852-a000-0a00d0fcbbdf","Acraea terpsicore","https://biodiversity.org.au/afd/taxa/ba632bea-a7b4-4b60-bf89-d63128cad841",-16.498273,145.001061,2022-06-13 13:00:00,"PRESENT","iNaturalist Australia"
"1660","79621b08-a000-487e-8155-58eff20aabe1","Acraea andromacha","https://biodiversity.org.au/afd/taxa/86294130-ca0d-4e27-81da-5a82a7cd4c87",-27.442817,152.925903,2024-10-26 15:17:18,"PRESENT","iNaturalist Australia"
"1661","797294ba-b09d-447f-ae4c-524c43bc991b","Acraea andromacha","https://biodiversity.org.au/afd/taxa/86294130-ca0d-4e27-81da-5a82a7cd4c87",-16.901999,145.705509,2025-07-28 17:48:23,"PRESENT","iNaturalist Australia"
"1662","79c43590-451d-4bca-9a19-30f3e26cc95e","Acraea terpsicore","https://biodiversity.org.au/afd/taxa/ba632bea-a7b4-4b60-bf89-d63128cad841",-22.34649,149.51844,2021-05-01,"PRESENT","WildNet - Queensland Wildlife Data"
"1663","79d40878-f339-4fe7-86fb-89f293656b92","Acraea andromacha","https://biodiversity.org.au/afd/taxa/86294130-ca0d-4e27-81da-5a82a7cd4c87",-24.150912,151.885694,2024-07-08 12:28:00,"PRESENT","iNaturalist Australia"
"1664","79dd7d4f-7f3f-4a5a-bc7c-9820c68d7624","Acraea terpsicore","https://biodiversity.org.au/afd/taxa/ba632bea-a7b4-4b60-bf89-d63128cad841",-16.529578,145.136494,2025-06-11 13:47:00,"PRESENT","iNaturalist Australia"
"1665","79e9d10e-1eb1-45d4-aade-28c36ac714b4","Acraea terpsicore","https://biodiversity.org.au/afd/taxa/ba632bea-a7b4-4b60-bf89-d63128cad841",-27.619487,153.169683,2021-02-28 09:30:00,"PRESENT","iNaturalist Australia"
"1666","79f375e5-44b2-4582-afae-dcdded7b0552","Acraea andromacha","https://biodiversity.org.au/afd/taxa/86294130-ca0d-4e27-81da-5a82a7cd4c87",-27.684487,152.851941,2024-02-26 11:45:00,"PRESENT","iNaturalist Australia"
"1667","79f386d0-58dc-4964-b5a6-918f978bca9b","Acraea terpsicore","https://biodiversity.org.au/afd/taxa/ba632bea-a7b4-4b60-bf89-d63128cad841",-13.491678,131.04905,2025-11-13 09:37:00,"PRESENT","iNaturalist Australia"
"1668","79f989f7-45e5-449f-bf9b-65b484cffd5d","Acraea andromacha","https://biodiversity.org.au/afd/taxa/86294130-ca0d-4e27-81da-5a82a7cd4c87",-27.596013,151.987819,2022-01-14 15:51:00,"PRESENT","iNaturalist Australia"
"1669","7a2a2a5d-bae8-4fee-ad43-824d6b4ddfff","Acraea andromacha","https://biodiversity.org.au/afd/taxa/86294130-ca0d-4e27-81da-5a82a7cd4c87",-27.551367,153.062911,2025-04-07 09:58:54,"PRESENT","iNaturalist Australia"
"1670","7a2ed876-7f83-4437-9285-df3fd5dbe15e","Afrohybanthus enneaspermus","https://id.biodiversity.org.au/taxon/apni/51448720",-17.464538,144.696798,2024-12-29 09:18:40,"PRESENT","iNaturalist Australia"
"1671","7a3c32f6-2a6a-442d-aa95-1f252ab9363a","Acraea andromacha","https://biodiversity.org.au/afd/taxa/86294130-ca0d-4e27-81da-5a82a7cd4c87",-22.695931,117.763661,2025-08-12 10:41:44,"PRESENT","iNaturalist Australia"
"1672","7a57a686-2053-45bc-a1c4-a25ab50b9a04","Acraea andromacha","https://biodiversity.org.au/afd/taxa/86294130-ca0d-4e27-81da-5a82a7cd4c87",-27.90375,152.868972,2024-11-05 12:47:00,"PRESENT","iNaturalist Australia"
"1673","7a693321-4b00-44d6-b365-abe29769c6d2","Acraea terpsicore","https://biodiversity.org.au/afd/taxa/ba632bea-a7b4-4b60-bf89-d63128cad841",-16.338945,126.245108,2024-07-09 14:38:08,"PRESENT","iNaturalist Australia"
"1674","7a80ae43-2bbf-4abd-b6bb-541c60b5da8f","Acraea andromacha","https://biodiversity.org.au/afd/taxa/86294130-ca0d-4e27-81da-5a82a7cd4c87",-33.780206,150.657143,2023-12-07 09:16:03,"PRESENT","iNaturalist Australia"
"1675","7a8a0c83-c544-4e07-9b2b-b2441b71ec71","Acraea andromacha","https://biodiversity.org.au/afd/taxa/86294130-ca0d-4e27-81da-5a82a7cd4c87",-27.40086,153.03036,2023-03-24 01:05:00,"PRESENT","Butterflies Australia"
"1676","7a8be8fc-d908-4763-a373-0a59a8aea52a","Acraea andromacha","https://biodiversity.org.au/afd/taxa/86294130-ca0d-4e27-81da-5a82a7cd4c87",-27.579442,151.934747,2026-01-22 11:23:14,"PRESENT","iNaturalist Australia"
"1677","7a975eba-3b4b-46d2-a3a9-7457bb627849","Acraea terpsicore","https://biodiversity.org.au/afd/taxa/ba632bea-a7b4-4b60-bf89-d63128cad841",-24.257189,151.736742,2022-04-30 09:10:44,"PRESENT","iNaturalist Australia"
"1678","7ab3c6bd-9e19-4366-aec4-7abda3340cad","Acraea terpsicore","https://biodiversity.org.au/afd/taxa/ba632bea-a7b4-4b60-bf89-d63128cad841",-16.224566,128.750436,2023-07-13 08:32:05,"PRESENT","iNaturalist Australia"
"1679","7ab5ffa0-e9f6-4977-b1fa-11a8ed2c0742","Acraea andromacha","https://biodiversity.org.au/afd/taxa/86294130-ca0d-4e27-81da-5a82a7cd4c87",-27.642658,153.002521,2025-08-01 10:47:00,"PRESENT","iNaturalist Australia"
"1680","7ac0c354-15de-4471-8c42-83c1f85b9c9d","Acraea andromacha","https://biodiversity.org.au/afd/taxa/86294130-ca0d-4e27-81da-5a82a7cd4c87",-35.453687,149.108527,2024-12-10 02:08:00,"PRESENT","NatureMapr"
"1681","7add39f8-ac6e-4500-abe1-d6985b0af559","Acraea andromacha","https://biodiversity.org.au/afd/taxa/86294130-ca0d-4e27-81da-5a82a7cd4c87",-27.533389,152.861139,2023-09-02 10:07:00,"PRESENT","iNaturalist Australia"
"1682","7ae807a7-8d95-4472-adf0-5cb85cb4e756","Acraea andromacha","https://biodiversity.org.au/afd/taxa/86294130-ca0d-4e27-81da-5a82a7cd4c87",-27.380653,152.907513,2026-01-30 15:44:00,"PRESENT","iNaturalist Australia"
"1683","7b0a4e23-a4b8-49d6-97b1-26aa012f6b88","Acraea andromacha","https://biodiversity.org.au/afd/taxa/86294130-ca0d-4e27-81da-5a82a7cd4c87",-18.226723,144.672479,2024-08-23 14:42:00,"PRESENT","iNaturalist Australia"
"1684","7b0cd609-8ff6-4ebd-8166-0a86a9b8f811","Acraea andromacha","https://biodiversity.org.au/afd/taxa/86294130-ca0d-4e27-81da-5a82a7cd4c87",-27.545011,152.857488,2021-02-04 10:44:28,"PRESENT","Brisbane’s Big Butterfly Count"
"1685","7b0d1c52-62b8-4d2d-a9b6-96914fd7b701","Adenia heterophylla","https://id.biodiversity.org.au/taxon/apni/51442112",-17.516558,146.010242,2025-06-25 08:41:00,"PRESENT","iNaturalist Australia"
"1686","7b0ffee3-ba6e-4954-b49b-2fc2eb00f985","Acraea andromacha","https://biodiversity.org.au/afd/taxa/86294130-ca0d-4e27-81da-5a82a7cd4c87",-27.11696,152.75309,2022-03-05 22:47:00,"PRESENT","Butterflies Australia"
"1687","7b3f65e2-ea89-417e-938d-d0b1063c99ea","Acraea andromacha","https://biodiversity.org.au/afd/taxa/86294130-ca0d-4e27-81da-5a82a7cd4c87",-26.378372,153.117936,2024-09-15 11:33:35,"PRESENT","iNaturalist Australia"
"1688","7b793bad-5f9f-4d89-9f23-f10795e4fd06","Acraea andromacha","https://biodiversity.org.au/afd/taxa/86294130-ca0d-4e27-81da-5a82a7cd4c87",-27.269801,152.855667,2024-03-28 14:29:00,"PRESENT","iNaturalist Australia"
"1689","7b9678ba-6d79-4a16-98f8-802544ea1742","Acraea terpsicore","https://biodiversity.org.au/afd/taxa/ba632bea-a7b4-4b60-bf89-d63128cad841",-19.202258,146.750024,2022-09-07 13:50:06,"PRESENT","iNaturalist Australia"
"1690","7ba00333-674c-41ee-a18b-6c5207b477a0","Acraea andromacha","https://biodiversity.org.au/afd/taxa/86294130-ca0d-4e27-81da-5a82a7cd4c87",-29.830975,151.1324,2022-04-02 11:19:00,"PRESENT","iNaturalist Australia"
"1691","7bd903ed-b5c4-4ae9-b7c0-e0c86785544c","Acraea andromacha","https://biodiversity.org.au/afd/taxa/86294130-ca0d-4e27-81da-5a82a7cd4c87",-23.787487,151.343942,2024-07-12 12:49:00,"PRESENT","iNaturalist Australia"
"1692","7bdacc14-4d34-46b8-a1a5-e9af43ce5935","Acraea andromacha","https://biodiversity.org.au/afd/taxa/86294130-ca0d-4e27-81da-5a82a7cd4c87",-27.234012,152.421896,2025-02-17 10:33:00,"PRESENT","iNaturalist Australia"
"1693","7bea945c-520a-43c4-8130-520adeb357bd","Afrohybanthus enneaspermus","https://id.biodiversity.org.au/taxon/apni/51448720",-16.8615,135.15489,2022-03-30,"PRESENT","Flora Atlas N.T."
"1694","7bed6e6d-f36c-4cbf-9fc0-63b08b0297cc","Acraea andromacha","https://biodiversity.org.au/afd/taxa/86294130-ca0d-4e27-81da-5a82a7cd4c87",-17.354544,145.587783,2025-06-04 11:49:00,"PRESENT","iNaturalist Australia"
"1695","7beeadc7-fd60-4d60-b6cf-ca008df792bc","Acraea terpsicore","https://biodiversity.org.au/afd/taxa/ba632bea-a7b4-4b60-bf89-d63128cad841",-12.391829,130.917065,2025-01-24 15:07:00,"PRESENT","iNaturalist Australia"
"1696","7c06ae90-93bb-486c-8fd5-15c52f07ff08","Acraea terpsicore","https://biodiversity.org.au/afd/taxa/ba632bea-a7b4-4b60-bf89-d63128cad841",-30.356361,153.10645,2024-11-22 11:08:09,"PRESENT","iNaturalist Australia"
"1697","7c5f00e2-aeb7-4a38-8068-f0252c6757ff","Acraea andromacha","https://biodiversity.org.au/afd/taxa/86294130-ca0d-4e27-81da-5a82a7cd4c87",-27.509594,153.089058,2024-04-07 13:36:00,"PRESENT","iNaturalist Australia"
"1698","7c7ddb62-ec10-4f57-a2dc-8179682f0d1c","Acraea andromacha","https://biodiversity.org.au/afd/taxa/86294130-ca0d-4e27-81da-5a82a7cd4c87",-31.100836,150.937547,2023-03-23 17:14:00,"PRESENT","iNaturalist Australia"
"1699","7c7e7209-59e9-42de-a1a4-3f58ad6a9807","Acraea andromacha","https://biodiversity.org.au/afd/taxa/86294130-ca0d-4e27-81da-5a82a7cd4c87",-31.594687,152.842838,2025-05-12 09:04:12,"PRESENT","iNaturalist Australia"
"1700","7c900913-a284-4804-b42f-ce5bca40dca1","Acraea andromacha","https://biodiversity.org.au/afd/taxa/86294130-ca0d-4e27-81da-5a82a7cd4c87",-30.156878,153.203343,2025-11-17 00:24:00,"PRESENT","iNaturalist Australia"
"1701","7c9238c2-4258-4007-98a3-90623d5e6b43","Acraea andromacha","https://biodiversity.org.au/afd/taxa/86294130-ca0d-4e27-81da-5a82a7cd4c87",-27.462028,152.875944,2023-09-23 11:04:00,"PRESENT","iNaturalist Australia"
"1702","7c95f0d8-4a6c-4bac-8d36-e7dd37c6ce9f","Acraea andromacha","https://biodiversity.org.au/afd/taxa/86294130-ca0d-4e27-81da-5a82a7cd4c87",-28.594934,153.56965,2026-01-09 11:50:00,"PRESENT","iNaturalist Australia"
"1703","7c9b904e-d5d7-4de5-a389-a1390f7aa8a5","Acraea andromacha","https://biodiversity.org.au/afd/taxa/86294130-ca0d-4e27-81da-5a82a7cd4c87",-27.595078,153.189683,2024-02-22 10:52:41,"PRESENT","iNaturalist Australia"
"1704","7ca5548d-c7bd-4a69-a974-c3c75bf4d840","Acraea andromacha","https://biodiversity.org.au/afd/taxa/86294130-ca0d-4e27-81da-5a82a7cd4c87",-27.907763,153.341355,2024-02-12 13:56:47,"PRESENT","iNaturalist Australia"
"1705","7ca7a1af-18aa-41f1-be17-6048309e3e32","Acraea terpsicore","https://biodiversity.org.au/afd/taxa/ba632bea-a7b4-4b60-bf89-d63128cad841",-16.79997,145.35919,2021-07-26 01:08:00,"PRESENT","Butterflies Australia"
"1706","7ca7ba31-db37-4e8c-9dd1-3437b0ad8421","Afrohybanthus enneaspermus","https://id.biodiversity.org.au/taxon/apni/51448720",-14.21466,133.0715,2025-04-06,"PRESENT","Northern Territory Herbarium (DNA) AVH data"
"1707","7cc2e905-f9a2-4395-bce9-d8a95b0d8e9b","Acraea andromacha","https://biodiversity.org.au/afd/taxa/86294130-ca0d-4e27-81da-5a82a7cd4c87",-27.716067,152.878073,2024-10-08 08:28:00,"PRESENT","iNaturalist Australia"
"1708","7cc96664-b3ab-47fc-afe8-32c743bbcd39","Acraea andromacha","https://biodiversity.org.au/afd/taxa/86294130-ca0d-4e27-81da-5a82a7cd4c87",-27.940797,153.428178,2024-03-10 14:10:00,"PRESENT","iNaturalist Australia"
"1709","7ce84c26-f04c-42a2-a79c-6481fa771b67","Acraea terpsicore","https://biodiversity.org.au/afd/taxa/ba632bea-a7b4-4b60-bf89-d63128cad841",-23.41751,146.41666,2021-08-26 11:23:00,"PRESENT","iNaturalist Australia"
"1710","7cf10673-8371-4c48-b552-a86299337246","Acraea andromacha","https://biodiversity.org.au/afd/taxa/86294130-ca0d-4e27-81da-5a82a7cd4c87",-28.892806,152.006667,2024-03-15 14:51:00,"PRESENT","iNaturalist Australia"
"1711","7cf4cea5-ab91-4a68-9c37-9be99e202db7","Acraea andromacha","https://biodiversity.org.au/afd/taxa/86294130-ca0d-4e27-81da-5a82a7cd4c87",-27.342926,153.074817,2024-05-19 14:49:54,"PRESENT","iNaturalist Australia"
"1712","7d04d4ac-66b2-42fe-9422-56088939df36","Acraea andromacha","https://biodiversity.org.au/afd/taxa/86294130-ca0d-4e27-81da-5a82a7cd4c87",-27.66333,152.885966,2023-04-01 22:03:00,"PRESENT","NatureMapr"
"1713","7d0b4212-560f-4b41-8394-4c6fb28255b4","Acraea andromacha","https://biodiversity.org.au/afd/taxa/86294130-ca0d-4e27-81da-5a82a7cd4c87",-35.261287,149.150812,2024-03-09 14:28:22,"PRESENT","iNaturalist Australia"
"1714","7d0e883d-0dcd-4fe5-a2ec-828d2b1e3374","Acraea terpsicore","https://biodiversity.org.au/afd/taxa/ba632bea-a7b4-4b60-bf89-d63128cad841",-17.485328,140.840342,2025-08-17 09:56:00,"PRESENT","iNaturalist Australia"
"1715","7d1a130b-134a-4a2b-bccf-8d18066d6473","Acraea terpsicore","https://biodiversity.org.au/afd/taxa/ba632bea-a7b4-4b60-bf89-d63128cad841",-18.0199,144.0347,2021-03-22 10:45:00,"PRESENT","Butterflies Australia"
"1716","7d23dc26-d37a-45e4-aa68-f184bd490f1a","Afrohybanthus enneaspermus","https://id.biodiversity.org.au/taxon/apni/51448720",-16.55349,134.96718,2022-03-11,"PRESENT","Flora Atlas N.T."
"1717","7d345b8a-ef6f-4ef7-8ef5-c4552adf480f","Acraea andromacha","https://biodiversity.org.au/afd/taxa/86294130-ca0d-4e27-81da-5a82a7cd4c87",-27.461722,152.880056,2023-09-23 10:07:00,"PRESENT","iNaturalist Australia"
"1718","7d419bed-2b41-4aa8-96d8-9a0838ce8cf1","Acraea andromacha","https://biodiversity.org.au/afd/taxa/86294130-ca0d-4e27-81da-5a82a7cd4c87",-27.51622,152.862075,2023-03-05 08:58:00,"PRESENT","iNaturalist Australia"
"1719","7d50553f-56a4-4b91-b813-85781cb81a0d","Acraea terpsicore","https://biodiversity.org.au/afd/taxa/ba632bea-a7b4-4b60-bf89-d63128cad841",-14.155221,126.238676,2025-07-04 09:12:27,"PRESENT","iNaturalist Australia"
"1720","7d59ec36-2668-478c-b504-dd67aa71193d","Acraea terpsicore","https://biodiversity.org.au/afd/taxa/ba632bea-a7b4-4b60-bf89-d63128cad841",-12.435138,130.741028,2025-01-01 03:30:00,"PRESENT","iNaturalist Australia"
"1721","7d6e3e59-4dd0-4705-9a09-49f958fd7bc9","Acraea andromacha","https://biodiversity.org.au/afd/taxa/86294130-ca0d-4e27-81da-5a82a7cd4c87",-21.285055,118.401896,2024-09-02 10:39:00,"PRESENT","iNaturalist Australia"
"1722","7d71bf5d-d1ed-4e90-8581-df5485da01af","Acraea andromacha","https://biodiversity.org.au/afd/taxa/86294130-ca0d-4e27-81da-5a82a7cd4c87",-20.346598,144.465967,2024-06-26 11:50:00,"PRESENT","iNaturalist Australia"
"1723","7d7f7a26-66a9-45d4-b7f5-a79a351a899f","Acraea andromacha","https://biodiversity.org.au/afd/taxa/86294130-ca0d-4e27-81da-5a82a7cd4c87",-27.54329,153.07284,2022-12-03 00:50:00,"PRESENT","Butterflies Australia"
"1724","7da03275-80ae-41c7-bc38-5be830568bd6","Afrohybanthus enneaspermus","https://id.biodiversity.org.au/taxon/apni/51448720",-15.86741,128.72412,2021-01-19,"PRESENT","Western Australian Herbarium (PERTH) AVH data"
"1725","7da51b8d-11aa-456b-ba60-dd95d22391ac","Acraea terpsicore","https://biodiversity.org.au/afd/taxa/ba632bea-a7b4-4b60-bf89-d63128cad841",-27.472086,152.958672,2022-02-13 13:00:00,"PRESENT","iNaturalist Australia"
"1726","7dbd5454-6caa-4289-807e-eabc15c0e65a","Acraea terpsicore","https://biodiversity.org.au/afd/taxa/ba632bea-a7b4-4b60-bf89-d63128cad841",-19.24039,146.782572,2023-05-10 08:00:00,"PRESENT","iNaturalist Australia"
"1727","7dc27be1-b6ad-4086-8c12-4d7c8cfc66a0","Acraea andromacha","https://biodiversity.org.au/afd/taxa/86294130-ca0d-4e27-81da-5a82a7cd4c87",-28.648834,153.630199,2023-04-01 12:06:00,"PRESENT","iNaturalist Australia"
"1728","7dc784f2-35c5-4acc-8978-deeddf8b4815","Acraea andromacha","https://biodiversity.org.au/afd/taxa/86294130-ca0d-4e27-81da-5a82a7cd4c87",-24.80524,152.45092,2021-04-16 09:37:00,"PRESENT","Butterflies Australia"
"1729","7dddad54-4912-4601-971d-de1b01ca9d0a","Acraea andromacha","https://biodiversity.org.au/afd/taxa/86294130-ca0d-4e27-81da-5a82a7cd4c87",-20.44906,139.41113,2023-09-01 23:34:00,"PRESENT","Butterflies Australia"
"1730","7de042d4-9097-41d5-b270-18efb29f34dc","Acraea andromacha","https://biodiversity.org.au/afd/taxa/86294130-ca0d-4e27-81da-5a82a7cd4c87",-33.149495,151.519336,2022-10-31 11:21:34,"PRESENT","iNaturalist Australia"
"1731","7dfa7f5d-4bb5-4ad8-ab43-0717710a4e71","Acraea terpsicore","https://biodiversity.org.au/afd/taxa/ba632bea-a7b4-4b60-bf89-d63128cad841",-14.182983,132.038188,2025-04-26 10:31:00,"PRESENT","iNaturalist Australia"
"1732","7dfe8ea2-e3e8-4b69-84f7-7087e6d0d101","Acraea andromacha","https://biodiversity.org.au/afd/taxa/86294130-ca0d-4e27-81da-5a82a7cd4c87",-25.337483,153.201295,2021-08-13 12:19:51,"PRESENT","iNaturalist Australia"
"1733","7dffd610-6b8a-46c4-bc2e-9029d987f03a","Acraea andromacha","https://biodiversity.org.au/afd/taxa/86294130-ca0d-4e27-81da-5a82a7cd4c87",-27.43651,153.545086,2024-11-05 15:41:00,"PRESENT","iNaturalist Australia"
"1734","7e06a1b3-63c7-4cad-917c-48a6c96488d4","Acraea andromacha","https://biodiversity.org.au/afd/taxa/86294130-ca0d-4e27-81da-5a82a7cd4c87",-26.453795,153.056183,2025-03-21 12:04:57,"PRESENT","iNaturalist Australia"
"1735","7e60d7c2-46ec-4fbd-a05c-8833ce40f66e","Acraea terpsicore","https://biodiversity.org.au/afd/taxa/ba632bea-a7b4-4b60-bf89-d63128cad841",-12.339818,130.888663,2023-05-31 11:49:00,"PRESENT","iNaturalist Australia"
"1736","7e64adbd-099b-4d02-aa28-e6b7bb2835a7","Acraea andromacha","https://biodiversity.org.au/afd/taxa/86294130-ca0d-4e27-81da-5a82a7cd4c87",-17.955748,122.218392,2022-07-23 13:30:54,"PRESENT","iNaturalist Australia"
"1737","7e65e3bb-5a83-44ed-8e88-024cd4eacfa7","Acraea andromacha","https://biodiversity.org.au/afd/taxa/86294130-ca0d-4e27-81da-5a82a7cd4c87",-17.15757,144.52297,2022-08-31 04:41:00,"PRESENT","Butterflies Australia"
"1738","7e6b95cc-bc9e-49a7-a6c2-1fa684e932d6","Acraea terpsicore","https://biodiversity.org.au/afd/taxa/ba632bea-a7b4-4b60-bf89-d63128cad841",-12.407303,130.912619,2024-12-25 11:15:00,"PRESENT","iNaturalist Australia"
"1739","7e884abc-a5f8-427f-966d-5b3851f4a598","Acraea andromacha","https://biodiversity.org.au/afd/taxa/86294130-ca0d-4e27-81da-5a82a7cd4c87",-14.487194,132.255765,2023-09-11 07:43:44,"PRESENT","iNaturalist Australia"
"1740","7ea2a96f-a659-4d26-93a5-0de534b0f812","Acraea andromacha","https://biodiversity.org.au/afd/taxa/86294130-ca0d-4e27-81da-5a82a7cd4c87",-25.722616,152.662842,2021-05-24 11:22:04,"PRESENT","iNaturalist Australia"
"1741","7ea4a889-7632-43c6-bff0-a036a1860453","Acraea andromacha","https://biodiversity.org.au/afd/taxa/86294130-ca0d-4e27-81da-5a82a7cd4c87",-17.91649,145.35196,2023-06-11 16:30:00,"PRESENT","Butterflies Australia"
"1742","7eacd449-ba98-4961-8429-a190891591b5","Acraea andromacha","https://biodiversity.org.au/afd/taxa/86294130-ca0d-4e27-81da-5a82a7cd4c87",-27.442883,152.922925,2021-04-30 09:51:00,"PRESENT","iNaturalist Australia"
"1743","7eb90708-6563-4e7a-aaa0-27d8dbfd2c54","Acraea terpsicore","https://biodiversity.org.au/afd/taxa/ba632bea-a7b4-4b60-bf89-d63128cad841",-14.315547,132.420989,2025-06-17 14:19:00,"PRESENT","iNaturalist Australia"
"1744","7edca7ea-169f-41ed-84a2-704ea18d51b1","Acraea terpsicore","https://biodiversity.org.au/afd/taxa/ba632bea-a7b4-4b60-bf89-d63128cad841",-21.3,149.1,2022-02-19 00:55:00,"PRESENT","Earth Guardians Weekly Feed"
"1745","7eedd0c1-37aa-4cf3-b6ca-82f968bdc4e1","Acraea terpsicore","https://biodiversity.org.au/afd/taxa/ba632bea-a7b4-4b60-bf89-d63128cad841",-18.17095,139.93493,2023-09-14 01:30:00,"PRESENT","Butterflies Australia"
"1746","7ef0e2f1-31a2-4137-87a3-f816583e5cab","Acraea andromacha","https://biodiversity.org.au/afd/taxa/86294130-ca0d-4e27-81da-5a82a7cd4c87",-27.734912,152.705994,2024-08-04 11:11:36,"PRESENT","iNaturalist Australia"
"1747","7f01fecf-e3cf-4f10-affd-e157cfdcbdef","Acraea andromacha","https://biodiversity.org.au/afd/taxa/86294130-ca0d-4e27-81da-5a82a7cd4c87",-27.368387,152.916298,2025-09-23 14:26:00,"PRESENT","iNaturalist Australia"
"1748","7f15fd80-5e99-437a-b951-537789a1370d","Acraea andromacha","https://biodiversity.org.au/afd/taxa/86294130-ca0d-4e27-81da-5a82a7cd4c87",-30.350992,153.100192,2024-11-22 11:04:34,"PRESENT","iNaturalist Australia"
"1749","7f19c0a0-c65e-4f0d-b153-03e25d0e4f9b","Acraea terpsicore","https://biodiversity.org.au/afd/taxa/ba632bea-a7b4-4b60-bf89-d63128cad841",-18.054242,144.061861,2025-04-19 23:16:42,"PRESENT","iNaturalist Australia"
"1750","7f288cc2-23f2-49f3-b857-e801990afad8","Acraea andromacha","https://biodiversity.org.au/afd/taxa/86294130-ca0d-4e27-81da-5a82a7cd4c87",-27.913709,153.203175,2023-09-09 14:04:37,"PRESENT","iNaturalist Australia"
"1751","7f312a03-f045-4ce1-b284-cf2f567eb81a","Acraea andromacha","https://biodiversity.org.au/afd/taxa/86294130-ca0d-4e27-81da-5a82a7cd4c87",-24.357677,150.961575,2025-05-14 15:11:00,"PRESENT","iNaturalist Australia"
"1752","7f6973e5-f3da-4a48-93bb-595cbd9a00cc","Acraea andromacha","https://biodiversity.org.au/afd/taxa/86294130-ca0d-4e27-81da-5a82a7cd4c87",-27.523743,152.85259,2021-01-03 17:39:00,"PRESENT","Brisbane’s Big Butterfly Count"
"1753","7f7f3dfa-5e0a-4a6f-ad52-761785104ecd","Acraea andromacha","https://biodiversity.org.au/afd/taxa/86294130-ca0d-4e27-81da-5a82a7cd4c87",-24.881687,151.851827,2025-07-24 12:37:00,"PRESENT","iNaturalist Australia"
"1754","7f8592c2-3fac-4060-ba45-d9b25895701c","Acraea terpsicore","https://biodiversity.org.au/afd/taxa/ba632bea-a7b4-4b60-bf89-d63128cad841",-23.545952,145.3095,2021-06-15 12:47:00,"PRESENT","iNaturalist Australia"
"1755","7f8737db-5158-488e-a7af-bab0db568ebc","Acraea andromacha","https://biodiversity.org.au/afd/taxa/86294130-ca0d-4e27-81da-5a82a7cd4c87",-27.482579,153.174537,2022-03-06 10:10:45,"PRESENT","iNaturalist Australia"
"1756","7f9b9eeb-8a66-41bf-8395-ae7a25c7dc38","Acraea terpsicore","https://biodiversity.org.au/afd/taxa/ba632bea-a7b4-4b60-bf89-d63128cad841",-25.521828,152.68428,2024-04-13 12:25:33,"PRESENT","iNaturalist Australia"
"1757","7fb3f375-9567-4466-8d87-2b8c351bb463","Acraea andromacha","https://biodiversity.org.au/afd/taxa/86294130-ca0d-4e27-81da-5a82a7cd4c87",-27.5795,151.932267,2024-04-13 14:11:58,"PRESENT","iNaturalist Australia"
"1758","7fdc5b64-16d0-4f29-8c76-c75eafd13e4e","Acraea andromacha","https://biodiversity.org.au/afd/taxa/86294130-ca0d-4e27-81da-5a82a7cd4c87",-30.352698,153.089551,2025-02-20 15:21:22,"PRESENT","iNaturalist Australia"
"1759","7fe58954-4d4d-4838-b9bc-d8d45e528496","Afrohybanthus enneaspermus","https://id.biodiversity.org.au/taxon/apni/51448720",-16.33835,133.84457,2022-02-20,"PRESENT","Flora Atlas N.T."
"1760","7feed952-b0b0-43d5-a6cd-a099c2918b8a","Acraea terpsicore","https://biodiversity.org.au/afd/taxa/ba632bea-a7b4-4b60-bf89-d63128cad841",-19.254912,146.823085,2024-11-23 14:07:00,"PRESENT","iNaturalist Australia"
"1761","7fef9431-241c-47f8-a5f0-c94f6258ff9f","Acraea andromacha","https://biodiversity.org.au/afd/taxa/86294130-ca0d-4e27-81da-5a82a7cd4c87",-27.736263,152.770937,2023-07-26 12:42:02,"PRESENT","iNaturalist Australia"
"1762","8012535b-930a-4504-9d3d-59a0810eeb42","Acraea andromacha","https://biodiversity.org.au/afd/taxa/86294130-ca0d-4e27-81da-5a82a7cd4c87",-23.838493,151.2517,2025-08-15 04:52:00,"PRESENT","iNaturalist Australia"
"1763","801d42ee-f144-4596-b44b-de13a375bea9","Afrohybanthus enneaspermus","https://id.biodiversity.org.au/taxon/apni/51448720",-23.249667,150.816083,2023-12-17 07:30:02,"PRESENT","iNaturalist Australia"
"1764","8036b101-3d03-4110-9070-23a873c1ea69","Acraea andromacha","https://biodiversity.org.au/afd/taxa/86294130-ca0d-4e27-81da-5a82a7cd4c87",-27.507552,153.124395,2025-04-06 16:17:09,"PRESENT","iNaturalist Australia"
"1765","80598bba-6c69-4c5a-9140-34a8e909d39e","Acraea andromacha","https://biodiversity.org.au/afd/taxa/86294130-ca0d-4e27-81da-5a82a7cd4c87",-19.0544,146.10092,2023-10-17 00:45:00,"PRESENT","Butterflies Australia"
"1766","80605bfd-3fc7-4497-ac19-2254d5b21ca1","Afrohybanthus enneaspermus","https://id.biodiversity.org.au/taxon/apni/51448720",-14.16683,136.668755,2022-05-05,"PRESENT","Flora Atlas N.T."
"1767","80783796-8d01-4620-a2e1-22569c070013","Acraea andromacha","https://biodiversity.org.au/afd/taxa/86294130-ca0d-4e27-81da-5a82a7cd4c87",-27.466292,152.957142,2023-04-28 09:37:00,"PRESENT","iNaturalist Australia"
"1768","807e3fc7-d690-447e-bb52-3ef149a53969","Acraea terpsicore","https://biodiversity.org.au/afd/taxa/ba632bea-a7b4-4b60-bf89-d63128cad841",-12.346385,130.920983,2025-01-18 06:10:15,"PRESENT","iNaturalist Australia"
"1769","807ed0bb-28d2-41f1-bc3e-a6ce133001b5","Acraea terpsicore","https://biodiversity.org.au/afd/taxa/ba632bea-a7b4-4b60-bf89-d63128cad841",-17.6253,145.5208,2021-04-09 11:00:00,"PRESENT","Butterflies Australia"
"1770","8097b66f-c98d-4166-9d5b-3fdfc4949d36","Acraea terpsicore","https://biodiversity.org.au/afd/taxa/ba632bea-a7b4-4b60-bf89-d63128cad841",-16.522142,145.101925,2025-05-31 12:13:00,"PRESENT","iNaturalist Australia"
"1771","80b7d57e-fd1e-4132-b48b-ae63b482606b","Acraea terpsicore","https://biodiversity.org.au/afd/taxa/ba632bea-a7b4-4b60-bf89-d63128cad841",-15.617765,131.130192,2024-08-29 10:06:00,"PRESENT","iNaturalist Australia"
"1772","80b9fcb4-d24a-4e12-b822-271bef9295ab","Acraea andromacha","https://biodiversity.org.au/afd/taxa/86294130-ca0d-4e27-81da-5a82a7cd4c87",-23.919928,148.215775,2022-07-12 11:26:48,"PRESENT","iNaturalist Australia"
"1773","80c6c003-a2ff-4cd6-bbed-b979cb116947","Acraea andromacha","https://biodiversity.org.au/afd/taxa/86294130-ca0d-4e27-81da-5a82a7cd4c87",-27.435163,153.544985,2025-06-04 15:37:00,"PRESENT","iNaturalist Australia"
"1774","80d6382a-9e9f-4db5-8f95-a20086b91883","Acraea andromacha","https://biodiversity.org.au/afd/taxa/86294130-ca0d-4e27-81da-5a82a7cd4c87",-34.433726,150.474918,2024-04-05 21:41:00,"PRESENT","NatureMapr"
"1775","8104abc1-edcd-4849-8147-b88b96b718bb","Acraea terpsicore","https://biodiversity.org.au/afd/taxa/ba632bea-a7b4-4b60-bf89-d63128cad841",-18.289869,143.549623,2025-08-28 17:59:00,"PRESENT","iNaturalist Australia"
"1776","81061505-8444-4c86-8cca-8b31e15878c7","Acraea andromacha","https://biodiversity.org.au/afd/taxa/86294130-ca0d-4e27-81da-5a82a7cd4c87",-27.551844,152.974438,2024-02-22 11:19:00,"PRESENT","iNaturalist Australia"
"1777","810c81cf-7c6e-4b06-8ce2-51b665b1f46e","Acraea andromacha","https://biodiversity.org.au/afd/taxa/86294130-ca0d-4e27-81da-5a82a7cd4c87",-27.759795,152.821831,2025-01-31 10:12:00,"PRESENT","iNaturalist Australia"
"1778","81221e9b-d79a-4668-a297-fb615eeb57b3","Acraea andromacha","https://biodiversity.org.au/afd/taxa/86294130-ca0d-4e27-81da-5a82a7cd4c87",-25.515088,152.697911,2022-03-30 10:50:00,"PRESENT","iNaturalist Australia"
"1779","81274f5e-0c2e-4a41-acb4-59194c0c4846","Acraea andromacha","https://biodiversity.org.au/afd/taxa/86294130-ca0d-4e27-81da-5a82a7cd4c87",-28.277602,152.04212,2025-02-21 13:58:00,"PRESENT","iNaturalist Australia"
"1780","81282e99-43c7-4a16-bad9-f357b63547b8","Acraea andromacha","https://biodiversity.org.au/afd/taxa/86294130-ca0d-4e27-81da-5a82a7cd4c87",-27.878985,151.269337,2025-02-11 18:44:22,"PRESENT","iNaturalist Australia"
"1781","8128cf66-7fb8-4bb2-b166-8d02a7d2e7be","Acraea andromacha","https://biodiversity.org.au/afd/taxa/86294130-ca0d-4e27-81da-5a82a7cd4c87",-27.48909,152.753355,2026-01-31 12:39:00,"PRESENT","iNaturalist Australia"
"1782","8130c847-f8c4-4ffd-882c-c21841b4cfe3","Acraea andromacha","https://biodiversity.org.au/afd/taxa/86294130-ca0d-4e27-81da-5a82a7cd4c87",-27.342187,153.095915,2024-01-29 10:32:00,"PRESENT","iNaturalist Australia"
"1783","8136050e-bced-4e20-b9c2-8f847cbf32ae","Acraea terpsicore","https://biodiversity.org.au/afd/taxa/ba632bea-a7b4-4b60-bf89-d63128cad841",-18.91147,146.3072,2022-12-19 21:45:00,"PRESENT","Butterflies Australia"
"1784","81440f2b-20cb-42e8-9bb6-bd2e474615d9","Adenia heterophylla","https://id.biodiversity.org.au/taxon/apni/51442112",-16.904306,145.704238,2025-07-17 14:23:47,"PRESENT","iNaturalist Australia"
"1785","818e1c66-b0eb-4f61-81e4-f19883c8458e","Acraea terpsicore","https://biodiversity.org.au/afd/taxa/ba632bea-a7b4-4b60-bf89-d63128cad841",-20.081194,146.243958,2025-04-22 07:56:46,"PRESENT","iNaturalist Australia"
"1786","81ad81c8-49d2-48a0-967e-1cc79c2bd6fc","Acraea terpsicore","https://biodiversity.org.au/afd/taxa/ba632bea-a7b4-4b60-bf89-d63128cad841",-17.3809,145.3755,2023-04-07 00:30:00,"PRESENT","Butterflies Australia"
"1787","81b118a0-823c-4f8e-8925-80771f4e521a","Afrohybanthus enneaspermus","https://id.biodiversity.org.au/taxon/apni/51448720",-23.492895,150.476107,2021-12-04 06:04:37,"PRESENT","iNaturalist Australia"
"1788","81b1dd78-a4d5-4c9d-acdd-283304d62f60","Acraea andromacha","https://biodiversity.org.au/afd/taxa/86294130-ca0d-4e27-81da-5a82a7cd4c87",-27.52385,152.890865,2021-02-06 15:32:29,"PRESENT","Brisbane’s Big Butterfly Count"
"1789","81c76224-ef9b-4daf-bf7f-d44e80387440","Acraea terpsicore","https://biodiversity.org.au/afd/taxa/ba632bea-a7b4-4b60-bf89-d63128cad841",-18.147742,144.3167,2025-08-28 11:32:00,"PRESENT","iNaturalist Australia"
"1790","81cdf0f5-4928-4039-932b-b7791b352fc9","Acraea andromacha","https://biodiversity.org.au/afd/taxa/86294130-ca0d-4e27-81da-5a82a7cd4c87",-19.244417,146.776348,2022-05-26 17:03:04,"PRESENT","iNaturalist Australia"
"1791","81da0099-1601-4780-a139-91cce2076750","Afrohybanthus enneaspermus","https://id.biodiversity.org.au/taxon/apni/51448720",-23.494479,150.477081,2025-02-09 06:55:07,"PRESENT","iNaturalist Australia"
"1792","81f325cb-d8fa-4995-a69f-04e95bce7cf1","Afrohybanthus enneaspermus","https://id.biodiversity.org.au/taxon/apni/51448720",-21.631708,148.684738,2025-04-15 13:14:24,"PRESENT","iNaturalist Australia"
"1793","81feb3fc-f345-4201-bf09-9a57a529f081","Acraea terpsicore","https://biodiversity.org.au/afd/taxa/ba632bea-a7b4-4b60-bf89-d63128cad841",-29.117785,153.444773,2023-03-20 13:07:00,"PRESENT","iNaturalist Australia"
"1794","820d9603-6160-40b7-8496-d68bea1685a4","Acraea terpsicore","https://biodiversity.org.au/afd/taxa/ba632bea-a7b4-4b60-bf89-d63128cad841",-15.764988,127.715363,2025-05-23 08:29:47,"PRESENT","iNaturalist Australia"
"1795","821cf61e-1603-42e2-b99a-f88ee0ec81ba","Acraea andromacha","https://biodiversity.org.au/afd/taxa/86294130-ca0d-4e27-81da-5a82a7cd4c87",-24.871394,152.483219,2024-06-13 08:52:00,"PRESENT","iNaturalist Australia"
"1796","822c1183-1c8c-4fd0-96ef-ea5e7cc3a0d5","Acraea andromacha","https://biodiversity.org.au/afd/taxa/86294130-ca0d-4e27-81da-5a82a7cd4c87",-27.509131,152.993052,2021-02-09 14:00:00,"PRESENT","Brisbane’s Big Butterfly Count"
"1797","822cbdb0-896a-4da7-8786-4119d615a486","Acraea andromacha","https://biodiversity.org.au/afd/taxa/86294130-ca0d-4e27-81da-5a82a7cd4c87",-27.279867,152.851028,2025-09-12 09:00:10,"PRESENT","iNaturalist Australia"
"1798","822fced5-5b78-48b9-a1cc-ff3cd0240a4e","Acraea andromacha","https://biodiversity.org.au/afd/taxa/86294130-ca0d-4e27-81da-5a82a7cd4c87",-25.790358,152.696838,2024-02-05 16:22:00,"PRESENT","iNaturalist Australia"
"1799","82437934-def7-49a3-9c09-a54df64947f1","Acraea andromacha","https://biodiversity.org.au/afd/taxa/86294130-ca0d-4e27-81da-5a82a7cd4c87",-27.544032,152.857309,2025-05-13 14:16:13,"PRESENT","iNaturalist Australia"
"1800","8273bd46-c531-4f36-955d-d4cf6e60589f","Acraea andromacha","https://biodiversity.org.au/afd/taxa/86294130-ca0d-4e27-81da-5a82a7cd4c87",-30.878092,153.074522,2023-04-29 10:49:34,"PRESENT","iNaturalist Australia"
"1801","828593fd-2478-4abc-96f0-1ab90bcd33a0","Acraea terpsicore","https://biodiversity.org.au/afd/taxa/ba632bea-a7b4-4b60-bf89-d63128cad841",-21.3,149.1,2022-04-17 14:30:00,"PRESENT","Earth Guardians Weekly Feed"
"1802","8285c659-fd00-43b2-89e8-d5ef6b0117d5","Afrohybanthus enneaspermus","https://id.biodiversity.org.au/taxon/apni/51448720",-23.493164,150.476103,2025-02-09 06:40:36,"PRESENT","iNaturalist Australia"
"1803","829795ec-948d-4c5d-aa67-bec8efa8986a","Acraea andromacha","https://biodiversity.org.au/afd/taxa/86294130-ca0d-4e27-81da-5a82a7cd4c87",-24.355378,150.91917,2024-02-28 13:53:00,"PRESENT","iNaturalist Australia"
"1804","82aa6caa-a9d6-4927-ba4b-cc0bbfb35c15","Acraea andromacha","https://biodiversity.org.au/afd/taxa/86294130-ca0d-4e27-81da-5a82a7cd4c87",-25.337508,153.201325,2021-07-28 11:40:36,"PRESENT","iNaturalist Australia"
"1805","82b65c17-5322-4d98-8795-63573e3e84ac","Acraea terpsicore","https://biodiversity.org.au/afd/taxa/ba632bea-a7b4-4b60-bf89-d63128cad841",-27.235447,152.424834,2025-02-08 15:47:00,"PRESENT","iNaturalist Australia"
"1806","82c2d7f7-54db-4121-96a6-66b317f6f746","Acraea terpsicore","https://biodiversity.org.au/afd/taxa/ba632bea-a7b4-4b60-bf89-d63128cad841",-25.33972,152.751141,2022-02-18 08:48:00,"PRESENT","iNaturalist Australia"
"1807","82e2594c-3e29-4ce0-b559-4a2674c13cfd","Acraea andromacha","https://biodiversity.org.au/afd/taxa/86294130-ca0d-4e27-81da-5a82a7cd4c87",-26.321848,152.674622,2024-02-11 10:31:59,"PRESENT","iNaturalist Australia"
"1808","83100300-6bcd-4a96-947e-54c92a26a2ff","Acraea andromacha","https://biodiversity.org.au/afd/taxa/86294130-ca0d-4e27-81da-5a82a7cd4c87",-27.497258,152.738606,2024-06-09 09:11:02,"PRESENT","iNaturalist Australia"
"1809","831bb7f3-ad27-4377-ada1-0844afb5fcb1","Acraea andromacha","https://biodiversity.org.au/afd/taxa/86294130-ca0d-4e27-81da-5a82a7cd4c87",-27.596016,151.987738,2021-05-06 15:12:00,"PRESENT","iNaturalist Australia"
"1810","83237365-d96f-49d6-87b3-d7a45be1ccc2","Acraea andromacha","https://biodiversity.org.au/afd/taxa/86294130-ca0d-4e27-81da-5a82a7cd4c87",-27.5545,151.94318,2023-02-03 04:20:00,"PRESENT","Butterflies Australia"
"1811","83356513-fb8e-4f01-a20b-2305595f5dac","Acraea terpsicore","https://biodiversity.org.au/afd/taxa/ba632bea-a7b4-4b60-bf89-d63128cad841",-17.639411,123.741346,2025-08-03 11:55:30,"PRESENT","iNaturalist Australia"
"1812","83579e55-18aa-47d8-bb99-edc067d91caf","Acraea andromacha","https://biodiversity.org.au/afd/taxa/86294130-ca0d-4e27-81da-5a82a7cd4c87",-24.152444,151.88613,2025-09-12 09:43:00,"PRESENT","iNaturalist Australia"
"1813","835988dd-6770-4720-9050-d3e0ecca4768","Adenia heterophylla","https://id.biodiversity.org.au/node/apni/2909919",-15.963547,145.35746,2024-06-29 15:53:00,"PRESENT","iNaturalist Australia"
"1814","83a25507-75d5-4292-b5a7-4808caf688f2","Afrohybanthus enneaspermus","https://id.biodiversity.org.au/taxon/apni/51448720",-23.493264,150.480063,2025-03-15 06:43:06,"PRESENT","iNaturalist Australia"
"1815","83b2754e-7a50-46b4-b6d0-78e00fb8fbb3","Acraea andromacha","https://biodiversity.org.au/afd/taxa/86294130-ca0d-4e27-81da-5a82a7cd4c87",-27.618472,153.155838,2025-11-08 11:16:00,"PRESENT","iNaturalist Australia"
"1816","83c4cd5d-b6d4-4c65-b243-4b4bb45c2cf7","Acraea andromacha","https://biodiversity.org.au/afd/taxa/86294130-ca0d-4e27-81da-5a82a7cd4c87",-25.059701,148.234614,2026-01-07 07:54:00,"PRESENT","iNaturalist Australia"
"1817","83ca45e2-20f7-410f-8380-c31a7839b045","Acraea andromacha","https://biodiversity.org.au/afd/taxa/86294130-ca0d-4e27-81da-5a82a7cd4c87",-27.714066,152.902852,2024-12-24 11:22:00,"PRESENT","iNaturalist Australia"
"1818","83d7eb15-b733-420c-a48a-035f4e431b36","Acraea andromacha","https://biodiversity.org.au/afd/taxa/afb7279d-cb44-4c89-be73-cf1e0a48cf46",-27.59832,151.98706,2022-09-22,"PRESENT","WildNet - Queensland Wildlife Data"
"1819","84041c38-9391-45c1-a1d4-986a6a0b25a8","Acraea andromacha","https://biodiversity.org.au/afd/taxa/86294130-ca0d-4e27-81da-5a82a7cd4c87",-27.472101,152.851685,2025-03-03 09:16:30,"PRESENT","iNaturalist Australia"
"1820","840f9bab-5d8b-49ed-b08b-8907d0c4051c","Acraea andromacha","https://biodiversity.org.au/afd/taxa/86294130-ca0d-4e27-81da-5a82a7cd4c87",-27.568605,152.7267,2024-05-11,"PRESENT","iNaturalist Australia"
"1821","8437af55-4c68-46ab-a3de-e707314b496e","Acraea terpsicore","https://biodiversity.org.au/afd/taxa/ba632bea-a7b4-4b60-bf89-d63128cad841",-25.789027,152.696488,2025-03-05 14:47:00,"PRESENT","iNaturalist Australia"
"1822","846a33ec-054d-4bee-abf8-adc3b5a19f82","Acraea andromacha","https://biodiversity.org.au/afd/taxa/86294130-ca0d-4e27-81da-5a82a7cd4c87",-28.497679,151.96574,2026-01-01 13:04:46,"PRESENT","iNaturalist Australia"
"1823","84918e80-52a9-473b-9e00-bf96ceeea495","Acraea andromacha","https://biodiversity.org.au/afd/taxa/86294130-ca0d-4e27-81da-5a82a7cd4c87",-28.672923,153.323537,2024-03-31 12:02:00,"PRESENT","iNaturalist Australia"
"1824","84acf565-ff2a-4a1b-b816-fb512cc834e8","Acraea andromacha","https://biodiversity.org.au/afd/taxa/86294130-ca0d-4e27-81da-5a82a7cd4c87",-24.2125,151.903333,2024-06-10 10:05:00,"PRESENT","iNaturalist Australia"
"1825","84b2252e-f30e-4c9b-916b-198e29e2f395","Acraea terpsicore","https://biodiversity.org.au/afd/taxa/ba632bea-a7b4-4b60-bf89-d63128cad841",-13.847353,136.416503,2022-06-18 13:32:24,"PRESENT","iNaturalist Australia"
"1826","84ba6fa3-d8d0-4dc5-bcd2-ac82a26b401a","Acraea andromacha","https://biodiversity.org.au/afd/taxa/86294130-ca0d-4e27-81da-5a82a7cd4c87",-27.62729,152.79883,2022-05-23 21:44:00,"PRESENT","Butterflies Australia"
"1827","84c0ec78-2abb-4804-82f4-cb861cfe71f8","Acraea andromacha","https://biodiversity.org.au/afd/taxa/86294130-ca0d-4e27-81da-5a82a7cd4c87",-27.53605,153.038277,2023-04-03 12:56:03,"PRESENT","iNaturalist Australia"
"1828","84d97974-8b3c-49f4-b3d3-b35e6af3a175","Acraea terpsicore","https://biodiversity.org.au/afd/taxa/ba632bea-a7b4-4b60-bf89-d63128cad841",-14.44537,132.260436,2023-04-08 10:18:00,"PRESENT","iNaturalist Australia"
"1829","84de7ccc-a79f-4166-82b4-c08fea76834f","Afrohybanthus enneaspermus","https://id.biodiversity.org.au/taxon/apni/51448720",-16.614444,135.128611,2022-04-01,"PRESENT","Flora Atlas N.T."
"1830","8510777d-580f-4172-8cc2-7df77787c730","Acraea andromacha","https://biodiversity.org.au/afd/taxa/86294130-ca0d-4e27-81da-5a82a7cd4c87",-18.510883,144.098296,2025-08-28 15:15:00,"PRESENT","iNaturalist Australia"
"1831","854aca74-6e72-41a4-adfe-caa7bf2ec632","Afrohybanthus enneaspermus","https://id.biodiversity.org.au/taxon/apni/51448720",-10.911688,142.245763,2022-03-16 09:25:00,"PRESENT","iNaturalist Australia"
"1832","854df2e3-de80-457b-afff-4c019c027caa","Afrohybanthus enneaspermus","https://id.biodiversity.org.au/taxon/apni/51448720",-17.9625,141.8572,2022-03-27 10:55:00,"PRESENT","iNaturalist Australia"
"1833","8562c5d5-2a47-493c-aeed-110f7f643873","Acraea andromacha","https://biodiversity.org.au/afd/taxa/86294130-ca0d-4e27-81da-5a82a7cd4c87",-17.3781,145.38465,2023-05-07 16:15:00,"PRESENT","Butterflies Australia"
"1834","85659dc6-0d3b-42ab-9bca-3b314b30bae7","Acraea terpsicore","https://biodiversity.org.au/afd/taxa/ba632bea-a7b4-4b60-bf89-d63128cad841",-18.015,138.85699,2023-09-11 01:03:00,"PRESENT","Butterflies Australia"
"1835","856c9c93-1a6c-4b65-881f-181b0eaa4f15","Acraea andromacha","https://biodiversity.org.au/afd/taxa/86294130-ca0d-4e27-81da-5a82a7cd4c87",-30.33784,150.17526,2023-02-21 23:20:00,"PRESENT","Butterflies Australia"
"1836","8574d21d-ee18-4523-b129-f6e26e602ea6","Afrohybanthus enneaspermus","https://id.biodiversity.org.au/taxon/apni/51448720",-15.86044,132.26758,2022-04-03,"PRESENT","Flora Atlas N.T."
"1837","8591075b-de9e-423f-a760-9defdff0fe26","Acraea andromacha","https://biodiversity.org.au/afd/taxa/86294130-ca0d-4e27-81da-5a82a7cd4c87",-28.277847,152.04236,2025-02-21 13:59:00,"PRESENT","iNaturalist Australia"
"1838","85a18a52-a492-4366-8feb-89dc50533d65","Acraea andromacha","https://biodiversity.org.au/afd/taxa/86294130-ca0d-4e27-81da-5a82a7cd4c87",-27.550578,153.048125,2022-02-11 08:51:43,"PRESENT","iNaturalist Australia"
"1839","85e3b6f4-0187-4354-a109-7b6f4da6a1f2","Acraea andromacha","https://biodiversity.org.au/afd/taxa/86294130-ca0d-4e27-81da-5a82a7cd4c87",-27.823761,153.086464,2025-08-10 13:50:31,"PRESENT","iNaturalist Australia"
"1840","85ff0f07-2096-4409-bcd3-41754a90bd1d","Acraea terpsicore","https://biodiversity.org.au/afd/taxa/ba632bea-a7b4-4b60-bf89-d63128cad841",-19.322795,146.76628,2023-03-24 17:12:54,"PRESENT","iNaturalist Australia"
"1841","86018803-6f93-4a06-b209-95768638036e","Acraea andromacha","https://biodiversity.org.au/afd/taxa/86294130-ca0d-4e27-81da-5a82a7cd4c87",-27.53918,153.149172,2025-04-21 12:19:37,"PRESENT","iNaturalist Australia"
"1842","860aa247-da88-402e-8913-3ebe71cdd791","Acraea andromacha","https://biodiversity.org.au/afd/taxa/86294130-ca0d-4e27-81da-5a82a7cd4c87",-28,153.02319,2024-04-10 11:14:00,"PRESENT","iNaturalist Australia"
"1843","86124e99-20a5-47b2-aa1a-e0a2b5fcba17","Acraea andromacha","https://biodiversity.org.au/afd/taxa/86294130-ca0d-4e27-81da-5a82a7cd4c87",-24.255493,131.570478,2023-10-03 10:58:00,"PRESENT","iNaturalist Australia"
"1844","86140851-bec3-4eff-94e7-7f26675897fc","Afrohybanthus enneaspermus","https://id.biodiversity.org.au/taxon/apni/51448720",-19.908333,144.253056,2025-01-08,"PRESENT","BRI AVH Data and Images"
"1845","861a3b9d-5c9a-4e96-9607-211ff8e4e968","Acraea andromacha","https://biodiversity.org.au/afd/taxa/86294130-ca0d-4e27-81da-5a82a7cd4c87",-20.592282,139.544548,2025-07-26 13:25:00,"PRESENT","iNaturalist Australia"
"1846","861efdb8-51ea-4c45-8f82-09d107038f3d","Acraea andromacha","https://biodiversity.org.au/afd/taxa/86294130-ca0d-4e27-81da-5a82a7cd4c87",-33.994718,150.822687,2025-03-13 15:16:00,"PRESENT","iNaturalist Australia"
"1847","8644ba09-8cea-477f-9fa4-56b820211421","Acraea terpsicore","https://biodiversity.org.au/afd/taxa/ba632bea-a7b4-4b60-bf89-d63128cad841",-20,148.3,2025-08-10 09:02:00,"PRESENT","Earth Guardians Weekly Feed"
"1848","8654581e-29ad-4909-81e1-df5aa7e0823c","Acraea andromacha","https://biodiversity.org.au/afd/taxa/86294130-ca0d-4e27-81da-5a82a7cd4c87",-27.533147,153.142333,2023-07-10 10:55:16,"PRESENT","iNaturalist Australia"
"1849","8674d01a-b6d8-4325-85ec-b452c55b2cbc","Acraea andromacha","https://biodiversity.org.au/afd/taxa/86294130-ca0d-4e27-81da-5a82a7cd4c87",-21.531325,146.859569,2025-04-11 15:00:06,"PRESENT","iNaturalist Australia"
"1850","867bc078-2529-4189-9b6a-a40b9b00179c","Afrohybanthus enneaspermus","https://id.biodiversity.org.au/taxon/apni/51448720",-15.85515,132.20898,2022-04-03,"PRESENT","Flora Atlas N.T."
"1851","86886c6e-97d8-43f9-aa36-43c5df50323c","Acraea andromacha","https://biodiversity.org.au/afd/taxa/86294130-ca0d-4e27-81da-5a82a7cd4c87",-27.652609,152.999618,2021-11-16 10:46:03,"PRESENT","Brisbane’s Big Butterfly Count"
"1852","8691fba6-8318-474c-b084-5538569e68fa","Acraea andromacha","https://biodiversity.org.au/afd/taxa/86294130-ca0d-4e27-81da-5a82a7cd4c87",-30.401313,152.347431,2025-03-14 13:52:14,"PRESENT","iNaturalist Australia"
"1853","8694c990-834a-4d8e-ade1-0b7200a801c3","Acraea andromacha","https://biodiversity.org.au/afd/taxa/86294130-ca0d-4e27-81da-5a82a7cd4c87",-27.771984,152.879663,2025-05-29 13:12:56,"PRESENT","iNaturalist Australia"
"1854","86caea16-15b8-4cc4-809f-015703b55bab","Afrohybanthus enneaspermus","https://id.biodiversity.org.au/taxon/apni/51448720",-13.726667,136.650556,2021-06-18,"PRESENT","Australian Tropical Herbarium (CNS) AVH data"
"1855","86cb2abe-7ace-4c78-90fd-63e4246d6f3a","Acraea andromacha","https://biodiversity.org.au/afd/taxa/86294130-ca0d-4e27-81da-5a82a7cd4c87",-30.467,152.852142,2022-03-14 14:19:59,"PRESENT","iNaturalist Australia"
"1856","86f7bc5a-d147-4f5e-a7fc-64e931f5fa7f","Acraea terpsicore","https://biodiversity.org.au/afd/taxa/ba632bea-a7b4-4b60-bf89-d63128cad841",-19.203088,146.752351,2025-04-15 10:23:00,"PRESENT","iNaturalist Australia"
"1857","873761be-2e18-443a-bb00-f36fb5ba523e","Acraea andromacha","https://biodiversity.org.au/afd/taxa/86294130-ca0d-4e27-81da-5a82a7cd4c87",-27.445414,152.921811,2021-11-19 13:41:00,"PRESENT","iNaturalist Australia"
"1858","8739e656-0348-4a17-acda-3474ce5127f0","Acraea andromacha","https://biodiversity.org.au/afd/taxa/86294130-ca0d-4e27-81da-5a82a7cd4c87",-27.502055,152.946983,2024-04-01 12:02:00,"PRESENT","iNaturalist Australia"
"1859","873f888b-f8a7-4772-9687-a9202a31971c","Acraea andromacha","https://biodiversity.org.au/afd/taxa/86294130-ca0d-4e27-81da-5a82a7cd4c87",-30.110778,153.21057,2024-11-29 10:20:00,"PRESENT","iNaturalist Australia"
"1860","875569c6-6487-4d9e-bb81-9b7ba718c031","Acraea terpsicore","https://biodiversity.org.au/afd/taxa/ba632bea-a7b4-4b60-bf89-d63128cad841",-27.485029,152.952764,2021-12-30 09:47:00,"PRESENT","iNaturalist Australia"
"1861","8759ee0b-5d3d-43a0-ab29-899c2a11e245","Acraea terpsicore","https://biodiversity.org.au/afd/taxa/ba632bea-a7b4-4b60-bf89-d63128cad841",-19.189458,146.773378,2024-10-29 09:30:29,"PRESENT","iNaturalist Australia"
"1862","876ed48b-a60e-485c-9484-0c249e5d335f","Acraea terpsicore","https://biodiversity.org.au/afd/taxa/ba632bea-a7b4-4b60-bf89-d63128cad841",-17.38,145.37,2021-03-11 02:00:00,"PRESENT","Butterflies Australia"
"1863","878d2337-e1b9-431b-82c9-5b2b5eabe5b4","Acraea andromacha","https://biodiversity.org.au/afd/taxa/86294130-ca0d-4e27-81da-5a82a7cd4c87",-27.50068,152.79413,2022-08-09 23:05:00,"PRESENT","Butterflies Australia"
"1864","8791e703-ff11-42fe-8176-77b7e0dee3b5","Acraea andromacha","https://biodiversity.org.au/afd/taxa/86294130-ca0d-4e27-81da-5a82a7cd4c87",-25.762176,152.95752,2022-10-06 07:28:00,"PRESENT","iNaturalist Australia"
"1865","8793f0ac-66a0-4067-9d88-ffec490508bd","Afrohybanthus enneaspermus","https://id.biodiversity.org.au/taxon/apni/51448720",-23.49075,150.480288,2022-03-25 06:34:01,"PRESENT","iNaturalist Australia"
"1866","87a48e87-1126-491b-90df-678400ae1d08","Afrohybanthus enneaspermus","https://id.biodiversity.org.au/taxon/apni/51448720",-19.025972,146.416353,2024-10-13 09:22:00,"PRESENT","iNaturalist Australia"
"1867","87ee0d37-a585-46f5-93f9-9f00308ff546","Afrohybanthus enneaspermus","https://id.biodiversity.org.au/taxon/apni/51448720",-23.490927,150.479213,2025-03-15 06:31:01,"PRESENT","iNaturalist Australia"
"1868","87ef665a-c3cd-40ec-9c7d-80c3ebfde1ac","Acraea andromacha","https://biodiversity.org.au/afd/taxa/86294130-ca0d-4e27-81da-5a82a7cd4c87",-27.54049,152.926982,2023-08-16 16:50:54,"PRESENT","iNaturalist Australia"
"1869","87ef77a5-0488-46eb-bc3f-de8c8b86a885","Acraea terpsicore","https://biodiversity.org.au/afd/taxa/ba632bea-a7b4-4b60-bf89-d63128cad841",-17.378293,145.379378,2023-02-27 14:13:00,"PRESENT","iNaturalist Australia"
"1870","87fa3c26-9203-432b-80e7-ec5ee4ef2060","Acraea andromacha","https://biodiversity.org.au/afd/taxa/86294130-ca0d-4e27-81da-5a82a7cd4c87",-26.234862,152.639825,2024-10-25 08:36:00,"PRESENT","iNaturalist Australia"
"1871","88084c91-a8ce-4c4e-b97c-5bcf438c7559","Acraea terpsicore","https://biodiversity.org.au/afd/taxa/ba632bea-a7b4-4b60-bf89-d63128cad841",-27.482931,152.961122,2022-01-03 10:42:00,"PRESENT","iNaturalist Australia"
"1872","884e8d3e-7610-4077-9182-34a5e98186ce","Acraea terpsicore","https://biodiversity.org.au/afd/taxa/ba632bea-a7b4-4b60-bf89-d63128cad841",-19.94839,147.92311,2021-05-19,"PRESENT","WildNet - Queensland Wildlife Data"
"1873","884f524b-461b-481f-b850-c4c4694c4c7c","Acraea andromacha","https://biodiversity.org.au/afd/taxa/86294130-ca0d-4e27-81da-5a82a7cd4c87",-24.7391,148.8169,2022-10-11 22:00:00,"PRESENT","Butterflies Australia"
"1874","8850ec4c-c5f9-4e2e-981b-a0b39de72e72","Afrohybanthus enneaspermus","https://id.biodiversity.org.au/taxon/apni/51448720",-17.0671,134.41826,2021-05-12,"PRESENT","Flora Atlas N.T."
"1875","8855801d-5619-4496-918e-7e8c044067d1","Acraea andromacha","https://biodiversity.org.au/afd/taxa/86294130-ca0d-4e27-81da-5a82a7cd4c87",-20.719871,139.595104,2025-08-22 10:45:00,"PRESENT","iNaturalist Australia"
"1876","8882e74d-56ab-4368-b96d-977913a51a47","Acraea andromacha","https://biodiversity.org.au/afd/taxa/86294130-ca0d-4e27-81da-5a82a7cd4c87",-30.109859,153.211267,2023-05-19 13:26:00,"PRESENT","iNaturalist Australia"
"1877","88c59fed-67cb-48f2-bf35-ad7b38d85c12","Afrohybanthus enneaspermus","https://id.biodiversity.org.au/taxon/apni/51448720",-16.34808,133.8436,2022-02-20,"PRESENT","Flora Atlas N.T."
"1878","88fd0b74-257d-401e-91a6-75227bcafa4d","Acraea terpsicore","https://biodiversity.org.au/afd/taxa/ba632bea-a7b4-4b60-bf89-d63128cad841",-16.147687,135.631438,2021-05-30 10:49:00,"PRESENT","iNaturalist Australia"
"1879","892f0b33-d758-4c3f-99ce-c76a689ea321","Acraea andromacha","https://biodiversity.org.au/afd/taxa/86294130-ca0d-4e27-81da-5a82a7cd4c87",-26.486491,152.868442,2025-02-24 14:41:56,"PRESENT","iNaturalist Australia"
"1880","8942f746-3dde-4541-95b0-09304b8eee28","Acraea andromacha","https://biodiversity.org.au/afd/taxa/86294130-ca0d-4e27-81da-5a82a7cd4c87",-26.379347,153.113139,2025-06-03 14:24:00,"PRESENT","iNaturalist Australia"
"1881","8953bb2b-03b7-472a-8ec4-f2e7f0e7e5af","Acraea andromacha","https://biodiversity.org.au/afd/taxa/86294130-ca0d-4e27-81da-5a82a7cd4c87",-25.316644,152.694388,2024-04-14 15:31:00,"PRESENT","iNaturalist Australia"
"1882","895f8952-8921-44b8-b322-e08cf21fce5c","Acraea terpsicore","https://biodiversity.org.au/afd/taxa/ba632bea-a7b4-4b60-bf89-d63128cad841",-27.3807,152.909572,2022-02-08 11:04:00,"PRESENT","iNaturalist Australia"
"1883","896d48a9-47b2-42b4-b9bd-8db25f29ad68","Acraea andromacha","https://biodiversity.org.au/afd/taxa/86294130-ca0d-4e27-81da-5a82a7cd4c87",-25.741667,152.755247,2025-09-16 08:47:00,"PRESENT","iNaturalist Australia"
"1884","8986a3c9-d894-4338-92fa-6a54b886b8eb","Acraea andromacha","https://biodiversity.org.au/afd/taxa/86294130-ca0d-4e27-81da-5a82a7cd4c87",-34.797965,150.008423,2024-01-29 00:56:00,"PRESENT","NatureMapr"
"1885","89a7a0bc-4171-4dac-b7b4-8f2f7a423bc2","Acraea andromacha","https://biodiversity.org.au/afd/taxa/86294130-ca0d-4e27-81da-5a82a7cd4c87",-24.254302,131.508587,2022-12-31 20:00:00,"PRESENT","iNaturalist Australia"
"1886","89b2f5cf-93ae-42de-aaa3-4356bd54db23","Acraea terpsicore","https://biodiversity.org.au/afd/taxa/ba632bea-a7b4-4b60-bf89-d63128cad841",-19.251163,146.787522,2025-05-18 12:17:26,"PRESENT","iNaturalist Australia"
"1887","89d76b65-f2cd-4164-92d5-7975ffdef49a","Acraea andromacha","https://biodiversity.org.au/afd/taxa/86294130-ca0d-4e27-81da-5a82a7cd4c87",-28.918001,151.584709,2022-04-21 14:50:00,"PRESENT","iNaturalist Australia"
"1888","89fa79d7-c606-481a-804e-6a0086910c7d","Acraea terpsicore","https://biodiversity.org.au/afd/taxa/ba632bea-a7b4-4b60-bf89-d63128cad841",-30.356304,153.106737,2022-03-18 13:48:19,"PRESENT","iNaturalist Australia"
"1889","8a2cea7a-eb47-43b7-a214-cff9802a5855","Acraea andromacha","https://biodiversity.org.au/afd/taxa/86294130-ca0d-4e27-81da-5a82a7cd4c87",-27.237889,152.425172,2024-08-18 13:07:00,"PRESENT","iNaturalist Australia"
"1890","8a4908e9-3ba6-49a5-b239-072dbf9b132d","Acraea andromacha","https://biodiversity.org.au/afd/taxa/86294130-ca0d-4e27-81da-5a82a7cd4c87",-27.614358,152.788861,2022-03-04 08:58:31,"PRESENT","iNaturalist Australia"
"1891","8a657011-fd78-45ba-ab50-dcb0f2cbbdc4","Acraea terpsicore","https://biodiversity.org.au/afd/taxa/ba632bea-a7b4-4b60-bf89-d63128cad841",-17.67736,141.07029,2023-08-18 01:11:00,"PRESENT","Butterflies Australia"
"1892","8a9a0274-8bb0-4b9d-9c58-279cb770d381","Acraea andromacha","https://biodiversity.org.au/afd/taxa/86294130-ca0d-4e27-81da-5a82a7cd4c87",-25.071652,148.271803,2021-04-12 17:41:00,"PRESENT","iNaturalist Australia"
"1893","8ab71f6f-2f5f-43bc-a146-71bbe6c75a0d","Acraea andromacha","https://biodiversity.org.au/afd/taxa/86294130-ca0d-4e27-81da-5a82a7cd4c87",-27.576398,152.87471,2024-02-06 12:00:00,"PRESENT","iNaturalist Australia"
"1894","8abad965-224a-46f2-a2ec-3920ad9b45ae","Acraea andromacha","https://biodiversity.org.au/afd/taxa/86294130-ca0d-4e27-81da-5a82a7cd4c87",-27.483536,153.115936,2024-03-07 09:49:00,"PRESENT","iNaturalist Australia"
"1895","8aceb617-6385-4615-9a73-f27644e91e6e","Acraea terpsicore","https://biodiversity.org.au/afd/taxa/ba632bea-a7b4-4b60-bf89-d63128cad841",-14.149073,126.239059,2025-09-07 14:17:00,"PRESENT","iNaturalist Australia"
"1896","8ad902d5-929c-4b6b-95eb-4ebfa029d96b","Afrohybanthus enneaspermus","https://id.biodiversity.org.au/taxon/apni/51448720",-25.375722,151.147611,2024-12-27,"PRESENT","BRI AVH Data and Images"
"1897","8b07b375-12ef-4bca-b809-7ce9248837e1","Afrohybanthus enneaspermus","https://id.biodiversity.org.au/taxon/apni/51448720",-13.82849,136.348057,2022-05-22,"PRESENT","Flora Atlas N.T."
"1898","8b0cddd9-0428-46a5-9882-41ca2b8f3aa8","Acraea andromacha","https://biodiversity.org.au/afd/taxa/afb7279d-cb44-4c89-be73-cf1e0a48cf46",-27.56392,151.99738,2022-10-28,"PRESENT","WildNet - Queensland Wildlife Data"
"1899","8b14dbd7-8f81-4931-bd25-2e36d8e48887","Acraea andromacha","https://biodiversity.org.au/afd/taxa/86294130-ca0d-4e27-81da-5a82a7cd4c87",-34.057142,150.757895,2025-04-14 11:15:00,"PRESENT","iNaturalist Australia"
"1900","8b2dcef8-1065-423d-8053-0d3392fc98dd","Acraea terpsicore","https://biodiversity.org.au/afd/taxa/ba632bea-a7b4-4b60-bf89-d63128cad841",-18.946981,146.016342,2021-03-15 15:05:00,"PRESENT","iNaturalist Australia"
"1901","8b526175-c937-456b-a522-1dfc4d587518","Acraea andromacha","https://biodiversity.org.au/afd/taxa/86294130-ca0d-4e27-81da-5a82a7cd4c87",-31.730305,152.358107,2026-01-14 19:41:32,"PRESENT","iNaturalist Australia"
"1902","8b52a303-1e7d-4709-a9dd-484848d89c0b","Acraea andromacha","https://biodiversity.org.au/afd/taxa/86294130-ca0d-4e27-81da-5a82a7cd4c87",-28.258425,153.401658,2023-03-12 08:38:00,"PRESENT","iNaturalist Australia"
"1903","8b620659-6993-47d1-be6f-39fba9f16b21","Acraea terpsicore","https://biodiversity.org.au/afd/taxa/ba632bea-a7b4-4b60-bf89-d63128cad841",-20.071375,146.268922,2023-03-31 15:51:59,"PRESENT","iNaturalist Australia"
"1904","8b73a2e4-a52c-4836-895d-0457a31ed398","Acraea andromacha","https://biodiversity.org.au/afd/taxa/86294130-ca0d-4e27-81da-5a82a7cd4c87",-27.491351,153.121379,2023-04-10 16:08:00,"PRESENT","iNaturalist Australia"
"1905","8b7c8345-c3eb-445c-a7d9-c91365ff59db","Acraea andromacha","https://biodiversity.org.au/afd/taxa/86294130-ca0d-4e27-81da-5a82a7cd4c87",-26.584931,151.806986,2021-03-13 08:45:00,"PRESENT","Butterflies Australia"
"1906","8b7df72e-192a-4e50-a312-7b6aa063bd4e","Acraea terpsicore","https://biodiversity.org.au/afd/taxa/ba632bea-a7b4-4b60-bf89-d63128cad841",-27.381719,153.005528,2024-12-07 13:39:00,"PRESENT","iNaturalist Australia"
"1907","8b81d9f4-391c-4d7c-8002-5a615b008a40","Acraea andromacha","https://biodiversity.org.au/afd/taxa/86294130-ca0d-4e27-81da-5a82a7cd4c87",-27.71342,152.90208,2024-12-24 11:09:00,"PRESENT","iNaturalist Australia"
"1908","8b84787d-03be-40b1-884c-e6cabd56e11f","Acraea terpsicore","https://biodiversity.org.au/afd/taxa/ba632bea-a7b4-4b60-bf89-d63128cad841",-12.601985,141.894715,2023-01-21 09:18:00,"PRESENT","iNaturalist Australia"
"1909","8b85fc78-6e02-4250-b953-d349242d89c6","Acraea andromacha","https://biodiversity.org.au/afd/taxa/86294130-ca0d-4e27-81da-5a82a7cd4c87",-27.658961,152.834352,2024-05-18 12:04:00,"PRESENT","iNaturalist Australia"
"1910","8b9bc940-472b-4dd7-9325-98c7e9736dac","Acraea andromacha","https://biodiversity.org.au/afd/taxa/86294130-ca0d-4e27-81da-5a82a7cd4c87",-28.26002,153.401867,2021-03-27 12:39:00,"PRESENT","iNaturalist Australia"
"1911","8ba3751b-f696-4cbc-b4f5-819505ee85e3","Acraea andromacha","https://biodiversity.org.au/afd/taxa/86294130-ca0d-4e27-81da-5a82a7cd4c87",-27.262362,152.935177,2021-07-24 13:11:00,"PRESENT","iNaturalist Australia"
"1912","8bad62d3-3c26-4dd9-b844-f79eaa240cae","Acraea terpsicore","https://biodiversity.org.au/afd/taxa/ba632bea-a7b4-4b60-bf89-d63128cad841",-17.502572,140.825982,2021-06-01 11:30:00,"PRESENT","iNaturalist Australia"
"1913","8bc80a5d-0a0b-487f-ba65-0a22996239ae","Acraea andromacha","https://biodiversity.org.au/afd/taxa/86294130-ca0d-4e27-81da-5a82a7cd4c87",-29.050225,152.026481,2025-01-19 16:48:00,"PRESENT","iNaturalist Australia"
"1914","8bcf8944-0659-4b28-9433-8cc9e75225be","Acraea andromacha","https://biodiversity.org.au/afd/taxa/86294130-ca0d-4e27-81da-5a82a7cd4c87",-26.379429,153.101086,2023-08-07 13:22:31,"PRESENT","iNaturalist Australia"
"1915","8bee4124-5085-47d1-8cba-4da5195b5c78","Acraea andromacha","https://biodiversity.org.au/afd/taxa/86294130-ca0d-4e27-81da-5a82a7cd4c87",-27.54055,153.06534,2021-02-06 09:48:00,"PRESENT","Butterflies Australia"
"1916","8bf9b076-79b5-4104-b514-d9dd27cdaa68","Acraea andromacha","https://biodiversity.org.au/afd/taxa/afb7279d-cb44-4c89-be73-cf1e0a48cf46",-27.59547,151.98852,2021-11-23,"PRESENT","WildNet - Queensland Wildlife Data"
"1917","8c097312-2d7a-46b6-8bb9-0148ec7fb8af","Acraea andromacha","https://biodiversity.org.au/afd/taxa/86294130-ca0d-4e27-81da-5a82a7cd4c87",-30.213331,153.159655,2023-04-15 16:09:00,"PRESENT","iNaturalist Australia"
"1918","8c1b57c6-cc54-45e8-baf8-064736f20a97","Acraea terpsicore","https://biodiversity.org.au/afd/taxa/ba632bea-a7b4-4b60-bf89-d63128cad841",-17.455079,138.356223,2024-07-30 01:26:00,"PRESENT","iNaturalist Australia"
"1919","8c4ef770-7a20-435a-9337-7ad656b3b0b4","Acraea terpsicore","https://biodiversity.org.au/afd/taxa/ba632bea-a7b4-4b60-bf89-d63128cad841",-12.70994,131.090185,2023-04-29 15:34:00,"PRESENT","iNaturalist Australia"
"1920","8c4f30a0-2cbc-49ab-a113-1048994b12bf","Acraea andromacha","https://biodiversity.org.au/afd/taxa/86294130-ca0d-4e27-81da-5a82a7cd4c87",-27.507383,153.12297,2025-03-19 11:27:00,"PRESENT","iNaturalist Australia"
"1921","8c5d2ec4-cb03-4b43-898f-78b937bfa37d","Acraea andromacha","https://biodiversity.org.au/afd/taxa/86294130-ca0d-4e27-81da-5a82a7cd4c87",-27.440566,152.915831,2025-04-13 12:13:00,"PRESENT","iNaturalist Australia"
"1922","8c987d00-dfcf-4689-8aa9-e7d8a0c2c073","Acraea andromacha","https://biodiversity.org.au/afd/taxa/86294130-ca0d-4e27-81da-5a82a7cd4c87",-27.541953,152.801485,2025-12-24 05:37:20,"PRESENT","iNaturalist Australia"
"1923","8ca43937-a391-47c8-864c-4d03ca80cfed","Acraea andromacha","https://biodiversity.org.au/afd/taxa/86294130-ca0d-4e27-81da-5a82a7cd4c87",-27.618358,153.155014,2025-02-01 09:45:05,"PRESENT","iNaturalist Australia"
"1924","8ccb5145-3e63-43d2-a3b3-78121fe83276","Afrohybanthus enneaspermus","https://id.biodiversity.org.au/taxon/apni/51448720",-16.74624,135.0536,2022-02-18,"PRESENT","Flora Atlas N.T."
"1925","8cf32a69-24e2-4eed-95eb-b9fbd285d917","Acraea andromacha","https://biodiversity.org.au/afd/taxa/86294130-ca0d-4e27-81da-5a82a7cd4c87",-27.945407,153.42833,2022-09-26 07:28:14,"PRESENT","iNaturalist Australia"
"1926","8cf4fffe-2835-42be-a987-abd0f7a8250c","Acraea andromacha","https://biodiversity.org.au/afd/taxa/86294130-ca0d-4e27-81da-5a82a7cd4c87",-31.471576,152.935547,2022-04-17 04:23:00,"PRESENT","NatureMapr"
"1927","8d117e30-e926-4ddc-8a99-ab2549007b60","Acraea andromacha","https://biodiversity.org.au/afd/taxa/86294130-ca0d-4e27-81da-5a82a7cd4c87",-29.778824,151.349866,2021-02-23 16:17:00,"PRESENT","iNaturalist Australia"
"1928","8d691b08-9221-42dc-ad04-2228fd80cb14","Acraea andromacha","https://biodiversity.org.au/afd/taxa/86294130-ca0d-4e27-81da-5a82a7cd4c87",-27.177728,151.262297,2023-03-07 18:28:54,"PRESENT","iNaturalist Australia"
"1929","8d7af73a-7594-47f3-961c-fffaa85509f7","Acraea terpsicore","https://biodiversity.org.au/afd/taxa/ba632bea-a7b4-4b60-bf89-d63128cad841",-10.571913,142.227705,2024-07-24 10:12:01,"PRESENT","iNaturalist Australia"
"1930","8d820523-7525-4bc3-b625-0f23efe1eb15","Acraea terpsicore","https://biodiversity.org.au/afd/taxa/ba632bea-a7b4-4b60-bf89-d63128cad841",-21.156622,148.232488,2025-06-09 13:26:00,"PRESENT","iNaturalist Australia"
"1931","8db05f41-21e0-4371-8e0c-41ec27f6cf67","Afrohybanthus enneaspermus","https://id.biodiversity.org.au/taxon/apni/51448720",-15.33114,132.87833,2022-03-30,"PRESENT","Flora Atlas N.T."
"1932","8db5c03f-fc4c-4a84-bf73-64f2944a9eea","Acraea andromacha","https://biodiversity.org.au/afd/taxa/86294130-ca0d-4e27-81da-5a82a7cd4c87",-25.064342,148.24691,2024-09-27 13:25:00,"PRESENT","iNaturalist Australia"
"1933","8dc8526a-1d64-4b77-bc72-2445499d778a","Afrohybanthus enneaspermus","https://id.biodiversity.org.au/taxon/apni/51448720",-16.02261,132.51889,2022-04-04,"PRESENT","Flora Atlas N.T."
"1934","8ddc1bf0-c318-4ee4-bca9-e6bd9e5cb4e9","Acraea andromacha","https://biodiversity.org.au/afd/taxa/86294130-ca0d-4e27-81da-5a82a7cd4c87",-31.472984,152.872514,2022-02-25 13:46:01,"PRESENT","iNaturalist Australia"
"1935","8de32376-6b97-40cc-bb57-c1b71205d4f4","Afrohybanthus enneaspermus","https://id.biodiversity.org.au/taxon/apni/51448720",-19.068833,146.430688,2024-04-14 11:43:00,"PRESENT","iNaturalist Australia"
"1936","8dee33c6-bddd-4582-9d53-692011405994","Acraea andromacha","https://biodiversity.org.au/afd/taxa/86294130-ca0d-4e27-81da-5a82a7cd4c87",-27.641722,153.001847,2025-04-26 10:45:00,"PRESENT","iNaturalist Australia"
"1937","8dfa2da2-3467-4d1e-9f6b-ee8479862faf","Acraea andromacha","https://biodiversity.org.au/afd/taxa/86294130-ca0d-4e27-81da-5a82a7cd4c87",-27.325583,153.066456,2021-11-20 10:44:50,"PRESENT","iNaturalist Australia"
"1938","8dfccafe-1438-4b01-9bfb-f2e09e572ac0","Acraea andromacha","https://biodiversity.org.au/afd/taxa/86294130-ca0d-4e27-81da-5a82a7cd4c87",-27.427972,153.54017,2023-11-18 14:39:00,"PRESENT","iNaturalist Australia"
"1939","8dfea145-4d3d-4e3a-a142-bf2667506b5b","Afrohybanthus enneaspermus","https://id.biodiversity.org.au/taxon/apni/51448720",-19.280334,146.756349,2024-04-11 08:17:00,"PRESENT","iNaturalist Australia"
"1940","8e023f82-70d7-41da-9faf-b8216e3f4a1a","Acraea andromacha","https://biodiversity.org.au/afd/taxa/86294130-ca0d-4e27-81da-5a82a7cd4c87",-19.805119,146.077728,2021-04-11 20:32:00,"PRESENT","Earth Guardians Weekly Feed"
"1941","8e0f3544-9ec2-4c0c-bff6-0c207942601d","Acraea andromacha","https://biodiversity.org.au/afd/taxa/86294130-ca0d-4e27-81da-5a82a7cd4c87",-30.502291,153.030239,2024-05-14 14:06:00,"PRESENT","iNaturalist Australia"
"1942","8e115738-e4b2-4e58-adeb-a21b0c5d97d2","Acraea andromacha","https://biodiversity.org.au/afd/taxa/86294130-ca0d-4e27-81da-5a82a7cd4c87",-27.69652,153.041449,2023-12-21 09:26:00,"PRESENT","iNaturalist Australia"
"1943","8e190e38-cbf7-4f48-92fa-c9bd9ced8ba5","Afrohybanthus enneaspermus","https://id.biodiversity.org.au/taxon/apni/51448720",-17.37875,145.297143,2022-03-10 09:09:00,"PRESENT","iNaturalist Australia"
"1944","8e2336e5-bdc9-4050-93d2-51ba1ff8d6a2","Afrohybanthus enneaspermus","https://id.biodiversity.org.au/taxon/apni/51448720",-15.36211,132.8441,2022-03-30,"PRESENT","Flora Atlas N.T."
"1945","8e28fde3-5097-48c5-9785-4a89a5727783","Afrohybanthus enneaspermus","https://id.biodiversity.org.au/taxon/apni/51448720",-16.54956,134.85211,2022-03-10,"PRESENT","Flora Atlas N.T."
"1946","8e40581e-7fde-434f-814b-59139005c324","Acraea andromacha","https://biodiversity.org.au/afd/taxa/86294130-ca0d-4e27-81da-5a82a7cd4c87",-27.472165,152.958598,2023-02-01 10:18:00,"PRESENT","iNaturalist Australia"
"1947","8e4ca0a5-09dc-4f1a-b7db-d1c18d34a10e","Acraea andromacha","https://biodiversity.org.au/afd/taxa/86294130-ca0d-4e27-81da-5a82a7cd4c87",-27.364421,152.594004,2022-10-08 10:58:00,"PRESENT","iNaturalist Australia"
"1948","8e59e687-d73b-40b2-85f7-1f28b8c2d081","Acraea andromacha","https://biodiversity.org.au/afd/taxa/86294130-ca0d-4e27-81da-5a82a7cd4c87",-27.985534,152.620985,2021-04-12 13:59:00,"PRESENT","iNaturalist Australia"
"1949","8e5a967e-a26f-4d33-bc77-3dcb7c335aa6","Acraea andromacha","https://biodiversity.org.au/afd/taxa/86294130-ca0d-4e27-81da-5a82a7cd4c87",-31.197634,152.972246,2021-02-11 15:05:00,"PRESENT","iNaturalist Australia"
"1950","8e698d10-052d-4e0a-a3cf-c96aa4872fbe","Afrohybanthus enneaspermus","https://id.biodiversity.org.au/taxon/apni/51448720",-23.492918,150.47593,2025-02-21 07:14:49,"PRESENT","iNaturalist Australia"
"1951","8e786ccd-cc25-49f8-a887-165a88673dd5","Acraea andromacha","https://biodiversity.org.au/afd/taxa/86294130-ca0d-4e27-81da-5a82a7cd4c87",-27.402473,153.175268,2024-04-14 11:10:09,"PRESENT","iNaturalist Australia"
"1952","8e7aa962-8a2e-441c-aeee-d24188c516a5","Acraea andromacha","https://biodiversity.org.au/afd/taxa/86294130-ca0d-4e27-81da-5a82a7cd4c87",-27.36978,152.590408,2025-01-01 16:25:01,"PRESENT","iNaturalist Australia"
"1953","8e7bbe2d-b95d-416e-bee9-f3f20918b270","Acraea andromacha","https://biodiversity.org.au/afd/taxa/afb7279d-cb44-4c89-be73-cf1e0a48cf46",-27.61595,151.95611,2021-03-31,"PRESENT","WildNet - Queensland Wildlife Data"
"1954","8e8798cd-1c8e-4fce-88bb-12b6fe0c93e5","Acraea terpsicore","https://biodiversity.org.au/afd/taxa/ba632bea-a7b4-4b60-bf89-d63128cad841",-12.431503,132.9701,2021-06-20 12:10:00,"PRESENT","iNaturalist Australia"
"1955","8e8f620e-958d-45db-b14f-946ab5e22ffc","Acraea andromacha","https://biodiversity.org.au/afd/taxa/86294130-ca0d-4e27-81da-5a82a7cd4c87",-30.059147,153.204589,2024-06-12 12:05:12,"PRESENT","iNaturalist Australia"
"1956","8eaf2361-9db1-412c-9d98-4320642acc82","Acraea andromacha","https://biodiversity.org.au/afd/taxa/86294130-ca0d-4e27-81da-5a82a7cd4c87",-27.481395,153.169677,2022-12-06 07:06:43,"PRESENT","iNaturalist Australia"
"1957","8eb906d1-a41f-4057-92f2-84486d950078","Acraea terpsicore","https://biodiversity.org.au/afd/taxa/ba632bea-a7b4-4b60-bf89-d63128cad841",-17.421294,145.801032,2022-10-26 09:39:00,"PRESENT","iNaturalist Australia"
"1958","8ed5b993-a42c-4fbb-b365-fcb758de83ef","Acraea andromacha","https://biodiversity.org.au/afd/taxa/86294130-ca0d-4e27-81da-5a82a7cd4c87",-20.73994,139.4844,2023-09-01 04:16:00,"PRESENT","Butterflies Australia"
"1959","8eef927f-6eed-43fd-b45e-d6b9a643814d","Acraea andromacha","https://biodiversity.org.au/afd/taxa/86294130-ca0d-4e27-81da-5a82a7cd4c87",-27.270247,152.860063,2025-12-15 08:39:06,"PRESENT","iNaturalist Australia"
"1960","8ef2989d-ec70-462e-aa5d-9a1111baa1d7","Afrohybanthus enneaspermus","https://id.biodiversity.org.au/taxon/apni/51448720",-17.455,145.2916,2023-12-18 14:56:00,"PRESENT","iNaturalist Australia"
"1961","8f16b5fe-760f-4026-b5b4-91b0a56bbde9","Acraea terpsicore","https://biodiversity.org.au/afd/taxa/ba632bea-a7b4-4b60-bf89-d63128cad841",-12.363487,130.904977,2025-07-02 10:23:00,"PRESENT","iNaturalist Australia"
"1962","8f1943b0-ff4b-4ccd-adf8-ccf6a99be847","Acraea terpsicore","https://biodiversity.org.au/afd/taxa/ba632bea-a7b4-4b60-bf89-d63128cad841",-19.601921,146.83893,2025-06-14 12:51:45,"PRESENT","iNaturalist Australia"
"1963","8f34ecb2-abb5-4e12-987b-465c63ac9b37","Acraea andromacha","https://biodiversity.org.au/afd/taxa/86294130-ca0d-4e27-81da-5a82a7cd4c87",-12.355369,130.885481,2024-04-26 12:26:00,"PRESENT","iNaturalist Australia"
"1964","8f5af83f-e724-4a8c-b1d5-7658e0c3923b","Acraea andromacha","https://biodiversity.org.au/afd/taxa/86294130-ca0d-4e27-81da-5a82a7cd4c87",-27.98,151.62,2023-02-26 03:30:00,"PRESENT","Butterflies Australia"
"1965","8fa43050-380a-4750-b12a-8b108a9979f4","Adenia heterophylla","https://id.biodiversity.org.au/taxon/apni/51442112",-16.899095,145.746645,2022-09-17 11:04:26,"PRESENT","iNaturalist Australia"
"1966","8fb6ab29-8230-464a-9a44-eb6c618b6c8a","Afrohybanthus enneaspermus","https://id.biodiversity.org.au/taxon/apni/51448720",-22.449017,149.17955,2025-12-10 09:43:34,"PRESENT","iNaturalist Australia"
"1967","8fd29bb1-1f98-4e74-86c1-f69e73215178","Acraea andromacha","https://biodiversity.org.au/afd/taxa/86294130-ca0d-4e27-81da-5a82a7cd4c87",-27.580355,152.927995,2021-04-16 20:04:43,"PRESENT","iNaturalist Australia"
"1968","8fd3c337-1fac-49e7-9071-247ba1cc0051","Acraea andromacha","https://biodiversity.org.au/afd/taxa/86294130-ca0d-4e27-81da-5a82a7cd4c87",-22.98695,150.268422,2024-09-18 08:21:00,"PRESENT","iNaturalist Australia"
"1969","8fd670fd-7c16-404b-8ac7-f6b565b0089d","Acraea andromacha","https://biodiversity.org.au/afd/taxa/86294130-ca0d-4e27-81da-5a82a7cd4c87",-27.950083,152.847848,2024-07-27 11:50:59,"PRESENT","iNaturalist Australia"
"1970","900b7d12-6542-4f63-8683-4345d201df55","Acraea andromacha","https://biodiversity.org.au/afd/taxa/86294130-ca0d-4e27-81da-5a82a7cd4c87",-27.48558,152.954244,2021-10-04 11:32:00,"PRESENT","iNaturalist Australia"
"1971","901869b3-739b-462b-8040-99ab3546084d","Afrohybanthus enneaspermus","https://id.biodiversity.org.au/taxon/apni/51448720",-12.398815,130.925712,2025-12-13 14:16:30,"PRESENT","iNaturalist Australia"
"1972","901ce17f-e366-40c9-8ab5-b9d2bb8ebd0b","Acraea andromacha","https://biodiversity.org.au/afd/taxa/86294130-ca0d-4e27-81da-5a82a7cd4c87",-27.382398,153.036146,2024-04-26 15:01:00,"PRESENT","iNaturalist Australia"
"1973","901ec867-4a88-4c30-8cf6-dab30214034c","Acraea andromacha","https://biodiversity.org.au/afd/taxa/86294130-ca0d-4e27-81da-5a82a7cd4c87",-30.35646,153.10699,2024-01-05 15:43:00,"PRESENT","Butterflies Australia"
"1974","903ad816-c0f1-4e41-abe5-9877b8b6b9d4","Acraea andromacha","https://biodiversity.org.au/afd/taxa/86294130-ca0d-4e27-81da-5a82a7cd4c87",-27.555754,153.335601,2024-04-26 14:18:35,"PRESENT","iNaturalist Australia"
"1975","904abaee-40e7-4752-85e2-de31b8db2e5d","Acraea andromacha","https://biodiversity.org.au/afd/taxa/86294130-ca0d-4e27-81da-5a82a7cd4c87",-27.323776,153.010956,2022-11-16 08:32:28,"PRESENT","iNaturalist Australia"
"1976","90501e5d-8b78-400e-9627-bd99f2b75ae6","Acraea andromacha","https://biodiversity.org.au/afd/taxa/86294130-ca0d-4e27-81da-5a82a7cd4c87",-27.582208,151.991904,2025-01-01 11:44:00,"PRESENT","iNaturalist Australia"
"1977","90562498-c6df-4850-999b-cc2406856e11","Acraea andromacha","https://biodiversity.org.au/afd/taxa/86294130-ca0d-4e27-81da-5a82a7cd4c87",-30.592673,151.863705,2022-02-09 12:00:00,"PRESENT","iNaturalist Australia"
"1978","907b56bc-91c1-4595-854e-64cdfd09661e","Acraea terpsicore","https://biodiversity.org.au/afd/taxa/ba632bea-a7b4-4b60-bf89-d63128cad841",-17.485328,140.840342,2025-08-17 10:30:00,"PRESENT","iNaturalist Australia"
"1979","9097bdac-b064-4504-acb0-938e434d6e7a","Acraea terpsicore","https://biodiversity.org.au/afd/taxa/ba632bea-a7b4-4b60-bf89-d63128cad841",-16.889734,145.415146,2025-07-16 14:07:54,"PRESENT","iNaturalist Australia"
"1980","909a0a2f-e807-413c-b9e3-725f45e15daa","Acraea andromacha","https://biodiversity.org.au/afd/taxa/86294130-ca0d-4e27-81da-5a82a7cd4c87",-24.517426,151.462426,2022-04-30 07:53:00,"PRESENT","iNaturalist Australia"
"1981","909d2380-8390-460c-b2c4-e0e21f13139c","Acraea terpsicore","https://biodiversity.org.au/afd/taxa/ba632bea-a7b4-4b60-bf89-d63128cad841",-19.257697,146.803232,2024-05-22 15:44:00,"PRESENT","iNaturalist Australia"
"1982","90f09e56-688e-4662-9c6b-5cd1d81c7843","Acraea andromacha","https://biodiversity.org.au/afd/taxa/86294130-ca0d-4e27-81da-5a82a7cd4c87",-27.733938,152.769598,2024-07-06 13:00:00,"PRESENT","iNaturalist Australia"
"1983","91126475-e118-4e2d-8d8a-f5bcd837d162","Acraea andromacha","https://biodiversity.org.au/afd/taxa/86294130-ca0d-4e27-81da-5a82a7cd4c87",-23.535925,148.167161,2022-10-20 15:45:00,"PRESENT","Butterflies Australia"
"1984","9120703f-8a3c-45a7-a7f7-2f89ab24e3f1","Adenia heterophylla","https://id.biodiversity.org.au/taxon/apni/51442112",-16.8314,145.705063,2025-02-02 12:36:15,"PRESENT","iNaturalist Australia"
"1985","91224fb5-cbe5-4214-8671-a1114debf690","Acraea terpsicore","https://biodiversity.org.au/afd/taxa/ba632bea-a7b4-4b60-bf89-d63128cad841",-27.485772,152.954133,2022-01-11 12:23:23,"PRESENT","iNaturalist Australia"
"1986","91328a28-93ca-400a-b713-43222adc3663","Acraea andromacha","https://biodiversity.org.au/afd/taxa/86294130-ca0d-4e27-81da-5a82a7cd4c87",-27.734226,152.704328,2022-01-26 09:56:00,"PRESENT","iNaturalist Australia"
"1987","9164da1e-52f9-49b9-9d8e-a5399cb1f28f","Acraea andromacha","https://biodiversity.org.au/afd/taxa/86294130-ca0d-4e27-81da-5a82a7cd4c87",-27.736288,152.76867,2022-01-16 07:52:00,"PRESENT","iNaturalist Australia"
"1988","9168f16f-392f-4e97-8d67-f3727d8acaad","Acraea andromacha","https://biodiversity.org.au/afd/taxa/86294130-ca0d-4e27-81da-5a82a7cd4c87",-27.379739,153.035356,2023-04-19 09:54:00,"PRESENT","iNaturalist Australia"
"1989","9173f9a7-d294-46ea-b694-9038b2173745","Acraea terpsicore","https://biodiversity.org.au/afd/taxa/ba632bea-a7b4-4b60-bf89-d63128cad841",-27.380222,152.907469,2024-04-02 11:36:00,"PRESENT","iNaturalist Australia"
"1990","91b205bf-d987-4bc1-ae86-5f8f70d31b88","Acraea andromacha","https://biodiversity.org.au/afd/taxa/86294130-ca0d-4e27-81da-5a82a7cd4c87",-27.513511,153.098986,2025-09-13 16:20:57,"PRESENT","iNaturalist Australia"
"1991","91c81160-d95e-4a36-aee9-f19eefba2452","Afrohybanthus enneaspermus","https://id.biodiversity.org.au/taxon/apni/51448720",-16.78243,133.47063,2022-02-18,"PRESENT","BRI AVH Data and Images"
"1992","91fc3c02-d331-4000-b532-ef20b45ad4ac","Acraea andromacha","https://biodiversity.org.au/afd/taxa/86294130-ca0d-4e27-81da-5a82a7cd4c87",-14.140114,134.474535,2025-09-05 10:25:00,"PRESENT","iNaturalist Australia"
"1993","92194293-5c69-4a74-90aa-044bd105f9b1","Acraea andromacha","https://biodiversity.org.au/afd/taxa/86294130-ca0d-4e27-81da-5a82a7cd4c87",-33.792636,151.017308,2024-09-14 09:27:15,"PRESENT","iNaturalist Australia"
"1994","92210a3a-0aaa-4a53-99ee-86d19062792b","Acraea terpsicore","https://biodiversity.org.au/afd/taxa/ba632bea-a7b4-4b60-bf89-d63128cad841",-15.2899,144.8473,2022-05-26 00:30:00,"PRESENT","Butterflies Australia"
"1995","9239be32-9b85-42ad-ad21-5049ffb51aee","Acraea terpsicore","https://biodiversity.org.au/afd/taxa/ba632bea-a7b4-4b60-bf89-d63128cad841",-21.531951,146.859789,2025-04-11 16:36:00,"PRESENT","iNaturalist Australia"
"1996","9244f649-3a08-4ca2-a1b7-b02dd9a4bba6","Acraea terpsicore","https://biodiversity.org.au/afd/taxa/ba632bea-a7b4-4b60-bf89-d63128cad841",-19.18787,146.771163,2025-06-20 16:23:40,"PRESENT","iNaturalist Australia"
"1997","924a9e6f-a2f9-46ec-8916-4ae81c0ae88b","Acraea andromacha","https://biodiversity.org.au/afd/taxa/86294130-ca0d-4e27-81da-5a82a7cd4c87",-27.373711,152.026781,2024-02-10 10:22:00,"PRESENT","iNaturalist Australia"
"1998","926de2a0-6b01-4976-b83d-57ed440e873d","Acraea terpsicore","https://biodiversity.org.au/afd/taxa/ba632bea-a7b4-4b60-bf89-d63128cad841",-12.432945,130.944804,2022-04-10 13:15:00,"PRESENT","iNaturalist Australia"
"1999","927bec5e-4986-4a8e-bf74-20515813b801","Acraea terpsicore","https://biodiversity.org.au/afd/taxa/ba632bea-a7b4-4b60-bf89-d63128cad841",-27.619078,153.174255,2022-01-15 10:27:10,"PRESENT","iNaturalist Australia"
"2000","92807349-414c-4e83-9a7e-dfbb844d5ac5","Afrohybanthus enneaspermus","https://id.biodiversity.org.au/taxon/apni/51448720",-16.50426,134.99733,2022-03-11,"PRESENT","Flora Atlas N.T."
"2001","928193f6-d96a-4186-821d-b94eea6c5c9c","Acraea andromacha","https://biodiversity.org.au/afd/taxa/86294130-ca0d-4e27-81da-5a82a7cd4c87",-26.584931,151.806986,2021-04-27 09:00:00,"PRESENT","Butterflies Australia"
"2002","92861edf-c36b-4f3d-81f5-4673d7e9266e","Acraea terpsicore","https://biodiversity.org.au/afd/taxa/ba632bea-a7b4-4b60-bf89-d63128cad841",-12.762552,130.957798,2021-04-11 11:37:26,"PRESENT","iNaturalist Australia"
"2003","928764e3-87bc-4752-bbc1-7e62ee4a08b8","Acraea andromacha","https://biodiversity.org.au/afd/taxa/86294130-ca0d-4e27-81da-5a82a7cd4c87",-16.7348,122.094239,2024-09-08 10:14:44,"PRESENT","iNaturalist Australia"
"2004","92a4ad36-ffac-4726-a741-5459e1b472b0","Acraea andromacha","https://biodiversity.org.au/afd/taxa/86294130-ca0d-4e27-81da-5a82a7cd4c87",-24.235979,151.938959,2025-03-25 08:39:04,"PRESENT","iNaturalist Australia"
"2005","92b481a7-5921-44c3-b5bc-bec189790b8a","Acraea andromacha","https://biodiversity.org.au/afd/taxa/86294130-ca0d-4e27-81da-5a82a7cd4c87",-27.425431,153.23463,2022-12-07 09:04:29,"PRESENT","iNaturalist Australia"
"2006","92bc45e5-be1c-4553-95e6-98af5c294467","Acraea terpsicore","https://biodiversity.org.au/afd/taxa/ba632bea-a7b4-4b60-bf89-d63128cad841",-14.887423,135.009556,2021-05-30 10:49:00,"PRESENT","iNaturalist Australia"
"2007","934a5876-4f52-4cea-8a6f-163f946cb8b3","Acraea andromacha","https://biodiversity.org.au/afd/taxa/86294130-ca0d-4e27-81da-5a82a7cd4c87",-27.717283,152.463853,2022-10-01 14:18:04,"PRESENT","iNaturalist Australia"
"2008","9351bbc0-f3f1-4aba-b5fc-0217fdc3e4d5","Acraea andromacha","https://biodiversity.org.au/afd/taxa/86294130-ca0d-4e27-81da-5a82a7cd4c87",-27.4,152.9,2021-04-19 11:35:34,"PRESENT","Earth Guardians Weekly Feed"
"2009","935f5dbc-eef7-476f-867f-c9f08bf2a29c","Acraea andromacha","https://biodiversity.org.au/afd/taxa/afb7279d-cb44-4c89-be73-cf1e0a48cf46",-24.54737,151.28642,2021-08-27,"PRESENT","WildNet - Queensland Wildlife Data"
"2010","936d0f74-2d43-461c-a235-eb497d71d505","Acraea andromacha","https://biodiversity.org.au/afd/taxa/86294130-ca0d-4e27-81da-5a82a7cd4c87",-27.200997,152.515962,2024-12-17 12:46:38,"PRESENT","iNaturalist Australia"
"2011","936f699c-5e03-4b02-b7c0-d7e22e22c374","Acraea terpsicore","https://biodiversity.org.au/afd/taxa/ba632bea-a7b4-4b60-bf89-d63128cad841",-12.454361,130.947589,2024-04-26 18:04:00,"PRESENT","iNaturalist Australia"
"2012","938478b2-2f9f-481f-b707-edf319586111","Acraea andromacha","https://biodiversity.org.au/afd/taxa/86294130-ca0d-4e27-81da-5a82a7cd4c87",-27.37702,152.90717,2025-09-16 12:50:00,"PRESENT","iNaturalist Australia"
"2013","93885dcf-53e6-4dad-bff4-b3ee735812d0","Acraea andromacha","https://biodiversity.org.au/afd/taxa/86294130-ca0d-4e27-81da-5a82a7cd4c87",-27.534094,153.037056,2024-12-20 09:27:00,"PRESENT","iNaturalist Australia"
"2014","939abde3-0675-4d26-8d93-d68f139e29c3","Afrohybanthus enneaspermus","https://id.biodiversity.org.au/taxon/apni/51448720",-16.34769,133.84676,2022-02-20,"PRESENT","Flora Atlas N.T."
"2015","93a2f20c-8489-41d7-b5cb-96fea59bf7e5","Acraea terpsicore","https://biodiversity.org.au/afd/taxa/ba632bea-a7b4-4b60-bf89-d63128cad841",-23.919797,148.215605,2022-07-12 11:29:42,"PRESENT","iNaturalist Australia"
"2016","93bb8a1f-28db-4015-9fc3-a07c465325d2","Acraea terpsicore","https://biodiversity.org.au/afd/taxa/ba632bea-a7b4-4b60-bf89-d63128cad841",-12.70719,130.994054,2025-05-18 11:47:23,"PRESENT","iNaturalist Australia"
"2017","93c88167-6915-4770-adf7-0f1bcfa59ef8","Acraea andromacha","https://biodiversity.org.au/afd/taxa/86294130-ca0d-4e27-81da-5a82a7cd4c87",-31.50739,152.722732,2023-08-19 15:12:09,"PRESENT","Earth Guardians Weekly Feed"
"2018","93d4f854-fa77-4f50-a197-ecb2e30c4c47","Afrohybanthus enneaspermus","https://id.biodiversity.org.au/taxon/apni/51448720",-17.055,145.5438,2024-02-29 14:18:00,"PRESENT","iNaturalist Australia"
"2019","94241f8c-4267-4f71-9db4-c064bff00029","Acraea terpsicore","https://biodiversity.org.au/afd/taxa/ba632bea-a7b4-4b60-bf89-d63128cad841",-19.24005,146.800628,2022-05-29 14:12:03,"PRESENT","iNaturalist Australia"
"2020","94282735-5851-4493-a584-49e3541ffd0f","Acraea terpsicore","https://biodiversity.org.au/afd/taxa/ba632bea-a7b4-4b60-bf89-d63128cad841",-17.410044,145.061769,2023-04-21 09:40:00,"PRESENT","iNaturalist Australia"
"2021","945f1142-973f-4cc4-9630-a11903b73251","Acraea andromacha","https://biodiversity.org.au/afd/taxa/86294130-ca0d-4e27-81da-5a82a7cd4c87",-27.43397,153.54488,2022-06-22 01:48:00,"PRESENT","Butterflies Australia"
"2022","9475f122-7fac-4bb6-982a-7f4bc4193dd8","Acraea andromacha","https://biodiversity.org.au/afd/taxa/86294130-ca0d-4e27-81da-5a82a7cd4c87",-21.157791,149.156685,2022-08-20 11:55:00,"PRESENT","iNaturalist Australia"
"2023","947700f7-b284-4bfc-ad73-d222ff2bf6f5","Acraea andromacha","https://biodiversity.org.au/afd/taxa/86294130-ca0d-4e27-81da-5a82a7cd4c87",-29.778675,153.302752,2024-04-03 12:43:00,"PRESENT","iNaturalist Australia"
"2024","94770233-c087-47d1-a5f8-8463f18f3c99","Acraea andromacha","https://biodiversity.org.au/afd/taxa/86294130-ca0d-4e27-81da-5a82a7cd4c87",-21.1674,148.5045,2021-09-23 16:00:00,"PRESENT","Butterflies Australia"
"2025","9491d27e-1d42-422f-8ab5-1fb5ea084a6f","Acraea terpsicore","https://biodiversity.org.au/afd/taxa/ba632bea-a7b4-4b60-bf89-d63128cad841",-27.627306,153.074222,2023-10-28 12:52:00,"PRESENT","iNaturalist Australia"
"2026","94c7559a-56f1-4a4b-9064-4e64724c86d5","Acraea andromacha","https://biodiversity.org.au/afd/taxa/86294130-ca0d-4e27-81da-5a82a7cd4c87",-28.502788,153.549295,2025-02-19 12:15:00,"PRESENT","iNaturalist Australia"
"2027","94e4f321-ba67-4ac9-9248-f3daece97756","Acraea andromacha","https://biodiversity.org.au/afd/taxa/86294130-ca0d-4e27-81da-5a82a7cd4c87",-31.2,150.9,2021-04-07 14:01:00,"PRESENT","Earth Guardians Weekly Feed"
"2028","95246c2d-2795-48e6-bfea-c3318a86dcac","Acraea terpsicore","https://biodiversity.org.au/afd/taxa/ba632bea-a7b4-4b60-bf89-d63128cad841",-13.847222,136.423845,2025-03-28 08:17:55,"PRESENT","iNaturalist Australia"
"2029","9525dbe4-d3a0-4c53-ad53-4eaf4d9ca592","Acraea andromacha","https://biodiversity.org.au/afd/taxa/86294130-ca0d-4e27-81da-5a82a7cd4c87",-27.757819,152.875637,2024-08-06 11:40:00,"PRESENT","iNaturalist Australia"
"2030","95402685-aeb3-4db4-829f-c1f38c4d33ed","Acraea andromacha","https://biodiversity.org.au/afd/taxa/86294130-ca0d-4e27-81da-5a82a7cd4c87",-15.687301,145.022725,2022-06-26 23:45:00,"PRESENT","Butterflies Australia"
"2031","95406413-f3ea-4eb1-9b48-4ce1a2aff009","Acraea andromacha","https://biodiversity.org.au/afd/taxa/86294130-ca0d-4e27-81da-5a82a7cd4c87",-25.039836,152.525774,2021-07-31 13:03:00,"PRESENT","iNaturalist Australia"
"2032","954372fe-4f6d-4bb0-b3e3-eb5e3f30cf5c","Acraea andromacha","https://biodiversity.org.au/afd/taxa/86294130-ca0d-4e27-81da-5a82a7cd4c87",-27.50349,153.029277,2021-02-22 11:19:15,"PRESENT","iNaturalist Australia"
"2033","95570c37-4445-4758-a54c-9f35c789b5fb","Acraea andromacha","https://biodiversity.org.au/afd/taxa/86294130-ca0d-4e27-81da-5a82a7cd4c87",-27.71892,152.907762,2023-04-29 13:31:45,"PRESENT","iNaturalist Australia"
"2034","955d64df-9216-4c6c-85db-361bf87771ac","Acraea andromacha","https://biodiversity.org.au/afd/taxa/86294130-ca0d-4e27-81da-5a82a7cd4c87",-27.509131,152.993052,2021-02-28 22:01:12,"PRESENT","Brisbane’s Big Butterfly Count"
"2035","9572f730-b274-450b-80f4-cad54815d19b","Acraea terpsicore","https://biodiversity.org.au/afd/taxa/ba632bea-a7b4-4b60-bf89-d63128cad841",-18.48725,143.339997,2021-05-15 09:21:34,"PRESENT","iNaturalist Australia"
"2036","9573ce5d-58a3-46c5-b4bf-e02ac7432144","Acraea andromacha","https://biodiversity.org.au/afd/taxa/86294130-ca0d-4e27-81da-5a82a7cd4c87",-27.372828,152.026931,2024-02-10 10:50:00,"PRESENT","iNaturalist Australia"
"2037","957ce9d3-6de3-49e8-9b42-4b9f3446e897","Acraea andromacha","https://biodiversity.org.au/afd/taxa/86294130-ca0d-4e27-81da-5a82a7cd4c87",-25.55763,152.686122,2024-04-14 10:34:00,"PRESENT","iNaturalist Australia"
"2038","9581b532-14e1-4210-a38a-e864fbd15e73","Acraea terpsicore","https://biodiversity.org.au/afd/taxa/ba632bea-a7b4-4b60-bf89-d63128cad841",-23.453424,146.4146,2025-05-27 11:34:00,"PRESENT","iNaturalist Australia"
"2039","958abdab-aebc-495c-b4be-e80616bfb336","Acraea andromacha","https://biodiversity.org.au/afd/taxa/86294130-ca0d-4e27-81da-5a82a7cd4c87",-27.718372,152.906058,2025-04-14 08:50:00,"PRESENT","iNaturalist Australia"
"2040","9599f29f-1718-4a80-99b2-645f17d65b3c","Acraea andromacha","https://biodiversity.org.au/afd/taxa/86294130-ca0d-4e27-81da-5a82a7cd4c87",-27.447062,151.954542,2021-03-19 11:19:31,"PRESENT","iNaturalist Australia"
"2041","95ab11cc-b4f7-4438-9575-620348105558","Acraea andromacha","https://biodiversity.org.au/afd/taxa/86294130-ca0d-4e27-81da-5a82a7cd4c87",-25.625436,152.656263,2023-09-02 07:54:00,"PRESENT","iNaturalist Australia"
"2042","95c3f0d1-729b-42dd-bc98-1a0970a5d0d8","Acraea andromacha","https://biodiversity.org.au/afd/taxa/86294130-ca0d-4e27-81da-5a82a7cd4c87",-29.309811,151.698456,2024-03-30 12:29:00,"PRESENT","iNaturalist Australia"
"2043","95c55f9d-28ad-456b-abb2-236845796358","Acraea andromacha","https://biodiversity.org.au/afd/taxa/86294130-ca0d-4e27-81da-5a82a7cd4c87",-26.514902,152.997975,2023-11-10 14:00:00,"PRESENT","Sunshine Coast's Big Butterfly Count"
"2044","95d0042d-a063-4d89-aadb-bcc8e56bbecf","Acraea terpsicore","https://biodiversity.org.au/afd/taxa/ba632bea-a7b4-4b60-bf89-d63128cad841",-17.168748,125.358943,2025-06-04 12:41:02,"PRESENT","iNaturalist Australia"
"2045","962f68ba-aa3b-4ca3-967b-06e43ff55718","Acraea terpsicore","https://biodiversity.org.au/afd/taxa/ba632bea-a7b4-4b60-bf89-d63128cad841",-14.926027,133.064398,2021-06-08 12:48:00,"PRESENT","iNaturalist Australia"
"2046","963043f2-4714-4a4a-ab46-35dddd78dfeb","Acraea andromacha","https://biodiversity.org.au/afd/taxa/86294130-ca0d-4e27-81da-5a82a7cd4c87",-33.4125,149.555658,2025-05-04 10:21:31,"PRESENT","iNaturalist Australia"
"2047","9687b1b3-92b1-4a03-a0b4-1cce8478bf7d","Acraea andromacha","https://biodiversity.org.au/afd/taxa/86294130-ca0d-4e27-81da-5a82a7cd4c87",-28.02713,153.315061,2024-04-10 09:40:00,"PRESENT","iNaturalist Australia"
"2048","96ac35c9-dd7b-45a5-8140-3348e35c20fa","Acraea andromacha","https://biodiversity.org.au/afd/taxa/86294130-ca0d-4e27-81da-5a82a7cd4c87",-15.9748,144.8289,2022-05-25 01:30:00,"PRESENT","Butterflies Australia"
"2049","96c40d79-d2bc-431b-b54f-af3ef6d1ce35","Acraea andromacha","https://biodiversity.org.au/afd/taxa/86294130-ca0d-4e27-81da-5a82a7cd4c87",-24.687117,150.381911,2025-08-17 13:43:00,"PRESENT","iNaturalist Australia"
"2050","96dec5e7-c4bd-4b2d-a6cf-c10c83c8323a","Adenia heterophylla","https://id.biodiversity.org.au/taxon/apni/51442112",-16.962313,145.678409,2024-05-23 12:10:00,"PRESENT","iNaturalist Australia"
"2051","96e44c7f-05f3-41a7-a8e7-bfef51ffe2ed","Acraea andromacha","https://biodiversity.org.au/afd/taxa/86294130-ca0d-4e27-81da-5a82a7cd4c87",-28.013242,152.544349,2022-12-18 14:26:07,"PRESENT","iNaturalist Australia"
"2052","96ed157a-78fa-44c5-8156-69d42f50fc8c","Acraea andromacha","https://biodiversity.org.au/afd/taxa/86294130-ca0d-4e27-81da-5a82a7cd4c87",-33.404804,151.475701,2022-03-22 13:05:00,"PRESENT","iNaturalist Australia"
"2053","96fc099e-12d9-4441-8b28-774feceae2b7","Acraea andromacha","https://biodiversity.org.au/afd/taxa/86294130-ca0d-4e27-81da-5a82a7cd4c87",-27.523722,152.890259,2021-03-12 14:00:00,"PRESENT","Brisbane’s Big Butterfly Count"
"2054","96fc28ca-0975-4623-a5bb-8efc053773d0","Acraea andromacha","https://biodiversity.org.au/afd/taxa/86294130-ca0d-4e27-81da-5a82a7cd4c87",-25.514895,152.69884,2023-02-24 09:46:00,"PRESENT","iNaturalist Australia"
"2055","97003d1c-43c5-402e-bfb9-45025b5b8852","Acraea andromacha","https://biodiversity.org.au/afd/taxa/86294130-ca0d-4e27-81da-5a82a7cd4c87",-25.556879,152.684472,2022-01-05 10:09:00,"PRESENT","iNaturalist Australia"
"2056","9707d036-cee6-43c6-a997-2b9422de51c6","Acraea andromacha","https://biodiversity.org.au/afd/taxa/afb7279d-cb44-4c89-be73-cf1e0a48cf46",-27.38698,151.92368,2023-03-05,"PRESENT","WildNet - Queensland Wildlife Data"
"2057","9712c004-93b0-43ec-8d99-53eca96cf973","Acraea andromacha","https://biodiversity.org.au/afd/taxa/86294130-ca0d-4e27-81da-5a82a7cd4c87",-27.561168,151.997189,2022-03-01 10:52:00,"PRESENT","iNaturalist Australia"
"2058","971d2305-fbee-427c-895d-329e5bc3c667","Acraea terpsicore","https://biodiversity.org.au/afd/taxa/ba632bea-a7b4-4b60-bf89-d63128cad841",-21.498855,145.036924,2025-06-25 12:04:00,"PRESENT","iNaturalist Australia"
"2059","97381879-494f-4dde-b76a-255455eaf70c","Acraea andromacha","https://biodiversity.org.au/afd/taxa/86294130-ca0d-4e27-81da-5a82a7cd4c87",-28.277812,152.73773,2021-01-11 14:34:10,"PRESENT","iNaturalist Australia"
"2060","974689d6-0881-4405-8a87-d2651f456ed0","Acraea andromacha","https://biodiversity.org.au/afd/taxa/86294130-ca0d-4e27-81da-5a82a7cd4c87",-27.675853,153.142926,2024-02-06 13:50:00,"PRESENT","iNaturalist Australia"
"2061","974a2b6a-43b1-483d-8c0d-8d315a293018","Acraea terpsicore","https://biodiversity.org.au/afd/taxa/ba632bea-a7b4-4b60-bf89-d63128cad841",-17.470957,141.180113,2025-05-12 10:05:00,"PRESENT","iNaturalist Australia"
"2062","975e806c-944a-4bc4-a83e-d24155a1326d","Acraea andromacha","https://biodiversity.org.au/afd/taxa/86294130-ca0d-4e27-81da-5a82a7cd4c87",-31.406336,151.207616,2024-03-16 13:33:00,"PRESENT","iNaturalist Australia"
"2063","9783fa85-6c7b-4f6e-9f11-0febf925ee74","Acraea andromacha","https://biodiversity.org.au/afd/taxa/86294130-ca0d-4e27-81da-5a82a7cd4c87",-27.509309,153.119199,2025-11-19 10:35:00,"PRESENT","iNaturalist Australia"
"2064","97a09e53-dd98-45f5-8b31-4e863947bb97","Acraea andromacha","https://biodiversity.org.au/afd/taxa/86294130-ca0d-4e27-81da-5a82a7cd4c87",-27.335322,153.078828,2024-09-05 12:57:16,"PRESENT","iNaturalist Australia"
"2065","97b29404-0992-4084-abd4-3fd27fbcb7c0","Acraea terpsicore","https://biodiversity.org.au/afd/taxa/ba632bea-a7b4-4b60-bf89-d63128cad841",-17.44354,140.84256,2023-08-15 16:55:00,"PRESENT","Butterflies Australia"
"2066","97b79793-a17f-4d2a-ae7a-7fc99f91474f","Acraea andromacha","https://biodiversity.org.au/afd/taxa/86294130-ca0d-4e27-81da-5a82a7cd4c87",-26.471985,149.941615,2024-09-22 13:11:00,"PRESENT","iNaturalist Australia"
"2067","97cc589d-277d-4e64-ab54-58f5423a4049","Acraea andromacha","https://biodiversity.org.au/afd/taxa/86294130-ca0d-4e27-81da-5a82a7cd4c87",-27.5196,152.740947,2021-05-02 09:45:00,"PRESENT","iNaturalist Australia"
"2068","97cd786d-b00a-4bd3-8eeb-1c1b03ab2e05","Acraea terpsicore","https://biodiversity.org.au/afd/taxa/ba632bea-a7b4-4b60-bf89-d63128cad841",-18.300726,143.351069,2022-09-04 10:09:00,"PRESENT","iNaturalist Australia"
"2069","97f6e833-79ec-4950-875d-b8f5f4a3bbb8","Acraea terpsicore","https://biodiversity.org.au/afd/taxa/ba632bea-a7b4-4b60-bf89-d63128cad841",-12.338794,130.89286,2025-05-20 14:43:00,"PRESENT","iNaturalist Australia"
"2070","9802f715-69b1-494b-bad2-70cf51f2ea93","Acraea andromacha","https://biodiversity.org.au/afd/taxa/86294130-ca0d-4e27-81da-5a82a7cd4c87",-27.54187,153.07344,2023-09-08 03:20:00,"PRESENT","Butterflies Australia"
"2071","98341bf8-f0f8-4a23-991a-cee2250b8300","Acraea andromacha","https://biodiversity.org.au/afd/taxa/86294130-ca0d-4e27-81da-5a82a7cd4c87",-26.261718,152.363934,2022-02-12 12:07:00,"PRESENT","iNaturalist Australia"
"2072","983b59a9-a242-4c8a-a8b8-c28e6ee74dba","Acraea terpsicore","https://biodiversity.org.au/afd/taxa/ba632bea-a7b4-4b60-bf89-d63128cad841",-21.3,149.2,2024-02-10 18:00:00,"PRESENT","Earth Guardians Weekly Feed"
"2073","9849bfa1-f2ae-4e08-a486-730fb01e0044","Acraea andromacha","https://biodiversity.org.au/afd/taxa/86294130-ca0d-4e27-81da-5a82a7cd4c87",-17.98036,145.49625,2023-06-15 01:46:00,"PRESENT","Butterflies Australia"
"2074","984d50f6-ce51-4b75-b1d7-5ba29225c6e4","Acraea terpsicore","https://biodiversity.org.au/afd/taxa/ba632bea-a7b4-4b60-bf89-d63128cad841",-13.933928,143.202653,2022-05-15 15:43:25,"PRESENT","iNaturalist Australia"
"2075","98581d3e-7957-45cf-bc84-74c748ded5f5","Acraea terpsicore","https://biodiversity.org.au/afd/taxa/ba632bea-a7b4-4b60-bf89-d63128cad841",-15.80426,128.479632,2023-05-29 14:36:00,"PRESENT","iNaturalist Australia"
"2076","985866ba-0852-4461-83da-23fcb255fd8a","Acraea andromacha","https://biodiversity.org.au/afd/taxa/86294130-ca0d-4e27-81da-5a82a7cd4c87",-27.5538,153.024308,2024-05-11 10:12:41,"PRESENT","iNaturalist Australia"
"2077","985b4e01-2060-43ac-847d-59e9d5907aa1","Acraea terpsicore","https://biodiversity.org.au/afd/taxa/ba632bea-a7b4-4b60-bf89-d63128cad841",-27.48575,152.951333,2022-02-12 11:38:00,"PRESENT","iNaturalist Australia"
"2078","987b983f-29e4-492b-87bf-355f6600b0d4","Acraea andromacha","https://biodiversity.org.au/afd/taxa/86294130-ca0d-4e27-81da-5a82a7cd4c87",-27.617244,153.158702,2021-10-25 07:20:57,"PRESENT","iNaturalist Australia"
"2079","9891dce4-3bb8-4fd5-8bc7-23a2a944b61e","Acraea terpsicore","https://biodiversity.org.au/afd/taxa/ba632bea-a7b4-4b60-bf89-d63128cad841",-19.987034,148.26354,2025-05-05 12:33:36,"PRESENT","iNaturalist Australia"
"2080","98cdf92c-e5be-4c0d-8054-d2aa162b2f0b","Acraea andromacha","https://biodiversity.org.au/afd/taxa/86294130-ca0d-4e27-81da-5a82a7cd4c87",-27.647303,152.897157,2023-05-06 10:55:44,"PRESENT","iNaturalist Australia"
"2081","98eabfb3-b2c1-458f-8e6e-709baa543b76","Acraea terpsicore","https://biodiversity.org.au/afd/taxa/ba632bea-a7b4-4b60-bf89-d63128cad841",-20.34185,144.460183,2024-08-22 08:49:00,"PRESENT","iNaturalist Australia"
"2082","98f51b28-328d-466a-9ba3-519c8928b5c3","Acraea andromacha","https://biodiversity.org.au/afd/taxa/86294130-ca0d-4e27-81da-5a82a7cd4c87",-27.46542,153.188515,2024-04-06 11:33:00,"PRESENT","iNaturalist Australia"
"2083","9902414b-353b-4ef0-8624-df0148dc32b0","Acraea andromacha","https://biodiversity.org.au/afd/taxa/86294130-ca0d-4e27-81da-5a82a7cd4c87",-27.323013,152.098131,2021-03-07 12:07:00,"PRESENT","iNaturalist Australia"
"2084","992323d4-6af8-4240-8b14-06fed85206fc","Acraea andromacha","https://biodiversity.org.au/afd/taxa/86294130-ca0d-4e27-81da-5a82a7cd4c87",-26.381382,153.099027,2024-06-11 16:04:40,"PRESENT","iNaturalist Australia"
"2085","999880ce-afb4-48de-b068-79d27f213b0c","Acraea terpsicore","https://biodiversity.org.au/afd/taxa/ba632bea-a7b4-4b60-bf89-d63128cad841",-21.3,149.2,2022-01-28 18:47:00,"PRESENT","Earth Guardians Weekly Feed"
"2086","999aa1a7-8aca-4a43-92f5-53d863792a23","Acraea andromacha","https://biodiversity.org.au/afd/taxa/86294130-ca0d-4e27-81da-5a82a7cd4c87",-28.260054,153.40153,2022-01-25 10:27:00,"PRESENT","iNaturalist Australia"
"2087","999d22dd-b56a-4273-902e-ba75d73d978e","Acraea andromacha","https://biodiversity.org.au/afd/taxa/86294130-ca0d-4e27-81da-5a82a7cd4c87",-27.111565,152.943009,2022-03-15 16:11:00,"PRESENT","iNaturalist Australia"
"2088","99d78da7-49ce-4528-bca9-3b92843ec0e8","Acraea terpsicore","https://biodiversity.org.au/afd/taxa/ba632bea-a7b4-4b60-bf89-d63128cad841",-19.256205,146.793972,2022-04-16 09:52:00,"PRESENT","iNaturalist Australia"
"2089","99d7ba96-2f53-4ff7-b2b4-495092b7ca4d","Acraea andromacha","https://biodiversity.org.au/afd/taxa/86294130-ca0d-4e27-81da-5a82a7cd4c87",-27.06058,153.143653,2024-03-02 14:07:54,"PRESENT","iNaturalist Australia"
"2090","99e5f9af-c3b2-4430-89cf-841cb9e29aa3","Acraea andromacha","https://biodiversity.org.au/afd/taxa/86294130-ca0d-4e27-81da-5a82a7cd4c87",-27.336665,153.077853,2023-04-09 12:34:00,"PRESENT","iNaturalist Australia"
"2091","99efc245-cf79-4252-bd92-c9afe120c07d","Acraea andromacha","https://biodiversity.org.au/afd/taxa/86294130-ca0d-4e27-81da-5a82a7cd4c87",-27.548388,153.219449,2023-04-23 00:42:00,"PRESENT","NatureMapr"
"2092","99f43bad-db92-4901-be31-4032ffe6d3ea","Acraea terpsicore","https://biodiversity.org.au/afd/taxa/ba632bea-a7b4-4b60-bf89-d63128cad841",-23.460556,150.458056,2023-06-24 13:17:00,"PRESENT","iNaturalist Australia"
"2093","9a123330-2d56-443f-a53f-dc3954b20364","Acraea terpsicore","https://biodiversity.org.au/afd/taxa/ba632bea-a7b4-4b60-bf89-d63128cad841",-19.312739,146.772157,2025-08-19 11:37:00,"PRESENT","iNaturalist Australia"
"2094","9a246d54-8de6-4222-8d7c-61af78394207","Acraea andromacha","https://biodiversity.org.au/afd/taxa/86294130-ca0d-4e27-81da-5a82a7cd4c87",-32.226013,152.45486,2024-03-24 15:13:00,"PRESENT","iNaturalist Australia"
"2095","9a29a782-a51a-4aad-8791-9822e78a1970","Acraea andromacha","https://biodiversity.org.au/afd/taxa/86294130-ca0d-4e27-81da-5a82a7cd4c87",-27.579098,151.987411,2021-03-18 16:52:00,"PRESENT","iNaturalist Australia"
"2096","9a3c4c81-037a-488f-b6e4-a3cff0bf4919","Acraea andromacha","https://biodiversity.org.au/afd/taxa/86294130-ca0d-4e27-81da-5a82a7cd4c87",-27.473282,152.786392,2021-06-27 12:04:00,"PRESENT","iNaturalist Australia"
"2097","9a4e98ca-7337-4c18-ab36-0b709990b204","Acraea terpsicore","https://biodiversity.org.au/afd/taxa/ba632bea-a7b4-4b60-bf89-d63128cad841",-21.4058,148.5448,2022-10-25 22:45:00,"PRESENT","Butterflies Australia"
"2098","9a69914f-6975-49e4-8602-b42586ed424f","Acraea terpsicore","https://biodiversity.org.au/afd/taxa/ba632bea-a7b4-4b60-bf89-d63128cad841",-16.71356,137.418347,2025-07-14 10:35:00,"PRESENT","iNaturalist Australia"
"2099","9a7287fe-127b-4a5a-9019-ad041a658b06","Acraea andromacha","https://biodiversity.org.au/afd/taxa/86294130-ca0d-4e27-81da-5a82a7cd4c87",-27.70937,152.90103,2024-03-29 10:19:00,"PRESENT","iNaturalist Australia"
"2100","9a844ef1-92ee-492e-a312-f027f4b28dde","Acraea andromacha","https://biodiversity.org.au/afd/taxa/86294130-ca0d-4e27-81da-5a82a7cd4c87",-27.299944,153.033561,2022-05-03 10:31:00,"PRESENT","iNaturalist Australia"
"2101","9ab979ff-fc00-4c7c-bf3b-18b15b1486d9","Acraea andromacha","https://biodiversity.org.au/afd/taxa/86294130-ca0d-4e27-81da-5a82a7cd4c87",-27.559412,152.105056,2022-03-12 14:24:44,"PRESENT","iNaturalist Australia"
"2102","9ace0cb4-ae76-4c53-a103-a1224193e3b2","Acraea terpsicore","https://biodiversity.org.au/afd/taxa/ba632bea-a7b4-4b60-bf89-d63128cad841",-12.42643,130.937178,2025-06-29 11:41:40,"PRESENT","iNaturalist Australia"
"2103","9ad4855f-d9d6-4c1c-b932-007771b54ad0","Acraea andromacha","https://biodiversity.org.au/afd/taxa/86294130-ca0d-4e27-81da-5a82a7cd4c87",-30.356378,153.105861,2024-11-22 10:44:09,"PRESENT","iNaturalist Australia"
"2104","9af1c433-b5e3-497d-a6a5-02802aed4f95","Acraea andromacha","https://biodiversity.org.au/afd/taxa/afb7279d-cb44-4c89-be73-cf1e0a48cf46",-27.58101,151.97402,2022-01-01,"PRESENT","WildNet - Queensland Wildlife Data"
"2105","9afaeb5b-4e6d-41bb-b97e-002d2c314c7e","Acraea andromacha","https://biodiversity.org.au/afd/taxa/86294130-ca0d-4e27-81da-5a82a7cd4c87",-27.581837,151.992181,2021-01-11 13:20:00,"PRESENT","iNaturalist Australia"
"2106","9b4c5683-7d1a-444c-b371-13cdc20d709d","Acraea andromacha","https://biodiversity.org.au/afd/taxa/86294130-ca0d-4e27-81da-5a82a7cd4c87",-29.120855,153.4485,2023-03-20 13:07:00,"PRESENT","iNaturalist Australia"
"2107","9b4c7a01-b30f-47c1-818f-cb6da893b6ff","Acraea andromacha","https://biodiversity.org.au/afd/taxa/86294130-ca0d-4e27-81da-5a82a7cd4c87",-27.543194,152.859128,2021-09-12 08:41:00,"PRESENT","iNaturalist Australia"
"2108","9b69b37a-68c4-4b55-b3f3-688d5194562d","Acraea andromacha","https://biodiversity.org.au/afd/taxa/86294130-ca0d-4e27-81da-5a82a7cd4c87",-27.677489,152.973654,2025-04-19 10:46:59,"PRESENT","iNaturalist Australia"
"2109","9b80c61b-4230-4ea5-8691-92cf01cc0709","Acraea andromacha","https://biodiversity.org.au/afd/taxa/86294130-ca0d-4e27-81da-5a82a7cd4c87",-27.268149,152.85918,2025-10-24 14:29:00,"PRESENT","iNaturalist Australia"
"2110","9b916b9f-c9e9-47c2-80c1-560c9b0cabfb","Acraea andromacha","https://biodiversity.org.au/afd/taxa/86294130-ca0d-4e27-81da-5a82a7cd4c87",-18.204864,144.585118,2025-09-04 09:37:00,"PRESENT","iNaturalist Australia"
"2111","9bc9cf98-7753-4f81-a3ba-d1d36b3f14eb","Acraea andromacha","https://biodiversity.org.au/afd/taxa/86294130-ca0d-4e27-81da-5a82a7cd4c87",-27.335561,153.082182,2021-05-30 11:32:00,"PRESENT","iNaturalist Australia"
"2112","9bd48cc2-9a43-4e60-9bae-dacb0a41c249","Acraea terpsicore","https://biodiversity.org.au/afd/taxa/ba632bea-a7b4-4b60-bf89-d63128cad841",-18.6122,143.837,2021-01-13 02:00:00,"PRESENT","Butterflies Australia"
"2113","9bf1033f-9c44-445f-bbfb-d6a9c4677a6d","Acraea andromacha","https://biodiversity.org.au/afd/taxa/86294130-ca0d-4e27-81da-5a82a7cd4c87",-27.558153,151.963928,2025-02-26 08:43:09,"PRESENT","iNaturalist Australia"
"2114","9bf6e828-f454-468d-899f-7737af06229c","Acraea andromacha","https://biodiversity.org.au/afd/taxa/86294130-ca0d-4e27-81da-5a82a7cd4c87",-27.505067,152.94018,2025-11-30 16:37:00,"PRESENT","iNaturalist Australia"
"2115","9bf9555f-4640-401b-942d-e4a0a1ce1f37","Acraea terpsicore","https://biodiversity.org.au/afd/taxa/ba632bea-a7b4-4b60-bf89-d63128cad841",-19.18944,146.773964,2022-07-01 12:36:00,"PRESENT","iNaturalist Australia"
"2116","9c03196f-0891-44c6-9b8f-5686c021f208","Acraea andromacha","https://biodiversity.org.au/afd/taxa/86294130-ca0d-4e27-81da-5a82a7cd4c87",-27.61513,153.2137,2023-09-16 01:19:00,"PRESENT","Butterflies Australia"
"2117","9c1799fa-c528-45cb-bc31-88c86782bdc0","Acraea andromacha","https://biodiversity.org.au/afd/taxa/86294130-ca0d-4e27-81da-5a82a7cd4c87",-19.28863,146.7243,2023-05-09 00:45:00,"PRESENT","Butterflies Australia"
"2118","9c17b0f2-d603-4e91-ae77-44db9678b255","Acraea andromacha","https://biodiversity.org.au/afd/taxa/afb7279d-cb44-4c89-be73-cf1e0a48cf46",-27.58101,151.97402,2022-12-01,"PRESENT","WildNet - Queensland Wildlife Data"
"2119","9c31c4db-5538-4127-b0d7-697d2e4ae923","Acraea andromacha","https://biodiversity.org.au/afd/taxa/86294130-ca0d-4e27-81da-5a82a7cd4c87",-28.711705,153.290725,2023-04-20 14:54:14,"PRESENT","iNaturalist Australia"
"2120","9c320488-c709-43e0-8404-24bfc51462eb","Acraea andromacha","https://biodiversity.org.au/afd/taxa/86294130-ca0d-4e27-81da-5a82a7cd4c87",-30.347442,153.027106,2024-04-13 10:42:00,"PRESENT","iNaturalist Australia"
"2121","9c356bb1-bfdd-428b-8d8c-66e23734a972","Acraea andromacha","https://biodiversity.org.au/afd/taxa/86294130-ca0d-4e27-81da-5a82a7cd4c87",-25.724785,152.789979,2024-01-25 09:37:00,"PRESENT","iNaturalist Australia"
"2122","9c3af7cd-5ece-4776-b3bd-675cb0cefd22","Acraea andromacha","https://biodiversity.org.au/afd/taxa/86294130-ca0d-4e27-81da-5a82a7cd4c87",-33.594646,150.338104,2024-01-13 11:41:00,"PRESENT","iNaturalist Australia"
"2123","9c3d2ef1-7f63-4d4e-8729-c34b74e53b1e","Acraea andromacha","https://biodiversity.org.au/afd/taxa/86294130-ca0d-4e27-81da-5a82a7cd4c87",-27.744905,152.78259,2023-02-25 10:26:11,"PRESENT","iNaturalist Australia"
"2124","9c7bcfe3-6887-4afc-b33b-62bf187f04de","Adenia heterophylla","https://id.biodiversity.org.au/taxon/apni/51442112",-16.508892,145.376358,2022-07-02 17:37:00,"PRESENT","Earth Guardians Weekly Feed"
"2125","9c9e1116-9a15-4e3f-a3a5-c9575056cf34","Afrohybanthus enneaspermus","https://id.biodiversity.org.au/taxon/apni/51448720",-13.76798,136.663852,2021-06-19,"PRESENT","Flora Atlas N.T."
"2126","9cf31da8-0271-4f6d-af02-1f138b64c759","Acraea andromacha","https://biodiversity.org.au/afd/taxa/86294130-ca0d-4e27-81da-5a82a7cd4c87",-29.339629,153.249117,2021-01-28 01:28:41,"PRESENT","iNaturalist Australia"
"2127","9d172a4b-a622-4537-8197-d4a3bf204ffb","Acraea terpsicore","https://biodiversity.org.au/afd/taxa/ba632bea-a7b4-4b60-bf89-d63128cad841",-22.4204,148.697,2022-10-25 01:15:00,"PRESENT","Butterflies Australia"
"2128","9d1b9afe-1433-4221-9de5-bc325149c71b","Acraea andromacha","https://biodiversity.org.au/afd/taxa/afb7279d-cb44-4c89-be73-cf1e0a48cf46",-27.26093,152.06809,2022-12-03,"PRESENT","WildNet - Queensland Wildlife Data"
"2129","9d24b7dd-a204-48de-942e-3efe029ccb8d","Acraea terpsicore","https://biodiversity.org.au/afd/taxa/ba632bea-a7b4-4b60-bf89-d63128cad841",-14.316143,132.42125,2024-09-06 13:37:00,"PRESENT","iNaturalist Australia"
"2130","9d3bc36d-5df1-4b50-8072-fd0cbd8f60cd","Acraea andromacha","https://biodiversity.org.au/afd/taxa/86294130-ca0d-4e27-81da-5a82a7cd4c87",-34.098883,150.827697,2024-10-01 10:10:50,"PRESENT","iNaturalist Australia"
"2131","9d43c38d-1465-4ce6-b3bc-2100f3e151ae","Afrohybanthus enneaspermus","https://id.biodiversity.org.au/taxon/apni/51448720",-16.34293,133.83511,2022-02-20,"PRESENT","Flora Atlas N.T."
"2132","9d8cf8d8-cf3c-40d1-b2b0-0bbc39598e5b","Acraea terpsicore","https://biodiversity.org.au/afd/taxa/ba632bea-a7b4-4b60-bf89-d63128cad841",-18.0425,144.8982,2021-04-25 01:45:00,"PRESENT","Butterflies Australia"
"2133","9d900b26-61c4-4561-b4b9-50314f1d007c","Acraea terpsicore","https://biodiversity.org.au/afd/taxa/ba632bea-a7b4-4b60-bf89-d63128cad841",-19.404261,146.815524,2021-08-10 11:35:00,"PRESENT","iNaturalist Australia"
"2134","9db091df-ca00-4cac-bf72-91239050b7ff","Acraea andromacha","https://biodiversity.org.au/afd/taxa/86294130-ca0d-4e27-81da-5a82a7cd4c87",-30.364241,153.065962,2021-03-02 14:24:00,"PRESENT","iNaturalist Australia"
"2135","9dd4c9db-6e47-4e12-9800-951e6ed41a4d","Acraea andromacha","https://biodiversity.org.au/afd/taxa/86294130-ca0d-4e27-81da-5a82a7cd4c87",-29.780646,151.279653,2023-04-01 19:04:00,"PRESENT","iNaturalist Australia"
"2136","9dd4dd01-823e-4676-9eeb-2ff46fcc9bc6","Acraea terpsicore","https://biodiversity.org.au/afd/taxa/ba632bea-a7b4-4b60-bf89-d63128cad841",-25.887934,152.629341,2022-03-17 13:31:00,"PRESENT","iNaturalist Australia"
"2137","9df86165-a5e4-4e80-a621-9c1bbb746666","Acraea andromacha","https://biodiversity.org.au/afd/taxa/86294130-ca0d-4e27-81da-5a82a7cd4c87",-25.057272,148.24043,2025-05-26 10:21:48,"PRESENT","iNaturalist Australia"
"2138","9e153f31-42e8-401a-afff-0eb14b37a2c3","Acraea andromacha","https://biodiversity.org.au/afd/taxa/86294130-ca0d-4e27-81da-5a82a7cd4c87",-27.73201,152.774566,2025-07-11 10:57:00,"PRESENT","iNaturalist Australia"
"2139","9e18079b-cc8a-4e0b-b4ad-26dc349978a1","Acraea andromacha","https://biodiversity.org.au/afd/taxa/86294130-ca0d-4e27-81da-5a82a7cd4c87",-27.436167,153.546068,2025-05-25 14:04:00,"PRESENT","iNaturalist Australia"
"2140","9e27d7f2-aaa6-40aa-8e37-dd3d2ca027e1","Acraea andromacha","https://biodiversity.org.au/afd/taxa/86294130-ca0d-4e27-81da-5a82a7cd4c87",-28.6431,152.1733,2025-02-19 16:15:00,"PRESENT","iNaturalist Australia"
"2141","9e549ca6-2960-4821-ae6b-3a082c2cd252","Acraea andromacha","https://biodiversity.org.au/afd/taxa/86294130-ca0d-4e27-81da-5a82a7cd4c87",-27.650514,152.903152,2024-06-28 09:42:46,"PRESENT","iNaturalist Australia"
"2142","9e71961e-0113-41a4-bc02-acd48c9ef0ea","Acraea andromacha","https://biodiversity.org.au/afd/taxa/86294130-ca0d-4e27-81da-5a82a7cd4c87",-27.238873,152.810401,2023-01-07 13:41:00,"PRESENT","iNaturalist Australia"
"2143","9e7fe894-f472-4652-9617-83e8694eaddf","Acraea terpsicore","https://biodiversity.org.au/afd/taxa/ba632bea-a7b4-4b60-bf89-d63128cad841",-17.92329,138.75086,2023-09-11 02:49:00,"PRESENT","Butterflies Australia"
"2144","9e87a4f9-ad00-4f54-86f6-ee9d02ad685f","Acraea andromacha","https://biodiversity.org.au/afd/taxa/86294130-ca0d-4e27-81da-5a82a7cd4c87",-27.26968,152.85994,2024-11-04 08:54:00,"PRESENT","iNaturalist Australia"
"2145","9e990795-e21e-405d-89c6-93ad5ba1b8f9","Afrohybanthus enneaspermus","https://id.biodiversity.org.au/taxon/apni/51448720",-14.83218,132.98129,2022-02-20,"PRESENT","Flora Atlas N.T."
"2146","9ea82369-a562-4f03-ab8e-9ea5d5f098bf","Acraea andromacha","https://biodiversity.org.au/afd/taxa/86294130-ca0d-4e27-81da-5a82a7cd4c87",-24.714,150.9897,2022-10-12 14:15:00,"PRESENT","Butterflies Australia"
"2147","9eb1bddb-9e2d-40cb-8c73-76d88a22cf79","Acraea terpsicore","https://biodiversity.org.au/afd/taxa/ba632bea-a7b4-4b60-bf89-d63128cad841",-26.61881,153.0658,2024-03-02 09:59:00,"PRESENT","iNaturalist Australia"
"2148","9f087728-0610-4d5e-8665-b3b60b8cf62b","Acraea terpsicore","https://biodiversity.org.au/afd/taxa/ba632bea-a7b4-4b60-bf89-d63128cad841",-20.714972,140.477208,2025-06-23 12:03:00,"PRESENT","iNaturalist Australia"
"2149","9f14b511-dfe1-4ac3-b19b-985901d6141b","Afrohybanthus enneaspermus","https://id.biodiversity.org.au/taxon/apni/51448720",-16.30478,133.54362,2022-02-21,"PRESENT","Flora Atlas N.T."
"2150","9f1804a0-3bc5-4e5e-8a85-647c528b937d","Acraea terpsicore","https://biodiversity.org.au/afd/taxa/ba632bea-a7b4-4b60-bf89-d63128cad841",-19.191259,146.771706,2021-03-05 08:33:00,"PRESENT","iNaturalist Australia"
"2151","9f1ec777-77b2-4b27-9e3d-7e20800dbc54","Acraea andromacha","https://biodiversity.org.au/afd/taxa/86294130-ca0d-4e27-81da-5a82a7cd4c87",-34.256942,150.229538,2024-12-31 10:48:19,"PRESENT","iNaturalist Australia"
"2152","9f2d3eea-79b7-4f5e-b80f-5c6ba53c4691","Acraea terpsicore","https://biodiversity.org.au/afd/taxa/ba632bea-a7b4-4b60-bf89-d63128cad841",-15.814888,144.858505,2021-05-24 15:55:00,"PRESENT","Earth Guardians Weekly Feed"
"2153","9f2eb7dc-08a9-46a8-a0cd-22d1a5f63981","Acraea andromacha","https://biodiversity.org.au/afd/taxa/86294130-ca0d-4e27-81da-5a82a7cd4c87",-27.49218,152.7443,2022-02-16 22:52:00,"PRESENT","Butterflies Australia"
"2154","9f31f857-f52b-4933-ae3a-bc12465ee822","Acraea andromacha","https://biodiversity.org.au/afd/taxa/86294130-ca0d-4e27-81da-5a82a7cd4c87",-30.109883,153.211137,2025-07-21 09:50:12,"PRESENT","iNaturalist Australia"
"2155","9f32b1bc-7cf8-44b4-88b9-17e1238004e3","Acraea terpsicore","https://biodiversity.org.au/afd/taxa/ba632bea-a7b4-4b60-bf89-d63128cad841",-12.022536,135.571253,2022-02-03 11:17:58,"PRESENT","iNaturalist Australia"
"2156","9f33e554-f8cb-44c9-a867-d1bffbcdef27","Acraea terpsicore","https://biodiversity.org.au/afd/taxa/ba632bea-a7b4-4b60-bf89-d63128cad841",-20.589702,139.493803,2022-10-02 12:36:27,"PRESENT","iNaturalist Australia"
"2157","9f5cfe52-86b0-4063-9fee-744b91f87417","Acraea terpsicore","https://biodiversity.org.au/afd/taxa/ba632bea-a7b4-4b60-bf89-d63128cad841",-20.8408,144.2046,2022-09-24 00:15:00,"PRESENT","Butterflies Australia"
"2158","9f68151e-f8e0-4e0a-aafe-bda705fb7679","Acraea terpsicore","https://biodiversity.org.au/afd/taxa/ba632bea-a7b4-4b60-bf89-d63128cad841",-16.833987,145.699694,2021-09-17 11:05:00,"PRESENT","iNaturalist Australia"
"2159","9f6d5350-f5f9-4e6d-bb1f-bec5332a00fd","Acraea andromacha","https://biodiversity.org.au/afd/taxa/86294130-ca0d-4e27-81da-5a82a7cd4c87",-24.848181,152.475205,2021-10-22 17:17:00,"PRESENT","iNaturalist Australia"
"2160","9f7b0d3f-c0bc-4b08-bfd4-4a3ee24e7d71","Acraea terpsicore","https://biodiversity.org.au/afd/taxa/ba632bea-a7b4-4b60-bf89-d63128cad841",-23.737819,133.855233,2023-02-27 18:12:00,"PRESENT","iNaturalist Australia"
"2161","9f7b34c2-f704-4ea5-a909-90437163a818","Afrohybanthus enneaspermus","https://id.biodiversity.org.au/taxon/apni/51448720",-23.494528,150.476931,2023-04-08 07:33:24,"PRESENT","iNaturalist Australia"
"2162","9f88a6a7-31be-4fc1-9750-be0ec3b02943","Acraea andromacha","https://biodiversity.org.au/afd/taxa/86294130-ca0d-4e27-81da-5a82a7cd4c87",-27.98233,152.293278,2023-04-11 13:20:10,"PRESENT","iNaturalist Australia"
"2163","9fa3dec3-07d2-4412-b7d0-a69d9aeead00","Acraea andromacha","https://biodiversity.org.au/afd/taxa/86294130-ca0d-4e27-81da-5a82a7cd4c87",-18.1088,144.8255,2022-11-23 15:00:00,"PRESENT","Butterflies Australia"
"2164","9fc79f9e-a0a4-495f-9c65-024490b953db","Acraea andromacha","https://biodiversity.org.au/afd/taxa/86294130-ca0d-4e27-81da-5a82a7cd4c87",-25.371901,152.876607,2025-02-21 14:04:09,"PRESENT","iNaturalist Australia"
"2165","9fd8df17-9df7-49eb-89e9-63ae749171dc","Acraea andromacha","https://biodiversity.org.au/afd/taxa/86294130-ca0d-4e27-81da-5a82a7cd4c87",-27.345289,153.076392,2024-02-17 10:25:10,"PRESENT","iNaturalist Australia"
"2166","9ff7d071-df2a-466b-9a6d-d412fee78eb1","Acraea andromacha","https://biodiversity.org.au/afd/taxa/86294130-ca0d-4e27-81da-5a82a7cd4c87",-27.3,153.1,2021-05-30 11:33:00,"PRESENT","Earth Guardians Weekly Feed"
"2167","9ff8a7fd-d85c-41c4-8911-ca0be8ab7dde","Acraea andromacha","https://biodiversity.org.au/afd/taxa/86294130-ca0d-4e27-81da-5a82a7cd4c87",-30.356164,153.107638,2023-01-22 12:38:00,"PRESENT","iNaturalist Australia"
"2168","9ff8b225-0233-4b01-bd36-5aa99603bdf0","Acraea andromacha","https://biodiversity.org.au/afd/taxa/86294130-ca0d-4e27-81da-5a82a7cd4c87",-27.261314,152.899999,2021-01-26 08:24:00,"PRESENT","iNaturalist Australia"
"2169","9ffa52e6-aeef-4ddd-82a4-52328f8d1331","Acraea terpsicore","https://biodiversity.org.au/afd/taxa/ba632bea-a7b4-4b60-bf89-d63128cad841",-26.929556,152.932319,2025-02-09 12:32:04,"PRESENT","iNaturalist Australia"
"2170","a01a4298-1994-4602-abc7-601589912a74","Acraea terpsicore","https://biodiversity.org.au/afd/taxa/ba632bea-a7b4-4b60-bf89-d63128cad841",-23.398416,150.48917,2025-04-05 14:05:42,"PRESENT","iNaturalist Australia"
"2171","a02cb493-93b0-4f02-854e-ea08849cd37c","Acraea terpsicore","https://biodiversity.org.au/afd/taxa/ba632bea-a7b4-4b60-bf89-d63128cad841",-16.786864,145.690612,2022-04-11 09:42:00,"PRESENT","iNaturalist Australia"
"2172","a0336ad0-a368-41db-8447-4f6f9afb54ad","Acraea andromacha","https://biodiversity.org.au/afd/taxa/86294130-ca0d-4e27-81da-5a82a7cd4c87",-32.447828,150.726091,2022-04-12 09:17:00,"PRESENT","iNaturalist Australia"
"2173","a04eac6a-1e2e-41af-9925-f1d0f14e89d5","Acraea andromacha","https://biodiversity.org.au/afd/taxa/86294130-ca0d-4e27-81da-5a82a7cd4c87",-27.54336,153.07291,2022-04-22 02:34:00,"PRESENT","Butterflies Australia"
"2174","a0539b8e-a7f0-46bb-a7e9-f2218ea386bd","Acraea andromacha","https://biodiversity.org.au/afd/taxa/86294130-ca0d-4e27-81da-5a82a7cd4c87",-14.674111,125.732576,2024-06-04 05:26:06,"PRESENT","iNaturalist Australia"
"2175","a05a0879-38fa-4d58-a7f4-89c8fcb0c9e9","Acraea andromacha","https://biodiversity.org.au/afd/taxa/86294130-ca0d-4e27-81da-5a82a7cd4c87",-27.7,152.8,2021-11-16 11:36:00,"PRESENT","Earth Guardians Weekly Feed"
"2176","a09a47d3-4d41-43f2-b6e2-ac61ed22c4ff","Acraea andromacha","https://biodiversity.org.au/afd/taxa/86294130-ca0d-4e27-81da-5a82a7cd4c87",-27.57183,152.93166,2023-01-07 06:29:00,"PRESENT","Butterflies Australia"
"2177","a09b333c-b06f-4dba-929e-c260281c0b71","Acraea terpsicore","https://biodiversity.org.au/afd/taxa/ba632bea-a7b4-4b60-bf89-d63128cad841",-18.646488,139.250488,2025-07-04 14:59:00,"PRESENT","iNaturalist Australia"
"2178","a09e5318-979d-4dda-b415-f8b0abea52ec","Acraea andromacha","https://biodiversity.org.au/afd/taxa/86294130-ca0d-4e27-81da-5a82a7cd4c87",-24.7168,150.9931,2022-10-15 00:30:00,"PRESENT","Butterflies Australia"
"2179","a0a2cf41-16c8-44c1-9992-6a58fa8cf600","Acraea andromacha","https://biodiversity.org.au/afd/taxa/86294130-ca0d-4e27-81da-5a82a7cd4c87",-27.261306,152.899998,2021-03-14 08:43:34,"PRESENT","iNaturalist Australia"
"2180","a0b1aae5-c4a1-4aca-823c-7f8b090413eb","Acraea terpsicore","https://biodiversity.org.au/afd/taxa/ba632bea-a7b4-4b60-bf89-d63128cad841",-19.261825,146.810547,2024-02-25 16:36:08,"PRESENT","iNaturalist Australia"
"2181","a0b87c0b-e439-42d0-a3aa-5c4827f6d174","Acraea andromacha","https://biodiversity.org.au/afd/taxa/86294130-ca0d-4e27-81da-5a82a7cd4c87",-27.849677,153.200051,2022-12-19 11:59:00,"PRESENT","iNaturalist Australia"
"2182","a0bd689f-d7b0-4e1e-92e7-c9671884ddcf","Acraea terpsicore","https://biodiversity.org.au/afd/taxa/ba632bea-a7b4-4b60-bf89-d63128cad841",-12.411528,132.957519,2025-06-15 15:48:00,"PRESENT","iNaturalist Australia"
"2183","a0c54595-c1ee-4757-93bb-cf5427a95d27","Acraea andromacha","https://biodiversity.org.au/afd/taxa/86294130-ca0d-4e27-81da-5a82a7cd4c87",-28.550108,151.801377,2023-03-04 08:28:36,"PRESENT","iNaturalist Australia"
"2184","a0d33dce-855a-4fc7-9f7d-f9ebad341b41","Afrohybanthus enneaspermus","https://id.biodiversity.org.au/taxon/apni/51448720",-12.466817,130.987144,2024-12-11 10:12:00,"PRESENT","iNaturalist Australia"
"2185","a0d98794-ee2b-4d86-bc6d-549745318588","Acraea andromacha","https://biodiversity.org.au/afd/taxa/86294130-ca0d-4e27-81da-5a82a7cd4c87",-18.21779,139.87849,2023-09-14 00:30:00,"PRESENT","Butterflies Australia"
"2186","a0e0e0df-29f8-4a74-b4ac-b7f310419160","Afrohybanthus enneaspermus","https://id.biodiversity.org.au/taxon/apni/51448720",-23.493498,150.479513,2025-02-09 07:04:18,"PRESENT","iNaturalist Australia"
"2187","a0e0facf-f24b-400b-843b-361535514a28","Acraea andromacha","https://biodiversity.org.au/afd/taxa/86294130-ca0d-4e27-81da-5a82a7cd4c87",-25.055599,148.213634,2021-04-30 11:11:00,"PRESENT","iNaturalist Australia"
"2188","a108313d-7e22-4f8c-aa06-a4aa77e208c8","Acraea andromacha","https://biodiversity.org.au/afd/taxa/86294130-ca0d-4e27-81da-5a82a7cd4c87",-28.028806,153.312996,2024-12-13 09:34:00,"PRESENT","iNaturalist Australia"
"2189","a1113496-6143-4eee-afe1-5fcf79bf7290","Acraea andromacha","https://biodiversity.org.au/afd/taxa/86294130-ca0d-4e27-81da-5a82a7cd4c87",-30.508447,151.656016,2024-03-27 12:54:53,"PRESENT","iNaturalist Australia"
"2190","a1120587-8cd8-40fb-8ef3-43ce30fd906a","Acraea terpsicore","https://biodiversity.org.au/afd/taxa/ba632bea-a7b4-4b60-bf89-d63128cad841",-19.258522,146.802262,2023-04-24 13:35:09,"PRESENT","iNaturalist Australia"
"2191","a112539c-9c6b-4f82-9c64-ca66d7a441b0","Acraea andromacha","https://biodiversity.org.au/afd/taxa/86294130-ca0d-4e27-81da-5a82a7cd4c87",-28.71902,152.419957,2023-04-11 16:46:00,"PRESENT","iNaturalist Australia"
"2192","a11b9047-7067-4690-b0a2-e1b65a4c8395","Acraea andromacha","https://biodiversity.org.au/afd/taxa/86294130-ca0d-4e27-81da-5a82a7cd4c87",-24.80202,152.44386,2021-04-16 10:50:00,"PRESENT","Butterflies Australia"
"2193","a127e5f4-f576-4666-8b99-c654cfe085e5","Acraea andromacha","https://biodiversity.org.au/afd/taxa/86294130-ca0d-4e27-81da-5a82a7cd4c87",-29.99391,153.21911,2021-09-14 11:30:00,"PRESENT","iNaturalist Australia"
"2194","a135c464-1d82-4f56-b248-b0f6f9c19a3b","Acraea terpsicore","https://biodiversity.org.au/afd/taxa/ba632bea-a7b4-4b60-bf89-d63128cad841",-18.688224,138.531548,2025-06-25 15:24:00,"PRESENT","iNaturalist Australia"
"2195","a1361526-47ee-4399-97c1-8509118d6c49","Acraea terpsicore","https://biodiversity.org.au/afd/taxa/ba632bea-a7b4-4b60-bf89-d63128cad841",-19.279092,146.725991,2026-01-03 12:47:00,"PRESENT","iNaturalist Australia"
"2196","a15a5da4-0685-440d-9e19-18c593127eac","Acraea andromacha","https://biodiversity.org.au/afd/taxa/86294130-ca0d-4e27-81da-5a82a7cd4c87",-27.61955,152.769733,2021-04-22 13:39:00,"PRESENT","iNaturalist Australia"
"2197","a176cc15-e3a4-476d-8ac2-b57b675be05e","Acraea terpsicore","https://biodiversity.org.au/afd/taxa/ba632bea-a7b4-4b60-bf89-d63128cad841",-17.365211,145.420383,2025-05-28 10:33:50,"PRESENT","iNaturalist Australia"
"2198","a180dd0b-27ae-446d-b273-cc8886531141","Acraea terpsicore","https://biodiversity.org.au/afd/taxa/ba632bea-a7b4-4b60-bf89-d63128cad841",-20.364578,144.460328,2025-08-13 12:16:10,"PRESENT","iNaturalist Australia"
"2199","a181c24a-4bee-4987-82b5-5910186e8344","Acraea andromacha","https://biodiversity.org.au/afd/taxa/86294130-ca0d-4e27-81da-5a82a7cd4c87",-24.0755,148.05,2022-10-10,"PRESENT","Butterflies Australia"
"2200","a186d98d-bd56-49c3-93f3-d89655cfd99b","Acraea andromacha","https://biodiversity.org.au/afd/taxa/86294130-ca0d-4e27-81da-5a82a7cd4c87",-27.54301,153.07271,2022-01-29 21:48:00,"PRESENT","Butterflies Australia"
"2201","a18a815a-2e83-43ee-9798-b99b94acad33","Acraea terpsicore","https://biodiversity.org.au/afd/taxa/ba632bea-a7b4-4b60-bf89-d63128cad841",-17.408804,124.945046,2021-06-25 14:57:00,"PRESENT","iNaturalist Australia"
"2202","a1a80907-2f75-4ce0-9b14-47eaacaa96db","Afrohybanthus enneaspermus","https://id.biodiversity.org.au/taxon/apni/51448720",-12.331519,136.933853,2024-05-07 07:55:00,"PRESENT","iNaturalist Australia"
"2203","a1ae64c7-3efb-4510-a929-ac3efdeffd95","Acraea andromacha","https://biodiversity.org.au/afd/taxa/86294130-ca0d-4e27-81da-5a82a7cd4c87",-26.377502,153.108168,2025-07-01 01:15:00,"PRESENT","NatureMapr"
"2204","a1b27a07-318e-4a51-8feb-4ee033fec567","Acraea andromacha","https://biodiversity.org.au/afd/taxa/86294130-ca0d-4e27-81da-5a82a7cd4c87",-27.276782,153.026501,2024-02-01 10:10:00,"PRESENT","iNaturalist Australia"
"2205","a1c5919e-b025-49e5-9101-40a203751fd4","Acraea terpsicore","https://biodiversity.org.au/afd/taxa/ba632bea-a7b4-4b60-bf89-d63128cad841",-17.465432,140.828973,2025-05-24 12:35:50,"PRESENT","iNaturalist Australia"
"2206","a1c67126-f043-4204-9c87-681b6e57dae7","Acraea andromacha","https://biodiversity.org.au/afd/taxa/86294130-ca0d-4e27-81da-5a82a7cd4c87",-27.500056,152.740167,2022-09-04 11:17:00,"PRESENT","iNaturalist Australia"
"2207","a226ac71-fac3-4582-8dd2-ff095196a579","Acraea andromacha","https://biodiversity.org.au/afd/taxa/86294130-ca0d-4e27-81da-5a82a7cd4c87",-24.113263,152.715254,2025-10-08 03:32:00,"PRESENT","iNaturalist Australia"
"2208","a232f2c7-95e0-49fd-bcea-9148e6d08604","Acraea andromacha","https://biodiversity.org.au/afd/taxa/86294130-ca0d-4e27-81da-5a82a7cd4c87",-34.155369,150.796389,2024-03-13 12:19:03,"PRESENT","iNaturalist Australia"
"2209","a234f11b-ecac-490d-97a2-463e494f6213","Acraea andromacha","https://biodiversity.org.au/afd/taxa/86294130-ca0d-4e27-81da-5a82a7cd4c87",-30.351844,153.079405,2025-05-10 22:05:11,"PRESENT","iNaturalist Australia"
"2210","a244a910-77a7-4556-b238-25efd795d4a7","Acraea terpsicore","https://biodiversity.org.au/afd/taxa/ba632bea-a7b4-4b60-bf89-d63128cad841",-18.656193,146.148165,2021-09-28 15:08:00,"PRESENT","iNaturalist Australia"
"2211","a259cd5b-1efe-4325-a071-28ae2861e938","Afrohybanthus enneaspermus","https://id.biodiversity.org.au/taxon/apni/51448720",-16.72754,134.96762,2022-02-16,"PRESENT","Flora Atlas N.T."
"2212","a2621b14-2fb5-41e4-9097-88a0b18142b1","Acraea andromacha","https://biodiversity.org.au/afd/taxa/86294130-ca0d-4e27-81da-5a82a7cd4c87",-30.376455,153.104186,2022-10-09 13:12:49,"PRESENT","iNaturalist Australia"
"2213","a27b2176-221e-4622-b683-8ca6009a26b6","Acraea terpsicore","https://biodiversity.org.au/afd/taxa/ba632bea-a7b4-4b60-bf89-d63128cad841",-18.135885,144.339635,2022-09-11 15:15:00,"PRESENT","Butterflies Australia"
"2214","a284257a-3437-497a-b7bf-5f8d92e80ef6","Acraea andromacha","https://biodiversity.org.au/afd/taxa/86294130-ca0d-4e27-81da-5a82a7cd4c87",-25.220791,153.257158,2026-01-21 18:10:06,"PRESENT","iNaturalist Australia"
"2215","a28c027f-de14-4f1c-99ed-01e769ae6219","Acraea terpsicore","https://biodiversity.org.au/afd/taxa/ba632bea-a7b4-4b60-bf89-d63128cad841",-17.38664,145.37717,2022-03-10 08:12:00,"PRESENT","iNaturalist Australia"
"2216","a29dce05-87f8-44d5-8f62-319f7dcde859","Acraea andromacha","https://biodiversity.org.au/afd/taxa/86294130-ca0d-4e27-81da-5a82a7cd4c87",-27.180658,152.047982,2021-08-25 15:57:00,"PRESENT","iNaturalist Australia"
"2217","a2ab62d5-b2a1-4e12-9ea8-23b5f09f81af","Acraea terpsicore","https://biodiversity.org.au/afd/taxa/ba632bea-a7b4-4b60-bf89-d63128cad841",-19.28934,146.723325,2023-05-31 13:12:24,"PRESENT","iNaturalist Australia"
"2218","a2b19afa-518e-4513-8e89-9eb1086b4f19","Acraea andromacha","https://biodiversity.org.au/afd/taxa/86294130-ca0d-4e27-81da-5a82a7cd4c87",-30.233749,150.104122,2023-03-09 08:57:00,"PRESENT","iNaturalist Australia"
"2219","a2c70327-cc66-49e6-82d5-b9709a52819a","Acraea andromacha","https://biodiversity.org.au/afd/taxa/86294130-ca0d-4e27-81da-5a82a7cd4c87",-25.961359,152.661991,2025-12-25 11:05:00,"PRESENT","iNaturalist Australia"
"2220","a2dcd950-fc38-47b5-bdba-0e0cee3391eb","Acraea andromacha","https://biodiversity.org.au/afd/taxa/86294130-ca0d-4e27-81da-5a82a7cd4c87",-24.151383,151.88533,2022-10-19 09:54:00,"PRESENT","iNaturalist Australia"
"2221","a2e8c3a9-9c7f-485b-a68f-1dc6194184f5","Afrohybanthus enneaspermus","https://id.biodiversity.org.au/taxon/apni/51448720",-23.658056,118.870556,2023-06-09,"PRESENT","Northern Territory Herbarium (DNA) AVH data"
"2222","a2eca449-8474-4aaa-9225-01105988fd41","Acraea andromacha","https://biodiversity.org.au/afd/taxa/86294130-ca0d-4e27-81da-5a82a7cd4c87",-27.420228,152.740313,2023-07-29 06:08:00,"PRESENT","iNaturalist Australia"
"2223","a2f50b13-b632-4ea2-84ba-8e32fa422ac5","Acraea andromacha","https://biodiversity.org.au/afd/taxa/86294130-ca0d-4e27-81da-5a82a7cd4c87",-25.771197,152.501438,2024-04-27 09:11:00,"PRESENT","iNaturalist Australia"
"2224","a30bf053-d7f7-499b-8884-71e5cd292754","Acraea andromacha","https://biodiversity.org.au/afd/taxa/86294130-ca0d-4e27-81da-5a82a7cd4c87",-27.905316,152.88167,2024-02-20 11:09:00,"PRESENT","iNaturalist Australia"
"2225","a30f8c8a-33fc-42fd-a161-8005fa5516aa","Acraea terpsicore","https://biodiversity.org.au/afd/taxa/ba632bea-a7b4-4b60-bf89-d63128cad841",-17.214841,145.642617,2023-04-16,"PRESENT","iNaturalist Australia"
"2226","a345ad10-087f-4338-a36e-a9d4f04d57a3","Acraea terpsicore","https://biodiversity.org.au/afd/taxa/ba632bea-a7b4-4b60-bf89-d63128cad841",-20.494273,147.967184,2023-04-04 12:34:00,"PRESENT","iNaturalist Australia"
"2227","a36635fe-6265-42f8-b7cf-809f0a3e90d0","Acraea andromacha","https://biodiversity.org.au/afd/taxa/86294130-ca0d-4e27-81da-5a82a7cd4c87",-27.490273,152.679065,2023-07-27 06:01:00,"PRESENT","iNaturalist Australia"
"2228","a36bb5d0-7e25-4822-978c-8aabe5133d89","Acraea terpsicore","https://biodiversity.org.au/afd/taxa/ba632bea-a7b4-4b60-bf89-d63128cad841",-21.983692,146.37387,2022-03-23 08:51:56,"PRESENT","iNaturalist Australia"
"2229","a372f27c-23fd-46cd-9d2e-c00f661cbdb4","Afrohybanthus enneaspermus","https://id.biodiversity.org.au/taxon/apni/51448720",-21.977707,148.386724,2024-02-20 10:21:01,"PRESENT","iNaturalist Australia"
"2230","a38055c4-9c31-43d1-b976-8eda47d43101","Acraea andromacha","https://biodiversity.org.au/afd/taxa/86294130-ca0d-4e27-81da-5a82a7cd4c87",-27.848597,153.197026,2025-02-20 09:11:00,"PRESENT","iNaturalist Australia"
"2231","a3871f9f-71c9-4ed1-b676-2c9b1a0e903e","Acraea terpsicore","https://biodiversity.org.au/afd/taxa/ba632bea-a7b4-4b60-bf89-d63128cad841",-12.453936,130.950125,2024-05-18 13:54:00,"PRESENT","iNaturalist Australia"
"2232","a38c8661-958b-4526-80b1-f0352bed2bbd","Acraea andromacha","https://biodiversity.org.au/afd/taxa/86294130-ca0d-4e27-81da-5a82a7cd4c87",-19.5865,144.0168,2022-11-22 23:30:00,"PRESENT","Butterflies Australia"
"2233","a3a32e7b-905f-4959-b643-2ffda99aa876","Adenia heterophylla","https://id.biodiversity.org.au/taxon/apni/51442111",-14.540928,125.598603,2023-08-25 14:59:11,"PRESENT","iNaturalist Australia"
"2234","a3c39fd8-59a1-47cb-b58b-ed4d1b1adeaf","Acraea andromacha","https://biodiversity.org.au/afd/taxa/86294130-ca0d-4e27-81da-5a82a7cd4c87",-27.542661,153.072987,2025-04-29 11:30:54,"PRESENT","iNaturalist Australia"
"2235","a3d30656-174e-458f-b5b8-903a1b3b606e","Acraea terpsicore","https://biodiversity.org.au/afd/taxa/ba632bea-a7b4-4b60-bf89-d63128cad841",-17.26412,145.448831,2022-04-10 14:42:15,"PRESENT","iNaturalist Australia"
"2236","a3ef7a09-bdf1-4229-917f-e41c65ccaa6f","Acraea andromacha","https://biodiversity.org.au/afd/taxa/86294130-ca0d-4e27-81da-5a82a7cd4c87",-24.113391,152.717578,2025-08-11 11:06:24,"PRESENT","iNaturalist Australia"
"2237","a3f52d4b-e2cd-460a-836a-463c7227792c","Acraea andromacha","https://biodiversity.org.au/afd/taxa/86294130-ca0d-4e27-81da-5a82a7cd4c87",-30.288557,152.737727,2023-01-28 13:49:00,"PRESENT","iNaturalist Australia"
"2238","a3fa63ca-9567-4ff9-91d5-69cd062eb306","Afrohybanthus enneaspermus","https://id.biodiversity.org.au/taxon/apni/51448720",-13.861688,136.81173,2022-05-13 11:10:00,"PRESENT","iNaturalist Australia"
"2239","a408864f-a8ea-487e-af49-13abc0950031","Acraea andromacha","https://biodiversity.org.au/afd/taxa/86294130-ca0d-4e27-81da-5a82a7cd4c87",-31.43669,150.890301,2023-02-21 13:59:00,"PRESENT","iNaturalist Australia"
"2240","a409f91a-a4c5-450e-be04-23f58288e78b","Acraea andromacha","https://biodiversity.org.au/afd/taxa/86294130-ca0d-4e27-81da-5a82a7cd4c87",-27.550572,153.048125,2022-01-06 08:45:42,"PRESENT","iNaturalist Australia"
"2241","a44295e6-6522-46cf-b552-24d675f840e8","Acraea andromacha","https://biodiversity.org.au/afd/taxa/86294130-ca0d-4e27-81da-5a82a7cd4c87",-28.637137,153.63742,2023-05-26 13:00:25,"PRESENT","iNaturalist Australia"
"2242","a45972ee-ac22-4f6a-84f9-05dfe7649476","Acraea terpsicore","https://biodiversity.org.au/afd/taxa/ba632bea-a7b4-4b60-bf89-d63128cad841",-12.395571,130.933739,2025-07-08 14:09:00,"PRESENT","iNaturalist Australia"
"2243","a45c9b90-a7ae-4559-a8d5-cd1054ee3251","Acraea andromacha","https://biodiversity.org.au/afd/taxa/86294130-ca0d-4e27-81da-5a82a7cd4c87",-26.27165,151.897353,2025-09-14 09:44:26,"PRESENT","iNaturalist Australia"
"2244","a47b65cb-2902-4dfd-9ad8-a350524c861e","Acraea andromacha","https://biodiversity.org.au/afd/taxa/86294130-ca0d-4e27-81da-5a82a7cd4c87",-27.340719,153.0813,2021-03-28 11:37:59,"PRESENT","iNaturalist Australia"
"2245","a47d557b-b66a-4dfc-953b-e7438564285d","Acraea andromacha","https://biodiversity.org.au/afd/taxa/86294130-ca0d-4e27-81da-5a82a7cd4c87",-28.719303,153.61634,2025-07-27 11:04:00,"PRESENT","iNaturalist Australia"
"2246","a48bfce0-7d93-4581-a8ac-152200d48917","Acraea terpsicore","https://biodiversity.org.au/afd/taxa/ba632bea-a7b4-4b60-bf89-d63128cad841",-21.025654,148.425124,2023-04-05 17:08:03,"PRESENT","iNaturalist Australia"
"2247","a49583c8-a0d4-44c6-b3e0-05b7fa4a4712","Acraea andromacha","https://biodiversity.org.au/afd/taxa/86294130-ca0d-4e27-81da-5a82a7cd4c87",-26.811103,153.117033,2021-09-10 12:23:28,"PRESENT","iNaturalist Australia"
"2248","a4a5af32-1dba-4055-bb5a-0feda6cfcd5a","Acraea andromacha","https://biodiversity.org.au/afd/taxa/86294130-ca0d-4e27-81da-5a82a7cd4c87",-31.706997,152.235039,2021-04-22 13:48:00,"PRESENT","iNaturalist Australia"
"2249","a4b7698e-58fe-41a7-97b7-afb8476037bd","Acraea andromacha","https://biodiversity.org.au/afd/taxa/86294130-ca0d-4e27-81da-5a82a7cd4c87",-27.11776,152.753145,2021-03-12 14:14:29,"PRESENT","iNaturalist Australia"
"2250","a4c12a43-b3b7-4881-a868-4bd9394cbc21","Acraea andromacha","https://biodiversity.org.au/afd/taxa/86294130-ca0d-4e27-81da-5a82a7cd4c87",-27.534462,153.139802,2025-05-07 13:20:00,"PRESENT","iNaturalist Australia"
"2251","a4d3e393-c0ce-44bb-8703-a3df98f85a0d","Acraea andromacha","https://biodiversity.org.au/afd/taxa/86294130-ca0d-4e27-81da-5a82a7cd4c87",-27.268178,152.859188,2025-10-24 14:19:00,"PRESENT","iNaturalist Australia"
"2252","a4e6a94d-0230-462b-b07d-0a7ec8744951","Acraea andromacha","https://biodiversity.org.au/afd/taxa/86294130-ca0d-4e27-81da-5a82a7cd4c87",-27.571171,152.932857,2022-12-10 10:09:59,"PRESENT","iNaturalist Australia"
"2253","a4f17454-5ca6-40a8-9504-ec0f9a4b20be","Acraea andromacha","https://biodiversity.org.au/afd/taxa/86294130-ca0d-4e27-81da-5a82a7cd4c87",-33.8047,150.686538,2024-04-11 08:12:56,"PRESENT","iNaturalist Australia"
"2254","a4f39680-a840-43c3-aa5e-fc54aba9cb2e","Acraea andromacha","https://biodiversity.org.au/afd/taxa/86294130-ca0d-4e27-81da-5a82a7cd4c87",-31.051235,153.05943,2022-05-26 09:51:00,"PRESENT","iNaturalist Australia"
"2255","a51c1e41-0486-4cf0-b09e-bd4c8273b679","Acraea andromacha","https://biodiversity.org.au/afd/taxa/86294130-ca0d-4e27-81da-5a82a7cd4c87",-27.682234,152.84839,2023-08-05 09:48:33,"PRESENT","iNaturalist Australia"
"2256","a5224706-93b3-4fb6-a859-66950cafed36","Acraea andromacha","https://biodiversity.org.au/afd/taxa/86294130-ca0d-4e27-81da-5a82a7cd4c87",-30.233914,153.154309,2025-07-04 13:25:00,"PRESENT","iNaturalist Australia"
"2257","a54635c1-f14a-4d90-b47f-925cd000efbc","Acraea andromacha","https://biodiversity.org.au/afd/taxa/86294130-ca0d-4e27-81da-5a82a7cd4c87",-26.3903,152.9754,2022-09-30 00:45:00,"PRESENT","Butterflies Australia"
"2258","a5501ae9-8e15-44c5-9356-1fd56f8025a3","Acraea andromacha","https://biodiversity.org.au/afd/taxa/86294130-ca0d-4e27-81da-5a82a7cd4c87",-27.70732,152.89782,2023-01-27 23:39:00,"PRESENT","Butterflies Australia"
"2259","a589796c-8c0b-418b-b0a0-bdaebce09837","Acraea andromacha","https://biodiversity.org.au/afd/taxa/86294130-ca0d-4e27-81da-5a82a7cd4c87",-26.806243,152.956079,2022-03-08 19:59:00,"PRESENT","iNaturalist Australia"
"2260","a592aa4c-2c90-42a7-9b15-9bca4afdc90e","Acraea terpsicore","https://biodiversity.org.au/afd/taxa/ba632bea-a7b4-4b60-bf89-d63128cad841",-19.24039,146.782572,2023-05-10 08:23:00,"PRESENT","iNaturalist Australia"
"2261","a59c4e08-0881-4f2e-8ff9-e201cc896102","Acraea terpsicore","https://biodiversity.org.au/afd/taxa/ba632bea-a7b4-4b60-bf89-d63128cad841",-20.066911,148.450878,2024-07-24 09:25:42,"PRESENT","iNaturalist Australia"
"2262","a59e325e-2b12-4751-8356-7cf198611645","Acraea andromacha","https://biodiversity.org.au/afd/taxa/86294130-ca0d-4e27-81da-5a82a7cd4c87",-27.389783,152.899022,2025-09-25 12:43:06,"PRESENT","iNaturalist Australia"
"2263","a5a5fbef-db4e-4678-901a-03d1a9180b84","Acraea andromacha","https://biodiversity.org.au/afd/taxa/86294130-ca0d-4e27-81da-5a82a7cd4c87",-26.67957,153.138288,2021-04-25 16:55:00,"PRESENT","iNaturalist Australia"
"2264","a5b529b9-472a-494b-ab04-d77109ecf34d","Acraea terpsicore","https://biodiversity.org.au/afd/taxa/ba632bea-a7b4-4b60-bf89-d63128cad841",-21.63841,149.351126,2025-05-31 15:59:45,"PRESENT","iNaturalist Australia"
"2265","a5c47c35-6669-4c58-813a-b834a04f5993","Acraea terpsicore","https://biodiversity.org.au/afd/taxa/ba632bea-a7b4-4b60-bf89-d63128cad841",-17.485552,140.840042,2025-06-22 08:54:00,"PRESENT","iNaturalist Australia"
"2266","a5c5a864-6115-43d5-bec0-7050baf757c1","Acraea terpsicore","https://biodiversity.org.au/afd/taxa/ba632bea-a7b4-4b60-bf89-d63128cad841",-22.60323,145.674147,2025-07-09 13:20:10,"PRESENT","iNaturalist Australia"
"2267","a5c82dd8-29a4-4e7f-aefe-0840bda37374","Acraea andromacha","https://biodiversity.org.au/afd/taxa/86294130-ca0d-4e27-81da-5a82a7cd4c87",-24.255139,131.578832,2023-04-06 17:39:53,"PRESENT","iNaturalist Australia"
"2268","a5cef6e0-c008-4234-b6a8-703971003503","Afrohybanthus enneaspermus","https://id.biodiversity.org.au/taxon/apni/51448720",-12.510042,130.996553,2024-11-09 06:54:18,"PRESENT","iNaturalist Australia"
"2269","a5d75463-bf62-45ca-8040-189541f91d2e","Acraea terpsicore","https://biodiversity.org.au/afd/taxa/ba632bea-a7b4-4b60-bf89-d63128cad841",-27.485661,152.951986,2026-01-07 13:38:00,"PRESENT","iNaturalist Australia"
"2270","a5d9a15c-bf78-4256-80c0-3b193c0a4558","Acraea andromacha","https://biodiversity.org.au/afd/taxa/afb7279d-cb44-4c89-be73-cf1e0a48cf46",-27.58101,151.97402,2022-02-01,"PRESENT","WildNet - Queensland Wildlife Data"
"2271","a5fa37d9-cff9-46e6-b2bf-692d8bcfdb52","Acraea andromacha","https://biodiversity.org.au/afd/taxa/86294130-ca0d-4e27-81da-5a82a7cd4c87",-27.434193,153.148508,2023-04-20 12:02:00,"PRESENT","iNaturalist Australia"
"2272","a62bfa46-2923-423e-ae63-7459b300d57c","Acraea andromacha","https://biodiversity.org.au/afd/taxa/86294130-ca0d-4e27-81da-5a82a7cd4c87",-27.538946,153.214584,2024-08-30 10:03:00,"PRESENT","iNaturalist Australia"
"2273","a638be38-0769-4a46-a07f-07db3007d6cd","Acraea terpsicore","https://biodiversity.org.au/afd/taxa/ba632bea-a7b4-4b60-bf89-d63128cad841",-21.3,149.2,2021-01-01,"PRESENT","Earth Guardians Weekly Feed"
"2274","a6502d2a-fe82-4591-af18-16ed9d2a682f","Acraea andromacha","https://biodiversity.org.au/afd/taxa/86294130-ca0d-4e27-81da-5a82a7cd4c87",-27.335561,153.082182,2021-05-30 11:32:00,"PRESENT","iNaturalist Australia"
"2275","a6598ce7-d3d0-49dc-bdaf-121f4b108358","Acraea terpsicore","https://biodiversity.org.au/afd/taxa/ba632bea-a7b4-4b60-bf89-d63128cad841",-15.687301,145.022725,2022-06-26 23:45:00,"PRESENT","Butterflies Australia"
"2276","a65e0bd7-5258-4583-ba61-02394f97d016","Acraea andromacha","https://biodiversity.org.au/afd/taxa/86294130-ca0d-4e27-81da-5a82a7cd4c87",-27.82402,152.992553,2021-11-19 09:27:50,"PRESENT","iNaturalist Australia"
"2277","a66e7b12-fa3c-442f-9b14-ae5a61f63db3","Acraea andromacha","https://biodiversity.org.au/afd/taxa/86294130-ca0d-4e27-81da-5a82a7cd4c87",-24.803103,152.454613,2024-06-28 02:13:00,"PRESENT","NatureMapr"
"2278","a6a333c5-a977-45d5-ab4d-37d3c1029ae1","Acraea andromacha","https://biodiversity.org.au/afd/taxa/86294130-ca0d-4e27-81da-5a82a7cd4c87",-27.607332,152.604855,2021-05-09 09:50:00,"PRESENT","iNaturalist Australia"
"2279","a6b86a5d-76e3-496f-8910-2768eefed807","Acraea terpsicore","https://biodiversity.org.au/afd/taxa/ba632bea-a7b4-4b60-bf89-d63128cad841",-16.785291,145.690609,2023-04-15 09:38:00,"PRESENT","iNaturalist Australia"
"2280","a6bf4a33-d63a-4b65-a975-38c70f134b97","Adenia heterophylla","https://id.biodiversity.org.au/taxon/apni/51442112",-17.18408,145.824538,2024-04-09 11:05:05,"PRESENT","iNaturalist Australia"
"2281","a6cf5761-7c6a-4591-a17c-5ae36c7a7ad0","Acraea andromacha","https://biodiversity.org.au/afd/taxa/86294130-ca0d-4e27-81da-5a82a7cd4c87",-30.76625,152.98735,2022-04-20 05:05:00,"PRESENT","Butterflies Australia"
"2282","a6cf815f-4a3b-4a92-a00c-90e3030b23b5","Acraea andromacha","https://biodiversity.org.au/afd/taxa/86294130-ca0d-4e27-81da-5a82a7cd4c87",-27.526933,152.737134,2022-02-13 10:09:00,"PRESENT","iNaturalist Australia"
"2283","a70a96c3-67ab-437e-bf6a-73b3e3c8236d","Acraea terpsicore","https://biodiversity.org.au/afd/taxa/ba632bea-a7b4-4b60-bf89-d63128cad841",-20.014005,148.266109,2023-06-08 12:02:00,"PRESENT","iNaturalist Australia"
"2284","a710356b-a280-477f-adfb-8fe4f3da736f","Acraea andromacha","https://biodiversity.org.au/afd/taxa/86294130-ca0d-4e27-81da-5a82a7cd4c87",-28.277446,152.04199,2025-02-21 14:00:00,"PRESENT","iNaturalist Australia"
"2285","a71e368a-4c16-431a-990f-82d223f73afd","Afrohybanthus enneaspermus","https://id.biodiversity.org.au/taxon/apni/51448720",-13.859669,136.433929,2022-05-09,"PRESENT","Flora Atlas N.T."
"2286","a73494e9-151b-4368-b614-9f5ae3416b6f","Acraea terpsicore","https://biodiversity.org.au/afd/taxa/ba632bea-a7b4-4b60-bf89-d63128cad841",-23.658439,148.077906,2025-04-04 16:11:07,"PRESENT","iNaturalist Australia"
"2287","a7423b11-a832-42a3-b6e8-e736e8e92de0","Acraea andromacha","https://biodiversity.org.au/afd/taxa/86294130-ca0d-4e27-81da-5a82a7cd4c87",-27.344732,153.100489,2023-04-27 02:21:58,"PRESENT","iNaturalist Australia"
"2288","a748d7b2-84f7-43c7-be50-a5f234f15970","Acraea andromacha","https://biodiversity.org.au/afd/taxa/86294130-ca0d-4e27-81da-5a82a7cd4c87",-34.068825,150.767112,2025-04-09 11:28:46,"PRESENT","iNaturalist Australia"
"2289","a7546ccd-5d7a-4327-a6b4-0526b5636912","Acraea andromacha","https://biodiversity.org.au/afd/taxa/86294130-ca0d-4e27-81da-5a82a7cd4c87",-35.276173,149.107948,2021-05-09 02:43:00,"PRESENT","NatureMapr"
"2290","a76799c1-d1bd-4456-ae47-1f38285508d4","Acraea terpsicore","https://biodiversity.org.au/afd/taxa/ba632bea-a7b4-4b60-bf89-d63128cad841",-18.1112,144.255,2021-03-22 08:15:00,"PRESENT","Butterflies Australia"
"2291","a76dbf93-6a21-4bb6-9c47-aa5e5c174d0e","Acraea terpsicore","https://biodiversity.org.au/afd/taxa/ba632bea-a7b4-4b60-bf89-d63128cad841",-19.816116,139.145628,2025-05-10 11:36:38,"PRESENT","iNaturalist Australia"
"2292","a772e560-f9ba-4465-a537-ffcbaad35b01","Acraea andromacha","https://biodiversity.org.au/afd/taxa/86294130-ca0d-4e27-81da-5a82a7cd4c87",-25.070796,148.271164,2022-07-14 12:58:00,"PRESENT","iNaturalist Australia"
"2293","a789ef73-c110-4e35-8aef-d003036d6f8d","Acraea andromacha","https://biodiversity.org.au/afd/taxa/86294130-ca0d-4e27-81da-5a82a7cd4c87",-26.752021,152.923536,2022-02-06 11:16:16,"PRESENT","iNaturalist Australia"
"2294","a78ef5a0-074d-4283-b7b8-32ed3f3a27a9","Acraea andromacha","https://biodiversity.org.au/afd/taxa/86294130-ca0d-4e27-81da-5a82a7cd4c87",-29.10206,151.90016,2025-02-17 10:16:00,"PRESENT","iNaturalist Australia"
"2295","a7961e10-7e4b-4c3c-ba86-3edb0efe6aa9","Acraea terpsicore","https://biodiversity.org.au/afd/taxa/ba632bea-a7b4-4b60-bf89-d63128cad841",-18.2224,144.667601,2023-03-06 16:31:00,"PRESENT","iNaturalist Australia"
"2296","a7bc8b55-f235-4ec1-9b06-1d26f9b4dc63","Acraea terpsicore","https://biodiversity.org.au/afd/taxa/ba632bea-a7b4-4b60-bf89-d63128cad841",-16.478311,145.462444,2021-12-22 10:12:46,"PRESENT","iNaturalist Australia"
"2297","a7ca5818-a964-4d0b-aa64-827d90b49e52","Afrohybanthus enneaspermus","https://id.biodiversity.org.au/taxon/apni/51448720",-17.28175,133.72919,2021-05-10,"PRESENT","Flora Atlas N.T."
"2298","a7d6ef5d-bb42-4a7f-9cb1-f620b9ffe5fe","Acraea andromacha","https://biodiversity.org.au/afd/taxa/86294130-ca0d-4e27-81da-5a82a7cd4c87",-25.0626,148.2421,2022-10-05 14:00:00,"PRESENT","Butterflies Australia"
"2299","a7e50096-6474-4d95-a332-35fff30a31d1","Acraea terpsicore","https://biodiversity.org.au/afd/taxa/ba632bea-a7b4-4b60-bf89-d63128cad841",-12.580967,131.129625,2022-11-20 17:54:28,"PRESENT","iNaturalist Australia"
"2300","a7e527ba-713d-4610-8bcf-948126299490","Acraea andromacha","https://biodiversity.org.au/afd/taxa/86294130-ca0d-4e27-81da-5a82a7cd4c87",-27.563967,152.108367,2023-03-26 11:05:30,"PRESENT","iNaturalist Australia"
"2301","a800a6e5-c47e-4553-9ca3-f34ef3129c5e","Acraea terpsicore","https://biodiversity.org.au/afd/taxa/ba632bea-a7b4-4b60-bf89-d63128cad841",-24.839347,152.204907,2025-05-08 11:21:41,"PRESENT","iNaturalist Australia"
"2302","a817e64e-1eae-45f8-b284-74995a0df51d","Acraea andromacha","https://biodiversity.org.au/afd/taxa/86294130-ca0d-4e27-81da-5a82a7cd4c87",-33.723372,150.452041,2024-04-16 13:42:00,"PRESENT","iNaturalist Australia"
"2303","a82fcca9-0053-4b50-875f-91775a7bfb3c","Acraea terpsicore","https://biodiversity.org.au/afd/taxa/ba632bea-a7b4-4b60-bf89-d63128cad841",-30.645985,153.016257,2022-10-31 01:07:00,"PRESENT","NatureMapr"
"2304","a846ba41-fc7f-413c-9dbf-7b797d121044","Acraea andromacha","https://biodiversity.org.au/afd/taxa/afb7279d-cb44-4c89-be73-cf1e0a48cf46",-27.25998,152.06598,2022-12-05,"PRESENT","WildNet - Queensland Wildlife Data"
"2305","a87e9ad7-34d9-4ea8-9e59-c2a0cd361ccf","Afrohybanthus enneaspermus","https://id.biodiversity.org.au/taxon/apni/51448720",-19.255813,146.798797,2025-02-25 07:42:39,"PRESENT","iNaturalist Australia"
"2306","a8874b3c-bc4a-4994-8136-11f1992bb97a","Acraea andromacha","https://biodiversity.org.au/afd/taxa/86294130-ca0d-4e27-81da-5a82a7cd4c87",-27.694079,152.859453,2023-08-05 09:48:42,"PRESENT","iNaturalist Australia"
"2307","a89f7cd6-917f-4410-bcb9-b7963f7e1b30","Acraea andromacha","https://biodiversity.org.au/afd/taxa/86294130-ca0d-4e27-81da-5a82a7cd4c87",-30.469453,151.638594,2024-02-18 13:37:00,"PRESENT","iNaturalist Australia"
"2308","a8a138df-144c-474a-a756-751514d36c47","Acraea terpsicore","https://biodiversity.org.au/afd/taxa/ba632bea-a7b4-4b60-bf89-d63128cad841",-27.915588,153.358428,2024-04-18 13:56:06,"PRESENT","iNaturalist Australia"
"2309","a8b49e3d-597b-4163-8145-3a40d71cb206","Acraea terpsicore","https://biodiversity.org.au/afd/taxa/ba632bea-a7b4-4b60-bf89-d63128cad841",-28.493204,153.5506,2022-02-10 06:56:00,"PRESENT","iNaturalist Australia"
"2310","a8c5996f-67b4-4df0-8f23-2666accbe3ff","Acraea andromacha","https://biodiversity.org.au/afd/taxa/86294130-ca0d-4e27-81da-5a82a7cd4c87",-25.622005,152.579048,2023-04-09 10:59:00,"PRESENT","iNaturalist Australia"
"2311","a8c68437-2be2-4ecd-b3e0-b64b351a7ade","Acraea terpsicore","https://biodiversity.org.au/afd/taxa/ba632bea-a7b4-4b60-bf89-d63128cad841",-20.049733,148.239947,2023-06-06 11:13:00,"PRESENT","iNaturalist Australia"
"2312","a904afe3-4335-4bb7-b9a9-e395dfd572cd","Acraea andromacha","https://biodiversity.org.au/afd/taxa/86294130-ca0d-4e27-81da-5a82a7cd4c87",-27.539888,153.052038,2022-02-13 13:08:00,"PRESENT","iNaturalist Australia"
"2313","a905d146-900d-46fe-b938-bd150fc16911","Acraea terpsicore","https://biodiversity.org.au/afd/taxa/ba632bea-a7b4-4b60-bf89-d63128cad841",-19.258451,146.802212,2025-06-12 15:16:41,"PRESENT","iNaturalist Australia"
"2314","a90e6d19-0cc9-4b8a-b18f-88ce72ce6c1f","Acraea terpsicore","https://biodiversity.org.au/afd/taxa/ba632bea-a7b4-4b60-bf89-d63128cad841",-19.248515,146.813781,2021-12-31 08:29:20,"PRESENT","iNaturalist Australia"
"2315","a90f42ed-c3ee-40c5-8041-a80dc50ae9a1","Acraea terpsicore","https://biodiversity.org.au/afd/taxa/ba632bea-a7b4-4b60-bf89-d63128cad841",-27.481705,152.938019,2023-01-27 11:01:02,"PRESENT","iNaturalist Australia"
"2316","a918dca0-272a-465c-a949-a62faa04ab80","Acraea terpsicore","https://biodiversity.org.au/afd/taxa/ba632bea-a7b4-4b60-bf89-d63128cad841",-27.48445,152.95545,2022-01-11 01:06:00,"PRESENT","Butterflies Australia"
"2317","a9627987-bb7b-4db7-a815-56128d63a67e","Acraea andromacha","https://biodiversity.org.au/afd/taxa/afb7279d-cb44-4c89-be73-cf1e0a48cf46",-27.623231,153.077403,2021-07-11 13:51:00,"PRESENT","iNaturalist Australia"
"2318","a9821785-2d08-475b-9f8b-6b1f6e91aba0","Adenia heterophylla","https://id.biodiversity.org.au/taxon/apni/51442112",-12.409865,130.8228,2025-06-14 15:31:34,"PRESENT","iNaturalist Australia"
"2319","a99fe2c6-753b-49b9-9b27-3292c7fb8138","Acraea andromacha","https://biodiversity.org.au/afd/taxa/86294130-ca0d-4e27-81da-5a82a7cd4c87",-27.436817,153.545067,2023-01-09 16:50:00,"PRESENT","iNaturalist Australia"
"2320","a9a94f2e-3a1c-4664-9355-3e5f828cb8ca","Acraea terpsicore","https://biodiversity.org.au/afd/taxa/ba632bea-a7b4-4b60-bf89-d63128cad841",-18.201104,144.571917,2025-08-21 12:59:00,"PRESENT","iNaturalist Australia"
"2321","a9b71c24-6476-4ffb-ae2c-9232a3bade8c","Acraea terpsicore","https://biodiversity.org.au/afd/taxa/ba632bea-a7b4-4b60-bf89-d63128cad841",-17.485143,140.840213,2025-08-03 09:42:00,"PRESENT","iNaturalist Australia"
"2322","a9bf55ab-b2d4-4952-8c5e-fef123ade650","Acraea terpsicore","https://biodiversity.org.au/afd/taxa/ba632bea-a7b4-4b60-bf89-d63128cad841",-18.650028,139.254067,2025-07-04 11:04:00,"PRESENT","iNaturalist Australia"
"2323","a9dbe409-d87e-4b06-bd85-a9d3d366e332","Acraea andromacha","https://biodiversity.org.au/afd/taxa/86294130-ca0d-4e27-81da-5a82a7cd4c87",-35.334317,149.043295,2022-01-21 04:00:00,"PRESENT","NatureMapr"
"2324","a9e77dbb-b63c-4463-9e8d-262ea172f4d6","Afrohybanthus enneaspermus","https://id.biodiversity.org.au/taxon/apni/51448720",-12.459067,131.052332,2024-03-20 09:00:00,"PRESENT","iNaturalist Australia"
"2325","a9f349aa-a18a-4fad-87da-1f99d1912b45","Acraea andromacha","https://biodiversity.org.au/afd/taxa/86294130-ca0d-4e27-81da-5a82a7cd4c87",-27.620975,151.942667,2024-02-22 08:30:00,"PRESENT","iNaturalist Australia"
"2326","aa05a85f-8f4f-40cc-82bf-d7c4f2a74ff4","Acraea andromacha","https://biodiversity.org.au/afd/taxa/86294130-ca0d-4e27-81da-5a82a7cd4c87",-28.072937,152.425858,2023-01-04 10:48:00,"PRESENT","iNaturalist Australia"
"2327","aa0da386-63fe-4f20-8cd3-e52c2fcbcd15","Acraea terpsicore","https://biodiversity.org.au/afd/taxa/ba632bea-a7b4-4b60-bf89-d63128cad841",-19.601979,146.840663,2025-05-25 12:29:00,"PRESENT","iNaturalist Australia"
"2328","aa46cb3c-dfdf-4147-a5d0-0bea918c45a7","Acraea andromacha","https://biodiversity.org.au/afd/taxa/86294130-ca0d-4e27-81da-5a82a7cd4c87",-27.494556,152.754278,2023-09-09 08:26:00,"PRESENT","iNaturalist Australia"
"2329","aa4da33c-d324-40ac-8fb1-51abd787ba60","Acraea andromacha","https://biodiversity.org.au/afd/taxa/86294130-ca0d-4e27-81da-5a82a7cd4c87",-25.053707,148.213743,2025-09-23 15:37:00,"PRESENT","iNaturalist Australia"
"2330","aa583463-0f1b-4a35-8e53-26078aeb0a96","Acraea andromacha","https://biodiversity.org.au/afd/taxa/86294130-ca0d-4e27-81da-5a82a7cd4c87",-23.585272,148.878312,2025-09-12 05:28:01,"PRESENT","iNaturalist Australia"
"2331","aa728551-e5fd-4336-8291-089353eaa826","Acraea terpsicore","https://biodiversity.org.au/afd/taxa/ba632bea-a7b4-4b60-bf89-d63128cad841",-17.505563,140.82187,2023-07-31 11:34:30,"PRESENT","iNaturalist Australia"
"2332","aa7e50fd-440a-4cf0-80fb-7eea360f9709","Acraea andromacha","https://biodiversity.org.au/afd/taxa/86294130-ca0d-4e27-81da-5a82a7cd4c87",-27.661895,152.816496,2023-07-22 09:23:00,"PRESENT","iNaturalist Australia"
"2333","aa85eea1-5235-482f-92d5-6d85c34c33fa","Acraea terpsicore","https://biodiversity.org.au/afd/taxa/ba632bea-a7b4-4b60-bf89-d63128cad841",-19.312944,146.724154,2025-09-12 12:12:00,"PRESENT","iNaturalist Australia"
"2334","aaacfd9f-03f9-49a5-a7ee-cea1101aa35e","Acraea andromacha","https://biodiversity.org.au/afd/taxa/86294130-ca0d-4e27-81da-5a82a7cd4c87",-28.260641,152.744361,2021-01-21 12:56:00,"PRESENT","iNaturalist Australia"
"2335","aaaf610e-2e97-47ef-b091-2847a09db436","Acraea andromacha","https://biodiversity.org.au/afd/taxa/86294130-ca0d-4e27-81da-5a82a7cd4c87",-17.31296,145.58673,2021-04-12 10:49:00,"PRESENT","Butterflies Australia"
"2336","aab89a59-2128-4657-9a20-f81825dad730","Acraea andromacha","https://biodiversity.org.au/afd/taxa/86294130-ca0d-4e27-81da-5a82a7cd4c87",-12.358183,130.884968,2024-06-17 21:24:00,"PRESENT","iNaturalist Australia"
"2337","aabe5994-e799-47b6-98ef-28bfa4e867f9","Acraea terpsicore","https://biodiversity.org.au/afd/taxa/ba632bea-a7b4-4b60-bf89-d63128cad841",-20.611291,139.593505,2025-09-12 11:22:00,"PRESENT","iNaturalist Australia"
"2338","aad2328f-fe7a-49e0-a99e-e9faea333a9c","Acraea andromacha","https://biodiversity.org.au/afd/taxa/86294130-ca0d-4e27-81da-5a82a7cd4c87",-27.427888,153.540052,2024-09-09 15:10:00,"PRESENT","iNaturalist Australia"
"2339","aae2d761-38a9-4668-8db2-6ab44790f0dd","Acraea terpsicore","https://biodiversity.org.au/afd/taxa/ba632bea-a7b4-4b60-bf89-d63128cad841",-16.1076,144.776466,2022-06-27 02:15:00,"PRESENT","Butterflies Australia"
"2340","aae6050c-8c38-4d06-94ce-62c5845c4aeb","Acraea andromacha","https://biodiversity.org.au/afd/taxa/86294130-ca0d-4e27-81da-5a82a7cd4c87",-17.975116,122.344946,2021-06-22 16:16:00,"PRESENT","iNaturalist Australia"
"2341","aaf650cc-56ca-444a-8913-b78543101ecf","Afrohybanthus enneaspermus","https://id.biodiversity.org.au/taxon/apni/51448720",-23.492839,150.477791,2022-11-07 07:31:48,"PRESENT","iNaturalist Australia"
"2342","ab39baee-6bea-418d-b1f5-3852d300b3eb","Acraea andromacha","https://biodiversity.org.au/afd/taxa/86294130-ca0d-4e27-81da-5a82a7cd4c87",-28.259323,153.401715,2022-04-24 13:12:00,"PRESENT","iNaturalist Australia"
"2343","ab3e7f40-b848-4cdf-a9f1-07cd9a75c0f2","Acraea andromacha","https://biodiversity.org.au/afd/taxa/86294130-ca0d-4e27-81da-5a82a7cd4c87",-19.745797,147.495769,2022-10-27 20:45:00,"PRESENT","Butterflies Australia"
"2344","ab51afc1-8d33-42d4-aa24-697dda7dd9b9","Afrohybanthus enneaspermus","https://id.biodiversity.org.au/taxon/apni/51448720",-23.49125,150.480371,2025-01-31 07:45:50,"PRESENT","iNaturalist Australia"
"2345","ab549c96-f36f-465a-8dc1-e9082affd458","Acraea terpsicore","https://biodiversity.org.au/afd/taxa/ba632bea-a7b4-4b60-bf89-d63128cad841",-26.621175,153.065247,2024-03-02 08:52:00,"PRESENT","iNaturalist Australia"
"2346","ab759f94-80d9-41d8-8e71-34c0498a6ef4","Adenia heterophylla","https://id.biodiversity.org.au/node/apni/2909919",-17.886428,146.087025,2024-11-22 14:52:21,"PRESENT","iNaturalist Australia"
"2347","abafa32f-e621-4363-b297-61f8e98dae66","Afrohybanthus enneaspermus","https://id.biodiversity.org.au/taxon/apni/51448720",-23.490544,150.478553,2021-04-11 06:17:49,"PRESENT","iNaturalist Australia"
"2348","abc00c69-7f04-42db-8a98-cece52cb3505","Acraea terpsicore","https://biodiversity.org.au/afd/taxa/ba632bea-a7b4-4b60-bf89-d63128cad841",-16.742664,137.487504,2025-07-20 11:37:00,"PRESENT","iNaturalist Australia"
"2349","abcf9478-9856-47b8-a61f-29d92743c2fb","Acraea andromacha","https://biodiversity.org.au/afd/taxa/86294130-ca0d-4e27-81da-5a82a7cd4c87",-27.922718,152.362757,2024-09-08 10:24:00,"PRESENT","iNaturalist Australia"
"2350","abe17f32-92c4-4fc9-a086-a2494b1e2b79","Afrohybanthus enneaspermus","https://id.biodiversity.org.au/taxon/apni/51448720",-24.24125,151.93325,2024-09-25,"PRESENT","BRI AVH Data and Images"
"2351","abf70a1f-b252-445f-a77a-f902f9b219b0","Acraea andromacha","https://biodiversity.org.au/afd/taxa/86294130-ca0d-4e27-81da-5a82a7cd4c87",-27.439803,152.917428,2022-02-17 15:42:00,"PRESENT","iNaturalist Australia"
"2352","ac11687c-0955-4338-9723-7cef1abd82c5","Acraea andromacha","https://biodiversity.org.au/afd/taxa/86294130-ca0d-4e27-81da-5a82a7cd4c87",-18.984807,121.706325,2022-07-07 12:58:00,"PRESENT","iNaturalist Australia"
"2353","ac2114df-11c7-4b48-bf31-f1faf2f990d4","Acraea andromacha","https://biodiversity.org.au/afd/taxa/86294130-ca0d-4e27-81da-5a82a7cd4c87",-23.805832,151.144867,2022-07-09 10:34:13,"PRESENT","iNaturalist Australia"
"2354","ac4503fe-011b-486c-b3ae-059f3bb76fee","Acraea andromacha","https://biodiversity.org.au/afd/taxa/afb7279d-cb44-4c89-be73-cf1e0a48cf46",-16.86271,145.676584,2022-11-12 20:44:00,"PRESENT","iNaturalist Australia"
"2355","ac61d9bc-fc7d-4be3-b5d5-1d90088d4c4c","Acraea terpsicore","https://biodiversity.org.au/afd/taxa/ba632bea-a7b4-4b60-bf89-d63128cad841",-21.161211,148.884187,2024-03-08 11:47:37,"PRESENT","iNaturalist Australia"
"2356","ac63d65e-e5b8-41d1-a9e8-e27e1ceaa5cb","Acraea terpsicore","https://biodiversity.org.au/afd/taxa/ba632bea-a7b4-4b60-bf89-d63128cad841",-14.4,132.4,2021-01-02 17:24:00,"PRESENT","Earth Guardians Weekly Feed"
"2357","ac7104af-8bd1-4bfe-a688-f63a5c42ada9","Afrohybanthus enneaspermus","https://id.biodiversity.org.au/taxon/apni/51448720",-19.637825,146.815033,2024-04-23 11:36:31,"PRESENT","iNaturalist Australia"
"2358","ac7625c1-d0a5-4d60-99ce-775ef2a0c72c","Acraea andromacha","https://biodiversity.org.au/afd/taxa/86294130-ca0d-4e27-81da-5a82a7cd4c87",-27.822818,152.991712,2024-11-16 13:03:00,"PRESENT","iNaturalist Australia"
"2359","ac7923fb-a2f6-4053-85fa-caf772c11f9b","Acraea andromacha","https://biodiversity.org.au/afd/taxa/86294130-ca0d-4e27-81da-5a82a7cd4c87",-17.4459,145.3921,2022-11-17 23:00:00,"PRESENT","Butterflies Australia"
"2360","ac81c8b7-9ea5-4fe9-8d18-f5c823b4b26d","Acraea andromacha","https://biodiversity.org.au/afd/taxa/86294130-ca0d-4e27-81da-5a82a7cd4c87",-27.545331,152.854698,2025-05-24 08:33:02,"PRESENT","iNaturalist Australia"
"2361","ac828980-ba76-4289-8e27-31863da4bc8a","Acraea andromacha","https://biodiversity.org.au/afd/taxa/86294130-ca0d-4e27-81da-5a82a7cd4c87",-24.95367,150.07545,2022-10-16 05:46:00,"PRESENT","Butterflies Australia"
"2362","ac93d9fa-4f31-4605-8792-87db95b65a9f","Acraea terpsicore","https://biodiversity.org.au/afd/taxa/ba632bea-a7b4-4b60-bf89-d63128cad841",-27.902728,153.299028,2025-02-13 12:49:38,"PRESENT","iNaturalist Australia"
"2363","aca2b87d-bde3-4003-86da-1bd7d4586051","Acraea terpsicore","https://biodiversity.org.au/afd/taxa/ba632bea-a7b4-4b60-bf89-d63128cad841",-18.182647,142.265142,2025-05-16 11:43:00,"PRESENT","iNaturalist Australia"
"2364","aca46e24-ee87-4ccd-908e-2af68a83a05d","Acraea andromacha","https://biodiversity.org.au/afd/taxa/86294130-ca0d-4e27-81da-5a82a7cd4c87",-35.278836,149.109208,2024-03-13 13:02:00,"PRESENT","iNaturalist Australia"
"2365","acab2ba3-a31c-4c56-a73c-5952ea6ddd89","Acraea andromacha","https://biodiversity.org.au/afd/taxa/86294130-ca0d-4e27-81da-5a82a7cd4c87",-16.721587,137.415823,2025-07-25 11:20:00,"PRESENT","iNaturalist Australia"
"2366","acbdfe09-4691-46c9-ab8f-556566f3c4bd","Acraea andromacha","https://biodiversity.org.au/afd/taxa/86294130-ca0d-4e27-81da-5a82a7cd4c87",-27.3,153,2021-04-26 08:53:00,"PRESENT","Earth Guardians Weekly Feed"
"2367","acda8f84-55c4-46d8-824a-a4d76501b6c6","Acraea andromacha","https://biodiversity.org.au/afd/taxa/86294130-ca0d-4e27-81da-5a82a7cd4c87",-17.956929,122.244057,2023-09-25 13:59:00,"PRESENT","iNaturalist Australia"
"2368","acf1f0be-f4e1-442e-a3aa-21f5be652b87","Afrohybanthus enneaspermus","https://id.biodiversity.org.au/taxon/apni/51448720",-19.1941,146.7741,2025-07-10 12:19:00,"PRESENT","iNaturalist Australia"
"2369","acfb6997-11ee-4d45-8b25-52386f10a919","Acraea andromacha","https://biodiversity.org.au/afd/taxa/86294130-ca0d-4e27-81da-5a82a7cd4c87",-28.17911,153.53448,2023-04-15 02:48:00,"PRESENT","Butterflies Australia"
"2370","ad3cd5a7-8378-4c78-8154-9341ed03f69d","Adenia heterophylla","https://id.biodiversity.org.au/node/apni/2909919",-17.821914,146.091089,2024-07-20 18:56:30,"PRESENT","iNaturalist Australia"
"2371","ad45aa8e-e117-4b23-a7bf-5aabf81331ae","Acraea terpsicore","https://biodiversity.org.au/afd/taxa/ba632bea-a7b4-4b60-bf89-d63128cad841",-19.192381,146.769276,2022-01-01 04:07:00,"PRESENT","iNaturalist Australia"
"2372","ad465758-e755-4b54-ab62-10166905b9a5","Acraea andromacha","https://biodiversity.org.au/afd/taxa/86294130-ca0d-4e27-81da-5a82a7cd4c87",-26.3791,153.118911,2023-10-26 12:33:19,"PRESENT","iNaturalist Australia"
"2373","ad4d1e94-ca27-4232-9e5d-4d044fe0f9b6","Acraea andromacha","https://biodiversity.org.au/afd/taxa/86294130-ca0d-4e27-81da-5a82a7cd4c87",-26.383439,153.106651,2021-05-25 11:16:18,"PRESENT","iNaturalist Australia"
"2374","ad5d2c8d-b885-4ea7-a583-ae678c6d4b1a","Acraea andromacha","https://biodiversity.org.au/afd/taxa/86294130-ca0d-4e27-81da-5a82a7cd4c87",-27.48316,153.11532,2022-01-29 01:03:00,"PRESENT","Butterflies Australia"
"2375","ad809b47-8eb9-416d-a154-867f47992508","Acraea terpsicore","https://biodiversity.org.au/afd/taxa/ba632bea-a7b4-4b60-bf89-d63128cad841",-12.376485,130.852151,2025-06-29 11:43:00,"PRESENT","iNaturalist Australia"
"2376","ada062d7-d50a-4c95-bb47-dca4e086740e","Acraea terpsicore","https://biodiversity.org.au/afd/taxa/ba632bea-a7b4-4b60-bf89-d63128cad841",-28.493208,153.5507,2022-02-16 13:07:00,"PRESENT","iNaturalist Australia"
"2377","adb72256-7db7-4a94-b202-c1ae19f4ddd4","Acraea terpsicore","https://biodiversity.org.au/afd/taxa/ba632bea-a7b4-4b60-bf89-d63128cad841",-22.480569,143.171093,2025-09-30 13:21:34,"PRESENT","iNaturalist Australia"
"2378","add543ba-26a5-494c-b8f1-ea42d42fe77f","Acraea andromacha","https://biodiversity.org.au/afd/taxa/86294130-ca0d-4e27-81da-5a82a7cd4c87",-25.30113,148.6755,2024-10-16 16:25:00,"PRESENT","iNaturalist Australia"
"2379","ade1bf47-d312-4b03-a542-7c32c8393f27","Acraea andromacha","https://biodiversity.org.au/afd/taxa/86294130-ca0d-4e27-81da-5a82a7cd4c87",-26.377422,153.108069,2022-09-25 11:46:00,"PRESENT","iNaturalist Australia"
"2380","adf35e03-9502-4bad-b804-4306d2a0cae9","Acraea andromacha","https://biodiversity.org.au/afd/taxa/86294130-ca0d-4e27-81da-5a82a7cd4c87",-19.135893,146.868593,2023-03-19 15:38:39,"PRESENT","iNaturalist Australia"
"2381","ae0f68ca-40e3-4a9f-b179-d93656dbe582","Acraea andromacha","https://biodiversity.org.au/afd/taxa/86294130-ca0d-4e27-81da-5a82a7cd4c87",-28.292333,153.095361,2024-09-25 12:18:00,"PRESENT","iNaturalist Australia"
"2382","ae64c9f8-a7d8-4ac1-9fbe-3fe5c273e8ac","Acraea andromacha","https://biodiversity.org.au/afd/taxa/86294130-ca0d-4e27-81da-5a82a7cd4c87",-26.432093,152.90801,2023-11-03 15:12:00,"PRESENT","iNaturalist Australia"
"2383","ae6dc417-ccee-4019-ab18-430dd61e7a6d","Acraea andromacha","https://biodiversity.org.au/afd/taxa/86294130-ca0d-4e27-81da-5a82a7cd4c87",-25.558331,152.682501,2022-01-05 10:53:00,"PRESENT","iNaturalist Australia"
"2384","ae746a43-ce1a-46b5-9cb7-83862cec69d3","Acraea andromacha","https://biodiversity.org.au/afd/taxa/86294130-ca0d-4e27-81da-5a82a7cd4c87",-30.452139,152.897063,2024-04-14 10:45:34,"PRESENT","iNaturalist Australia"
"2385","ae84eb20-1f7a-45d8-aad1-01f73b4dbb88","Acraea andromacha","https://biodiversity.org.au/afd/taxa/86294130-ca0d-4e27-81da-5a82a7cd4c87",-17.31334,145.58637,2021-04-11 09:23:00,"PRESENT","Butterflies Australia"
"2386","ae88e59e-6a13-4a40-8884-c09bc26e6bd1","Acraea andromacha","https://biodiversity.org.au/afd/taxa/86294130-ca0d-4e27-81da-5a82a7cd4c87",-27.582003,153.28543,2021-02-11 12:21:26,"PRESENT","iNaturalist Australia"
"2387","ae9d28be-17a2-49a0-bbb7-23b64401e8a4","Acraea andromacha","https://biodiversity.org.au/afd/taxa/86294130-ca0d-4e27-81da-5a82a7cd4c87",-34.066378,150.769267,2025-04-16 12:57:23,"PRESENT","iNaturalist Australia"
"2388","aea74f12-be70-4111-a30f-ea3d16b0f6ed","Acraea andromacha","https://biodiversity.org.au/afd/taxa/86294130-ca0d-4e27-81da-5a82a7cd4c87",-30.109572,153.210587,2025-04-20 12:00:59,"PRESENT","iNaturalist Australia"
"2389","aeb4de7a-b28d-4f4b-a3a7-7ea773619e0d","Acraea andromacha","https://biodiversity.org.au/afd/taxa/86294130-ca0d-4e27-81da-5a82a7cd4c87",-30.109868,153.211179,2023-04-24 10:19:00,"PRESENT","iNaturalist Australia"
"2390","aeba55c1-8132-4779-b227-34d4a7a5bf0e","Acraea andromacha","https://biodiversity.org.au/afd/taxa/86294130-ca0d-4e27-81da-5a82a7cd4c87",-27.70047,152.893685,2024-09-17 14:04:00,"PRESENT","iNaturalist Australia"
"2391","aed2d1f3-8b88-461d-b5df-27a3fcd293bc","Acraea andromacha","https://biodiversity.org.au/afd/taxa/86294130-ca0d-4e27-81da-5a82a7cd4c87",-33.57405,151.192484,2023-03-15 15:56:00,"PRESENT","iNaturalist Australia"
"2392","aee4a59d-2714-48f1-832b-e9a2c3082259","Acraea andromacha","https://biodiversity.org.au/afd/taxa/86294130-ca0d-4e27-81da-5a82a7cd4c87",-27.495254,152.737909,2021-08-14 11:18:00,"PRESENT","iNaturalist Australia"
"2393","aee50f2c-daf0-4701-9458-d6890fe222bd","Acraea andromacha","https://biodiversity.org.au/afd/taxa/86294130-ca0d-4e27-81da-5a82a7cd4c87",-27.3,152.9,2021-01-26 15:06:00,"PRESENT","Earth Guardians Weekly Feed"
"2394","aeeb48f5-c975-4c2b-9a06-c278cb12eff8","Acraea andromacha","https://biodiversity.org.au/afd/taxa/86294130-ca0d-4e27-81da-5a82a7cd4c87",-18.135885,144.339635,2022-09-11 15:15:00,"PRESENT","Butterflies Australia"
"2395","aeee0d78-a8da-47ee-b36b-72cf09e71972","Acraea terpsicore","https://biodiversity.org.au/afd/taxa/ba632bea-a7b4-4b60-bf89-d63128cad841",-12.565753,131.305724,2025-06-27 10:49:00,"PRESENT","iNaturalist Australia"
"2396","af07ae66-7980-4a30-a128-9398b1d0d0a4","Acraea andromacha","https://biodiversity.org.au/afd/taxa/86294130-ca0d-4e27-81da-5a82a7cd4c87",-27.54265,153.07245,2022-03-27 01:08:00,"PRESENT","Butterflies Australia"
"2397","af174c9b-5c25-45eb-8a2d-17a6666edfe5","Acraea andromacha","https://biodiversity.org.au/afd/taxa/86294130-ca0d-4e27-81da-5a82a7cd4c87",-24.7226,150.9901,2022-10-16 00:45:00,"PRESENT","Butterflies Australia"
"2398","af2676d7-ab3c-4433-bc45-efd32f808cb5","Acraea andromacha","https://biodiversity.org.au/afd/taxa/86294130-ca0d-4e27-81da-5a82a7cd4c87",-27.622491,153.155684,2025-10-03 09:47:00,"PRESENT","iNaturalist Australia"
"2399","af4f811a-74ae-4ca6-b50e-3ab4699eb592","Acraea andromacha","https://biodiversity.org.au/afd/taxa/86294130-ca0d-4e27-81da-5a82a7cd4c87",-27.531343,153.110828,2026-01-30 14:04:00,"PRESENT","iNaturalist Australia"
"2400","af5d313d-cf50-45c4-874a-fdff0cefd949","Afrohybanthus enneaspermus","https://id.biodiversity.org.au/taxon/apni/51448720",-16.85181,135.13759,2022-03-30,"PRESENT","Flora Atlas N.T."
"2401","af86d0f2-346d-4516-9ec9-9547ad0d7a1d","Acraea terpsicore","https://biodiversity.org.au/afd/taxa/ba632bea-a7b4-4b60-bf89-d63128cad841",-26.593439,153.139979,2023-04-29 17:10:32,"PRESENT","iNaturalist Australia"
"2402","af911219-3b0c-46af-a606-cb3c3ace3ea8","Acraea terpsicore","https://biodiversity.org.au/afd/taxa/ba632bea-a7b4-4b60-bf89-d63128cad841",-16.727888,125.46473,2025-01-29 18:57:05,"PRESENT","iNaturalist Australia"
"2403","af969d32-e1d3-45ce-abf6-af8670d00d36","Acraea andromacha","https://biodiversity.org.au/afd/taxa/86294130-ca0d-4e27-81da-5a82a7cd4c87",-29.501483,153.229995,2024-04-15 15:30:19,"PRESENT","iNaturalist Australia"
"2404","afb046e0-51f7-457a-8086-a11258fe7d88","Acraea andromacha","https://biodiversity.org.au/afd/taxa/86294130-ca0d-4e27-81da-5a82a7cd4c87",-27.657916,151.526185,2023-01-12 10:07:00,"PRESENT","iNaturalist Australia"
"2405","afb7732d-5d16-4fe8-9e4d-aae1c7fc7d6e","Acraea andromacha","https://biodiversity.org.au/afd/taxa/86294130-ca0d-4e27-81da-5a82a7cd4c87",-29.778597,151.350294,2025-04-18 16:01:02,"PRESENT","iNaturalist Australia"
"2406","afc9419d-4d31-4e64-8b0e-1aa5e49021db","Afrohybanthus enneaspermus","https://id.biodiversity.org.au/taxon/apni/51448720",-16.30695,133.54683,2022-02-21,"PRESENT","Flora Atlas N.T."
"2407","afd2c9fc-2c0e-417b-afc2-70cf327e37bc","Acraea andromacha","https://biodiversity.org.au/afd/taxa/86294130-ca0d-4e27-81da-5a82a7cd4c87",-27.44405,152.922647,2024-10-27 16:22:00,"PRESENT","iNaturalist Australia"
"2408","afe6664a-c242-4025-aa8d-f0146c71a015","Afrohybanthus enneaspermus","https://id.biodiversity.org.au/taxon/apni/51448720",-20.547711,145.071519,2022-10-07 12:09:00,"PRESENT","iNaturalist Australia"
"2409","b01bbbb7-3c6a-4995-8e1a-3706176a606e","Acraea andromacha","https://biodiversity.org.au/afd/taxa/86294130-ca0d-4e27-81da-5a82a7cd4c87",-27.583575,151.978326,2025-01-08 13:33:22,"PRESENT","iNaturalist Australia"
"2410","b042b3bd-7723-4e32-8c39-a842fa6872e5","Acraea andromacha","https://biodiversity.org.au/afd/taxa/86294130-ca0d-4e27-81da-5a82a7cd4c87",-27.253323,152.1034,2021-02-18 10:32:00,"PRESENT","iNaturalist Australia"
"2411","b045df11-3fd0-471d-8fd8-1d5d69f21ad8","Acraea andromacha","https://biodiversity.org.au/afd/taxa/86294130-ca0d-4e27-81da-5a82a7cd4c87",-29.781408,151.346153,2023-09-22 15:22:00,"PRESENT","iNaturalist Australia"
"2412","b048ff88-7435-4335-bc12-71531fa03638","Acraea andromacha","https://biodiversity.org.au/afd/taxa/86294130-ca0d-4e27-81da-5a82a7cd4c87",-27.595632,151.988058,2024-09-01 10:43:00,"PRESENT","iNaturalist Australia"
"2413","b04a9f4f-13f5-4652-a878-b13541e2c3b0","Acraea andromacha","https://biodiversity.org.au/afd/taxa/86294130-ca0d-4e27-81da-5a82a7cd4c87",-27.34922,153.105359,2024-03-10 11:49:51,"PRESENT","iNaturalist Australia"
"2414","b05202be-08a3-4319-b185-674d55435d48","Acraea terpsicore","https://biodiversity.org.au/afd/taxa/ba632bea-a7b4-4b60-bf89-d63128cad841",-27.4847,152.95529,2023-02-11 23:13:00,"PRESENT","Butterflies Australia"
"2415","b05309a7-1c15-44f4-8a48-02d39f8086e2","Acraea terpsicore","https://biodiversity.org.au/afd/taxa/ba632bea-a7b4-4b60-bf89-d63128cad841",-14.178925,132.189158,2024-05-16 16:36:00,"PRESENT","iNaturalist Australia"
"2416","b05cae03-879e-4c11-9792-cc3271c51a9f","Acraea andromacha","https://biodiversity.org.au/afd/taxa/86294130-ca0d-4e27-81da-5a82a7cd4c87",-27.482283,153.116289,2022-01-29 08:47:22,"PRESENT","iNaturalist Australia"
"2417","b07721ef-5eb2-450b-8a84-a7511994916f","Acraea andromacha","https://biodiversity.org.au/afd/taxa/86294130-ca0d-4e27-81da-5a82a7cd4c87",-27.53078,153.1415,2022-12-25 03:50:00,"PRESENT","Butterflies Australia"
"2418","b08e4a19-7ef6-40a1-bef5-ffa96346fd25","Acraea terpsicore","https://biodiversity.org.au/afd/taxa/ba632bea-a7b4-4b60-bf89-d63128cad841",-12.410993,130.831478,2025-05-24 13:42:00,"PRESENT","iNaturalist Australia"
"2419","b0a7dd87-9d62-428a-948f-caec39f7a047","Afrohybanthus enneaspermus","https://id.biodiversity.org.au/taxon/apni/51448720",-12.196442,136.763412,2024-06-05 14:08:13,"PRESENT","iNaturalist Australia"
"2420","b0aef7f7-448c-476b-8ae5-4d03fe1ada6d","Adenia heterophylla","https://id.biodiversity.org.au/taxon/apni/51442111",-12.71042,130.990342,2024-01-19 13:40:49,"PRESENT","iNaturalist Australia"
"2421","b0aef9bf-5f78-4324-85c5-9a0e1392dd14","Acraea terpsicore","https://biodiversity.org.au/afd/taxa/ba632bea-a7b4-4b60-bf89-d63128cad841",-19.23924,146.805329,2024-05-23 12:31:00,"PRESENT","iNaturalist Australia"
"2422","b0cf9f7f-dd6a-4602-a91b-86e541b6ac6d","Acraea terpsicore","https://biodiversity.org.au/afd/taxa/ba632bea-a7b4-4b60-bf89-d63128cad841",-21.161211,148.884187,2024-03-08 11:47:37,"PRESENT","iNaturalist Australia"
"2423","b0eac935-9a1a-49ea-959a-6bfe3a68e31e","Acraea terpsicore","https://biodiversity.org.au/afd/taxa/ba632bea-a7b4-4b60-bf89-d63128cad841",-12.432945,130.944804,2022-04-10 13:21:00,"PRESENT","iNaturalist Australia"
"2424","b10133f9-0dcc-4ba4-b82d-a2cd1d774f05","Acraea andromacha","https://biodiversity.org.au/afd/taxa/86294130-ca0d-4e27-81da-5a82a7cd4c87",-27.49549,152.774484,2024-05-23 09:31:53,"PRESENT","iNaturalist Australia"
"2425","b10373dd-ab3a-4a62-8530-14f7415039b1","Acraea andromacha","https://biodiversity.org.au/afd/taxa/86294130-ca0d-4e27-81da-5a82a7cd4c87",-25.059496,148.235149,2025-10-10 12:31:00,"PRESENT","iNaturalist Australia"
"2426","b1079aa8-2075-4a3c-8643-1d1659bb3e7c","Acraea andromacha","https://biodiversity.org.au/afd/taxa/86294130-ca0d-4e27-81da-5a82a7cd4c87",-27.522056,152.865361,2023-09-17 09:32:00,"PRESENT","iNaturalist Australia"
"2427","b10a25cc-4848-45e8-9e80-ad884c6304af","Acraea andromacha","https://biodiversity.org.au/afd/taxa/86294130-ca0d-4e27-81da-5a82a7cd4c87",-27.910792,153.322312,2024-03-31 07:36:15,"PRESENT","iNaturalist Australia"
"2428","b1148b50-c7ad-4850-a973-df5382172429","Acraea terpsicore","https://biodiversity.org.au/afd/taxa/ba632bea-a7b4-4b60-bf89-d63128cad841",-19.17215,146.82803,2022-07-14 14:14:00,"PRESENT","iNaturalist Australia"
"2429","b114981c-e03b-42aa-b6a0-9153788d329d","Acraea terpsicore","https://biodiversity.org.au/afd/taxa/ba632bea-a7b4-4b60-bf89-d63128cad841",-10.5792,142.21488,2023-06-04,"PRESENT","Butterflies Australia"
"2430","b119909e-5597-4c06-ab59-167236e707cb","Acraea andromacha","https://biodiversity.org.au/afd/taxa/86294130-ca0d-4e27-81da-5a82a7cd4c87",-27.47828,152.934097,2022-01-09 10:56:43,"PRESENT","iNaturalist Australia"
"2431","b1211158-ad5d-4132-9d76-c4bb48e1864c","Acraea terpsicore","https://biodiversity.org.au/afd/taxa/ba632bea-a7b4-4b60-bf89-d63128cad841",-15.524453,145.271731,2025-07-20 12:22:00,"PRESENT","iNaturalist Australia"
"2432","b12ec922-50b6-43b3-9410-bb58f123c582","Acraea terpsicore","https://biodiversity.org.au/afd/taxa/ba632bea-a7b4-4b60-bf89-d63128cad841",-23.843791,151.102896,2023-04-21 10:16:00,"PRESENT","iNaturalist Australia"
"2433","b1342a82-58e3-4fe8-b30d-647fa56a4aa9","Acraea terpsicore","https://biodiversity.org.au/afd/taxa/ba632bea-a7b4-4b60-bf89-d63128cad841",-19.56895,138.81176,2023-09-07 02:01:00,"PRESENT","Butterflies Australia"
"2434","b13da304-c8bb-4951-9836-ad2c1d65b105","Acraea terpsicore","https://biodiversity.org.au/afd/taxa/ba632bea-a7b4-4b60-bf89-d63128cad841",-20.014916,148.266059,2023-10-08 11:49:00,"PRESENT","iNaturalist Australia"
"2435","b14165ba-039c-4c73-abcd-a49346c260f1","Acraea terpsicore","https://biodiversity.org.au/afd/taxa/ba632bea-a7b4-4b60-bf89-d63128cad841",-14.193259,129.453193,2024-09-15 11:10:00,"PRESENT","iNaturalist Australia"
"2436","b142203a-c35a-4175-81bf-4567aaf4a07a","Acraea andromacha","https://biodiversity.org.au/afd/taxa/86294130-ca0d-4e27-81da-5a82a7cd4c87",-27.485624,152.952138,2024-03-18 11:17:18,"PRESENT","iNaturalist Australia"
"2437","b167f053-212a-4faa-a720-5acd88465ecc","Acraea andromacha","https://biodiversity.org.au/afd/taxa/86294130-ca0d-4e27-81da-5a82a7cd4c87",-27.48585,152.95141,2022-01-14 02:15:00,"PRESENT","Butterflies Australia"
"2438","b1697baf-40d2-4899-ac64-5d959186ad26","Acraea terpsicore","https://biodiversity.org.au/afd/taxa/ba632bea-a7b4-4b60-bf89-d63128cad841",-15.974562,144.82883,2021-06-03 12:40:00,"PRESENT","iNaturalist Australia"
"2439","b17aa7d3-356d-4293-b244-bb72cdb5e9ad","Afrohybanthus enneaspermus","https://id.biodiversity.org.au/taxon/apni/51448720",-14.032361,136.788071,2022-05-06,"PRESENT","Flora Atlas N.T."
"2440","b18623c6-735d-434d-b8fe-aa8b870452b9","Acraea andromacha","https://biodiversity.org.au/afd/taxa/86294130-ca0d-4e27-81da-5a82a7cd4c87",-27.117344,152.749552,2022-02-16 16:10:00,"PRESENT","iNaturalist Australia"
"2441","b19c2beb-3e28-4937-9fe3-f2c0a64d1c02","Acraea andromacha","https://biodiversity.org.au/afd/taxa/86294130-ca0d-4e27-81da-5a82a7cd4c87",-27.339604,153.07891,2025-02-10 10:27:00,"PRESENT","iNaturalist Australia"
"2442","b1b37f62-0579-4afc-a1d8-d8c75fed23b6","Acraea terpsicore","https://biodiversity.org.au/afd/taxa/ba632bea-a7b4-4b60-bf89-d63128cad841",-26.612577,153.064414,2023-06-09 13:55:00,"PRESENT","iNaturalist Australia"
"2443","b1bddc14-d1cf-4706-9ac1-317e7edbf671","Acraea terpsicore","https://biodiversity.org.au/afd/taxa/ba632bea-a7b4-4b60-bf89-d63128cad841",-12.378683,130.848405,2025-06-01 17:23:00,"PRESENT","iNaturalist Australia"
"2444","b1d83f88-7871-4e65-8fe8-17de117b4a3d","Acraea terpsicore","https://biodiversity.org.au/afd/taxa/ba632bea-a7b4-4b60-bf89-d63128cad841",-27.48585,152.95141,2022-01-14 02:15:00,"PRESENT","Butterflies Australia"
"2445","b1db57f8-3df7-4c94-ba6a-7ab00f74cd6c","Acraea andromacha","https://biodiversity.org.au/afd/taxa/86294130-ca0d-4e27-81da-5a82a7cd4c87",-27.71801,152.87895,2023-04-05 04:02:00,"PRESENT","Butterflies Australia"
"2446","b1fb63e3-99fe-409d-a3d1-5d535af3154b","Acraea andromacha","https://biodiversity.org.au/afd/taxa/86294130-ca0d-4e27-81da-5a82a7cd4c87",-27.514873,150.582068,2025-01-09 14:33:06,"PRESENT","iNaturalist Australia"
"2447","b2260c6c-4f8d-40c2-b005-9ed3282cbcde","Acraea andromacha","https://biodiversity.org.au/afd/taxa/86294130-ca0d-4e27-81da-5a82a7cd4c87",-27.337297,153.077714,2024-10-05 09:39:44,"PRESENT","iNaturalist Australia"
"2448","b2314bdb-39e1-4821-8b76-81b48c903fd2","Acraea terpsicore","https://biodiversity.org.au/afd/taxa/ba632bea-a7b4-4b60-bf89-d63128cad841",-21.778503,148.933989,2025-07-09 13:30:00,"PRESENT","iNaturalist Australia"
"2449","b2407ef2-80eb-4764-91a0-cbe6a1de3cee","Acraea terpsicore","https://biodiversity.org.au/afd/taxa/ba632bea-a7b4-4b60-bf89-d63128cad841",-27.45527,152.89127,2022-02-16 22:54:00,"PRESENT","Butterflies Australia"
"2450","b2423edc-bf9c-45a7-b489-ec1fcc8cfa77","Acraea terpsicore","https://biodiversity.org.au/afd/taxa/ba632bea-a7b4-4b60-bf89-d63128cad841",-16.160978,136.754338,2024-07-22 08:24:16,"PRESENT","iNaturalist Australia"
"2451","b264339a-6a0e-4b01-9d2d-156549760732","Acraea andromacha","https://biodiversity.org.au/afd/taxa/86294130-ca0d-4e27-81da-5a82a7cd4c87",-25.247924,152.826129,2025-02-11 11:52:00,"PRESENT","iNaturalist Australia"
"2452","b2731c8d-d141-435f-b14f-8270133c2e6d","Acraea andromacha","https://biodiversity.org.au/afd/taxa/86294130-ca0d-4e27-81da-5a82a7cd4c87",-27.480909,153.167155,2022-12-06 07:14:54,"PRESENT","iNaturalist Australia"
"2453","b2795ecf-3ea5-4002-9353-d49a8345bc45","Acraea terpsicore","https://biodiversity.org.au/afd/taxa/ba632bea-a7b4-4b60-bf89-d63128cad841",-27.485256,152.954423,2022-01-21 14:05:30,"PRESENT","iNaturalist Australia"
"2454","b297f7b1-e2ca-4a46-a564-5cdf112d3e5e","Acraea andromacha","https://biodiversity.org.au/afd/taxa/86294130-ca0d-4e27-81da-5a82a7cd4c87",-29.599918,152.957091,2022-01-20,"PRESENT","iNaturalist Australia"
"2455","b29a91d0-3f4a-4c58-8e0d-9ce47850c043","Acraea andromacha","https://biodiversity.org.au/afd/taxa/86294130-ca0d-4e27-81da-5a82a7cd4c87",-27.26839,152.858942,2025-01-31 13:01:00,"PRESENT","iNaturalist Australia"
"2456","b2a50219-1ae7-487d-a9a2-47202d321399","Acraea terpsicore","https://biodiversity.org.au/afd/taxa/ba632bea-a7b4-4b60-bf89-d63128cad841",-17.155436,144.521359,2023-07-04 17:16:32,"PRESENT","iNaturalist Australia"
"2457","b2a8cc08-7098-4bc2-a148-5874982c2825","Acraea terpsicore","https://biodiversity.org.au/afd/taxa/ba632bea-a7b4-4b60-bf89-d63128cad841",-10.602,142.2551,2023-06-03 01:30:00,"PRESENT","Butterflies Australia"
"2458","b2ab0a2b-a87c-4210-bd0c-3731c8bfac82","Acraea andromacha","https://biodiversity.org.au/afd/taxa/86294130-ca0d-4e27-81da-5a82a7cd4c87",-25.898175,152.877274,2025-02-14 13:11:46,"PRESENT","iNaturalist Australia"
"2459","b2d3ca47-2fea-48a5-a428-c38fab5c3b8c","Acraea terpsicore","https://biodiversity.org.au/afd/taxa/ba632bea-a7b4-4b60-bf89-d63128cad841",-19.1877,146.7708,2025-04-24 14:22:00,"PRESENT","iNaturalist Australia"
"2460","b2eacf9d-a82a-4aac-a621-cdfa46d8555a","Acraea terpsicore","https://biodiversity.org.au/afd/taxa/ba632bea-a7b4-4b60-bf89-d63128cad841",-19.324537,146.75145,2025-05-14,"PRESENT","iNaturalist Australia"
"2461","b2fb7a65-f128-4577-9924-de4bcee26909","Acraea andromacha","https://biodiversity.org.au/afd/taxa/86294130-ca0d-4e27-81da-5a82a7cd4c87",-27.493338,152.246505,2025-03-29 14:33:00,"PRESENT","iNaturalist Australia"
"2462","b321438a-6640-4bcc-abde-24be4b6d3ed5","Acraea andromacha","https://biodiversity.org.au/afd/taxa/86294130-ca0d-4e27-81da-5a82a7cd4c87",-28.873137,153.587732,2025-09-15 22:41:00,"PRESENT","iNaturalist Australia"
"2463","b3467f95-68d5-40ea-b07b-85697536f52f","Acraea terpsicore","https://biodiversity.org.au/afd/taxa/ba632bea-a7b4-4b60-bf89-d63128cad841",-19.002622,146.396853,2023-06-12 16:45:00,"PRESENT","iNaturalist Australia"
"2464","b346ba1c-760d-4c1d-9ccf-0a6217eb68ab","Acraea andromacha","https://biodiversity.org.au/afd/taxa/86294130-ca0d-4e27-81da-5a82a7cd4c87",-27.53517,153.142177,2025-11-03 11:05:00,"PRESENT","iNaturalist Australia"
"2465","b36b7d8a-ae9c-4384-893c-910456f7dbef","Acraea terpsicore","https://biodiversity.org.au/afd/taxa/ba632bea-a7b4-4b60-bf89-d63128cad841",-12.642959,141.864026,2021-05-01 09:10:00,"PRESENT","iNaturalist Australia"
"2466","b370e141-ae28-49bb-8b46-433227f174f0","Acraea andromacha","https://biodiversity.org.au/afd/taxa/86294130-ca0d-4e27-81da-5a82a7cd4c87",-27.53995,153.04287,2022-01-14 23:40:00,"PRESENT","Butterflies Australia"
"2467","b387782c-4486-45ad-9b56-1dc590dbf7b8","Acraea terpsicore","https://biodiversity.org.au/afd/taxa/ba632bea-a7b4-4b60-bf89-d63128cad841",-17.413423,145.067651,2023-04-21 12:15:00,"PRESENT","iNaturalist Australia"
"2468","b3960f89-9a35-402f-ab8f-34d9f9999f3e","Afrohybanthus enneaspermus","https://id.biodiversity.org.au/taxon/apni/51448720",-21.271232,149.262979,2026-01-15 09:39:37,"PRESENT","iNaturalist Australia"
"2469","b3bd83ca-0656-4a9c-b210-740039456a8d","Acraea andromacha","https://biodiversity.org.au/afd/taxa/86294130-ca0d-4e27-81da-5a82a7cd4c87",-29.435638,153.359022,2021-03-25 23:37:45,"PRESENT","iNaturalist Australia"
"2470","b3ceec79-1d13-48a1-a520-c4eb0403e7fc","Afrohybanthus enneaspermus","https://id.biodiversity.org.au/taxon/apni/51448720",-19.276077,146.726456,2023-01-30 06:36:00,"PRESENT","iNaturalist Australia"
"2471","b400c9bc-9ee7-4086-af78-0da96b92f4dd","Acraea andromacha","https://biodiversity.org.au/afd/taxa/afb7279d-cb44-4c89-be73-cf1e0a48cf46",-24.167378,151.890521,2024-09-06 13:27:00,"PRESENT","iNaturalist Australia"
"2472","b418bc0d-eda7-4d12-8561-ff05aac475ae","Acraea andromacha","https://biodiversity.org.au/afd/taxa/86294130-ca0d-4e27-81da-5a82a7cd4c87",-23.75933,151.314681,2024-10-16 11:47:00,"PRESENT","iNaturalist Australia"
"2473","b44fc67a-1e26-41ae-9342-d686211296a1","Acraea andromacha","https://biodiversity.org.au/afd/taxa/86294130-ca0d-4e27-81da-5a82a7cd4c87",-26.378478,153.118012,2026-01-23 12:47:00,"PRESENT","iNaturalist Australia"
"2474","b473a450-2051-4b05-8f77-ea6b4a0296fb","Acraea terpsicore","https://biodiversity.org.au/afd/taxa/ba632bea-a7b4-4b60-bf89-d63128cad841",-17.075493,145.740984,2021-02-18 12:55:00,"PRESENT","iNaturalist Australia"
"2475","b475d686-994e-4f48-aa69-bd1e801d0822","Acraea andromacha","https://biodiversity.org.au/afd/taxa/86294130-ca0d-4e27-81da-5a82a7cd4c87",-27.571777,152.9332,2023-04-23 11:27:00,"PRESENT","iNaturalist Australia"
"2476","b478e14c-3b66-41dc-8473-195fcf53747e","Acraea andromacha","https://biodiversity.org.au/afd/taxa/86294130-ca0d-4e27-81da-5a82a7cd4c87",-27.532543,152.816662,2021-02-08 18:19:15,"PRESENT","Brisbane’s Big Butterfly Count"
"2477","b47d8184-d04f-4aa7-83c2-6d120e8aaac3","Afrohybanthus enneaspermus","https://id.biodiversity.org.au/taxon/apni/51448720",-17.9325,146.0966,2024-01-14 15:08:00,"PRESENT","iNaturalist Australia"
"2478","b4817469-7ed4-4397-b031-b79ade67a55e","Acraea andromacha","https://biodiversity.org.au/afd/taxa/86294130-ca0d-4e27-81da-5a82a7cd4c87",-25.066805,148.24537,2025-05-28 15:41:01,"PRESENT","iNaturalist Australia"
"2479","b4866f1b-98c4-468f-aac6-a6fdc817f53f","Acraea terpsicore","https://biodiversity.org.au/afd/taxa/ba632bea-a7b4-4b60-bf89-d63128cad841",-20.014923,148.266064,2023-10-08 11:50:00,"PRESENT","iNaturalist Australia"
"2480","b4937acd-c002-44ae-8b5f-dc69000929d9","Afrohybanthus enneaspermus","https://id.biodiversity.org.au/taxon/apni/51448720",-11.576372,132.118606,2025-05-28 09:52:53,"PRESENT","iNaturalist Australia"
"2481","b4db0be3-007b-4477-9053-61469ef3e827","Acraea terpsicore","https://biodiversity.org.au/afd/taxa/ba632bea-a7b4-4b60-bf89-d63128cad841",-12.409526,130.831972,2025-05-11 11:32:00,"PRESENT","iNaturalist Australia"
"2482","b4dfb4ec-5c72-48dd-b0da-c5dfea4cf758","Acraea andromacha","https://biodiversity.org.au/afd/taxa/86294130-ca0d-4e27-81da-5a82a7cd4c87",-27.542903,153.052683,2025-09-05 10:11:14,"PRESENT","iNaturalist Australia"
"2483","b4ebbdaf-a9c1-4006-a118-fa9a5e98eb6f","Acraea andromacha","https://biodiversity.org.au/afd/taxa/86294130-ca0d-4e27-81da-5a82a7cd4c87",-20.588592,139.574507,2025-09-12 14:14:00,"PRESENT","iNaturalist Australia"
"2484","b4f44566-8cc9-4c97-9f06-451011809a2d","Acraea terpsicore","https://biodiversity.org.au/afd/taxa/ba632bea-a7b4-4b60-bf89-d63128cad841",-17.4861,128.376205,2025-05-16 13:53:29,"PRESENT","iNaturalist Australia"
"2485","b4f47fa4-3cb7-4bf6-b355-455a6c9d2414","Acraea andromacha","https://biodiversity.org.au/afd/taxa/86294130-ca0d-4e27-81da-5a82a7cd4c87",-27.700126,152.829371,2025-04-14 11:36:19,"PRESENT","iNaturalist Australia"
"2486","b4f64866-d641-41ac-becd-a6cf8bcf35cf","Acraea andromacha","https://biodiversity.org.au/afd/taxa/86294130-ca0d-4e27-81da-5a82a7cd4c87",-24.88922,152.30706,2022-11-18 21:15:00,"PRESENT","Butterflies Australia"
"2487","b4fdabed-e5aa-4b32-bf2c-5d1733459359","Acraea terpsicore","https://biodiversity.org.au/afd/taxa/ba632bea-a7b4-4b60-bf89-d63128cad841",-17.412684,124.942986,2021-06-11 15:28:00,"PRESENT","iNaturalist Australia"
"2488","b5154f32-7117-4362-a074-7ca37f291ce8","Acraea andromacha","https://biodiversity.org.au/afd/taxa/86294130-ca0d-4e27-81da-5a82a7cd4c87",-26.763247,153.141569,2022-09-24 08:41:00,"PRESENT","iNaturalist Australia"
"2489","b51565c9-ae02-475b-b1bd-da84d3f19878","Acraea terpsicore","https://biodiversity.org.au/afd/taxa/ba632bea-a7b4-4b60-bf89-d63128cad841",-19.283184,146.814061,2023-09-08 16:55:00,"PRESENT","iNaturalist Australia"
"2490","b529c7b1-08d3-402d-a22b-4168ac85ac42","Acraea andromacha","https://biodiversity.org.au/afd/taxa/afb7279d-cb44-4c89-be73-cf1e0a48cf46",-27.58101,151.97402,2021-09-06,"PRESENT","WildNet - Queensland Wildlife Data"
"2491","b52baa71-90da-4145-927a-480e0ec06453","Acraea andromacha","https://biodiversity.org.au/afd/taxa/86294130-ca0d-4e27-81da-5a82a7cd4c87",-29.778572,151.350194,2024-07-13 13:08:55,"PRESENT","iNaturalist Australia"
"2492","b52e2b29-495a-4663-bcd9-012cbcc0a0a1","Acraea andromacha","https://biodiversity.org.au/afd/taxa/86294130-ca0d-4e27-81da-5a82a7cd4c87",-31.808352,152.306517,2021-09-04 12:07:00,"PRESENT","iNaturalist Australia"
"2493","b53cf10e-ff88-4470-bec9-b1b2e96d1ce9","Acraea andromacha","https://biodiversity.org.au/afd/taxa/86294130-ca0d-4e27-81da-5a82a7cd4c87",-27.297791,153.040166,2024-02-05 10:40:00,"PRESENT","iNaturalist Australia"
"2494","b5513e81-047e-42eb-b12c-c742bd54fb64","Acraea andromacha","https://biodiversity.org.au/afd/taxa/86294130-ca0d-4e27-81da-5a82a7cd4c87",-21.61913,148.12798,2022-03-07 07:32:00,"PRESENT","Butterflies Australia"
"2495","b55689f4-85ac-4d22-81ab-9237200bc3c4","Acraea andromacha","https://biodiversity.org.au/afd/taxa/86294130-ca0d-4e27-81da-5a82a7cd4c87",-27.265304,152.869023,2025-03-22 10:20:00,"PRESENT","iNaturalist Australia"
"2496","b55a0ede-654e-40b4-9e3c-cbb25eb0083b","Acraea terpsicore","https://biodiversity.org.au/afd/taxa/ba632bea-a7b4-4b60-bf89-d63128cad841",-14.315565,132.421121,2024-08-06 15:58:52,"PRESENT","iNaturalist Australia"
"2497","b576d9a2-9d1a-4710-b953-5221f31fb8fe","Acraea andromacha","https://biodiversity.org.au/afd/taxa/86294130-ca0d-4e27-81da-5a82a7cd4c87",-26.8796,151.601355,2023-09-05 05:38:00,"PRESENT","iNaturalist Australia"
"2498","b5797b11-fc05-4f16-958e-7d1178d529ed","Acraea terpsicore","https://biodiversity.org.au/afd/taxa/ba632bea-a7b4-4b60-bf89-d63128cad841",-19.1903,146.774033,2025-06-18 11:12:00,"PRESENT","iNaturalist Australia"
"2499","b57f542d-7183-4be0-961e-68f58388b996","Acraea andromacha","https://biodiversity.org.au/afd/taxa/86294130-ca0d-4e27-81da-5a82a7cd4c87",-28.235511,152.63571,2024-11-16 09:15:57,"PRESENT","iNaturalist Australia"
"2500","b58e6e04-0f98-4a83-9f86-c3105e7320dd","Acraea terpsicore","https://biodiversity.org.au/afd/taxa/ba632bea-a7b4-4b60-bf89-d63128cad841",-19.752313,147.595742,2023-07-19 07:51:00,"PRESENT","iNaturalist Australia"
"2501","b58f4443-4143-4e7a-9824-a33ecc5a6abd","Afrohybanthus enneaspermus","https://id.biodiversity.org.au/taxon/apni/51448720",-14.156583,133.084672,2025-04-06,"PRESENT","Northern Territory Herbarium (DNA) AVH data"
"2502","b5938e95-4eff-481c-ae11-f6de6e5f5fc0","Acraea terpsicore","https://biodiversity.org.au/afd/taxa/ba632bea-a7b4-4b60-bf89-d63128cad841",-30.64678,153.018004,2022-10-30 01:10:00,"PRESENT","NatureMapr"
"2503","b5aa1c74-c1a4-47ff-b908-7b243042fc12","Acraea andromacha","https://biodiversity.org.au/afd/taxa/86294130-ca0d-4e27-81da-5a82a7cd4c87",-26.531363,151.848567,2023-04-24 14:42:59,"PRESENT","iNaturalist Australia"
"2504","b5ae713a-d4ea-4c3e-94a9-852f8b01cf82","Acraea terpsicore","https://biodiversity.org.au/afd/taxa/ba632bea-a7b4-4b60-bf89-d63128cad841",-12.362282,130.866445,2023-05-21 13:30:00,"PRESENT","iNaturalist Australia"
"2505","b5d54c04-51b0-4c26-a879-0535e8351d05","Acraea andromacha","https://biodiversity.org.au/afd/taxa/86294130-ca0d-4e27-81da-5a82a7cd4c87",-27.342456,153.074183,2024-02-17 10:25:35,"PRESENT","iNaturalist Australia"
"2506","b5d9caae-0a07-4a1c-abcb-d38c5a7de9b0","Acraea andromacha","https://biodiversity.org.au/afd/taxa/86294130-ca0d-4e27-81da-5a82a7cd4c87",-29.096968,152.516216,2025-03-11 12:19:00,"PRESENT","iNaturalist Australia"
"2507","b5de09b7-e1d6-4880-bf8c-8b71e3b62b24","Acraea terpsicore","https://biodiversity.org.au/afd/taxa/ba632bea-a7b4-4b60-bf89-d63128cad841",-19.31658,146.74739,2021-04-02 12:19:00,"PRESENT","iNaturalist Australia"
"2508","b5e0d8d1-fb79-410a-98d1-9613071c08f6","Acraea terpsicore","https://biodiversity.org.au/afd/taxa/ba632bea-a7b4-4b60-bf89-d63128cad841",-19.25825,146.802445,2022-10-28 11:45:38,"PRESENT","iNaturalist Australia"
"2509","b5e3d815-8096-4a0f-a7bf-06a5942d39c7","Acraea andromacha","https://biodiversity.org.au/afd/taxa/86294130-ca0d-4e27-81da-5a82a7cd4c87",-27.299325,153.038636,2021-08-22 12:42:00,"PRESENT","iNaturalist Australia"
"2510","b5e80c98-0dc4-46f8-9b1f-9d68afa4889f","Afrohybanthus enneaspermus","https://id.biodiversity.org.au/taxon/apni/51448720",-23.491442,150.478621,2022-02-15 06:33:31,"PRESENT","iNaturalist Australia"
"2511","b636be62-74a4-4739-a103-3fd8df7d9ee3","Acraea andromacha","https://biodiversity.org.au/afd/taxa/86294130-ca0d-4e27-81da-5a82a7cd4c87",-34.062441,150.770756,2024-03-12 09:54:00,"PRESENT","iNaturalist Australia"
"2512","b63d411e-deea-41a5-9e9f-e0631c3c206d","Acraea terpsicore","https://biodiversity.org.au/afd/taxa/ba632bea-a7b4-4b60-bf89-d63128cad841",-17.368,145.4261,2021-03-29 11:00:00,"PRESENT","Butterflies Australia"
"2513","b648d3f2-49b3-4e89-8387-0c0b822622c7","Acraea terpsicore","https://biodiversity.org.au/afd/taxa/ba632bea-a7b4-4b60-bf89-d63128cad841",-17.410611,145.061419,2021-05-25 09:43:00,"PRESENT","iNaturalist Australia"
"2514","b65090bf-d8d7-4a4e-821f-3c765665e512","Acraea terpsicore","https://biodiversity.org.au/afd/taxa/ba632bea-a7b4-4b60-bf89-d63128cad841",-18.0283,144.0487,2021-03-22 09:15:00,"PRESENT","Butterflies Australia"
"2515","b6575eea-0fcd-49e1-9e3d-6d5a61e340f2","Acraea terpsicore","https://biodiversity.org.au/afd/taxa/ba632bea-a7b4-4b60-bf89-d63128cad841",-16.757736,145.669579,2021-08-03 10:57:00,"PRESENT","iNaturalist Australia"
"2516","b66b88c5-b1d2-4087-b2f4-dd107afcf26e","Acraea andromacha","https://biodiversity.org.au/afd/taxa/86294130-ca0d-4e27-81da-5a82a7cd4c87",-27.517095,152.739827,2021-05-02 11:44:00,"PRESENT","iNaturalist Australia"
"2517","b66ba3a2-3de6-4555-86a5-82452d85d0c3","Acraea terpsicore","https://biodiversity.org.au/afd/taxa/ba632bea-a7b4-4b60-bf89-d63128cad841",-27.905122,153.375223,2024-05-08,"PRESENT","iNaturalist Australia"
"2518","b66f2d65-8108-4cc2-8719-f66f321d1b67","Acraea andromacha","https://biodiversity.org.au/afd/taxa/86294130-ca0d-4e27-81da-5a82a7cd4c87",-27.076932,151.74691,2024-02-28 12:07:00,"PRESENT","iNaturalist Australia"
"2519","b6763cc2-fe61-4ae1-a36c-72e4974d559b","Acraea terpsicore","https://biodiversity.org.au/afd/taxa/ba632bea-a7b4-4b60-bf89-d63128cad841",-12.772178,130.409549,2025-05-26 11:10:00,"PRESENT","iNaturalist Australia"
"2520","b691aa9d-e925-4c31-b2e8-fc41da3755ad","Afrohybanthus enneaspermus","https://id.biodiversity.org.au/taxon/apni/51448720",-17.378432,145.296042,2022-03-10 10:09:00,"PRESENT","iNaturalist Australia"
"2521","b697cdcf-05fd-46c7-b638-b5a8da09afc1","Acraea andromacha","https://biodiversity.org.au/afd/taxa/86294130-ca0d-4e27-81da-5a82a7cd4c87",-30.49361,151.67642,2022-01-28 02:03:00,"PRESENT","Butterflies Australia"
"2522","b69eb45e-8275-483b-b180-6fd6bf93e767","Acraea andromacha","https://biodiversity.org.au/afd/taxa/86294130-ca0d-4e27-81da-5a82a7cd4c87",-27.65811,151.52523,2022-10-27 21:10:00,"PRESENT","Butterflies Australia"
"2523","b6b398de-ce2e-4edd-a2ff-c28298b48753","Adenia heterophylla","https://id.biodiversity.org.au/taxon/apni/51442111",-11.7415,133.84386,2024-02-06,"PRESENT","Northern Territory Herbarium (DNA) AVH data"
"2524","b6c9a491-4225-4b4a-9b59-7ff48cbb63ec","Acraea andromacha","https://biodiversity.org.au/afd/taxa/86294130-ca0d-4e27-81da-5a82a7cd4c87",-24.255234,131.579235,2023-01-01 09:11:00,"PRESENT","iNaturalist Australia"
"2525","b6cda26b-0871-489e-8e85-641b944e5b50","Acraea terpsicore","https://biodiversity.org.au/afd/taxa/ba632bea-a7b4-4b60-bf89-d63128cad841",-19.195407,146.763193,2024-04-23 09:17:47,"PRESENT","iNaturalist Australia"
"2526","b6dd5c6a-2955-4128-9d6c-0a67c1ddbf4b","Adenia heterophylla","https://id.biodiversity.org.au/taxon/apni/51442112",-16.525775,145.467151,2024-12-18 16:04:00,"PRESENT","iNaturalist Australia"
"2527","b705046a-b2fb-4521-b650-638607886b46","Acraea terpsicore","https://biodiversity.org.au/afd/taxa/ba632bea-a7b4-4b60-bf89-d63128cad841",-16.903263,145.413749,2025-07-16 14:08:33,"PRESENT","iNaturalist Australia"
"2528","b70608e4-ca10-40d2-8355-548d42702656","Acraea andromacha","https://biodiversity.org.au/afd/taxa/86294130-ca0d-4e27-81da-5a82a7cd4c87",-24.711683,152.273301,2024-08-18 10:12:19,"PRESENT","iNaturalist Australia"
"2529","b7438ab4-bf29-4d29-b367-735c3a47ca17","Acraea terpsicore","https://biodiversity.org.au/afd/taxa/ba632bea-a7b4-4b60-bf89-d63128cad841",-14.314842,132.42278,2021-06-01 10:37:00,"PRESENT","iNaturalist Australia"
"2530","b74b4ec7-6f09-4809-9e08-5f2edc919934","Acraea andromacha","https://biodiversity.org.au/afd/taxa/86294130-ca0d-4e27-81da-5a82a7cd4c87",-27.4,152.9,2021-04-30 09:59:47,"PRESENT","Earth Guardians Weekly Feed"
"2531","b74be562-d503-436b-8b58-f077306c13da","Acraea andromacha","https://biodiversity.org.au/afd/taxa/86294130-ca0d-4e27-81da-5a82a7cd4c87",-28.173327,152.743471,2024-04-13 15:06:00,"PRESENT","iNaturalist Australia"
"2532","b76a0e51-6569-4b2f-bc2f-456243c7c165","Acraea terpsicore","https://biodiversity.org.au/afd/taxa/ba632bea-a7b4-4b60-bf89-d63128cad841",-17.767642,139.540237,2022-06-11 11:06:05,"PRESENT","iNaturalist Australia"
"2533","b7873722-dcc8-4143-9835-61f7475fd33b","Acraea andromacha","https://biodiversity.org.au/afd/taxa/86294130-ca0d-4e27-81da-5a82a7cd4c87",-27.238628,152.810268,2023-01-06 15:03:00,"PRESENT","iNaturalist Australia"
"2534","b78ca3cd-4186-4d8f-b74c-fd46f9a81ad2","Acraea andromacha","https://biodiversity.org.au/afd/taxa/86294130-ca0d-4e27-81da-5a82a7cd4c87",-28.603387,153.573293,2025-11-30 11:35:00,"PRESENT","iNaturalist Australia"
"2535","b79d5697-cede-42b8-bd4f-93c9b9b25e5f","Acraea andromacha","https://biodiversity.org.au/afd/taxa/86294130-ca0d-4e27-81da-5a82a7cd4c87",-29.863333,150.575348,2022-01-08 19:58:01,"PRESENT","iNaturalist Australia"
"2536","b7a221f7-c467-4458-b04e-99ae18a97142","Acraea andromacha","https://biodiversity.org.au/afd/taxa/86294130-ca0d-4e27-81da-5a82a7cd4c87",-30.287872,152.737134,2025-03-14 13:10:00,"PRESENT","iNaturalist Australia"
"2537","b7b18650-7144-4a11-bcba-eb45be2bbf58","Acraea terpsicore","https://biodiversity.org.au/afd/taxa/ba632bea-a7b4-4b60-bf89-d63128cad841",-12.360513,130.869971,2022-04-25 15:56:00,"PRESENT","iNaturalist Australia"
"2538","b7c769e0-faf6-41fa-a6ae-ad41f49b8972","Afrohybanthus enneaspermus","https://id.biodiversity.org.au/taxon/apni/51448720",-19.195203,146.766562,2026-01-06 11:24:00,"PRESENT","iNaturalist Australia"
"2539","b7d0dfac-bbda-4b40-91f9-bfa977497dac","Acraea andromacha","https://biodiversity.org.au/afd/taxa/86294130-ca0d-4e27-81da-5a82a7cd4c87",-26.680135,153.13882,2022-01-30 14:03:00,"PRESENT","iNaturalist Australia"
"2540","b7d86462-bdac-4acd-9171-c71d835db35e","Afrohybanthus enneaspermus","https://id.biodiversity.org.au/taxon/apni/51448720",-19.2122,146.7769,2022-02-27 11:02:00,"PRESENT","iNaturalist Australia"
"2541","b7fda94b-29ba-43c2-b79b-c289d85e7898","Acraea terpsicore","https://biodiversity.org.au/afd/taxa/ba632bea-a7b4-4b60-bf89-d63128cad841",-16.912185,145.703615,2022-03-01 12:29:00,"PRESENT","iNaturalist Australia"
"2542","b80472f9-abe2-4295-92be-275a13e9ad1c","Afrohybanthus enneaspermus","https://id.biodiversity.org.au/taxon/apni/51448720",-23.491489,150.483348,2024-08-30 07:43:14,"PRESENT","iNaturalist Australia"
"2543","b80f6879-d22f-4658-be39-a757ac89edcb","Acraea terpsicore","https://biodiversity.org.au/afd/taxa/ba632bea-a7b4-4b60-bf89-d63128cad841",-17.36004,144.8754,2021-02-11 10:45:00,"PRESENT","Butterflies Australia"
"2544","b84473ed-6ae8-477d-8b4e-72a0ccaded85","Acraea andromacha","https://biodiversity.org.au/afd/taxa/86294130-ca0d-4e27-81da-5a82a7cd4c87",-30.177478,153.190778,2023-06-03 10:38:50,"PRESENT","iNaturalist Australia"
"2545","b86cfc7b-47a6-4312-a91d-efaa75565329","Afrohybanthus enneaspermus","https://id.biodiversity.org.au/taxon/apni/51448720",-16.49532,134.31862,2022-02-20,"PRESENT","Flora Atlas N.T."
"2546","b87079c7-9d99-483f-89ed-de45b0c29f6b","Acraea andromacha","https://biodiversity.org.au/afd/taxa/86294130-ca0d-4e27-81da-5a82a7cd4c87",-26.947167,152.383472,2023-08-06 10:27:00,"PRESENT","iNaturalist Australia"
"2547","b87dcfc6-4ce8-4adb-9649-08e081607c1f","Acraea andromacha","https://biodiversity.org.au/afd/taxa/86294130-ca0d-4e27-81da-5a82a7cd4c87",-27.617272,153.155417,2026-01-12 10:22:08,"PRESENT","iNaturalist Australia"
"2548","b883cac2-64c7-428f-b198-6cb137c2783f","Acraea andromacha","https://biodiversity.org.au/afd/taxa/86294130-ca0d-4e27-81da-5a82a7cd4c87",-28.04167,153.27575,2021-04-14 11:08:00,"PRESENT","Butterflies Australia"
"2549","b8860bb9-acd0-454f-8696-c312178f5f01","Afrohybanthus enneaspermus","https://id.biodiversity.org.au/taxon/apni/51448720",-12.42522,130.894762,2025-04-13 11:19:11,"PRESENT","iNaturalist Australia"
"2550","b89fc3fd-cbb2-48cd-b638-86b33bb29de3","Acraea andromacha","https://biodiversity.org.au/afd/taxa/86294130-ca0d-4e27-81da-5a82a7cd4c87",-27.610359,153.204871,2022-02-19 15:53:00,"PRESENT","iNaturalist Australia"
"2551","b8b4ea32-e2fa-4ae4-beb9-a76a52f10218","Afrohybanthus enneaspermus","https://id.biodiversity.org.au/taxon/apni/51448720",-19.2275,146.7816,2024-12-28 08:55:00,"PRESENT","iNaturalist Australia"
"2552","b8ff4c14-b770-4f2a-8dab-0bce37f050ef","Acraea andromacha","https://biodiversity.org.au/afd/taxa/86294130-ca0d-4e27-81da-5a82a7cd4c87",-26.380092,153.116506,2025-10-24 09:12:16,"PRESENT","iNaturalist Australia"
"2553","b9040764-075c-4677-9e54-a7eb2ff4cdfd","Acraea andromacha","https://biodiversity.org.au/afd/taxa/86294130-ca0d-4e27-81da-5a82a7cd4c87",-27.65731,151.52696,2024-01-03 22:22:00,"PRESENT","Butterflies Australia"
"2554","b90cee7d-8e7d-4fd0-8543-7ea812a8e821","Acraea andromacha","https://biodiversity.org.au/afd/taxa/86294130-ca0d-4e27-81da-5a82a7cd4c87",-18.949159,143.359749,2022-05-05,"PRESENT","Queensland Museum provider for OZCAM"
"2555","b91ca6c5-86ce-46f5-986b-9648ac907f18","Afrohybanthus enneaspermus","https://id.biodiversity.org.au/taxon/apni/51448720",-19.275364,146.7233,2025-03-05 06:32:00,"PRESENT","iNaturalist Australia"
"2556","b9460a1c-d39c-4f3d-8ead-aedd94f93067","Acraea andromacha","https://biodiversity.org.au/afd/taxa/86294130-ca0d-4e27-81da-5a82a7cd4c87",-27.859459,153.068092,2025-05-10 09:42:17,"PRESENT","iNaturalist Australia"
"2557","b946de30-28c4-40f6-bb33-62c2fff15c13","Acraea terpsicore","https://biodiversity.org.au/afd/taxa/ba632bea-a7b4-4b60-bf89-d63128cad841",-19.243469,146.786754,2025-05-22 14:01:00,"PRESENT","iNaturalist Australia"
"2558","b9589584-d1f7-4b13-a7ba-6c1db15eee30","Acraea terpsicore","https://biodiversity.org.au/afd/taxa/ba632bea-a7b4-4b60-bf89-d63128cad841",-16.529578,145.136494,2025-11-07 09:00:00,"PRESENT","iNaturalist Australia"
"2559","b95a1e2a-77f2-4566-b7ef-0fb00d632713","Acraea andromacha","https://biodiversity.org.au/afd/taxa/86294130-ca0d-4e27-81da-5a82a7cd4c87",-27.44975,151.953941,2022-09-25 13:05:00,"PRESENT","iNaturalist Australia"
"2560","b95ace62-2003-4a7e-914c-50c0301b61b1","Acraea terpsicore","https://biodiversity.org.au/afd/taxa/ba632bea-a7b4-4b60-bf89-d63128cad841",-17.977101,122.343947,2023-04-23 11:48:32,"PRESENT","iNaturalist Australia"
"2561","b95c58db-d4d0-4c6a-aaac-451023847e4c","Acraea terpsicore","https://biodiversity.org.au/afd/taxa/ba632bea-a7b4-4b60-bf89-d63128cad841",-19.25845,146.802859,2022-10-28 23:30:00,"PRESENT","Butterflies Australia"
"2562","b95d97f2-ad21-482a-b934-664de0c0233b","Acraea andromacha","https://biodiversity.org.au/afd/taxa/86294130-ca0d-4e27-81da-5a82a7cd4c87",-27.305723,152.687082,2022-04-24 10:11:00,"PRESENT","iNaturalist Australia"
"2563","b960d53c-932a-4e2f-881d-38cce5454721","Acraea terpsicore","https://biodiversity.org.au/afd/taxa/ba632bea-a7b4-4b60-bf89-d63128cad841",-28.01958,153.33863,2021-03-16 17:43:00,"PRESENT","Butterflies Australia"
"2564","b967015c-9ea7-4cfd-81c6-cdc403621870","Acraea terpsicore","https://biodiversity.org.au/afd/taxa/ba632bea-a7b4-4b60-bf89-d63128cad841",-17.154665,125.279835,2023-07-10 10:46:03,"PRESENT","iNaturalist Australia"
"2565","b97a256c-cf27-4f21-8ff4-276a8d15b5a8","Acraea andromacha","https://biodiversity.org.au/afd/taxa/86294130-ca0d-4e27-81da-5a82a7cd4c87",-33.721576,150.310747,2025-04-04 16:17:00,"PRESENT","iNaturalist Australia"
"2566","b97bd962-7452-4f38-b5db-050e7d0032b5","Acraea andromacha","https://biodiversity.org.au/afd/taxa/86294130-ca0d-4e27-81da-5a82a7cd4c87",-26.714302,152.815096,2022-02-07 15:45:00,"PRESENT","iNaturalist Australia"
"2567","b99138b7-a182-46bd-bba8-e33266235542","Acraea andromacha","https://biodiversity.org.au/afd/taxa/86294130-ca0d-4e27-81da-5a82a7cd4c87",-24.126633,148.098313,2022-10-08 16:30:00,"PRESENT","Butterflies Australia"
"2568","b99b64a1-8d56-4f9e-824b-7ae9418fe0d4","Afrohybanthus enneaspermus","https://id.biodiversity.org.au/taxon/apni/51448720",-23.791789,150.366701,2025-02-27 10:06:43,"PRESENT","iNaturalist Australia"
"2569","b9a45deb-4cad-4e8c-b64e-66cd36ea2389","Acraea andromacha","https://biodiversity.org.au/afd/taxa/86294130-ca0d-4e27-81da-5a82a7cd4c87",-27.734351,152.704529,2022-01-26 09:56:00,"PRESENT","iNaturalist Australia"
"2570","b9b17236-138e-45bb-a987-3f03c957cab5","Acraea terpsicore","https://biodiversity.org.au/afd/taxa/ba632bea-a7b4-4b60-bf89-d63128cad841",-17.931482,124.784465,2023-05-21 10:05:00,"PRESENT","iNaturalist Australia"
"2571","b9c2402b-719f-434d-9885-9c4a7f9215ad","Acraea andromacha","https://biodiversity.org.au/afd/taxa/86294130-ca0d-4e27-81da-5a82a7cd4c87",-27.517361,152.738892,2025-12-27 17:09:00,"PRESENT","iNaturalist Australia"
"2572","b9de38ab-d386-4d2b-8f87-79b430224416","Acraea andromacha","https://biodiversity.org.au/afd/taxa/86294130-ca0d-4e27-81da-5a82a7cd4c87",-27.522772,152.841298,2021-02-13 15:02:00,"PRESENT","iNaturalist Australia"
"2573","b9fd2933-0e85-4e6f-9185-7bbbeda5620f","Acraea andromacha","https://biodiversity.org.au/afd/taxa/86294130-ca0d-4e27-81da-5a82a7cd4c87",-28.877941,153.577073,2022-03-22 13:22:00,"PRESENT","iNaturalist Australia"
"2574","b9ffced9-78ad-4594-8a65-316456fa0c2c","Acraea terpsicore","https://biodiversity.org.au/afd/taxa/ba632bea-a7b4-4b60-bf89-d63128cad841",-19.271009,146.753217,2021-04-03 23:05:00,"PRESENT","NatureMapr"
"2575","ba020170-d823-44ef-8c2e-b019acfb5737","Acraea andromacha","https://biodiversity.org.au/afd/taxa/86294130-ca0d-4e27-81da-5a82a7cd4c87",-12.6539,141.859558,2022-01-29 14:25:36,"PRESENT","iNaturalist Australia"
"2576","ba0481d4-2258-4bf2-a20c-1f045e86b5f8","Afrohybanthus enneaspermus","https://id.biodiversity.org.au/taxon/apni/51448720",-15.589964,129.403588,2024-09-27 07:31:07,"PRESENT","iNaturalist Australia"
"2577","ba0a4030-d90f-45dd-8539-c3aabaf144cf","Acraea andromacha","https://biodiversity.org.au/afd/taxa/86294130-ca0d-4e27-81da-5a82a7cd4c87",-27.823292,152.992233,2025-02-13 13:12:48,"PRESENT","iNaturalist Australia"
"2578","ba389fda-31c9-4bc7-b9e0-fd7e9e14f23e","Adenia heterophylla","https://id.biodiversity.org.au/node/apni/2909919",-16.5786,145.4836,2023-07-04 13:44:00,"PRESENT","iNaturalist Australia"
"2579","ba3ab8ea-d992-40b7-a480-c8da77a9ca7f","Acraea andromacha","https://biodiversity.org.au/afd/taxa/86294130-ca0d-4e27-81da-5a82a7cd4c87",-27.677104,152.915042,2025-03-17 09:09:35,"PRESENT","iNaturalist Australia"
"2580","ba3f413b-1b67-4dcd-97c5-c62570ae9af6","Acraea terpsicore","https://biodiversity.org.au/afd/taxa/ba632bea-a7b4-4b60-bf89-d63128cad841",-20.103687,146.883151,2022-10-01 10:55:00,"PRESENT","iNaturalist Australia"
"2581","ba477e88-afb4-42e4-b54e-30946217fbc7","Acraea terpsicore","https://biodiversity.org.au/afd/taxa/ba632bea-a7b4-4b60-bf89-d63128cad841",-14.633667,143.978903,2021-07-22 08:33:00,"PRESENT","iNaturalist Australia"
"2582","ba4ee703-b5e2-42e5-9a75-3c02f6289aa2","Acraea andromacha","https://biodiversity.org.au/afd/taxa/86294130-ca0d-4e27-81da-5a82a7cd4c87",-14.183849,132.187995,2025-06-08 12:54:00,"PRESENT","iNaturalist Australia"
"2583","ba60ab87-13d7-423a-be2f-61737c13acc3","Acraea andromacha","https://biodiversity.org.au/afd/taxa/afb7279d-cb44-4c89-be73-cf1e0a48cf46",-27.47978,151.83136,2023-01-13,"PRESENT","WildNet - Queensland Wildlife Data"
"2584","ba817a26-c92e-4701-93d7-b4d29f997148","Adenia heterophylla","https://id.biodiversity.org.au/taxon/apni/51442112",-17.836595,146.10045,2025-08-29 08:09:32,"PRESENT","iNaturalist Australia"
"2585","ba85c5e9-1f9d-40b9-b05b-e54bed1116e8","Acraea terpsicore","https://biodiversity.org.au/afd/taxa/ba632bea-a7b4-4b60-bf89-d63128cad841",-19.439963,146.732543,2024-04-21 12:38:00,"PRESENT","iNaturalist Australia"
"2586","ba8a65f0-7633-479f-9aae-e2c819ec9583","Acraea terpsicore","https://biodiversity.org.au/afd/taxa/ba632bea-a7b4-4b60-bf89-d63128cad841",-15.72389,135.642893,2023-06-15 16:05:00,"PRESENT","iNaturalist Australia"
"2587","ba978ba4-72af-47f1-9c40-4b89255d527e","Acraea andromacha","https://biodiversity.org.au/afd/taxa/86294130-ca0d-4e27-81da-5a82a7cd4c87",-27.261423,152.85216,2021-12-21 08:35:00,"PRESENT","iNaturalist Australia"
"2588","baaa484b-d5df-4507-b3e6-a60fb20f11df","Acraea andromacha","https://biodiversity.org.au/afd/taxa/86294130-ca0d-4e27-81da-5a82a7cd4c87",-24.848903,152.47277,2023-12-26 09:12:00,"PRESENT","iNaturalist Australia"
"2589","babd12ea-70a7-4b33-af9d-d0e57aee2817","Acraea andromacha","https://biodiversity.org.au/afd/taxa/86294130-ca0d-4e27-81da-5a82a7cd4c87",-27.483028,153.188583,2023-08-27 10:06:00,"PRESENT","iNaturalist Australia"
"2590","bac4d845-b92c-4d50-95be-08fce952f317","Afrohybanthus enneaspermus","https://id.biodiversity.org.au/taxon/apni/51448720",-17.004796,145.569042,2026-01-24 08:01:00,"PRESENT","iNaturalist Australia"
"2591","bad62fd9-fc0f-4098-a0c6-c0da40ec4a7c","Acraea andromacha","https://biodiversity.org.au/afd/taxa/86294130-ca0d-4e27-81da-5a82a7cd4c87",-27.712052,152.902294,2024-12-24 11:09:00,"PRESENT","iNaturalist Australia"
"2592","badf31bf-0dee-422e-b077-02606a488b44","Acraea terpsicore","https://biodiversity.org.au/afd/taxa/ba632bea-a7b4-4b60-bf89-d63128cad841",-17.3853,145.3826,2021-04-08 11:00:00,"PRESENT","Butterflies Australia"
"2593","bb170892-deaf-44bd-a7fc-41dd31a77a0d","Acraea andromacha","https://biodiversity.org.au/afd/taxa/86294130-ca0d-4e27-81da-5a82a7cd4c87",-27.618681,151.974308,2024-12-30 08:47:00,"PRESENT","iNaturalist Australia"
"2594","bb18bb2c-d49a-451d-bb13-fcbf3c3e2e5b","Acraea andromacha","https://biodiversity.org.au/afd/taxa/86294130-ca0d-4e27-81da-5a82a7cd4c87",-27.606165,153.023798,2022-02-06 12:30:00,"PRESENT","iNaturalist Australia"
"2595","bb284e1b-e666-4d24-8750-968975bb7645","Acraea andromacha","https://biodiversity.org.au/afd/taxa/86294130-ca0d-4e27-81da-5a82a7cd4c87",-27.627139,153.074272,2024-04-06 14:00:00,"PRESENT","iNaturalist Australia"
"2596","bb2b3334-bd9c-4953-adb5-d5267fc39fb4","Acraea andromacha","https://biodiversity.org.au/afd/taxa/86294130-ca0d-4e27-81da-5a82a7cd4c87",-27.677987,152.848967,2021-01-07 14:20:00,"PRESENT","iNaturalist Australia"
"2597","bb49eb66-f280-4e6e-93f2-02301ef90b29","Acraea andromacha","https://biodiversity.org.au/afd/taxa/86294130-ca0d-4e27-81da-5a82a7cd4c87",-26.616729,153.036215,2024-04-14 15:19:00,"PRESENT","iNaturalist Australia"
"2598","bb528827-5aa1-48ba-a3da-5c0e2999ad42","Acraea andromacha","https://biodiversity.org.au/afd/taxa/86294130-ca0d-4e27-81da-5a82a7cd4c87",-27.811593,152.91531,2023-05-15 10:38:00,"PRESENT","iNaturalist Australia"
"2599","bb9e70d7-0cf4-49ff-8533-01e88fd00918","Afrohybanthus enneaspermus","https://id.biodiversity.org.au/taxon/apni/51448720",-12.898169,131.623794,2024-11-23,"PRESENT","iNaturalist Australia"
"2600","bba447d1-f6f7-49df-9582-687e9ebd08e2","Acraea andromacha","https://biodiversity.org.au/afd/taxa/86294130-ca0d-4e27-81da-5a82a7cd4c87",-17.97634,122.34456,2024-09-11 14:30:00,"PRESENT","iNaturalist Australia"
"2601","bbb2139a-055f-4070-a08c-44048d509829","Acraea andromacha","https://biodiversity.org.au/afd/taxa/86294130-ca0d-4e27-81da-5a82a7cd4c87",-28.894929,152.486898,2025-01-10 10:39:00,"PRESENT","iNaturalist Australia"
"2602","bbcc0f1a-2238-4e19-828e-1c0293c4a21f","Acraea terpsicore","https://biodiversity.org.au/afd/taxa/ba632bea-a7b4-4b60-bf89-d63128cad841",-12.332978,130.893963,2023-05-08 11:43:28,"PRESENT","iNaturalist Australia"
"2603","bbce677a-fb81-4af5-9d42-69ebab8a30b2","Acraea terpsicore","https://biodiversity.org.au/afd/taxa/ba632bea-a7b4-4b60-bf89-d63128cad841",-12.453966,130.949789,2024-05-18 13:36:00,"PRESENT","iNaturalist Australia"
"2604","bbd06759-430b-4c5b-95f9-58be03dbc24d","Acraea terpsicore","https://biodiversity.org.au/afd/taxa/ba632bea-a7b4-4b60-bf89-d63128cad841",-22.900189,149.475843,2022-09-22 13:19:04,"PRESENT","iNaturalist Australia"
"2605","bbdb9e05-3eb0-4be3-8044-7c7d1fd6a00b","Acraea andromacha","https://biodiversity.org.au/afd/taxa/86294130-ca0d-4e27-81da-5a82a7cd4c87",-26.925826,152.995276,2024-02-17 12:51:16,"PRESENT","iNaturalist Australia"
"2606","bbf976cc-da34-4a03-b2ef-244c531340b0","Acraea andromacha","https://biodiversity.org.au/afd/taxa/86294130-ca0d-4e27-81da-5a82a7cd4c87",-27.435594,153.542696,2025-12-21 09:11:00,"PRESENT","iNaturalist Australia"
"2607","bc19cb34-004c-480e-9e73-388f90b84e89","Acraea andromacha","https://biodiversity.org.au/afd/taxa/86294130-ca0d-4e27-81da-5a82a7cd4c87",-17.6518,145.4722,2022-03-07 22:15:00,"PRESENT","Butterflies Australia"
"2608","bc202af6-3e62-4773-85df-c445ae7ceaae","Acraea terpsicore","https://biodiversity.org.au/afd/taxa/ba632bea-a7b4-4b60-bf89-d63128cad841",-16.468963,137.048283,2023-06-17 13:08:00,"PRESENT","iNaturalist Australia"
"2609","bc72e2cb-a689-4f1f-a294-c4e1f9282114","Acraea andromacha","https://biodiversity.org.au/afd/taxa/86294130-ca0d-4e27-81da-5a82a7cd4c87",-27.269716,152.853806,2025-08-11 09:42:00,"PRESENT","iNaturalist Australia"
"2610","bc7c30d9-1986-4474-a959-ef3bab2d1f7b","Acraea terpsicore","https://biodiversity.org.au/afd/taxa/ba632bea-a7b4-4b60-bf89-d63128cad841",-17.408858,145.062822,2021-05-25 09:46:00,"PRESENT","iNaturalist Australia"
"2611","bc7dc16a-ab61-45ee-8892-afa367314da3","Acraea andromacha","https://biodiversity.org.au/afd/taxa/86294130-ca0d-4e27-81da-5a82a7cd4c87",-34.430523,150.482918,2024-04-28 15:35:36,"PRESENT","iNaturalist Australia"
"2612","bc800072-f1d5-4d2b-9948-e64bf567972d","Acraea andromacha","https://biodiversity.org.au/afd/taxa/86294130-ca0d-4e27-81da-5a82a7cd4c87",-26.794511,152.44471,2021-04-26 14:29:00,"PRESENT","iNaturalist Australia"
"2613","bc94dfb5-bc2e-45a6-9fc2-a8cabfed0f70","Acraea andromacha","https://biodiversity.org.au/afd/taxa/86294130-ca0d-4e27-81da-5a82a7cd4c87",-27.520613,152.74549,2024-01-24 13:19:08,"PRESENT","iNaturalist Australia"
"2614","bc9b05d4-782f-4ee9-9a24-01fee822d7a6","Acraea andromacha","https://biodiversity.org.au/afd/taxa/86294130-ca0d-4e27-81da-5a82a7cd4c87",-27.485643,152.951475,2023-02-19 10:42:00,"PRESENT","iNaturalist Australia"
"2615","bc9f7b93-2ef6-47aa-9ce0-bce00589c946","Acraea terpsicore","https://biodiversity.org.au/afd/taxa/ba632bea-a7b4-4b60-bf89-d63128cad841",-23.841239,151.079631,2023-05-16 12:08:22,"PRESENT","iNaturalist Australia"
"2616","bca80943-e293-49f6-9510-5eff3560c51f","Acraea andromacha","https://biodiversity.org.au/afd/taxa/86294130-ca0d-4e27-81da-5a82a7cd4c87",-27.53978,153.06605,2023-01-05 22:57:00,"PRESENT","Butterflies Australia"
"2617","bcadc883-d99a-4ade-873c-85cd6b66bf5b","Acraea andromacha","https://biodiversity.org.au/afd/taxa/86294130-ca0d-4e27-81da-5a82a7cd4c87",-27.540439,152.859929,2023-09-08 21:00:00,"PRESENT","iNaturalist Australia"
"2618","bcc0a082-7281-440e-af04-512bc42bc9d3","Acraea andromacha","https://biodiversity.org.au/afd/taxa/86294130-ca0d-4e27-81da-5a82a7cd4c87",-27.598072,153.242604,2022-03-13 10:15:00,"PRESENT","iNaturalist Australia"
"2619","bcc81c03-71df-4d76-9db2-9726af435357","Acraea andromacha","https://biodiversity.org.au/afd/taxa/86294130-ca0d-4e27-81da-5a82a7cd4c87",-16.720584,137.415632,2025-07-11 12:16:00,"PRESENT","iNaturalist Australia"
"2620","bd0d6f7e-27f5-4d2c-bd03-69e7badde022","Acraea andromacha","https://biodiversity.org.au/afd/taxa/86294130-ca0d-4e27-81da-5a82a7cd4c87",-28.647938,153.614637,2024-04-11 14:36:00,"PRESENT","iNaturalist Australia"
"2621","bd331163-256e-4d40-9a29-e8ad8fe8f983","Acraea andromacha","https://biodiversity.org.au/afd/taxa/86294130-ca0d-4e27-81da-5a82a7cd4c87",-27.521859,152.920164,2025-08-24 10:06:00,"PRESENT","iNaturalist Australia"
"2622","bd742df1-9f1c-44d3-83e5-54a1565aa77c","Acraea terpsicore","https://biodiversity.org.au/afd/taxa/ba632bea-a7b4-4b60-bf89-d63128cad841",-19.267834,146.704426,2021-04-25 08:43:05,"PRESENT","iNaturalist Australia"
"2623","bd7ffd98-11e4-4dcf-85d7-54045a694055","Acraea andromacha","https://biodiversity.org.au/afd/taxa/86294130-ca0d-4e27-81da-5a82a7cd4c87",-20.292775,148.563583,2025-08-31 17:27:48,"PRESENT","iNaturalist Australia"
"2624","bd8cee62-5250-4f9f-95a4-61ad45770795","Acraea andromacha","https://biodiversity.org.au/afd/taxa/86294130-ca0d-4e27-81da-5a82a7cd4c87",-27.540985,153.073677,2022-01-28 13:24:00,"PRESENT","iNaturalist Australia"
"2625","bda3c4c0-22ce-4ac8-913c-d8c02822fd95","Acraea andromacha","https://biodiversity.org.au/afd/taxa/86294130-ca0d-4e27-81da-5a82a7cd4c87",-34.260998,150.100669,2025-04-24 00:27:00,"PRESENT","Earth Guardians Weekly Feed"
"2626","bda8acf2-8627-4a65-b46d-9aa32f7b387e","Acraea andromacha","https://biodiversity.org.au/afd/taxa/86294130-ca0d-4e27-81da-5a82a7cd4c87",-23.965862,151.322336,2025-07-20 06:12:00,"PRESENT","iNaturalist Australia"
"2627","bdc48268-25e8-4f82-9fc2-bc78dce346b8","Afrohybanthus enneaspermus","https://id.biodiversity.org.au/taxon/apni/51448720",-12.19441,136.77992,2022-05-29 12:04:00,"PRESENT","iNaturalist Australia"
"2628","bdc4ae9f-fa1d-4c22-8019-0311b9e6b7b1","Acraea andromacha","https://biodiversity.org.au/afd/taxa/86294130-ca0d-4e27-81da-5a82a7cd4c87",-27.392629,153.235442,2024-12-08 10:59:00,"PRESENT","iNaturalist Australia"
"2629","bdee93b0-e0e3-49b6-92c0-15ee1ce59132","Acraea andromacha","https://biodiversity.org.au/afd/taxa/86294130-ca0d-4e27-81da-5a82a7cd4c87",-27.84869,153.074084,2025-03-21 16:49:00,"PRESENT","iNaturalist Australia"
"2630","bdf61846-4dd8-4d03-b88b-6fb35aa29ffd","Acraea andromacha","https://biodiversity.org.au/afd/taxa/86294130-ca0d-4e27-81da-5a82a7cd4c87",-26.930237,152.998246,2023-11-19 14:36:00,"PRESENT","iNaturalist Australia"
"2631","bdf6cdbc-f1ef-4422-9c03-9ce948c17038","Acraea andromacha","https://biodiversity.org.au/afd/taxa/86294130-ca0d-4e27-81da-5a82a7cd4c87",-27.058268,152.822144,2025-01-24 18:16:32,"PRESENT","iNaturalist Australia"
"2632","bdfaa79a-b372-4584-80b9-96b11f1cc624","Acraea andromacha","https://biodiversity.org.au/afd/taxa/86294130-ca0d-4e27-81da-5a82a7cd4c87",-20.324855,148.61709,2021-12-19 08:50:00,"PRESENT","iNaturalist Australia"
"2633","be082cff-7110-4967-9c2b-b62a0f45d533","Acraea andromacha","https://biodiversity.org.au/afd/taxa/86294130-ca0d-4e27-81da-5a82a7cd4c87",-27.092133,153.162424,2022-05-01 12:10:00,"PRESENT","iNaturalist Australia"
"2634","be0a5d3b-758a-4586-a216-455d4091f995","Afrohybanthus enneaspermus","https://id.biodiversity.org.au/taxon/apni/51448720",-23.492739,150.47789,2022-02-12 07:56:22,"PRESENT","iNaturalist Australia"
"2635","be1ef957-9516-4c2c-b21c-af7d4accc26b","Acraea terpsicore","https://biodiversity.org.au/afd/taxa/ba632bea-a7b4-4b60-bf89-d63128cad841",-18.0496,144.905,2021-04-25 10:15:00,"PRESENT","Butterflies Australia"
"2636","be3da930-fbee-4ed2-aa50-985d35195fea","Afrohybanthus enneaspermus","https://id.biodiversity.org.au/taxon/apni/51448720",-12.397046,130.927872,2025-02-22 12:26:00,"PRESENT","iNaturalist Australia"
"2637","be5573d4-1634-4324-8fe3-c4ffbc10b1e1","Acraea andromacha","https://biodiversity.org.au/afd/taxa/86294130-ca0d-4e27-81da-5a82a7cd4c87",-27.5,153,2022-02-11 15:42:00,"PRESENT","Earth Guardians Weekly Feed"
"2638","be8e11c9-4e71-49cb-b826-0dbd91a2d1e2","Acraea andromacha","https://biodiversity.org.au/afd/taxa/86294130-ca0d-4e27-81da-5a82a7cd4c87",-27.875982,153.251856,2024-03-27 09:57:00,"PRESENT","iNaturalist Australia"
"2639","bea00b82-e161-4ffc-9ac6-52045680d456","Acraea terpsicore","https://biodiversity.org.au/afd/taxa/ba632bea-a7b4-4b60-bf89-d63128cad841",-13.29373,132.335158,2025-01-26 13:31:59,"PRESENT","iNaturalist Australia"
"2640","bea91926-4c4f-42f3-8a9c-834213b820d1","Acraea terpsicore","https://biodiversity.org.au/afd/taxa/ba632bea-a7b4-4b60-bf89-d63128cad841",-16.070278,136.307222,2025-05-23 14:37:00,"PRESENT","iNaturalist Australia"
"2641","beb23adc-059c-41f5-bdb0-d107ad49edc4","Acraea andromacha","https://biodiversity.org.au/afd/taxa/86294130-ca0d-4e27-81da-5a82a7cd4c87",-27.58158,152.665867,2021-08-27 09:42:00,"PRESENT","iNaturalist Australia"
"2642","bef0c968-6e32-45c2-9919-511ce72468a2","Acraea andromacha","https://biodiversity.org.au/afd/taxa/86294130-ca0d-4e27-81da-5a82a7cd4c87",-27.91636,152.365602,2024-04-28 11:23:06,"PRESENT","iNaturalist Australia"
"2643","bf0f4d1b-57aa-4813-a821-8b49e334d9c5","Acraea terpsicore","https://biodiversity.org.au/afd/taxa/ba632bea-a7b4-4b60-bf89-d63128cad841",-26.619618,153.065605,2023-04-17 12:25:34,"PRESENT","iNaturalist Australia"
"2644","bf1b14ed-d8f8-4ada-a58e-35f82953909a","Afrohybanthus enneaspermus","https://id.biodiversity.org.au/taxon/apni/51448720",-16.67325,135.02303,2022-03-09,"PRESENT","Flora Atlas N.T."
"2645","bf24b442-4375-4e3d-b103-4c6e4f788a3a","Acraea andromacha","https://biodiversity.org.au/afd/taxa/86294130-ca0d-4e27-81da-5a82a7cd4c87",-30.35656,153.10465,2023-01-08 00:22:00,"PRESENT","Butterflies Australia"
"2646","bf24e9c1-ea47-4a71-b818-2d670d6a93bd","Acraea andromacha","https://biodiversity.org.au/afd/taxa/86294130-ca0d-4e27-81da-5a82a7cd4c87",-25.560062,152.683199,2021-12-02 10:41:00,"PRESENT","iNaturalist Australia"
"2647","bf40f241-468a-4f66-a303-4a62372b0ec5","Afrohybanthus enneaspermus","https://id.biodiversity.org.au/taxon/apni/51448720",-23.492888,150.480664,2026-01-27 09:26:49,"PRESENT","iNaturalist Australia"
"2648","bf443186-9b2c-401b-838a-9d14cc3fb889","Acraea terpsicore","https://biodiversity.org.au/afd/taxa/ba632bea-a7b4-4b60-bf89-d63128cad841",-19.251638,146.798644,2023-12-17 14:17:00,"PRESENT","iNaturalist Australia"
"2649","bf551c1b-6e24-488a-83da-84516dcd5bcf","Acraea terpsicore","https://biodiversity.org.au/afd/taxa/ba632bea-a7b4-4b60-bf89-d63128cad841",-14.314736,132.42192,2023-02-14 16:11:00,"PRESENT","iNaturalist Australia"
"2650","bf58bd19-4040-45fb-b2e4-5c8cf7d1e43d","Acraea andromacha","https://biodiversity.org.au/afd/taxa/86294130-ca0d-4e27-81da-5a82a7cd4c87",-27.982507,151.619175,2024-03-17 09:40:06,"PRESENT","iNaturalist Australia"
"2651","bf5a94de-af4c-47d6-a171-08a6e7f74b8a","Acraea terpsicore","https://biodiversity.org.au/afd/taxa/ba632bea-a7b4-4b60-bf89-d63128cad841",-19.506628,140.281239,2023-05-01 12:14:59,"PRESENT","iNaturalist Australia"
"2652","bf6c0a21-91a8-4ed3-a75e-68eb40f28537","Acraea andromacha","https://biodiversity.org.au/afd/taxa/86294130-ca0d-4e27-81da-5a82a7cd4c87",-26.824789,152.892106,2022-03-13 11:59:20,"PRESENT","Sunshine Coast's Big Butterfly Count"
"2653","bf88422a-22c3-4e3a-a777-f73f8c3f2e90","Acraea terpsicore","https://biodiversity.org.au/afd/taxa/ba632bea-a7b4-4b60-bf89-d63128cad841",-18.9994,146.0748,2022-12-19,"PRESENT","Butterflies Australia"
"2654","bfac8357-faef-43f8-bcff-c7f7fa21bd3f","Acraea andromacha","https://biodiversity.org.au/afd/taxa/afb7279d-cb44-4c89-be73-cf1e0a48cf46",-27.377272,152.906944,2025-08-31 13:50:00,"PRESENT","iNaturalist Australia"
"2655","bfcb9427-9411-4e74-ac0f-6a89012256c9","Acraea andromacha","https://biodiversity.org.au/afd/taxa/86294130-ca0d-4e27-81da-5a82a7cd4c87",-25.066629,148.264832,2021-10-13 09:04:00,"PRESENT","iNaturalist Australia"
"2656","bfceb10b-7af8-4cc8-842b-e6825ebbacf4","Acraea terpsicore","https://biodiversity.org.au/afd/taxa/ba632bea-a7b4-4b60-bf89-d63128cad841",-19.325058,146.608945,2023-05-20 16:17:00,"PRESENT","iNaturalist Australia"
"2657","bfffdd3a-01b1-429f-bf3c-2f11b4f80bd1","Acraea andromacha","https://biodiversity.org.au/afd/taxa/86294130-ca0d-4e27-81da-5a82a7cd4c87",-17.961434,122.235852,2024-07-23 08:49:00,"PRESENT","iNaturalist Australia"
"2658","c0020349-3f6b-4147-bf08-74862a845ab1","Acraea terpsicore","https://biodiversity.org.au/afd/taxa/ba632bea-a7b4-4b60-bf89-d63128cad841",-19.20149,146.75151,2021-03-21,"PRESENT","WildNet - Queensland Wildlife Data"
"2659","c0038a53-0d3d-4b9b-b813-1fc36084aa71","Acraea andromacha","https://biodiversity.org.au/afd/taxa/86294130-ca0d-4e27-81da-5a82a7cd4c87",-23.868548,151.255358,2024-07-11 14:39:00,"PRESENT","iNaturalist Australia"
"2660","c004fa7b-730e-471f-98b8-d96fef206c39","Acraea terpsicore","https://biodiversity.org.au/afd/taxa/ba632bea-a7b4-4b60-bf89-d63128cad841",-21.3,149.2,2021-01-14 08:34:00,"PRESENT","Earth Guardians Weekly Feed"
"2661","c00aa170-fa83-4e0b-8c2f-78d000a6a505","Acraea andromacha","https://biodiversity.org.au/afd/taxa/86294130-ca0d-4e27-81da-5a82a7cd4c87",-27.542141,153.072981,2025-07-09 14:54:00,"PRESENT","iNaturalist Australia"
"2662","c010d43b-2599-477b-b87e-8ab415000370","Acraea andromacha","https://biodiversity.org.au/afd/taxa/86294130-ca0d-4e27-81da-5a82a7cd4c87",-33.154161,150.36979,2022-04-24 11:17:54,"PRESENT","iNaturalist Australia"
"2663","c0201d4f-5679-4aff-8bbe-facaa6912554","Acraea terpsicore","https://biodiversity.org.au/afd/taxa/ba632bea-a7b4-4b60-bf89-d63128cad841",-12.858945,132.818437,2023-04-30 09:35:00,"PRESENT","iNaturalist Australia"
"2664","c049b0dd-9960-4f16-aa41-cc70d083bcf2","Acraea andromacha","https://biodiversity.org.au/afd/taxa/86294130-ca0d-4e27-81da-5a82a7cd4c87",-27.592938,152.711547,2025-02-08 13:37:54,"PRESENT","iNaturalist Australia"
"2665","c05bf1bc-3c47-4cb6-8899-f8293a988cb8","Acraea andromacha","https://biodiversity.org.au/afd/taxa/86294130-ca0d-4e27-81da-5a82a7cd4c87",-30.109905,153.211222,2023-04-18 14:53:00,"PRESENT","iNaturalist Australia"
"2666","c072d705-4d82-4022-be07-65505704e3fd","Acraea terpsicore","https://biodiversity.org.au/afd/taxa/ba632bea-a7b4-4b60-bf89-d63128cad841",-12.336417,130.897088,2025-05-23 17:10:00,"PRESENT","iNaturalist Australia"
"2667","c0858458-613a-4be2-9715-4df369ce218c","Acraea terpsicore","https://biodiversity.org.au/afd/taxa/ba632bea-a7b4-4b60-bf89-d63128cad841",-14.180143,132.188026,2023-05-09 11:53:00,"PRESENT","iNaturalist Australia"
"2668","c0a7c7cd-b2ef-495f-9073-924c7ce4881f","Acraea andromacha","https://biodiversity.org.au/afd/taxa/86294130-ca0d-4e27-81da-5a82a7cd4c87",-17.95576,122.21831,2022-07-23 03:30:00,"PRESENT","Butterflies Australia"
"2669","c0b8f0f7-af5a-46cf-96e3-ece3856d336a","Afrohybanthus enneaspermus","https://id.biodiversity.org.au/taxon/apni/51448720",-16.69671,133.41289,2022-02-15,"PRESENT","Flora Atlas N.T."
"2670","c0c2e980-2a37-46b2-b8d8-027b6f85c71a","Acraea terpsicore","https://biodiversity.org.au/afd/taxa/ba632bea-a7b4-4b60-bf89-d63128cad841",-19.4702,144.2571,2022-11-23 23:45:00,"PRESENT","Butterflies Australia"
"2671","c0d01ee3-b9ce-4154-b9dd-3da5de1153b2","Acraea andromacha","https://biodiversity.org.au/afd/taxa/86294130-ca0d-4e27-81da-5a82a7cd4c87",-23.492435,150.47899,2023-08-04 16:59:11,"PRESENT","iNaturalist Australia"
"2672","c0d2ce20-4b15-43d0-ad93-5aa7f7fbefdd","Acraea andromacha","https://biodiversity.org.au/afd/taxa/86294130-ca0d-4e27-81da-5a82a7cd4c87",-25.517029,148.861736,2022-04-16 11:41:00,"PRESENT","iNaturalist Australia"
"2673","c0e8e708-798a-452e-a393-253054f86e80","Afrohybanthus enneaspermus","https://id.biodiversity.org.au/taxon/apni/51448720",-20.715097,140.474032,2021-01-27 08:45:00,"PRESENT","iNaturalist Australia"
"2674","c1191c0f-93db-4811-83c3-1ad6ef902222","Acraea terpsicore","https://biodiversity.org.au/afd/taxa/ba632bea-a7b4-4b60-bf89-d63128cad841",-19.97861,148.25969,2022-09-21 01:00:00,"PRESENT","Butterflies Australia"
"2675","c1338ac2-e03e-49cc-8f44-6cc16877ae53","Acraea andromacha","https://biodiversity.org.au/afd/taxa/86294130-ca0d-4e27-81da-5a82a7cd4c87",-23.940429,151.369255,2024-05-26 12:00:00,"PRESENT","iNaturalist Australia"
"2676","c1355c31-ca05-4492-bec1-a662b11a6266","Afrohybanthus enneaspermus","https://id.biodiversity.org.au/taxon/apni/51448720",-14.88098,133.03598,2022-02-21,"PRESENT","Flora Atlas N.T."
"2677","c144f765-435d-4b26-8666-dbd0f0987762","Acraea terpsicore","https://biodiversity.org.au/afd/taxa/ba632bea-a7b4-4b60-bf89-d63128cad841",-14.452114,132.271515,2023-05-15 15:35:00,"PRESENT","iNaturalist Australia"
"2678","c14ac70b-0e80-4bc3-a201-008c446f4523","Acraea andromacha","https://biodiversity.org.au/afd/taxa/86294130-ca0d-4e27-81da-5a82a7cd4c87",-15.450418,128.118195,2022-05-09 11:06:00,"PRESENT","iNaturalist Australia"
"2679","c1585a2a-fc99-4dcc-8d08-6de66dea5c9e","Acraea andromacha","https://biodiversity.org.au/afd/taxa/86294130-ca0d-4e27-81da-5a82a7cd4c87",-27.48445,152.95545,2022-01-11 01:06:00,"PRESENT","Butterflies Australia"
"2680","c15d37f5-17b9-4423-be0d-2e99c209c71e","Acraea terpsicore","https://biodiversity.org.au/afd/taxa/ba632bea-a7b4-4b60-bf89-d63128cad841",-19.3,146.8,2025-08-03 18:13:00,"PRESENT","Earth Guardians Weekly Feed"
"2681","c1660d9d-8fca-4783-a62d-e072659c01ef","Acraea andromacha","https://biodiversity.org.au/afd/taxa/afb7279d-cb44-4c89-be73-cf1e0a48cf46",-24.35715,150.9621,2022-10-21,"PRESENT","WildNet - Queensland Wildlife Data"
"2682","c16e7664-3a5c-42ca-8ff2-c19893e43eb1","Acraea andromacha","https://biodiversity.org.au/afd/taxa/afb7279d-cb44-4c89-be73-cf1e0a48cf46",-27.51752,152.740947,2021-05-19 10:56:26,"PRESENT","iNaturalist Australia"
"2683","c19ba82c-18a3-4df9-86fa-6cc4d38bc857","Afrohybanthus enneaspermus","https://id.biodiversity.org.au/taxon/apni/51448720",-18.2658,142.5786,2022-03-26 14:34:00,"PRESENT","iNaturalist Australia"
"2684","c19f1d4e-2ab7-441f-b190-c7213b444445","Acraea andromacha","https://biodiversity.org.au/afd/taxa/86294130-ca0d-4e27-81da-5a82a7cd4c87",-28.864895,153.502849,2023-04-06 14:28:00,"PRESENT","iNaturalist Australia"
"2685","c1c27b50-73dd-4b02-aa88-5f3b8c715432","Afrohybanthus enneaspermus","https://id.biodiversity.org.au/taxon/apni/51448720",-13.880116,136.679423,2021-06-18,"PRESENT","Flora Atlas N.T."
"2686","c1d6b5e8-8ef9-4f48-b22b-71ccc2687bb6","Acraea andromacha","https://biodiversity.org.au/afd/taxa/86294130-ca0d-4e27-81da-5a82a7cd4c87",-24.7142,150.9907,2022-10-15,"PRESENT","Butterflies Australia"
"2687","c21ca8a7-fe14-4ccb-8fb7-d728ad32cd55","Acraea andromacha","https://biodiversity.org.au/afd/taxa/86294130-ca0d-4e27-81da-5a82a7cd4c87",-27.544742,152.8563,2021-03-11 08:03:07,"PRESENT","iNaturalist Australia"
"2688","c22a5eb1-eb52-494c-8fc9-ff949d2f0d20","Acraea terpsicore","https://biodiversity.org.au/afd/taxa/ba632bea-a7b4-4b60-bf89-d63128cad841",-16.992753,145.422517,2023-03-23 18:21:42,"PRESENT","iNaturalist Australia"
"2689","c258753d-14ff-4bdf-ab93-27d9376a0a3d","Acraea andromacha","https://biodiversity.org.au/afd/taxa/86294130-ca0d-4e27-81da-5a82a7cd4c87",-27.390213,153.035501,2024-05-01 09:28:00,"PRESENT","iNaturalist Australia"
"2690","c26c0828-0dae-47ca-b793-95605d8a1acb","Acraea terpsicore","https://biodiversity.org.au/afd/taxa/ba632bea-a7b4-4b60-bf89-d63128cad841",-15.425,145.0592,2022-06-23 16:00:00,"PRESENT","Butterflies Australia"
"2691","c27ac12b-eda3-4c31-a328-e69b9d849261","Acraea terpsicore","https://biodiversity.org.au/afd/taxa/ba632bea-a7b4-4b60-bf89-d63128cad841",-12.371995,130.868864,2021-04-26 08:40:00,"PRESENT","iNaturalist Australia"
"2692","c27d42a8-c56d-452c-a10a-a98659feaeb2","Acraea andromacha","https://biodiversity.org.au/afd/taxa/86294130-ca0d-4e27-81da-5a82a7cd4c87",-27.70264,152.0949,2022-12-08 02:13:00,"PRESENT","Butterflies Australia"
"2693","c2893c31-5355-4e94-b135-1b0107ab8cc6","Acraea andromacha","https://biodiversity.org.au/afd/taxa/86294130-ca0d-4e27-81da-5a82a7cd4c87",-27.4,152.9,2021-04-29 07:58:00,"PRESENT","Earth Guardians Weekly Feed"
"2694","c2972af9-cc7d-49d5-8c2a-51898e468cc6","Acraea andromacha","https://biodiversity.org.au/afd/taxa/86294130-ca0d-4e27-81da-5a82a7cd4c87",-27.335825,153.082092,2025-05-24 14:50:02,"PRESENT","iNaturalist Australia"
"2695","c2b773f9-e180-4a10-b0d0-5ae1427e2fde","Acraea andromacha","https://biodiversity.org.au/afd/taxa/86294130-ca0d-4e27-81da-5a82a7cd4c87",-29.778639,151.349917,2024-03-07 17:00:27,"PRESENT","iNaturalist Australia"
"2696","c2bb5be8-d2d3-44e0-a25c-cb2cfbdb3997","Acraea andromacha","https://biodiversity.org.au/afd/taxa/86294130-ca0d-4e27-81da-5a82a7cd4c87",-23.974697,151.318742,2024-08-11 15:43:54,"PRESENT","iNaturalist Australia"
"2697","c2d13105-8953-48f4-96e6-5b884facbf32","Acraea andromacha","https://biodiversity.org.au/afd/taxa/86294130-ca0d-4e27-81da-5a82a7cd4c87",-30.35708,153.10816,2023-01-07 23:16:00,"PRESENT","Butterflies Australia"
"2698","c2efc281-33a7-410f-bd51-7063d0709849","Acraea andromacha","https://biodiversity.org.au/afd/taxa/86294130-ca0d-4e27-81da-5a82a7cd4c87",-16.678503,145.334287,2025-08-04 18:02:00,"PRESENT","iNaturalist Australia"
"2699","c2f464dc-91bb-4f7f-a2de-8f8ec114c8fc","Afrohybanthus enneaspermus","https://id.biodiversity.org.au/taxon/apni/51448720",-23.494252,150.47615,2023-04-08 07:46:37,"PRESENT","iNaturalist Australia"
"2700","c2f9d9d8-f23f-499b-98cf-2f235ca70e7e","Acraea terpsicore","https://biodiversity.org.au/afd/taxa/ba632bea-a7b4-4b60-bf89-d63128cad841",-22.019996,146.488007,2022-11-08 08:04:22,"PRESENT","iNaturalist Australia"
"2701","c2fbae9f-4fc0-42bf-bf02-8f03fa43a944","Acraea terpsicore","https://biodiversity.org.au/afd/taxa/ba632bea-a7b4-4b60-bf89-d63128cad841",-19.258013,146.803889,2021-02-17 13:21:00,"PRESENT","iNaturalist Australia"
"2702","c3060927-9b69-4269-afbd-86cbce8a12fa","Acraea andromacha","https://biodiversity.org.au/afd/taxa/86294130-ca0d-4e27-81da-5a82a7cd4c87",-31.156833,151.857803,2022-02-05 13:24:28,"PRESENT","iNaturalist Australia"
"2703","c3065e6d-197c-4a4f-a9b8-7e3e2c5a4670","Acraea terpsicore","https://biodiversity.org.au/afd/taxa/ba632bea-a7b4-4b60-bf89-d63128cad841",-17.379722,144.959722,2025-08-23 11:54:00,"PRESENT","iNaturalist Australia"
"2704","c33e7875-9b00-466c-bcc9-fa8797f2ebf3","Acraea andromacha","https://biodiversity.org.au/afd/taxa/86294130-ca0d-4e27-81da-5a82a7cd4c87",-27.482721,152.955339,2025-04-06 11:14:00,"PRESENT","iNaturalist Australia"
"2705","c3431684-1d22-49c5-9ad2-546643e805ce","Acraea andromacha","https://biodiversity.org.au/afd/taxa/86294130-ca0d-4e27-81da-5a82a7cd4c87",-26.383765,153.109874,2022-04-19 15:56:00,"PRESENT","iNaturalist Australia"
"2706","c3464196-f078-4d44-8d8c-d86169c01f80","Acraea andromacha","https://biodiversity.org.au/afd/taxa/86294130-ca0d-4e27-81da-5a82a7cd4c87",-30.475892,152.883375,2024-05-08 11:45:00,"PRESENT","iNaturalist Australia"
"2707","c35fc1bc-cc3d-49b0-84ef-f643a1f038e6","Acraea andromacha","https://biodiversity.org.au/afd/taxa/86294130-ca0d-4e27-81da-5a82a7cd4c87",-25.789402,152.694235,2024-02-05 11:02:00,"PRESENT","iNaturalist Australia"
"2708","c3845ad3-a49a-4dd5-9436-a10029a4536e","Afrohybanthus enneaspermus","https://id.biodiversity.org.au/taxon/apni/51448720",-20.639183,145.166017,2023-04-01 09:31:43,"PRESENT","iNaturalist Australia"
"2709","c3b5cc2d-3ae6-42ac-967a-19d81fe92a51","Acraea terpsicore","https://biodiversity.org.au/afd/taxa/ba632bea-a7b4-4b60-bf89-d63128cad841",-17.3,123.6,2021-02-20 08:28:00,"PRESENT","Earth Guardians Weekly Feed"
"2710","c3d56ae7-3aa1-4ae5-868a-61423c3eaa70","Acraea terpsicore","https://biodiversity.org.au/afd/taxa/ba632bea-a7b4-4b60-bf89-d63128cad841",-17.46543,140.828975,2025-05-24 12:36:31,"PRESENT","iNaturalist Australia"
"2711","c3d733f8-fa15-4742-98d5-d0a531edddeb","Acraea andromacha","https://biodiversity.org.au/afd/taxa/86294130-ca0d-4e27-81da-5a82a7cd4c87",-27.54254,153.07317,2023-01-28 22:41:00,"PRESENT","Butterflies Australia"
"2712","c3d97c7b-84c0-4ae7-8964-bb6222532e0b","Acraea terpsicore","https://biodiversity.org.au/afd/taxa/ba632bea-a7b4-4b60-bf89-d63128cad841",-16.456757,145.372074,2023-07-08 12:33:00,"PRESENT","iNaturalist Australia"
"2713","c3e0d62c-13fe-41ae-9af3-2cdd4a19c319","Acraea andromacha","https://biodiversity.org.au/afd/taxa/86294130-ca0d-4e27-81da-5a82a7cd4c87",-27.305623,152.687175,2021-04-17 11:19:49,"PRESENT","iNaturalist Australia"
"2714","c3edf57e-ebeb-4550-82f1-495cd17a9b53","Acraea terpsicore","https://biodiversity.org.au/afd/taxa/ba632bea-a7b4-4b60-bf89-d63128cad841",-12.337059,130.907797,2024-06-22 12:49:00,"PRESENT","iNaturalist Australia"
"2715","c3f1ac9b-34c9-42a3-8a53-6d5e50c5f6fe","Acraea andromacha","https://biodiversity.org.au/afd/taxa/afb7279d-cb44-4c89-be73-cf1e0a48cf46",-24.56016,151.32696,2023-10-08,"PRESENT","WildNet - Queensland Wildlife Data"
"2716","c3f4505c-dac9-4494-9a38-a6e38032f808","Acraea andromacha","https://biodiversity.org.au/afd/taxa/86294130-ca0d-4e27-81da-5a82a7cd4c87",-27.691738,152.879201,2024-09-04 12:29:11,"PRESENT","iNaturalist Australia"
"2717","c3fa896e-fa3a-4e36-adf4-85dec4bb30ca","Acraea andromacha","https://biodiversity.org.au/afd/taxa/86294130-ca0d-4e27-81da-5a82a7cd4c87",-27.911761,152.377108,2024-05-05 09:53:00,"PRESENT","iNaturalist Australia"
"2718","c3fc264d-373d-4a37-b042-4d8c02d57c0f","Acraea andromacha","https://biodiversity.org.au/afd/taxa/86294130-ca0d-4e27-81da-5a82a7cd4c87",-27.2325,152.427778,2025-02-09 08:15:00,"PRESENT","iNaturalist Australia"
"2719","c4155d81-e741-4364-89e9-de07ffd84cff","Acraea terpsicore","https://biodiversity.org.au/afd/taxa/ba632bea-a7b4-4b60-bf89-d63128cad841",-17.379089,145.378185,2023-02-27 14:36:00,"PRESENT","iNaturalist Australia"
"2720","c41e2249-8429-4f10-98de-21d154195fb1","Acraea andromacha","https://biodiversity.org.au/afd/taxa/86294130-ca0d-4e27-81da-5a82a7cd4c87",-27.374202,153.093479,2024-02-11 08:59:00,"PRESENT","iNaturalist Australia"
"2721","c4310087-23fd-49ae-b343-4e1e3e169a68","Acraea terpsicore","https://biodiversity.org.au/afd/taxa/ba632bea-a7b4-4b60-bf89-d63128cad841",-13.8475,136.417,2022-06-17 15:45:00,"PRESENT","Butterflies Australia"
"2722","c43ec431-4aa1-4fa7-9852-268676c2ce30","Acraea terpsicore","https://biodiversity.org.au/afd/taxa/ba632bea-a7b4-4b60-bf89-d63128cad841",-21.42133,144.998139,2022-10-11 10:16:00,"PRESENT","iNaturalist Australia"
"2723","c443e476-b2f0-4e97-a77b-634f62f8d743","Afrohybanthus enneaspermus","https://id.biodiversity.org.au/taxon/apni/51448720",-12.354795,130.885663,2024-12-25 12:04:00,"PRESENT","iNaturalist Australia"
"2724","c4490458-ba0d-4a6d-89a3-7cce9803a12d","Acraea terpsicore","https://biodiversity.org.au/afd/taxa/ba632bea-a7b4-4b60-bf89-d63128cad841",-19.201536,146.753593,2024-10-31 09:50:00,"PRESENT","iNaturalist Australia"
"2725","c465a41b-6c50-401a-9b87-f7c72efc21ac","Acraea andromacha","https://biodiversity.org.au/afd/taxa/86294130-ca0d-4e27-81da-5a82a7cd4c87",-27.526229,152.154641,2024-09-26 12:14:00,"PRESENT","iNaturalist Australia"
"2726","c47886cb-6eae-4fa7-8fb5-d09916391655","Acraea andromacha","https://biodiversity.org.au/afd/taxa/86294130-ca0d-4e27-81da-5a82a7cd4c87",-26.67945,153.13861,2023-05-09 10:42:26,"PRESENT","iNaturalist Australia"
"2727","c47abd0c-0138-4846-8ed2-83d831fba840","Acraea andromacha","https://biodiversity.org.au/afd/taxa/86294130-ca0d-4e27-81da-5a82a7cd4c87",-27.33375,152.76217,2022-02-02 00:40:00,"PRESENT","Butterflies Australia"
"2728","c47b4aec-99c1-4e18-85c5-cbda5e237378","Acraea andromacha","https://biodiversity.org.au/afd/taxa/86294130-ca0d-4e27-81da-5a82a7cd4c87",-27.649731,152.903489,2025-04-06 13:17:05,"PRESENT","iNaturalist Australia"
"2729","c47dffb9-2403-43d3-bdc3-ba2c037e6c73","Afrohybanthus enneaspermus","https://id.biodiversity.org.au/taxon/apni/51448720",-16.86223,133.4583,2022-02-16,"PRESENT","Flora Atlas N.T."
"2730","c48cd024-82f6-4e90-8495-5af7bd831145","Acraea andromacha","https://biodiversity.org.au/afd/taxa/86294130-ca0d-4e27-81da-5a82a7cd4c87",-27.650176,153.004014,2023-12-15 15:11:00,"PRESENT","iNaturalist Australia"
"2731","c49932fb-57d3-4a2b-8090-d1dab68664ca","Acraea terpsicore","https://biodiversity.org.au/afd/taxa/ba632bea-a7b4-4b60-bf89-d63128cad841",-19.276405,146.804589,2023-11-01 21:01:00,"PRESENT","iNaturalist Australia"
"2732","c4a7a923-9074-4286-ba9b-b8811bd2ac2a","Acraea terpsicore","https://biodiversity.org.au/afd/taxa/ba632bea-a7b4-4b60-bf89-d63128cad841",-16.532975,145.13132,2025-06-28 13:00:00,"PRESENT","iNaturalist Australia"
"2733","c4ae9de2-f9c8-43e0-bc34-52cf489733f0","Afrohybanthus enneaspermus","https://id.biodiversity.org.au/taxon/apni/51448720",-12.371074,130.925476,2025-01-02 09:22:00,"PRESENT","iNaturalist Australia"
"2734","c4bafd27-d052-4b96-89d6-f188e471b26f","Acraea andromacha","https://biodiversity.org.au/afd/taxa/86294130-ca0d-4e27-81da-5a82a7cd4c87",-27.95447,153.3019,2026-01-24 09:06:00,"PRESENT","iNaturalist Australia"
"2735","c4c9b774-4b68-4f87-94f9-7204e5855437","Acraea andromacha","https://biodiversity.org.au/afd/taxa/86294130-ca0d-4e27-81da-5a82a7cd4c87",-27.297472,152.229629,2022-01-23 08:38:00,"PRESENT","iNaturalist Australia"
"2736","c4d18ff3-96d9-4a4b-b183-3affbd506314","Acraea terpsicore","https://biodiversity.org.au/afd/taxa/ba632bea-a7b4-4b60-bf89-d63128cad841",-14.324489,132.425355,2025-06-07 14:59:00,"PRESENT","iNaturalist Australia"
"2737","c4d791a3-a07e-475f-946a-0ddc5dd2cbc1","Acraea terpsicore","https://biodiversity.org.au/afd/taxa/ba632bea-a7b4-4b60-bf89-d63128cad841",-27.377139,152.90713,2023-10-25 12:28:00,"PRESENT","iNaturalist Australia"
"2738","c4d8e58c-7ca5-4544-bffa-5eb2aeb322bf","Acraea andromacha","https://biodiversity.org.au/afd/taxa/86294130-ca0d-4e27-81da-5a82a7cd4c87",-12.347344,130.895686,2024-06-09 09:33:00,"PRESENT","iNaturalist Australia"
"2739","c504bb33-e3ac-46bb-84c2-7879bd379131","Acraea andromacha","https://biodiversity.org.au/afd/taxa/86294130-ca0d-4e27-81da-5a82a7cd4c87",-33.607703,150.739492,2024-05-01 09:46:41,"PRESENT","iNaturalist Australia"
"2740","c505129f-f1d6-45a3-a7a7-cfc59308aa1f","Acraea terpsicore","https://biodiversity.org.au/afd/taxa/ba632bea-a7b4-4b60-bf89-d63128cad841",-20.588619,139.574461,2025-09-12 14:02:00,"PRESENT","iNaturalist Australia"
"2741","c5098c90-d0cf-4f9d-ac43-99216d0e3632","Acraea andromacha","https://biodiversity.org.au/afd/taxa/86294130-ca0d-4e27-81da-5a82a7cd4c87",-29.117274,153.446963,2023-05-01 13:12:00,"PRESENT","iNaturalist Australia"
"2742","c5136614-1bbc-4da1-9369-25b722160656","Acraea andromacha","https://biodiversity.org.au/afd/taxa/86294130-ca0d-4e27-81da-5a82a7cd4c87",-27.511006,152.765669,2024-03-17 08:44:00,"PRESENT","iNaturalist Australia"
"2743","c51b9196-541f-4213-9037-09e8306d62df","Acraea andromacha","https://biodiversity.org.au/afd/taxa/86294130-ca0d-4e27-81da-5a82a7cd4c87",-27.716448,152.464455,2024-12-12 11:37:00,"PRESENT","iNaturalist Australia"
"2744","c5359039-65ea-47f8-850b-a18309082f84","Acraea andromacha","https://biodiversity.org.au/afd/taxa/86294130-ca0d-4e27-81da-5a82a7cd4c87",-17.3379,145.6193,2021-04-12 10:30:00,"PRESENT","Butterflies Australia"
"2745","c541cb56-1287-4e9c-8ed0-e73cc21da685","Afrohybanthus enneaspermus","https://id.biodiversity.org.au/taxon/apni/51448720",-17.85261,141.12823,2023-05-07 10:56:00,"PRESENT","iNaturalist Australia"
"2746","c54a0001-707d-4b07-9147-c258d711aba1","Acraea andromacha","https://biodiversity.org.au/afd/taxa/86294130-ca0d-4e27-81da-5a82a7cd4c87",-27.473281,151.953565,2025-02-19 15:25:00,"PRESENT","iNaturalist Australia"
"2747","c558295b-e304-4756-99ea-7fec0b6daf8c","Acraea andromacha","https://biodiversity.org.au/afd/taxa/86294130-ca0d-4e27-81da-5a82a7cd4c87",-27.292093,153.120791,2026-01-16 10:50:37,"PRESENT","iNaturalist Australia"
"2748","c5602697-191c-4824-b44a-c6b4a89613fa","Acraea terpsicore","https://biodiversity.org.au/afd/taxa/ba632bea-a7b4-4b60-bf89-d63128cad841",-19.451644,146.9796,2025-05-31 11:15:00,"PRESENT","iNaturalist Australia"
"2749","c569f601-4fac-4f21-94a1-7a26f3993cdf","Acraea andromacha","https://biodiversity.org.au/afd/taxa/86294130-ca0d-4e27-81da-5a82a7cd4c87",-24.9031,150.972,2022-10-13 14:15:00,"PRESENT","Butterflies Australia"
"2750","c56ec22f-fd1d-4158-a21a-4f6106acb266","Acraea andromacha","https://biodiversity.org.au/afd/taxa/86294130-ca0d-4e27-81da-5a82a7cd4c87",-27.544032,152.857309,2024-05-06 12:38:52,"PRESENT","iNaturalist Australia"
"2751","c5723ca8-612b-4bda-b469-65a1f5e2fb35","Afrohybanthus enneaspermus","https://id.biodiversity.org.au/taxon/apni/51448720",-18.074564,142.398985,2024-02-07 08:30:09,"PRESENT","iNaturalist Australia"
"2752","c582260b-59b8-44ff-aef8-3b0e3a94ab6d","Acraea andromacha","https://biodiversity.org.au/afd/taxa/86294130-ca0d-4e27-81da-5a82a7cd4c87",-30.74412,152.99812,2023-05-26 02:18:00,"PRESENT","Butterflies Australia"
"2753","c5834359-50d8-430d-9081-10ddabf8da3e","Acraea andromacha","https://biodiversity.org.au/afd/taxa/86294130-ca0d-4e27-81da-5a82a7cd4c87",-27.619015,151.94589,2023-01-08 08:14:00,"PRESENT","iNaturalist Australia"
"2754","c5891ae5-afdb-403e-83bc-82ba9e20d05c","Afrohybanthus enneaspermus","https://id.biodiversity.org.au/taxon/apni/51448720",-15.268389,145.309722,2021-04-10,"PRESENT","BRI AVH Data and Images"
"2755","c59d44c9-28de-4c8e-87bf-c1bd65cb1610","Acraea andromacha","https://biodiversity.org.au/afd/taxa/86294130-ca0d-4e27-81da-5a82a7cd4c87",-27.402677,152.876959,2025-02-17 14:51:57,"PRESENT","iNaturalist Australia"
"2756","c5a883cb-9ce1-432a-9a53-5198dd90a802","Acraea terpsicore","https://biodiversity.org.au/afd/taxa/ba632bea-a7b4-4b60-bf89-d63128cad841",-19.7,147.5,2021-04-06 07:48:00,"PRESENT","Earth Guardians Weekly Feed"
"2757","c5c10da5-8df8-4406-9f72-11272bebe4a2","Acraea andromacha","https://biodiversity.org.au/afd/taxa/86294130-ca0d-4e27-81da-5a82a7cd4c87",-27.442679,152.925995,2024-11-23 11:55:55,"PRESENT","iNaturalist Australia"
"2758","c5cc387e-c715-45a3-84cf-0d0228da2ff9","Acraea andromacha","https://biodiversity.org.au/afd/taxa/86294130-ca0d-4e27-81da-5a82a7cd4c87",-31.641843,152.844831,2024-06-20 14:30:00,"PRESENT","iNaturalist Australia"
"2759","c5d0f6d9-709c-4bfb-af7d-a9f320f4d7b4","Acraea andromacha","https://biodiversity.org.au/afd/taxa/86294130-ca0d-4e27-81da-5a82a7cd4c87",-17.2606,145.3917,2022-12-11 23:00:00,"PRESENT","Butterflies Australia"
"2760","c602c9a3-ed34-41fc-8803-edc85b633a5c","Acraea andromacha","https://biodiversity.org.au/afd/taxa/86294130-ca0d-4e27-81da-5a82a7cd4c87",-27.071067,152.813812,2025-01-29 11:29:00,"PRESENT","iNaturalist Australia"
"2761","c608a136-d56a-4097-976e-8f7206fdb0b5","Acraea andromacha","https://biodiversity.org.au/afd/taxa/86294130-ca0d-4e27-81da-5a82a7cd4c87",-24.156169,151.886203,2025-08-05 09:09:00,"PRESENT","iNaturalist Australia"
"2762","c60b003c-8461-4ade-8b03-4d6d1a1a3d2c","Acraea terpsicore","https://biodiversity.org.au/afd/taxa/ba632bea-a7b4-4b60-bf89-d63128cad841",-26.679345,153.138502,2024-03-20 09:18:00,"PRESENT","iNaturalist Australia"
"2763","c61b2ed7-49a8-4c36-a837-7d1b0e2af81e","Acraea andromacha","https://biodiversity.org.au/afd/taxa/86294130-ca0d-4e27-81da-5a82a7cd4c87",-26.60122,152.33083,2024-10-05 08:47:00,"PRESENT","iNaturalist Australia"
"2764","c6238d23-92fd-4418-a1f4-0f9e19ad2752","Acraea terpsicore","https://biodiversity.org.au/afd/taxa/ba632bea-a7b4-4b60-bf89-d63128cad841",-19.206778,146.745295,2021-07-21 14:54:00,"PRESENT","iNaturalist Australia"
"2765","c64fd60d-8b13-436a-a43f-3b3f6afb1743","Acraea andromacha","https://biodiversity.org.au/afd/taxa/86294130-ca0d-4e27-81da-5a82a7cd4c87",-27.299944,153.033561,2021-04-26 08:53:00,"PRESENT","iNaturalist Australia"
"2766","c6580b4b-5565-4efc-a709-e1f8d525f1d3","Acraea andromacha","https://biodiversity.org.au/afd/taxa/86294130-ca0d-4e27-81da-5a82a7cd4c87",-29.436821,153.193925,2024-03-17 11:13:23,"PRESENT","iNaturalist Australia"
"2767","c65ce905-0419-4e2e-9467-3d5587e879e1","Acraea andromacha","https://biodiversity.org.au/afd/taxa/86294130-ca0d-4e27-81da-5a82a7cd4c87",-26.342527,152.328574,2022-02-12 14:59:00,"PRESENT","iNaturalist Australia"
"2768","c671a77b-d971-4d20-bb2d-a47a01259052","Acraea terpsicore","https://biodiversity.org.au/afd/taxa/ba632bea-a7b4-4b60-bf89-d63128cad841",-20.370143,148.377419,2022-07-09 12:26:00,"PRESENT","iNaturalist Australia"
"2769","c6b4fa20-4eb2-4f6c-b375-85bf810e6171","Acraea andromacha","https://biodiversity.org.au/afd/taxa/86294130-ca0d-4e27-81da-5a82a7cd4c87",-27.238359,152.929293,2022-03-20 14:53:00,"PRESENT","iNaturalist Australia"
"2770","c6c550af-5d5e-429d-9658-c38717f49c3a","Acraea andromacha","https://biodiversity.org.au/afd/taxa/86294130-ca0d-4e27-81da-5a82a7cd4c87",-27.848787,152.914895,2024-03-30 16:20:06,"PRESENT","iNaturalist Australia"
"2771","c6c8d19e-46c4-4445-915a-37deef40fbd9","Acraea andromacha","https://biodiversity.org.au/afd/taxa/86294130-ca0d-4e27-81da-5a82a7cd4c87",-27.436049,153.544307,2023-12-25 12:46:00,"PRESENT","iNaturalist Australia"
"2772","c6f5125a-d922-428f-91b7-974995a48fc0","Acraea andromacha","https://biodiversity.org.au/afd/taxa/86294130-ca0d-4e27-81da-5a82a7cd4c87",-24.167406,151.882405,2024-07-31 12:09:00,"PRESENT","iNaturalist Australia"
"2773","c708f86f-c554-4374-94c8-a4c3b575e100","Acraea andromacha","https://biodiversity.org.au/afd/taxa/86294130-ca0d-4e27-81da-5a82a7cd4c87",-26.757778,152.8525,2022-03-18 11:05:47,"PRESENT","iNaturalist Australia"
"2774","c710e200-bda7-4924-a10a-ad6934fa3229","Acraea andromacha","https://biodiversity.org.au/afd/taxa/afb7279d-cb44-4c89-be73-cf1e0a48cf46",-27.737318,152.768339,2021-05-01 11:48:00,"PRESENT","iNaturalist Australia"
"2775","c71d441f-864d-442d-aa2b-a4e1cc9b9f63","Acraea terpsicore","https://biodiversity.org.au/afd/taxa/ba632bea-a7b4-4b60-bf89-d63128cad841",-19.207633,146.741807,2021-05-16 14:43:00,"PRESENT","iNaturalist Australia"
"2776","c7351e43-37cf-427b-bb2b-28919c2f1dc3","Acraea andromacha","https://biodiversity.org.au/afd/taxa/86294130-ca0d-4e27-81da-5a82a7cd4c87",-17.944028,145.492553,2024-05-01 11:11:03,"PRESENT","iNaturalist Australia"
"2777","c7426d12-9483-49a7-8021-3ddc103b579e","Acraea andromacha","https://biodiversity.org.au/afd/taxa/86294130-ca0d-4e27-81da-5a82a7cd4c87",-17.3853,145.3826,2021-04-08 11:00:00,"PRESENT","Butterflies Australia"
"2778","c7494f3e-4769-47b2-a069-d690e10cab48","Acraea andromacha","https://biodiversity.org.au/afd/taxa/86294130-ca0d-4e27-81da-5a82a7cd4c87",-27.53241,152.78937,2022-01-03 21:08:00,"PRESENT","Butterflies Australia"
"2779","c749b28f-ea60-43a5-8094-88199ab6201a","Acraea andromacha","https://biodiversity.org.au/afd/taxa/86294130-ca0d-4e27-81da-5a82a7cd4c87",-34.062961,150.770858,2024-03-09 14:08:09,"PRESENT","iNaturalist Australia"
"2780","c751c9f9-4809-4454-ad12-f0a2eced08c7","Acraea andromacha","https://biodiversity.org.au/afd/taxa/86294130-ca0d-4e27-81da-5a82a7cd4c87",-27.273437,152.930598,2022-03-19 10:22:46,"PRESENT","iNaturalist Australia"
"2781","c755ca2b-529f-4101-88c1-612e3c98660e","Afrohybanthus enneaspermus","https://id.biodiversity.org.au/taxon/apni/51448720",-21.754972,148.114869,2023-02-14 09:47:00,"PRESENT","iNaturalist Australia"
"2782","c75c6cdb-c281-4bda-8f2f-440b9e7fe0e3","Acraea andromacha","https://biodiversity.org.au/afd/taxa/86294130-ca0d-4e27-81da-5a82a7cd4c87",-27.52538,152.88813,2022-02-12 00:17:00,"PRESENT","Butterflies Australia"
"2783","c7601836-ef1a-425a-9226-88379698c8a9","Acraea andromacha","https://biodiversity.org.au/afd/taxa/86294130-ca0d-4e27-81da-5a82a7cd4c87",-27.329092,153.05021,2024-02-17 13:12:00,"PRESENT","iNaturalist Australia"
"2784","c76c9c21-522a-4afa-9b16-02fdd531878d","Acraea terpsicore","https://biodiversity.org.au/afd/taxa/ba632bea-a7b4-4b60-bf89-d63128cad841",-18.9307,144.4932,2022-09-20 16:15:00,"PRESENT","Butterflies Australia"
"2785","c7713357-4098-43b2-92b4-5b9ebaa08789","Acraea terpsicore","https://biodiversity.org.au/afd/taxa/ba632bea-a7b4-4b60-bf89-d63128cad841",-14.314736,132.42192,2023-02-14 16:31:00,"PRESENT","iNaturalist Australia"
"2786","c77cbcd3-51b4-4bea-aeda-fe828abdd488","Acraea andromacha","https://biodiversity.org.au/afd/taxa/86294130-ca0d-4e27-81da-5a82a7cd4c87",-27.48612,152.752265,2024-07-29 11:50:00,"PRESENT","iNaturalist Australia"
"2787","c784353b-a7dd-4eb4-8028-e3c59a77fe9c","Acraea andromacha","https://biodiversity.org.au/afd/taxa/86294130-ca0d-4e27-81da-5a82a7cd4c87",-21.6218,148.10772,2022-03-09 02:32:00,"PRESENT","Butterflies Australia"
"2788","c78ec5c0-cf49-444f-9ab0-5c5ca4a20b48","Acraea terpsicore","https://biodiversity.org.au/afd/taxa/ba632bea-a7b4-4b60-bf89-d63128cad841",-21.693716,146.944605,2025-02-10 10:56:00,"PRESENT","iNaturalist Australia"
"2789","c7970c52-8ac6-404f-a8d7-9a72d294d0aa","Acraea terpsicore","https://biodiversity.org.au/afd/taxa/ba632bea-a7b4-4b60-bf89-d63128cad841",-12.207471,130.891905,2025-05-21 18:37:13,"PRESENT","iNaturalist Australia"
"2790","c7f427d7-55c5-4d7c-bd9e-bc32d32d1004","Acraea terpsicore","https://biodiversity.org.au/afd/taxa/ba632bea-a7b4-4b60-bf89-d63128cad841",-17.338119,145.517411,2025-08-05 15:37:00,"PRESENT","iNaturalist Australia"
"2791","c8037bd7-3584-4767-ba00-67708161ae4b","Acraea andromacha","https://biodiversity.org.au/afd/taxa/86294130-ca0d-4e27-81da-5a82a7cd4c87",-26.854263,151.555772,2022-03-06 11:26:19,"PRESENT","iNaturalist Australia"
"2792","c8367e60-754d-45a3-a427-814ddebba4db","Acraea terpsicore","https://biodiversity.org.au/afd/taxa/ba632bea-a7b4-4b60-bf89-d63128cad841",-19.282002,146.811803,2021-09-01 11:49:00,"PRESENT","iNaturalist Australia"
"2793","c87d99c1-5dd8-404c-8ff5-1eafc0a30d95","Acraea terpsicore","https://biodiversity.org.au/afd/taxa/ba632bea-a7b4-4b60-bf89-d63128cad841",-19.207633,146.741807,2021-05-16 14:58:00,"PRESENT","iNaturalist Australia"
"2794","c8b5a992-ad08-480b-a0da-94349bc7ea39","Acraea terpsicore","https://biodiversity.org.au/afd/taxa/ba632bea-a7b4-4b60-bf89-d63128cad841",-20.709263,140.502309,2025-07-05 16:00:00,"PRESENT","iNaturalist Australia"
"2795","c8c8528c-c7bc-428e-a463-d45aed498045","Acraea andromacha","https://biodiversity.org.au/afd/taxa/86294130-ca0d-4e27-81da-5a82a7cd4c87",-27.63874,153.071368,2025-02-14 13:51:00,"PRESENT","iNaturalist Australia"
"2796","c8e3cbfa-db81-42da-ba06-ff31fe336a73","Acraea andromacha","https://biodiversity.org.au/afd/taxa/86294130-ca0d-4e27-81da-5a82a7cd4c87",-21.075061,148.537353,2025-09-22 09:01:07,"PRESENT","iNaturalist Australia"
"2797","c8e7d539-6e93-4871-a148-661d560b2d8c","Acraea andromacha","https://biodiversity.org.au/afd/taxa/86294130-ca0d-4e27-81da-5a82a7cd4c87",-26.8997,152.93511,2022-04-29 01:34:00,"PRESENT","Butterflies Australia"
"2798","c8f01611-8e4e-4cac-b71e-bb1ff886c6f0","Acraea terpsicore","https://biodiversity.org.au/afd/taxa/ba632bea-a7b4-4b60-bf89-d63128cad841",-16.9,145.4,2023-06-03 11:20:00,"PRESENT","Earth Guardians Weekly Feed"
"2799","c9000899-21c7-455e-8191-5a03168817a7","Acraea andromacha","https://biodiversity.org.au/afd/taxa/86294130-ca0d-4e27-81da-5a82a7cd4c87",-28.196738,153.186228,2021-05-08 11:42:00,"PRESENT","iNaturalist Australia"
"2800","c909cda5-8553-46f6-a87e-603e028c7d43","Acraea andromacha","https://biodiversity.org.au/afd/taxa/86294130-ca0d-4e27-81da-5a82a7cd4c87",-26.942846,152.935684,2026-01-04 11:22:00,"PRESENT","iNaturalist Australia"
"2801","c921ff41-9930-499c-839b-f83eb810df7e","Acraea andromacha","https://biodiversity.org.au/afd/taxa/86294130-ca0d-4e27-81da-5a82a7cd4c87",-28.01268,153.27166,2025-08-10 10:03:00,"PRESENT","iNaturalist Australia"
"2802","c928f6e9-67ec-49df-97ac-0da9a0fb4a5d","Afrohybanthus enneaspermus","https://id.biodiversity.org.au/taxon/apni/51448720",-12.447996,130.877777,2024-03-13 13:11:00,"PRESENT","iNaturalist Australia"
"2803","c9304625-18a1-4581-bfde-d7da3a23f0cd","Acraea andromacha","https://biodiversity.org.au/afd/taxa/86294130-ca0d-4e27-81da-5a82a7cd4c87",-27.674612,152.799712,2021-02-16 10:12:35,"PRESENT","Brisbane’s Big Butterfly Count"
"2804","c94ce97b-9596-4b3f-aa2d-5ebe7da63958","Acraea terpsicore","https://biodiversity.org.au/afd/taxa/ba632bea-a7b4-4b60-bf89-d63128cad841",-21.3,149.2,2021-12-20 11:38:00,"PRESENT","Earth Guardians Weekly Feed"
"2805","c9503576-1bc3-46ff-8d53-0cefa4160781","Acraea andromacha","https://biodiversity.org.au/afd/taxa/86294130-ca0d-4e27-81da-5a82a7cd4c87",-27.253672,152.887631,2025-08-23 17:17:00,"PRESENT","iNaturalist Australia"
"2806","c96c7c71-910e-4b40-b474-adcdfea9698b","Acraea andromacha","https://biodiversity.org.au/afd/taxa/86294130-ca0d-4e27-81da-5a82a7cd4c87",-27.679147,153.388978,2025-11-10 07:18:53,"PRESENT","iNaturalist Australia"
"2807","c973f244-c653-4558-b7d7-c77abce8c3c6","Acraea terpsicore","https://biodiversity.org.au/afd/taxa/ba632bea-a7b4-4b60-bf89-d63128cad841",-25.68278,152.214093,2025-06-01 07:47:35,"PRESENT","iNaturalist Australia"
"2808","c979d0a4-7f03-44ff-b2d5-79384dfcf2b8","Acraea terpsicore","https://biodiversity.org.au/afd/taxa/ba632bea-a7b4-4b60-bf89-d63128cad841",-15.7,128.7,2021-01-30 09:09:00,"PRESENT","Earth Guardians Weekly Feed"
"2809","c981d196-953f-4a72-9288-9a190be75006","Acraea andromacha","https://biodiversity.org.au/afd/taxa/86294130-ca0d-4e27-81da-5a82a7cd4c87",-27.490745,152.996265,2024-05-28 12:47:09,"PRESENT","iNaturalist Australia"
"2810","c9991c0c-d2a3-4c65-9072-c2fe1e909e83","Afrohybanthus enneaspermus","https://id.biodiversity.org.au/taxon/apni/51448720",-15.25113,132.66914,2022-03-29,"PRESENT","Flora Atlas N.T."
"2811","c99aa29d-0d6c-41f8-be65-e89ca5afead1","Acraea andromacha","https://biodiversity.org.au/afd/taxa/86294130-ca0d-4e27-81da-5a82a7cd4c87",-33.712441,150.31177,2024-03-26 13:02:27,"PRESENT","iNaturalist Australia"
"2812","c9a80c8e-9eb1-4bf8-bee7-5b4d172d7eaf","Acraea terpsicore","https://biodiversity.org.au/afd/taxa/ba632bea-a7b4-4b60-bf89-d63128cad841",-14.15535,136.42044,2021-06-17,"PRESENT","Northern Territory Museum and Art Gallery provider for OZCAM"
"2813","c9c49e42-9394-4dab-845b-db82d289a4ff","Acraea andromacha","https://biodiversity.org.au/afd/taxa/86294130-ca0d-4e27-81da-5a82a7cd4c87",-29.508653,152.344872,2023-03-11 10:20:00,"PRESENT","iNaturalist Australia"
"2814","c9d4e899-d769-4793-aba0-3556a07e7e7d","Acraea andromacha","https://biodiversity.org.au/afd/taxa/86294130-ca0d-4e27-81da-5a82a7cd4c87",-25.559279,152.683381,2022-12-25 15:49:38,"PRESENT","iNaturalist Australia"
"2815","c9e8b7ea-6f93-480c-8d01-738401605aa5","Acraea andromacha","https://biodiversity.org.au/afd/taxa/86294130-ca0d-4e27-81da-5a82a7cd4c87",-17.85683,145.44638,2023-06-12 15:27:00,"PRESENT","Butterflies Australia"
"2816","c9f08661-b6b5-47e9-a52c-5c4ad00e9e6a","Acraea terpsicore","https://biodiversity.org.au/afd/taxa/ba632bea-a7b4-4b60-bf89-d63128cad841",-17.111672,145.683266,2021-03-26 12:22:00,"PRESENT","iNaturalist Australia"
"2817","ca01cb34-fe0b-45e2-a445-114dc8420b6e","Acraea andromacha","https://biodiversity.org.au/afd/taxa/86294130-ca0d-4e27-81da-5a82a7cd4c87",-26.806129,152.956078,2025-09-12 01:11:00,"PRESENT","iNaturalist Australia"
"2818","ca04a0b0-33eb-4f40-b2af-b879767f7c38","Acraea andromacha","https://biodiversity.org.au/afd/taxa/86294130-ca0d-4e27-81da-5a82a7cd4c87",-27.823122,152.992573,2023-02-25 13:30:00,"PRESENT","iNaturalist Australia"
"2819","ca0d970f-3228-4402-9b6c-5bfab02cf9d6","Acraea andromacha","https://biodiversity.org.au/afd/taxa/86294130-ca0d-4e27-81da-5a82a7cd4c87",-27.500195,152.81102,2024-03-31 17:07:33,"PRESENT","iNaturalist Australia"
"2820","ca1ba757-567b-4dfe-b042-7840c16e44a4","Acraea andromacha","https://biodiversity.org.au/afd/taxa/86294130-ca0d-4e27-81da-5a82a7cd4c87",-27.617512,153.155931,2025-12-10 16:12:23,"PRESENT","iNaturalist Australia"
"2821","ca1cceeb-4838-4946-a59d-0a28dfa90feb","Acraea andromacha","https://biodiversity.org.au/afd/taxa/86294130-ca0d-4e27-81da-5a82a7cd4c87",-25.269845,152.248873,2021-12-29 12:05:00,"PRESENT","iNaturalist Australia"
"2822","ca482a5d-4a1e-4ee6-8bae-a6bd9dfcfabb","Acraea andromacha","https://biodiversity.org.au/afd/taxa/86294130-ca0d-4e27-81da-5a82a7cd4c87",-27.422575,153.167,2022-01-26,"PRESENT","iNaturalist Australia"
"2823","ca5a0498-63c5-43a3-a644-f9ed659e0278","Afrohybanthus enneaspermus","https://id.biodiversity.org.au/taxon/apni/51448720",-23.492935,150.475902,2025-02-21 07:15:31,"PRESENT","iNaturalist Australia"
"2824","ca5f07d9-81b6-4358-bf36-dacbe3209a09","Acraea andromacha","https://biodiversity.org.au/afd/taxa/86294130-ca0d-4e27-81da-5a82a7cd4c87",-19.314216,146.738268,2024-05-19 16:11:00,"PRESENT","iNaturalist Australia"
"2825","ca605041-b33d-4965-834b-2cfb40477f37","Acraea terpsicore","https://biodiversity.org.au/afd/taxa/ba632bea-a7b4-4b60-bf89-d63128cad841",-16.521826,144.898614,2022-07-12,"PRESENT","iNaturalist Australia"
"2826","ca75cfbf-b362-493e-b9c2-4f5e0423aa35","Acraea terpsicore","https://biodiversity.org.au/afd/taxa/ba632bea-a7b4-4b60-bf89-d63128cad841",-21.134643,148.528218,2024-10-06 09:10:00,"PRESENT","iNaturalist Australia"
"2827","ca7afe68-68db-468a-8bfb-c2473f053805","Acraea terpsicore","https://biodiversity.org.au/afd/taxa/ba632bea-a7b4-4b60-bf89-d63128cad841",-16.747602,145.66216,2021-09-21 10:50:00,"PRESENT","iNaturalist Australia"
"2828","ca956c67-acf3-49af-aea6-4d86df17f6da","Adenia heterophylla","https://id.biodiversity.org.au/node/apni/2909919",-16.902783,145.74975,2022-09-06 12:20:00,"PRESENT","iNaturalist Australia"
"2829","ca964bb8-42cd-422b-9609-b7f00676de56","Acraea andromacha","https://biodiversity.org.au/afd/taxa/86294130-ca0d-4e27-81da-5a82a7cd4c87",-32.225758,152.455049,2025-01-11 10:54:00,"PRESENT","iNaturalist Australia"
"2830","cab6c42c-3520-45d3-86ef-1cdfdb253a0e","Acraea andromacha","https://biodiversity.org.au/afd/taxa/86294130-ca0d-4e27-81da-5a82a7cd4c87",-28.340542,152.374463,2025-03-21 13:30:00,"PRESENT","iNaturalist Australia"
"2831","cac8c086-e962-4b2d-930a-9b738aa9b449","Acraea andromacha","https://biodiversity.org.au/afd/taxa/86294130-ca0d-4e27-81da-5a82a7cd4c87",-24.853031,152.337369,2024-06-13 02:14:00,"PRESENT","NatureMapr"
"2832","cade5c44-d650-43f4-9e45-6577bf02c006","Acraea andromacha","https://biodiversity.org.au/afd/taxa/86294130-ca0d-4e27-81da-5a82a7cd4c87",-27.310583,152.266247,2023-02-26 16:23:11,"PRESENT","iNaturalist Australia"
"2833","cae41f1d-f101-4604-bca1-ea4fbf44d4a6","Acraea terpsicore","https://biodiversity.org.au/afd/taxa/ba632bea-a7b4-4b60-bf89-d63128cad841",-22.345367,149.517778,2025-05-04 13:09:00,"PRESENT","iNaturalist Australia"
"2834","caef3904-ac25-4440-84c0-fbeba1ea3d3b","Acraea terpsicore","https://biodiversity.org.au/afd/taxa/ba632bea-a7b4-4b60-bf89-d63128cad841",-19.320461,146.759065,2021-06-18 12:39:19,"PRESENT","iNaturalist Australia"
"2835","cb015cfd-b11e-4979-b7c4-a33297a228cc","Acraea andromacha","https://biodiversity.org.au/afd/taxa/86294130-ca0d-4e27-81da-5a82a7cd4c87",-27.53996,153.05222,2022-01-30,"PRESENT","Butterflies Australia"
"2836","cb402266-7fcd-462c-b473-3c76c872a8b1","Acraea andromacha","https://biodiversity.org.au/afd/taxa/86294130-ca0d-4e27-81da-5a82a7cd4c87",-27.47206,152.957897,2024-03-02 10:25:00,"PRESENT","iNaturalist Australia"
"2837","cb557fc9-b0e5-4eb4-9fff-163b488add32","Acraea terpsicore","https://biodiversity.org.au/afd/taxa/ba632bea-a7b4-4b60-bf89-d63128cad841",-17.73836,141.03753,2023-08-18 01:49:00,"PRESENT","Butterflies Australia"
"2838","cb56144e-96ae-49b0-b299-b2f963a17c54","Afrohybanthus enneaspermus","https://id.biodiversity.org.au/taxon/apni/51448720",-16.50151,128.20156,2021-03-26 10:09:00,"PRESENT","iNaturalist Australia"
"2839","cb86a46d-24bb-4ba2-9e6f-6f5d71911fed","Acraea andromacha","https://biodiversity.org.au/afd/taxa/86294130-ca0d-4e27-81da-5a82a7cd4c87",-27.513411,153.116594,2023-05-07 09:20:15,"PRESENT","iNaturalist Australia"
"2840","cb8e8566-3629-4d06-97e3-9e769d071806","Acraea terpsicore","https://biodiversity.org.au/afd/taxa/ba632bea-a7b4-4b60-bf89-d63128cad841",-18.496958,143.32048,2025-06-10 17:25:13,"PRESENT","iNaturalist Australia"
"2841","cba20a00-49f2-4e0a-811e-d7b6aeb77e87","Acraea andromacha","https://biodiversity.org.au/afd/taxa/86294130-ca0d-4e27-81da-5a82a7cd4c87",-27.580751,152.660144,2022-04-03 12:08:00,"PRESENT","iNaturalist Australia"
"2842","cba71bb4-c0e7-4a7c-a6fa-b33616e9c6c9","Acraea andromacha","https://biodiversity.org.au/afd/taxa/86294130-ca0d-4e27-81da-5a82a7cd4c87",-27.6,152.9,2021-08-29 21:15:00,"PRESENT","Earth Guardians Weekly Feed"
"2843","cbbec969-5aa5-4a04-81ad-a637bc501a6a","Acraea andromacha","https://biodiversity.org.au/afd/taxa/86294130-ca0d-4e27-81da-5a82a7cd4c87",-26.39023,152.97501,2023-02-18 04:48:00,"PRESENT","Butterflies Australia"
"2844","cbd46085-a32c-4872-8145-bdb7947b326c","Acraea andromacha","https://biodiversity.org.au/afd/taxa/86294130-ca0d-4e27-81da-5a82a7cd4c87",-27.484941,152.959002,2024-05-08 12:29:00,"PRESENT","iNaturalist Australia"
"2845","cbe51700-a0d9-4e25-b24a-b597b25f9d6a","Acraea terpsicore","https://biodiversity.org.au/afd/taxa/ba632bea-a7b4-4b60-bf89-d63128cad841",-30.176903,153.191928,2022-05-03 15:57:00,"PRESENT","iNaturalist Australia"
"2846","cc181136-4b35-41e0-b7d4-5a36bc2e1022","Acraea andromacha","https://biodiversity.org.au/afd/taxa/86294130-ca0d-4e27-81da-5a82a7cd4c87",-26.89957,152.93558,2023-10-06 02:32:00,"PRESENT","Butterflies Australia"
"2847","cc23e13a-fb1d-44ce-82e2-6d3fee7b141b","Acraea andromacha","https://biodiversity.org.au/afd/taxa/86294130-ca0d-4e27-81da-5a82a7cd4c87",-27.545358,153.059875,2021-05-19 10:39:29,"PRESENT","iNaturalist Australia"
"2848","cc2d91d2-51bf-4c81-a4c7-f69f7b4d0e57","Acraea andromacha","https://biodiversity.org.au/afd/taxa/86294130-ca0d-4e27-81da-5a82a7cd4c87",-27.514438,152.859276,2022-05-25 09:41:12,"PRESENT","iNaturalist Australia"
"2849","cc3ccbf0-9b48-49c4-9a89-804e2f8bb9d2","Acraea andromacha","https://biodiversity.org.au/afd/taxa/86294130-ca0d-4e27-81da-5a82a7cd4c87",-26.679633,153.138533,2024-07-09 09:17:52,"PRESENT","iNaturalist Australia"
"2850","cc4a5480-b581-4ec0-a911-566c2b95ed95","Acraea terpsicore","https://biodiversity.org.au/afd/taxa/ba632bea-a7b4-4b60-bf89-d63128cad841",-14.182983,132.038188,2025-04-26 14:14:00,"PRESENT","iNaturalist Australia"
"2851","cc5e9e3c-7111-4ab4-9aa9-8f9ed026c25d","Acraea andromacha","https://biodiversity.org.au/afd/taxa/86294130-ca0d-4e27-81da-5a82a7cd4c87",-35.275825,149.10936,2022-02-12 12:05:00,"PRESENT","iNaturalist Australia"
"2852","cc69964b-c11b-4afe-9e7d-c24f3c25d941","Acraea andromacha","https://biodiversity.org.au/afd/taxa/86294130-ca0d-4e27-81da-5a82a7cd4c87",-25.493159,148.814269,2021-02-11 12:10:00,"PRESENT","iNaturalist Australia"
"2853","cc8c4474-90bf-4b6d-8acd-0e0dece719b7","Acraea andromacha","https://biodiversity.org.au/afd/taxa/86294130-ca0d-4e27-81da-5a82a7cd4c87",-27.985371,152.621331,2021-02-25 11:24:00,"PRESENT","iNaturalist Australia"
"2854","cc9342b0-432d-4ab5-9232-d2b4d5ee45d9","Acraea andromacha","https://biodiversity.org.au/afd/taxa/86294130-ca0d-4e27-81da-5a82a7cd4c87",-29.3705,153.1093,2025-03-25 03:23:00,"PRESENT","NatureMapr"
"2855","cc9e37df-cb3f-4552-aedb-9cf0be4f6a65","Acraea terpsicore","https://biodiversity.org.au/afd/taxa/ba632bea-a7b4-4b60-bf89-d63128cad841",-19.259557,146.806312,2023-09-08 11:51:00,"PRESENT","iNaturalist Australia"
"2856","cca41f80-efaa-428f-98b4-20aa01b42c07","Acraea terpsicore","https://biodiversity.org.au/afd/taxa/ba632bea-a7b4-4b60-bf89-d63128cad841",-27.530788,153.141358,2022-12-25 14:35:59,"PRESENT","iNaturalist Australia"
"2857","cca70719-f445-48ab-8ccf-de13f2e27bf4","Acraea terpsicore","https://biodiversity.org.au/afd/taxa/ba632bea-a7b4-4b60-bf89-d63128cad841",-27.483194,152.955723,2025-04-06 11:18:00,"PRESENT","iNaturalist Australia"
"2858","ccb4412c-c386-493d-9143-b9ba051ba603","Acraea andromacha","https://biodiversity.org.au/afd/taxa/86294130-ca0d-4e27-81da-5a82a7cd4c87",-19.1358,143.4721,2022-05-04,"PRESENT","Queensland Museum provider for OZCAM"
"2859","ccb7bae8-932b-43f7-97c9-100b8a2a7b40","Acraea terpsicore","https://biodiversity.org.au/afd/taxa/ba632bea-a7b4-4b60-bf89-d63128cad841",-17.74992,138.4816,2023-09-11 04:04:00,"PRESENT","Butterflies Australia"
"2860","ccc295b2-fe92-4e6e-aeac-1973b28cd867","Acraea terpsicore","https://biodiversity.org.au/afd/taxa/ba632bea-a7b4-4b60-bf89-d63128cad841",-20.701987,139.496667,2023-01-14 16:20:42,"PRESENT","iNaturalist Australia"
"2861","ccc84c0d-c5b7-4294-9a5a-e789a2225a28","Acraea andromacha","https://biodiversity.org.au/afd/taxa/86294130-ca0d-4e27-81da-5a82a7cd4c87",-28.027306,153.315402,2024-04-14 08:18:00,"PRESENT","iNaturalist Australia"
"2862","ccc96071-c820-401d-ae0c-0b0c4d9d14d1","Acraea andromacha","https://biodiversity.org.au/afd/taxa/86294130-ca0d-4e27-81da-5a82a7cd4c87",-30.28788,152.737063,2025-03-21 10:32:00,"PRESENT","iNaturalist Australia"
"2863","cccc1dad-cd20-40ad-85d3-f78d5439590f","Acraea terpsicore","https://biodiversity.org.au/afd/taxa/ba632bea-a7b4-4b60-bf89-d63128cad841",-22.349479,149.521256,2024-11-27 07:46:00,"PRESENT","iNaturalist Australia"
"2864","ccda4555-17a7-4999-acd3-046fb4732598","Acraea andromacha","https://biodiversity.org.au/afd/taxa/86294130-ca0d-4e27-81da-5a82a7cd4c87",-27.485672,152.959983,2025-03-30 12:59:00,"PRESENT","iNaturalist Australia"
"2865","ccee7856-7f26-4900-bebc-ab68b712c9a8","Acraea andromacha","https://biodiversity.org.au/afd/taxa/86294130-ca0d-4e27-81da-5a82a7cd4c87",-27.295954,152.231112,2021-04-11 09:08:34,"PRESENT","iNaturalist Australia"
"2866","cd3a55fc-dd79-4c72-87eb-c5ea81d6d535","Acraea andromacha","https://biodiversity.org.au/afd/taxa/86294130-ca0d-4e27-81da-5a82a7cd4c87",-27.52238,152.77704,2022-01-03 22:11:00,"PRESENT","Butterflies Australia"
"2867","cd3e4410-e8bb-4903-9119-5ca0328d1381","Acraea andromacha","https://biodiversity.org.au/afd/taxa/afb7279d-cb44-4c89-be73-cf1e0a48cf46",-13.8566,136.43651,2021-06-15,"PRESENT","Northern Territory Museum and Art Gallery provider for OZCAM"
"2868","cd5a2d19-c967-4524-9b9c-f1989c28a9cc","Acraea andromacha","https://biodiversity.org.au/afd/taxa/86294130-ca0d-4e27-81da-5a82a7cd4c87",-34.797482,150.00889,2024-02-08 02:53:00,"PRESENT","NatureMapr"
"2869","cd608967-e03b-48a0-9dce-3b30884adde0","Acraea andromacha","https://biodiversity.org.au/afd/taxa/86294130-ca0d-4e27-81da-5a82a7cd4c87",-33.804733,150.686522,2024-04-11 08:17:20,"PRESENT","iNaturalist Australia"
"2870","cd7b8e96-9c9f-4869-8b35-aea27110c638","Acraea andromacha","https://biodiversity.org.au/afd/taxa/86294130-ca0d-4e27-81da-5a82a7cd4c87",-36.066787,146.903025,2022-03-15 16:45:00,"PRESENT","iNaturalist Australia"
"2871","cd883caf-8fe7-4fb9-80f8-7f7a44edb6cb","Acraea andromacha","https://biodiversity.org.au/afd/taxa/86294130-ca0d-4e27-81da-5a82a7cd4c87",-27.484819,152.958221,2024-05-08 11:42:00,"PRESENT","iNaturalist Australia"
"2872","cdacbf99-f19e-4500-bd65-143606e2c325","Acraea andromacha","https://biodiversity.org.au/afd/taxa/86294130-ca0d-4e27-81da-5a82a7cd4c87",-27.651697,153.009031,2024-04-14 13:39:00,"PRESENT","iNaturalist Australia"
"2873","cdcf6b7e-0d28-4f64-b3aa-8317eb7bd78e","Acraea andromacha","https://biodiversity.org.au/afd/taxa/86294130-ca0d-4e27-81da-5a82a7cd4c87",-26.141225,152.966787,2021-12-28 12:33:00,"PRESENT","iNaturalist Australia"
"2874","ce2a12ce-8f79-4c38-8c8f-ae271729b896","Acraea terpsicore","https://biodiversity.org.au/afd/taxa/ba632bea-a7b4-4b60-bf89-d63128cad841",-19.240336,146.799416,2024-05-24 09:59:00,"PRESENT","iNaturalist Australia"
"2875","ce2d3fd1-c070-4a86-96a5-0ea219850daf","Acraea andromacha","https://biodiversity.org.au/afd/taxa/86294130-ca0d-4e27-81da-5a82a7cd4c87",-27.51551,152.86328,2022-07-18 02:29:00,"PRESENT","Butterflies Australia"
"2876","ce2fcdca-c17f-42c0-b4cc-68bd901180bc","Acraea andromacha","https://biodiversity.org.au/afd/taxa/86294130-ca0d-4e27-81da-5a82a7cd4c87",-27.817947,153.154802,2025-07-31 13:00:00,"PRESENT","iNaturalist Australia"
"2877","ce3b03a8-dd6e-4db2-92b9-26181e4f3ed1","Acraea terpsicore","https://biodiversity.org.au/afd/taxa/ba632bea-a7b4-4b60-bf89-d63128cad841",-19.327605,146.751591,2023-02-21 15:19:00,"PRESENT","iNaturalist Australia"
"2878","ce75bf8b-f59e-4fe0-aa1a-495de372c0d0","Acraea terpsicore","https://biodiversity.org.au/afd/taxa/ba632bea-a7b4-4b60-bf89-d63128cad841",-27.100348,152.930979,2022-01-04 10:54:00,"PRESENT","iNaturalist Australia"
"2879","ce96c415-875c-4226-9bb0-0a542a50defd","Acraea andromacha","https://biodiversity.org.au/afd/taxa/86294130-ca0d-4e27-81da-5a82a7cd4c87",-30.475892,152.883375,2024-04-10 12:00:00,"PRESENT","iNaturalist Australia"
"2880","ced443ee-79b1-426b-80d6-4903ecab678d","Acraea andromacha","https://biodiversity.org.au/afd/taxa/86294130-ca0d-4e27-81da-5a82a7cd4c87",-27.659219,153.292626,2025-08-30 08:51:19,"PRESENT","iNaturalist Australia"
"2881","cee0f884-0f5e-4859-9451-0358680ca211","Acraea andromacha","https://biodiversity.org.au/afd/taxa/86294130-ca0d-4e27-81da-5a82a7cd4c87",-27.297472,152.229629,2022-01-23 08:29:00,"PRESENT","iNaturalist Australia"
"2882","cf0bf82d-572e-47fb-b91d-6d0937597cea","Acraea terpsicore","https://biodiversity.org.au/afd/taxa/ba632bea-a7b4-4b60-bf89-d63128cad841",-17.415091,145.059267,2021-06-06 11:02:00,"PRESENT","iNaturalist Australia"
"2883","cf2f3177-9b0f-4a55-9710-67c66990fd93","Acraea andromacha","https://biodiversity.org.au/afd/taxa/86294130-ca0d-4e27-81da-5a82a7cd4c87",-20.355,144.4638,2022-09-23 00:15:00,"PRESENT","Butterflies Australia"
"2884","cf3a67ea-0cd5-4970-9561-9434b3db268d","Acraea andromacha","https://biodiversity.org.au/afd/taxa/86294130-ca0d-4e27-81da-5a82a7cd4c87",-27.544032,152.857309,2025-05-05 17:03:59,"PRESENT","iNaturalist Australia"
"2885","cf47c9df-a27a-4198-96cf-c213dc387498","Acraea terpsicore","https://biodiversity.org.au/afd/taxa/ba632bea-a7b4-4b60-bf89-d63128cad841",-16.9,145.7,2023-03-27 13:00:00,"PRESENT","Earth Guardians Weekly Feed"
"2886","cf537df7-3636-4997-8c36-d85727b434e9","Acraea terpsicore","https://biodiversity.org.au/afd/taxa/ba632bea-a7b4-4b60-bf89-d63128cad841",-12.432945,130.944804,2023-02-11 07:24:00,"PRESENT","iNaturalist Australia"
"2887","cf53e111-a00f-49ef-8208-ce7105510970","Acraea andromacha","https://biodiversity.org.au/afd/taxa/86294130-ca0d-4e27-81da-5a82a7cd4c87",-12.358214,130.885556,2024-05-21 12:37:00,"PRESENT","iNaturalist Australia"
"2888","cf5bac36-2ad8-49c8-ac1a-5fb0fc884b33","Acraea andromacha","https://biodiversity.org.au/afd/taxa/86294130-ca0d-4e27-81da-5a82a7cd4c87",-30.356229,153.107306,2025-10-26 09:07:00,"PRESENT","iNaturalist Australia"
"2889","cf899c7f-4419-494d-b789-c13d4e094156","Acraea andromacha","https://biodiversity.org.au/afd/taxa/86294130-ca0d-4e27-81da-5a82a7cd4c87",-29.775938,153.298586,2023-11-28 07:40:00,"PRESENT","iNaturalist Australia"
"2890","cfa27361-20fa-40e6-9006-442a230d805b","Acraea andromacha","https://biodiversity.org.au/afd/taxa/86294130-ca0d-4e27-81da-5a82a7cd4c87",-25.057304,148.238601,2025-05-26 09:58:15,"PRESENT","iNaturalist Australia"
"2891","cfb31d4f-4a54-44c4-ba75-0f7669f61189","Acraea andromacha","https://biodiversity.org.au/afd/taxa/86294130-ca0d-4e27-81da-5a82a7cd4c87",-27.420273,152.936165,2025-09-22 22:42:35,"PRESENT","iNaturalist Australia"
"2892","cfbeca4f-02d6-4145-9639-37869397e7d4","Acraea andromacha","https://biodiversity.org.au/afd/taxa/86294130-ca0d-4e27-81da-5a82a7cd4c87",-30.467272,152.851694,2024-04-27 14:03:06,"PRESENT","iNaturalist Australia"
"2893","cfcc1db0-4f04-422d-924f-c34ae8a1a277","Acraea terpsicore","https://biodiversity.org.au/afd/taxa/ba632bea-a7b4-4b60-bf89-d63128cad841",-16.446255,123.027981,2025-02-07 15:54:58,"PRESENT","iNaturalist Australia"
"2894","cfd1869d-f451-43db-92d0-c4106cbfeaef","Acraea terpsicore","https://biodiversity.org.au/afd/taxa/ba632bea-a7b4-4b60-bf89-d63128cad841",-14.08263,136.4314,2021-06-17,"PRESENT","Northern Territory Museum and Art Gallery provider for OZCAM"
"2895","cffd0a06-a967-4f57-aee6-793a1e6a564a","Acraea andromacha","https://biodiversity.org.au/afd/taxa/86294130-ca0d-4e27-81da-5a82a7cd4c87",-34.681515,150.211744,2025-03-15 02:38:00,"PRESENT","NatureMapr"
"2896","d04d58da-7f32-41b9-8fed-54775459c704","Acraea andromacha","https://biodiversity.org.au/afd/taxa/86294130-ca0d-4e27-81da-5a82a7cd4c87",-27.623353,153.150208,2024-11-16 07:20:32,"PRESENT","iNaturalist Australia"
"2897","d07007e4-b59a-4bd4-834c-fda39693db2c","Acraea terpsicore","https://biodiversity.org.au/afd/taxa/ba632bea-a7b4-4b60-bf89-d63128cad841",-20.925833,149.015055,2021-06-21 11:01:00,"PRESENT","iNaturalist Australia"
"2898","d08f4c26-8d40-47cd-9e04-4250c79148dc","Acraea andromacha","https://biodiversity.org.au/afd/taxa/86294130-ca0d-4e27-81da-5a82a7cd4c87",-27.513278,153.191403,2026-01-18 06:51:00,"PRESENT","iNaturalist Australia"
"2899","d0a709e3-b870-4647-9563-e3df6820d43f","Acraea terpsicore","https://biodiversity.org.au/afd/taxa/ba632bea-a7b4-4b60-bf89-d63128cad841",-18.131857,144.426191,2025-05-19 08:58:26,"PRESENT","iNaturalist Australia"
"2900","d0b3937b-f8a0-49b8-982e-5dcf5b3dee54","Acraea andromacha","https://biodiversity.org.au/afd/taxa/86294130-ca0d-4e27-81da-5a82a7cd4c87",-29.57552,153.33506,2022-12-30 21:36:00,"PRESENT","Butterflies Australia"
"2901","d0bdc270-4088-4041-8a74-b8ec40e1af23","Acraea terpsicore","https://biodiversity.org.au/afd/taxa/ba632bea-a7b4-4b60-bf89-d63128cad841",-19.263338,146.805633,2025-04-11 12:14:31,"PRESENT","iNaturalist Australia"
"2902","d0d3c5f8-4649-44a0-b633-9b5a023d0a2a","Acraea andromacha","https://biodiversity.org.au/afd/taxa/86294130-ca0d-4e27-81da-5a82a7cd4c87",-28.2296,152.4825,2023-02-23,"PRESENT","Butterflies Australia"
"2903","d0deb220-99a2-417c-b42d-0d9c2f7aa12f","Acraea andromacha","https://biodiversity.org.au/afd/taxa/86294130-ca0d-4e27-81da-5a82a7cd4c87",-27.506148,153.119392,2022-05-02 12:46:00,"PRESENT","iNaturalist Australia"
"2904","d12338b5-f36b-4572-adac-44dcd0ebb2e1","Acraea terpsicore","https://biodiversity.org.au/afd/taxa/ba632bea-a7b4-4b60-bf89-d63128cad841",-19.333853,146.74388,2024-07-25 13:50:07,"PRESENT","iNaturalist Australia"
"2905","d1456e4d-9e72-4027-bed6-c2c996adcc7c","Acraea andromacha","https://biodiversity.org.au/afd/taxa/86294130-ca0d-4e27-81da-5a82a7cd4c87",-20.94336,140.33072,2023-08-24 01:03:00,"PRESENT","Butterflies Australia"
"2906","d147681c-bb8a-445f-a6aa-fb29f1f799a6","Acraea andromacha","https://biodiversity.org.au/afd/taxa/86294130-ca0d-4e27-81da-5a82a7cd4c87",-27.70728,152.89784,2022-11-19 01:06:00,"PRESENT","Butterflies Australia"
"2907","d149e0f3-4acc-48bc-a714-af0c4b6d4713","Acraea andromacha","https://biodiversity.org.au/afd/taxa/86294130-ca0d-4e27-81da-5a82a7cd4c87",-27.716116,152.903045,2023-04-30 10:32:40,"PRESENT","iNaturalist Australia"
"2908","d1508fda-55dd-4dd6-aa85-686c771ad20c","Acraea andromacha","https://biodiversity.org.au/afd/taxa/86294130-ca0d-4e27-81da-5a82a7cd4c87",-21.156494,149.173864,2021-06-06 11:25:00,"PRESENT","iNaturalist Australia"
"2909","d15559d6-92ac-4f37-827d-bf04131aa701","Acraea andromacha","https://biodiversity.org.au/afd/taxa/86294130-ca0d-4e27-81da-5a82a7cd4c87",-22.189697,116.658945,2025-05-03 11:18:03,"PRESENT","iNaturalist Australia"
"2910","d15cc7ba-0002-45f9-bfb3-b3e37f2e8c20","Acraea andromacha","https://biodiversity.org.au/afd/taxa/86294130-ca0d-4e27-81da-5a82a7cd4c87",-27.33713,153.077806,2021-01-26 10:49:22,"PRESENT","iNaturalist Australia"
"2911","d170db65-a331-4eec-a7d3-ea9bf5b3cbf6","Acraea andromacha","https://biodiversity.org.au/afd/taxa/86294130-ca0d-4e27-81da-5a82a7cd4c87",-27.34439,153.09852,2022-03-05 00:08:00,"PRESENT","Butterflies Australia"
"2912","d17ac351-a8f8-43e0-8823-64708ae5fb4c","Adenia heterophylla","https://id.biodiversity.org.au/taxon/apni/51442112",-10.182213,142.334945,2026-01-20 16:50:05,"PRESENT","iNaturalist Australia"
"2913","d1819342-455e-4726-9bc6-b0b62a0a36ca","Afrohybanthus enneaspermus","https://id.biodiversity.org.au/taxon/apni/51448720",-25.370278,151.755556,2022-08-06,"PRESENT","BRI AVH Data and Images"
"2914","d1a1aa21-967f-438b-af45-8b7921a70474","Afrohybanthus enneaspermus","https://id.biodiversity.org.au/taxon/apni/51448720",-17.0044,145.5686,2024-01-13 12:13:00,"PRESENT","iNaturalist Australia"
"2915","d1a784f0-e582-42d2-b8f6-ee1333624ef5","Acraea terpsicore","https://biodiversity.org.au/afd/taxa/ba632bea-a7b4-4b60-bf89-d63128cad841",-19.27602,147.03438,2023-05-08,"PRESENT","WildNet - Queensland Wildlife Data"
"2916","d1c7ece5-1826-48dc-8e40-bb022ce08d3f","Acraea terpsicore","https://biodiversity.org.au/afd/taxa/ba632bea-a7b4-4b60-bf89-d63128cad841",-25.403763,152.903694,2024-02-24 08:27:00,"PRESENT","iNaturalist Australia"
"2917","d1cdf526-d091-4fc2-9c8d-cdfd978f70a4","Acraea andromacha","https://biodiversity.org.au/afd/taxa/86294130-ca0d-4e27-81da-5a82a7cd4c87",-27.71342,152.90208,2024-12-24 11:09:00,"PRESENT","iNaturalist Australia"
"2918","d1e5a97e-3dd7-4c08-8edb-edf619b41df7","Acraea terpsicore","https://biodiversity.org.au/afd/taxa/ba632bea-a7b4-4b60-bf89-d63128cad841",-16.658,145.263,2021-04-18 10:15:00,"PRESENT","Butterflies Australia"
"2919","d2155c74-6010-4866-bf1a-d90624a48994","Acraea andromacha","https://biodiversity.org.au/afd/taxa/86294130-ca0d-4e27-81da-5a82a7cd4c87",-34.072177,150.731155,2024-03-08 10:53:21,"PRESENT","iNaturalist Australia"
"2920","d22d4d24-b817-49b0-a905-40a7b87d6bbd","Acraea andromacha","https://biodiversity.org.au/afd/taxa/86294130-ca0d-4e27-81da-5a82a7cd4c87",-27.982067,152.682675,2025-10-26 08:21:00,"PRESENT","iNaturalist Australia"
"2921","d239af87-6bba-40c1-b54d-48afb0a60ec2","Acraea andromacha","https://biodiversity.org.au/afd/taxa/86294130-ca0d-4e27-81da-5a82a7cd4c87",-17.475021,140.846091,2025-08-30 16:16:00,"PRESENT","iNaturalist Australia"
"2922","d240790f-c204-4020-827f-926a3a008583","Acraea andromacha","https://biodiversity.org.au/afd/taxa/86294130-ca0d-4e27-81da-5a82a7cd4c87",-27.506103,153.123275,2025-05-03 13:01:00,"PRESENT","iNaturalist Australia"
"2923","d2604550-4c59-48ce-9e60-cbb9dd88b899","Acraea andromacha","https://biodiversity.org.au/afd/taxa/86294130-ca0d-4e27-81da-5a82a7cd4c87",-28.013742,152.541855,2022-12-18 12:13:43,"PRESENT","iNaturalist Australia"
"2924","d264d740-100a-47dc-bf06-d135dd4db6c2","Acraea terpsicore","https://biodiversity.org.au/afd/taxa/ba632bea-a7b4-4b60-bf89-d63128cad841",-19.168645,146.84745,2022-07-11 12:44:00,"PRESENT","iNaturalist Australia"
"2925","d2658cae-43c4-4f8f-b56f-91ac291acedc","Acraea terpsicore","https://biodiversity.org.au/afd/taxa/ba632bea-a7b4-4b60-bf89-d63128cad841",-20.638308,147.856047,2025-07-23 11:55:53,"PRESENT","iNaturalist Australia"
"2926","d276b559-a38f-41c3-a8f5-57948c5eef0a","Acraea andromacha","https://biodiversity.org.au/afd/taxa/86294130-ca0d-4e27-81da-5a82a7cd4c87",-22.903595,146.298866,2023-09-14 11:22:00,"PRESENT","iNaturalist Australia"
"2927","d2932c0d-64c9-482a-845c-170288c9c8c7","Acraea andromacha","https://biodiversity.org.au/afd/taxa/86294130-ca0d-4e27-81da-5a82a7cd4c87",-25.059847,148.236965,2021-12-25 11:33:00,"PRESENT","iNaturalist Australia"
"2928","d29f493a-637c-423e-b784-c12b17c7be45","Adenia heterophylla","https://id.biodiversity.org.au/taxon/apni/51442111",-12.680809,132.474213,2024-12-13 11:05:00,"PRESENT","iNaturalist Australia"
"2929","d2a065d7-17e4-403a-99d2-7648b886e9f0","Acraea andromacha","https://biodiversity.org.au/afd/taxa/86294130-ca0d-4e27-81da-5a82a7cd4c87",-27.270257,152.850835,2024-05-20 09:04:00,"PRESENT","iNaturalist Australia"
"2930","d2b605f7-1f75-41b5-8ec9-52f6b3ca66ad","Acraea andromacha","https://biodiversity.org.au/afd/taxa/86294130-ca0d-4e27-81da-5a82a7cd4c87",-27.549652,153.058499,2025-09-06 15:03:39,"PRESENT","iNaturalist Australia"
"2931","d2c7fa83-9ba7-43f2-a244-004f02a72998","Acraea andromacha","https://biodiversity.org.au/afd/taxa/86294130-ca0d-4e27-81da-5a82a7cd4c87",-28.259233,153.40184,2022-04-26 11:35:00,"PRESENT","iNaturalist Australia"
"2932","d2ceba12-eb79-472f-8082-aea62820063a","Acraea andromacha","https://biodiversity.org.au/afd/taxa/86294130-ca0d-4e27-81da-5a82a7cd4c87",-28.775826,153.591595,2024-04-19 08:56:00,"PRESENT","iNaturalist Australia"
"2933","d2d13300-e084-476a-ab3e-fa0bb0a51302","Acraea andromacha","https://biodiversity.org.au/afd/taxa/86294130-ca0d-4e27-81da-5a82a7cd4c87",-28.027444,152.556725,2024-01-03 06:57:00,"PRESENT","iNaturalist Australia"
"2934","d2f3adc7-53cf-43e2-82cf-59699e454834","Acraea andromacha","https://biodiversity.org.au/afd/taxa/86294130-ca0d-4e27-81da-5a82a7cd4c87",-32.839343,151.711529,2024-10-02 09:04:00,"PRESENT","iNaturalist Australia"
"2935","d31fa0fa-1bb8-4226-8151-0f333ccbc9d4","Afrohybanthus enneaspermus","https://id.biodiversity.org.au/taxon/apni/51448720",-23.492851,150.477954,2025-02-09 06:29:28,"PRESENT","iNaturalist Australia"
"2936","d323dadb-5ff6-44cc-922a-d14e4f21cf70","Adenia heterophylla","https://id.biodiversity.org.au/node/apni/2909919",-16.831522,145.704955,2022-03-18 13:05:02,"PRESENT","iNaturalist Australia"
"2937","d330dc15-49a5-43ba-91e6-91158c925a62","Acraea andromacha","https://biodiversity.org.au/afd/taxa/86294130-ca0d-4e27-81da-5a82a7cd4c87",-20.84672,140.0567,2023-08-21 15:56:00,"PRESENT","Butterflies Australia"
"2938","d34bfb71-3f59-4e9a-b477-1f07d490213f","Acraea andromacha","https://biodiversity.org.au/afd/taxa/86294130-ca0d-4e27-81da-5a82a7cd4c87",-27.723887,152.891738,2021-04-23 12:40:03,"PRESENT","iNaturalist Australia"
"2939","d34e2103-21ef-4b25-8149-f29afbdddc34","Afrohybanthus enneaspermus","https://id.biodiversity.org.au/taxon/apni/51448720",-12.394943,130.920446,2025-04-02 10:06:01,"PRESENT","iNaturalist Australia"
"2940","d35af019-3250-45a8-9cbd-114dfb7a2095","Acraea terpsicore","https://biodiversity.org.au/afd/taxa/ba632bea-a7b4-4b60-bf89-d63128cad841",-19.260124,146.809458,2025-06-28 14:21:00,"PRESENT","iNaturalist Australia"
"2941","d36404fa-0a15-4997-8eb3-afabbc68cb03","Acraea andromacha","https://biodiversity.org.au/afd/taxa/86294130-ca0d-4e27-81da-5a82a7cd4c87",-27.90375,152.868972,2024-10-01 12:21:00,"PRESENT","iNaturalist Australia"
"2942","d368e2e6-505d-4664-ba4f-50943e386610","Acraea terpsicore","https://biodiversity.org.au/afd/taxa/ba632bea-a7b4-4b60-bf89-d63128cad841",-19.29395,147.02626,2023-05-08,"PRESENT","WildNet - Queensland Wildlife Data"
"2943","d36d4c73-9581-42f2-a46b-3ac752cf4a65","Afrohybanthus enneaspermus","https://id.biodiversity.org.au/taxon/apni/51448720",-23.708278,149.587306,2024-04-18,"PRESENT","BRI AVH Data and Images"
"2944","d3818959-7c8f-4589-a84c-302329fdefe6","Acraea terpsicore","https://biodiversity.org.au/afd/taxa/ba632bea-a7b4-4b60-bf89-d63128cad841",-13.293694,132.335175,2024-12-24 10:41:00,"PRESENT","iNaturalist Australia"
"2945","d38fd3ab-8878-409e-90af-f78aca932463","Acraea terpsicore","https://biodiversity.org.au/afd/taxa/ba632bea-a7b4-4b60-bf89-d63128cad841",-22.481254,143.172076,2025-09-30 13:56:50,"PRESENT","iNaturalist Australia"
"2946","d39df117-5ae0-4ce0-825b-0ae8102b84f1","Acraea terpsicore","https://biodiversity.org.au/afd/taxa/ba632bea-a7b4-4b60-bf89-d63128cad841",-19.203,146.7394,2025-06-06 09:47:00,"PRESENT","iNaturalist Australia"
"2947","d3c62f05-056c-4d08-b27f-1f78e107690e","Acraea andromacha","https://biodiversity.org.au/afd/taxa/86294130-ca0d-4e27-81da-5a82a7cd4c87",-28.122592,153.180317,2022-02-21 17:27:33,"PRESENT","iNaturalist Australia"
"2948","d3cdecab-14c6-47f8-9ce3-25f76f21c72a","Acraea terpsicore","https://biodiversity.org.au/afd/taxa/ba632bea-a7b4-4b60-bf89-d63128cad841",-19.19019,146.773595,2025-04-16 16:32:00,"PRESENT","iNaturalist Australia"
"2949","d3da6dfc-86ea-4e39-93f1-7261e4b1151a","Acraea andromacha","https://biodiversity.org.au/afd/taxa/86294130-ca0d-4e27-81da-5a82a7cd4c87",-27.700156,152.895458,2025-05-08 09:27:00,"PRESENT","iNaturalist Australia"
"2950","d3ecc174-ca73-4a49-bd84-7ff318182eb2","Acraea andromacha","https://biodiversity.org.au/afd/taxa/86294130-ca0d-4e27-81da-5a82a7cd4c87",-28.638326,153.636028,2024-04-28 13:10:43,"PRESENT","iNaturalist Australia"
"2951","d4168de0-cd78-4299-abaf-5fbbc465c5e6","Acraea terpsicore","https://biodiversity.org.au/afd/taxa/ba632bea-a7b4-4b60-bf89-d63128cad841",-17.44326,140.84228,2023-08-15 17:03:00,"PRESENT","Butterflies Australia"
"2952","d42687ef-4682-4e70-81b7-710fd6df256a","Acraea terpsicore","https://biodiversity.org.au/afd/taxa/ba632bea-a7b4-4b60-bf89-d63128cad841",-13.822692,131.834423,2023-05-13 10:53:00,"PRESENT","iNaturalist Australia"
"2953","d42c10e9-c74f-430a-8009-925042744c5f","Acraea andromacha","https://biodiversity.org.au/afd/taxa/86294130-ca0d-4e27-81da-5a82a7cd4c87",-27.507958,153.115884,2025-09-13 10:28:52,"PRESENT","iNaturalist Australia"
"2954","d42f0da0-bbef-49d4-9a96-a2b5382908ea","Acraea terpsicore","https://biodiversity.org.au/afd/taxa/ba632bea-a7b4-4b60-bf89-d63128cad841",-18.5943,143.5978,2021-01-14 08:45:00,"PRESENT","Butterflies Australia"
"2955","d4345d65-d853-4c40-9876-cd2d4a84a135","Afrohybanthus enneaspermus","https://id.biodiversity.org.au/taxon/apni/51448720",-23.493091,150.476633,2025-02-09 06:38:14,"PRESENT","iNaturalist Australia"
"2956","d448c16f-543c-4db2-ad89-84b1bc1a4d7a","Acraea terpsicore","https://biodiversity.org.au/afd/taxa/ba632bea-a7b4-4b60-bf89-d63128cad841",-17.3721,145.3159,2023-05-01 01:00:00,"PRESENT","Butterflies Australia"
"2957","d44cef4e-2fc9-41e6-bf7e-8530dacc91ae","Acraea andromacha","https://biodiversity.org.au/afd/taxa/86294130-ca0d-4e27-81da-5a82a7cd4c87",-20.8408,144.2046,2022-09-24 00:15:00,"PRESENT","Butterflies Australia"
"2958","d45377fa-a5e0-4633-b847-fb00a926187f","Acraea terpsicore","https://biodiversity.org.au/afd/taxa/ba632bea-a7b4-4b60-bf89-d63128cad841",-16.84192,145.73999,2022-02-28 02:14:00,"PRESENT","Butterflies Australia"
"2959","d458e369-5dd0-4788-a30e-a44160ab3503","Acraea andromacha","https://biodiversity.org.au/afd/taxa/86294130-ca0d-4e27-81da-5a82a7cd4c87",-27.49327,152.24669,2024-09-06 09:21:00,"PRESENT","iNaturalist Australia"
"2960","d4819097-7d59-4ab7-9cdd-6be0c3460653","Acraea andromacha","https://biodiversity.org.au/afd/taxa/86294130-ca0d-4e27-81da-5a82a7cd4c87",-27.076532,152.6661,2022-11-12 10:40:00,"PRESENT","iNaturalist Australia"
"2961","d484b7b7-1f82-40e7-b860-563ac6cefe35","Acraea andromacha","https://biodiversity.org.au/afd/taxa/86294130-ca0d-4e27-81da-5a82a7cd4c87",-28.328908,152.514938,2023-02-02 17:46:27,"PRESENT","iNaturalist Australia"
"2962","d4c630df-597f-4360-af32-4aa9af0ef1d8","Afrohybanthus enneaspermus","https://id.biodiversity.org.au/taxon/apni/51448720",-20.851247,140.319887,2024-12-14 09:43:44,"PRESENT","iNaturalist Australia"
"2963","d4d0dc63-6971-4967-821b-43ef4def0dad","Acraea andromacha","https://biodiversity.org.au/afd/taxa/86294130-ca0d-4e27-81da-5a82a7cd4c87",-24.112625,152.71495,2025-12-17 08:48:36,"PRESENT","iNaturalist Australia"
"2964","d4d4c4e2-54ad-43a0-8482-b722be1bd92d","Acraea andromacha","https://biodiversity.org.au/afd/taxa/86294130-ca0d-4e27-81da-5a82a7cd4c87",-28.453101,151.959044,2022-11-23 13:34:00,"PRESENT","iNaturalist Australia"
"2965","d4dd9cb2-ae24-4375-9849-278c870c3a51","Acraea terpsicore","https://biodiversity.org.au/afd/taxa/ba632bea-a7b4-4b60-bf89-d63128cad841",-19.203138,146.739638,2025-05-11 14:22:37,"PRESENT","iNaturalist Australia"
"2966","d4f32313-d0fe-4fde-bdc4-eab84f7405aa","Acraea andromacha","https://biodiversity.org.au/afd/taxa/86294130-ca0d-4e27-81da-5a82a7cd4c87",-17.31309,145.58701,2023-05-29 01:45:00,"PRESENT","Butterflies Australia"
"2967","d51f1087-2cd8-4f81-8cb0-c29f0281d70e","Acraea andromacha","https://biodiversity.org.au/afd/taxa/86294130-ca0d-4e27-81da-5a82a7cd4c87",-26.900133,151.630495,2025-04-15 09:46:38,"PRESENT","iNaturalist Australia"
"2968","d524b166-43a0-49c5-b737-ad46bd3ad81f","Acraea andromacha","https://biodiversity.org.au/afd/taxa/86294130-ca0d-4e27-81da-5a82a7cd4c87",-27.249316,152.824358,2022-03-06 15:20:00,"PRESENT","iNaturalist Australia"
"2969","d5602c87-18ad-4330-87a6-da4a95db493d","Afrohybanthus enneaspermus","https://id.biodiversity.org.au/taxon/apni/51448720",-16.79175,133.44383,2022-02-18,"PRESENT","Flora Atlas N.T."
"2970","d56d6eaf-4007-4eea-b0ed-0a5205a0f76c","Acraea andromacha","https://biodiversity.org.au/afd/taxa/86294130-ca0d-4e27-81da-5a82a7cd4c87",-27.340381,153.07796,2024-03-29 15:41:00,"PRESENT","iNaturalist Australia"
"2971","d5a6b40d-d54b-4b72-9c7c-4652ebcbaafe","Acraea andromacha","https://biodiversity.org.au/afd/taxa/86294130-ca0d-4e27-81da-5a82a7cd4c87",-27.302785,153.029809,2023-04-23 09:36:00,"PRESENT","iNaturalist Australia"
"2972","d5ab2464-bf33-447b-b9e0-8246fff6b8ee","Afrohybanthus enneaspermus","https://id.biodiversity.org.au/taxon/apni/51448720",-17.733694,123.647432,2025-06-08 11:23:28,"PRESENT","iNaturalist Australia"
"2973","d5b25472-a2d9-4d30-b6a3-fb05b28c0a02","Acraea andromacha","https://biodiversity.org.au/afd/taxa/86294130-ca0d-4e27-81da-5a82a7cd4c87",-27.305875,152.687414,2022-04-24 10:10:27,"PRESENT","iNaturalist Australia"
"2974","d5d6a71a-d79f-4869-9865-301b034bf855","Acraea andromacha","https://biodiversity.org.au/afd/taxa/86294130-ca0d-4e27-81da-5a82a7cd4c87",-27.471094,152.949678,2021-09-14 12:28:00,"PRESENT","iNaturalist Australia"
"2975","d5dbd932-5cf3-460c-bee7-d331b4dd2518","Acraea andromacha","https://biodiversity.org.au/afd/taxa/86294130-ca0d-4e27-81da-5a82a7cd4c87",-24.920485,152.455855,2025-11-01 11:01:49,"PRESENT","iNaturalist Australia"
"2976","d61082b3-541f-4620-850b-b77e4731efa1","Acraea andromacha","https://biodiversity.org.au/afd/taxa/86294130-ca0d-4e27-81da-5a82a7cd4c87",-26.379444,153.112822,2022-04-19 15:56:29,"PRESENT","iNaturalist Australia"
"2977","d64cb60b-cd07-4043-9444-16bf64ad39e1","Acraea andromacha","https://biodiversity.org.au/afd/taxa/86294130-ca0d-4e27-81da-5a82a7cd4c87",-19.198168,146.76081,2024-04-23 09:47:48,"PRESENT","iNaturalist Australia"
"2978","d64d0585-b2d1-47dc-bb31-45b8dfadbf6f","Afrohybanthus enneaspermus","https://id.biodiversity.org.au/taxon/apni/51448720",-23.491638,150.480276,2023-12-10 07:42:18,"PRESENT","iNaturalist Australia"
"2979","d6522096-7521-48bf-9113-2614d9aa3fec","Acraea andromacha","https://biodiversity.org.au/afd/taxa/86294130-ca0d-4e27-81da-5a82a7cd4c87",-27.707438,152.765075,2025-05-14 09:03:50,"PRESENT","iNaturalist Australia"
"2980","d666e515-0882-4ecf-9d60-91109e5a0164","Acraea terpsicore","https://biodiversity.org.au/afd/taxa/ba632bea-a7b4-4b60-bf89-d63128cad841",-27.48562,152.95412,2022-01-09 02:07:00,"PRESENT","Butterflies Australia"
"2981","d68bdf95-e249-403f-9696-9026917db740","Acraea andromacha","https://biodiversity.org.au/afd/taxa/86294130-ca0d-4e27-81da-5a82a7cd4c87",-17.852611,122.454633,2023-05-17 17:04:00,"PRESENT","iNaturalist Australia"
"2982","d6d486e3-7b5d-4da9-890f-d3d650044fab","Acraea andromacha","https://biodiversity.org.au/afd/taxa/86294130-ca0d-4e27-81da-5a82a7cd4c87",-27.505362,153.123458,2025-08-06 20:36:00,"PRESENT","iNaturalist Australia"
"2983","d706e7d2-7fee-4926-a749-a59862a65d7a","Acraea terpsicore","https://biodiversity.org.au/afd/taxa/ba632bea-a7b4-4b60-bf89-d63128cad841",-14.5,132.2,2021-02-21 00:43:00,"PRESENT","Earth Guardians Weekly Feed"
"2984","d717d869-d9bf-4b7a-b87c-758fcbb4824c","Acraea andromacha","https://biodiversity.org.au/afd/taxa/86294130-ca0d-4e27-81da-5a82a7cd4c87",-30.43954,152.24693,2023-04-16 12:24:00,"PRESENT","iNaturalist Australia"
"2985","d72f1a5b-9eef-4374-aae6-5a9fbcfb925c","Acraea andromacha","https://biodiversity.org.au/afd/taxa/86294130-ca0d-4e27-81da-5a82a7cd4c87",-27.471604,153.066832,2022-03-17 01:17:00,"PRESENT","Butterflies Australia"
"2986","d747ec06-1d0b-4cc7-a7a7-fb272344ad13","Acraea andromacha","https://biodiversity.org.au/afd/taxa/86294130-ca0d-4e27-81da-5a82a7cd4c87",-27.745099,152.901498,2025-03-18 10:10:00,"PRESENT","iNaturalist Australia"
"2987","d7491feb-92a5-4de1-bcfe-e1ede823d473","Acraea terpsicore","https://biodiversity.org.au/afd/taxa/ba632bea-a7b4-4b60-bf89-d63128cad841",-10.578713,142.226696,2025-04-27 20:43:54,"PRESENT","iNaturalist Australia"
"2988","d784fc22-c427-43fb-aa12-f12b36fe5b7d","Acraea terpsicore","https://biodiversity.org.au/afd/taxa/ba632bea-a7b4-4b60-bf89-d63128cad841",-17.45122,140.8384,2023-08-14 17:30:00,"PRESENT","Butterflies Australia"
"2989","d78a0f45-f96b-4033-ba02-05336d45354d","Acraea andromacha","https://biodiversity.org.au/afd/taxa/86294130-ca0d-4e27-81da-5a82a7cd4c87",-26.21502,152.495682,2025-02-02 13:20:00,"PRESENT","iNaturalist Australia"
"2990","d78d50b9-6a88-4415-8840-e4b48ff5d81a","Acraea andromacha","https://biodiversity.org.au/afd/taxa/86294130-ca0d-4e27-81da-5a82a7cd4c87",-27.62346,153.09291,2024-04-11 12:34:00,"PRESENT","iNaturalist Australia"
"2991","d79acba1-f54b-4b59-a4e4-1964fed4f6f6","Acraea terpsicore","https://biodiversity.org.au/afd/taxa/ba632bea-a7b4-4b60-bf89-d63128cad841",-12.35098,130.904277,2022-07-07 02:59:00,"PRESENT","Butterflies Australia"
"2992","d79b54e2-bffd-4ac8-b364-7ed1116c42a8","Acraea andromacha","https://biodiversity.org.au/afd/taxa/86294130-ca0d-4e27-81da-5a82a7cd4c87",-27.738791,152.92487,2024-05-27 13:15:00,"PRESENT","iNaturalist Australia"
"2993","d7b947c9-baa5-4b42-b1af-0cc4a5f86838","Acraea andromacha","https://biodiversity.org.au/afd/taxa/86294130-ca0d-4e27-81da-5a82a7cd4c87",-30.532033,151.836714,2024-03-19 12:28:02,"PRESENT","iNaturalist Australia"
"2994","d7e25400-5cb5-4d43-a4df-744b36d067d4","Acraea terpsicore","https://biodiversity.org.au/afd/taxa/ba632bea-a7b4-4b60-bf89-d63128cad841",-17.671814,141.072546,2023-06-22 14:14:00,"PRESENT","iNaturalist Australia"
"2995","d7f9492a-5ffe-411b-af3f-4a8547234515","Acraea andromacha","https://biodiversity.org.au/afd/taxa/86294130-ca0d-4e27-81da-5a82a7cd4c87",-27.49355,152.75499,2021-02-11 18:00:00,"PRESENT","Butterflies Australia"
"2996","d8007e89-bf64-4054-9721-916437157b90","Acraea terpsicore","https://biodiversity.org.au/afd/taxa/ba632bea-a7b4-4b60-bf89-d63128cad841",-16.8,137,2022-08-15 14:42:00,"PRESENT","Earth Guardians Weekly Feed"
"2997","d8175dae-896a-491e-87ba-3c2bda861e9e","Acraea andromacha","https://biodiversity.org.au/afd/taxa/86294130-ca0d-4e27-81da-5a82a7cd4c87",-27.596002,151.987685,2021-02-25 18:49:00,"PRESENT","iNaturalist Australia"
"2998","d8273968-b3e1-4cf1-b724-6608a848dee2","Acraea terpsicore","https://biodiversity.org.au/afd/taxa/ba632bea-a7b4-4b60-bf89-d63128cad841",-26.62041,153.065417,2023-04-20 00:30:00,"PRESENT","Butterflies Australia"
"2999","d829791a-78df-4970-a337-b6e4f21fc4de","Acraea terpsicore","https://biodiversity.org.au/afd/taxa/ba632bea-a7b4-4b60-bf89-d63128cad841",-12.395397,130.930794,2025-01-08 13:21:00,"PRESENT","iNaturalist Australia"
"3000","d83013dc-1a22-4f47-a7eb-9c2027b60e9f","Acraea terpsicore","https://biodiversity.org.au/afd/taxa/ba632bea-a7b4-4b60-bf89-d63128cad841",-17.149917,144.522797,2025-07-12 09:05:40,"PRESENT","iNaturalist Australia"
"3001","d83b2eed-2f04-4fb1-8556-94b7b61252e4","Adenia heterophylla","https://id.biodiversity.org.au/taxon/apni/51442111",-13.959516,136.419133,2022-05-17,"PRESENT","Flora Atlas N.T."
"3002","d8411888-8929-4d3b-9425-895f43fdf60c","Acraea andromacha","https://biodiversity.org.au/afd/taxa/86294130-ca0d-4e27-81da-5a82a7cd4c87",-25.289327,151.89575,2022-03-29 09:14:00,"PRESENT","iNaturalist Australia"
"3003","d85234b6-7030-4e90-abcf-89238bc3e066","Acraea andromacha","https://biodiversity.org.au/afd/taxa/86294130-ca0d-4e27-81da-5a82a7cd4c87",-27.253408,152.865357,2023-02-13 09:08:00,"PRESENT","iNaturalist Australia"
"3004","d885b449-c8ed-4bd4-b04a-9a150cf8e485","Acraea terpsicore","https://biodiversity.org.au/afd/taxa/ba632bea-a7b4-4b60-bf89-d63128cad841",-19.196357,146.768698,2024-04-23 08:47:31,"PRESENT","iNaturalist Australia"
"3005","d885e062-6196-4e8f-a69b-dabf047ffc2d","Acraea andromacha","https://biodiversity.org.au/afd/taxa/86294130-ca0d-4e27-81da-5a82a7cd4c87",-27.542664,153.072916,2022-01-03 15:27:42,"PRESENT","iNaturalist Australia"
"3006","d8869c69-a324-41e8-9299-0eb2e6dc2152","Acraea andromacha","https://biodiversity.org.au/afd/taxa/86294130-ca0d-4e27-81da-5a82a7cd4c87",-27.33985,153.078624,2024-01-27 10:32:48,"PRESENT","iNaturalist Australia"
"3007","d8914de8-f2ce-4a2a-ac47-6f366e9db70a","Acraea andromacha","https://biodiversity.org.au/afd/taxa/86294130-ca0d-4e27-81da-5a82a7cd4c87",-27.493942,153.073411,2021-08-07 11:23:00,"PRESENT","Earth Guardians Weekly Feed"
"3008","d8d13b72-9624-4a29-a55b-2e3e02db2870","Acraea andromacha","https://biodiversity.org.au/afd/taxa/86294130-ca0d-4e27-81da-5a82a7cd4c87",-27.429853,152.875497,2021-11-21 08:59:29,"PRESENT","iNaturalist Australia"
"3009","d8da9813-e4c6-4260-9836-adedad3f270d","Acraea andromacha","https://biodiversity.org.au/afd/taxa/86294130-ca0d-4e27-81da-5a82a7cd4c87",-27.586803,152.859903,2023-05-01 14:12:00,"PRESENT","iNaturalist Australia"
"3010","d8ee8a66-7b89-4022-8771-046273d552e1","Afrohybanthus enneaspermus","https://id.biodiversity.org.au/taxon/apni/51448720",-13.884778,136.516627,2022-05-18,"PRESENT","Flora Atlas N.T."
"3011","d8f3c2b4-854f-4cc2-9a60-a4eb6d407384","Acraea terpsicore","https://biodiversity.org.au/afd/taxa/ba632bea-a7b4-4b60-bf89-d63128cad841",-12.451297,130.825372,2025-04-26 16:15:00,"PRESENT","iNaturalist Australia"
"3012","d8f6bfc2-4621-473f-936d-53c5dace79fa","Acraea terpsicore","https://biodiversity.org.au/afd/taxa/ba632bea-a7b4-4b60-bf89-d63128cad841",-21.3,149.1,2023-01-25 10:31:46,"PRESENT","Earth Guardians Weekly Feed"
"3013","d90b17ed-b61c-4ff3-9cc9-003728d874ad","Acraea andromacha","https://biodiversity.org.au/afd/taxa/86294130-ca0d-4e27-81da-5a82a7cd4c87",-31.061842,153.059119,2023-04-12 14:30:44,"PRESENT","iNaturalist Australia"
"3014","d9367d78-8de1-4d2b-9008-b30297cbb1f6","Acraea andromacha","https://biodiversity.org.au/afd/taxa/86294130-ca0d-4e27-81da-5a82a7cd4c87",-27.266268,152.257287,2021-04-11 09:15:00,"PRESENT","iNaturalist Australia"
"3015","d93f10a6-ddd4-4594-84d3-91410730a918","Acraea terpsicore","https://biodiversity.org.au/afd/taxa/ba632bea-a7b4-4b60-bf89-d63128cad841",-21.3,149.2,2023-12-14 06:49:00,"PRESENT","Earth Guardians Weekly Feed"
"3016","d9448c96-053f-46e9-93bd-40aa5af906c0","Acraea andromacha","https://biodiversity.org.au/afd/taxa/86294130-ca0d-4e27-81da-5a82a7cd4c87",-27.51548,152.86328,2022-07-18 02:24:00,"PRESENT","Butterflies Australia"
"3017","d94ffd8c-a219-486c-a7c6-8cbbf4232b21","Acraea terpsicore","https://biodiversity.org.au/afd/taxa/ba632bea-a7b4-4b60-bf89-d63128cad841",-24.153899,151.88562,2025-08-05 09:15:00,"PRESENT","iNaturalist Australia"
"3018","d950b4f2-e929-4898-af1a-1ea9a5ea6d7b","Acraea andromacha","https://biodiversity.org.au/afd/taxa/86294130-ca0d-4e27-81da-5a82a7cd4c87",-27.572388,152.106594,2022-03-22 08:58:32,"PRESENT","iNaturalist Australia"
"3019","d95c9551-262c-4c9b-8d1a-608480fbf6c1","Acraea terpsicore","https://biodiversity.org.au/afd/taxa/ba632bea-a7b4-4b60-bf89-d63128cad841",-17.975116,122.344946,2025-04-27 13:04:00,"PRESENT","iNaturalist Australia"
"3020","d965c3e5-ca21-4476-a69e-042d8226f8b4","Acraea andromacha","https://biodiversity.org.au/afd/taxa/86294130-ca0d-4e27-81da-5a82a7cd4c87",-13.047034,131.027603,2024-06-30 12:33:00,"PRESENT","iNaturalist Australia"
"3021","d98a7d8d-6df5-4cde-be67-f07b40dddf9e","Acraea andromacha","https://biodiversity.org.au/afd/taxa/86294130-ca0d-4e27-81da-5a82a7cd4c87",-20.78174,140.1139,2023-08-22 00:38:00,"PRESENT","Butterflies Australia"
"3022","d98ebf3b-6ec3-4dc3-9a24-05b30da60d62","Acraea andromacha","https://biodiversity.org.au/afd/taxa/86294130-ca0d-4e27-81da-5a82a7cd4c87",-27.26974,152.854265,2025-05-21 09:40:00,"PRESENT","iNaturalist Australia"
"3023","d9908074-7d15-4372-a124-2635ea205a4d","Acraea terpsicore","https://biodiversity.org.au/afd/taxa/ba632bea-a7b4-4b60-bf89-d63128cad841",-19.259872,146.8078,2022-07-17 11:39:32,"PRESENT","iNaturalist Australia"
"3024","d995751f-026d-4829-a8f0-dd32fef23eef","Acraea andromacha","https://biodiversity.org.au/afd/taxa/86294130-ca0d-4e27-81da-5a82a7cd4c87",-27.444283,152.913992,2021-11-02 13:33:00,"PRESENT","iNaturalist Australia"
"3025","d9bec019-8f4b-4ee6-84e3-bfc363c0ee09","Adenia heterophylla","https://id.biodiversity.org.au/taxon/apni/51442112",-17.339178,145.624512,2025-12-14 08:08:21,"PRESENT","iNaturalist Australia"
"3026","d9cfe769-4957-428c-b1e0-5ed60c6ca957","Acraea terpsicore","https://biodiversity.org.au/afd/taxa/ba632bea-a7b4-4b60-bf89-d63128cad841",-14.84944,144.167807,2022-07-08 10:18:00,"PRESENT","iNaturalist Australia"
"3027","d9d1115e-3e79-4e57-b272-0464f8f22780","Acraea andromacha","https://biodiversity.org.au/afd/taxa/86294130-ca0d-4e27-81da-5a82a7cd4c87",-19.5377,144.2055,2022-11-21 22:00:00,"PRESENT","Butterflies Australia"
"3028","d9e56f95-3c8c-41b8-98b5-fc6d6f2dd8c3","Acraea andromacha","https://biodiversity.org.au/afd/taxa/86294130-ca0d-4e27-81da-5a82a7cd4c87",-24.80549,152.44986,2022-08-18 15:45:00,"PRESENT","Butterflies Australia"
"3029","d9f4eddb-6aa6-4b74-93c8-db91affadebe","Acraea andromacha","https://biodiversity.org.au/afd/taxa/86294130-ca0d-4e27-81da-5a82a7cd4c87",-27.48887,152.74447,2024-02-25 09:29:00,"PRESENT","iNaturalist Australia"
"3030","d9f54c04-53cc-4149-b3d5-3fd469f2d041","Acraea andromacha","https://biodiversity.org.au/afd/taxa/86294130-ca0d-4e27-81da-5a82a7cd4c87",-26.37886,153.1189,2026-01-24 08:43:00,"PRESENT","iNaturalist Australia"
"3031","da0c6620-d8d4-41b5-8886-4845c96d65b3","Acraea terpsicore","https://biodiversity.org.au/afd/taxa/ba632bea-a7b4-4b60-bf89-d63128cad841",-17.050606,145.540475,2021-07-04 12:32:00,"PRESENT","iNaturalist Australia"
"3032","da122b7d-e190-4bc6-b023-23bdc5dcaf62","Acraea andromacha","https://biodiversity.org.au/afd/taxa/86294130-ca0d-4e27-81da-5a82a7cd4c87",-19.952999,127.430704,2025-05-30 13:53:30,"PRESENT","iNaturalist Australia"
"3033","da20e09a-ab83-4297-afa7-f38dbfeb8ae7","Acraea terpsicore","https://biodiversity.org.au/afd/taxa/ba632bea-a7b4-4b60-bf89-d63128cad841",-18.183458,142.265047,2022-07-18 12:45:00,"PRESENT","iNaturalist Australia"
"3034","da5e549a-cd14-48b9-bbe4-0cec395be15a","Acraea andromacha","https://biodiversity.org.au/afd/taxa/86294130-ca0d-4e27-81da-5a82a7cd4c87",-24.250217,131.582794,2023-08-01 12:43:06,"PRESENT","iNaturalist Australia"
"3035","da687d18-898c-4cf4-abc7-56bed1f04c76","Acraea andromacha","https://biodiversity.org.au/afd/taxa/86294130-ca0d-4e27-81da-5a82a7cd4c87",-18.501895,122.084311,2025-03-31 07:10:03,"PRESENT","iNaturalist Australia"
"3036","da7d3152-24d3-4fe6-8a34-464b2b70f0a9","Acraea andromacha","https://biodiversity.org.au/afd/taxa/86294130-ca0d-4e27-81da-5a82a7cd4c87",-21.4058,148.5448,2022-10-25 22:45:00,"PRESENT","Butterflies Australia"
"3037","da7f5021-f4ad-4985-8a84-47f05c73720c","Acraea andromacha","https://biodiversity.org.au/afd/taxa/86294130-ca0d-4e27-81da-5a82a7cd4c87",-23.577345,132.52115,2023-06-24 11:50:00,"PRESENT","iNaturalist Australia"
"3038","daaf8860-3de5-48d7-b840-520974702291","Acraea andromacha","https://biodiversity.org.au/afd/taxa/86294130-ca0d-4e27-81da-5a82a7cd4c87",-27.533675,153.070039,2026-01-08 17:48:30,"PRESENT","iNaturalist Australia"
"3039","dab614ec-6dbb-48fe-86cd-79c10368b62d","Acraea andromacha","https://biodiversity.org.au/afd/taxa/86294130-ca0d-4e27-81da-5a82a7cd4c87",-28.029242,153.31408,2024-04-03 15:08:00,"PRESENT","iNaturalist Australia"
"3040","dabc5351-b833-4934-8c52-afcd95374c5a","Acraea terpsicore","https://biodiversity.org.au/afd/taxa/ba632bea-a7b4-4b60-bf89-d63128cad841",-18.14259,144.328905,2025-05-22 12:58:00,"PRESENT","iNaturalist Australia"
"3041","dac196d6-9d26-45e3-9c30-cc0553fa45aa","Acraea andromacha","https://biodiversity.org.au/afd/taxa/86294130-ca0d-4e27-81da-5a82a7cd4c87",-26.432455,152.907525,2024-10-14 15:05:00,"PRESENT","iNaturalist Australia"
"3042","db0b48e3-99ed-4006-a390-eed35596d39f","Acraea andromacha","https://biodiversity.org.au/afd/taxa/86294130-ca0d-4e27-81da-5a82a7cd4c87",-24.777427,152.42408,2025-08-17 11:27:47,"PRESENT","iNaturalist Australia"
"3043","db0f6eb2-54af-4afa-9bf9-2b43dcea7daf","Acraea terpsicore","https://biodiversity.org.au/afd/taxa/ba632bea-a7b4-4b60-bf89-d63128cad841",-19.217936,146.755049,2022-01-25 09:01:00,"PRESENT","iNaturalist Australia"
"3044","db152e96-4b85-4093-99d7-2f3b8e2e1d60","Acraea andromacha","https://biodiversity.org.au/afd/taxa/86294130-ca0d-4e27-81da-5a82a7cd4c87",-20.70905,139.50059,2023-09-03 02:43:00,"PRESENT","Butterflies Australia"
"3045","db211493-1421-439e-b74e-1aeacc4cea0a","Acraea andromacha","https://biodiversity.org.au/afd/taxa/86294130-ca0d-4e27-81da-5a82a7cd4c87",-29.574297,152.797559,2025-02-26 01:19:00,"PRESENT","NatureMapr"
"3046","db22198b-9389-41e4-8dea-3136e6ff1be8","Afrohybanthus enneaspermus","https://id.biodiversity.org.au/taxon/apni/51448720",-16.80307,135.07381,2022-04-03,"PRESENT","Flora Atlas N.T."
"3047","db49d0cc-dc53-4825-91fd-a08de8b6d9a9","Acraea andromacha","https://biodiversity.org.au/afd/taxa/86294130-ca0d-4e27-81da-5a82a7cd4c87",-28.050456,153.279826,2024-09-25 15:46:00,"PRESENT","iNaturalist Australia"
"3048","db49dbb7-91da-46e8-8a03-68ba54c2038b","Acraea terpsicore","https://biodiversity.org.au/afd/taxa/ba632bea-a7b4-4b60-bf89-d63128cad841",-19.335125,146.754562,2021-06-20 18:19:00,"PRESENT","iNaturalist Australia"
"3049","db51c117-c560-4964-b675-3069d151e311","Afrohybanthus enneaspermus","https://id.biodiversity.org.au/taxon/apni/51448720",-18.795355,143.420425,2024-03-17 10:17:09,"PRESENT","iNaturalist Australia"
"3050","db99a9c9-aa9e-4334-b98e-54a63351f2bd","Acraea terpsicore","https://biodiversity.org.au/afd/taxa/ba632bea-a7b4-4b60-bf89-d63128cad841",-19.210512,146.768448,2025-06-16 10:50:00,"PRESENT","iNaturalist Australia"
"3051","dbde4ced-06ef-45ee-b25d-c8628ee1bdcb","Acraea andromacha","https://biodiversity.org.au/afd/taxa/86294130-ca0d-4e27-81da-5a82a7cd4c87",-27.822772,152.992005,2023-02-25 15:09:00,"PRESENT","iNaturalist Australia"
"3052","dbf543fe-f182-4a60-8591-2da7036c05d1","Acraea andromacha","https://biodiversity.org.au/afd/taxa/86294130-ca0d-4e27-81da-5a82a7cd4c87",-27.46542,153.188515,2024-04-06 11:37:00,"PRESENT","iNaturalist Australia"
"3053","dbf8955b-ea7e-4b2d-93f0-625989a16462","Acraea andromacha","https://biodiversity.org.au/afd/taxa/86294130-ca0d-4e27-81da-5a82a7cd4c87",-25.071,148.2705,2022-10-05 14:45:00,"PRESENT","Butterflies Australia"
"3054","dc1d0fb6-62dd-4477-9f76-9f17f1ed30c8","Acraea andromacha","https://biodiversity.org.au/afd/taxa/86294130-ca0d-4e27-81da-5a82a7cd4c87",-27.41415,153.01013,2021-02-22 17:09:00,"PRESENT","Butterflies Australia"
"3055","dc348ca9-2b04-4a53-9bd4-c48f4b01bebf","Acraea andromacha","https://biodiversity.org.au/afd/taxa/86294130-ca0d-4e27-81da-5a82a7cd4c87",-24.215776,151.901719,2025-08-14 11:18:00,"PRESENT","iNaturalist Australia"
"3056","dc48f054-06c4-4670-ba73-eaf52108b28a","Acraea terpsicore","https://biodiversity.org.au/afd/taxa/ba632bea-a7b4-4b60-bf89-d63128cad841",-23.155325,150.457318,2025-05-22 09:41:14,"PRESENT","iNaturalist Australia"
"3057","dc4d9fcd-ac11-4b06-8dea-27db343b0ac4","Acraea andromacha","https://biodiversity.org.au/afd/taxa/86294130-ca0d-4e27-81da-5a82a7cd4c87",-27.349755,153.105485,2024-01-29 10:32:00,"PRESENT","iNaturalist Australia"
"3058","dc4e5fca-e688-4a06-aeb4-0fe4a8907ff5","Acraea terpsicore","https://biodiversity.org.au/afd/taxa/ba632bea-a7b4-4b60-bf89-d63128cad841",-19.344316,146.598896,2023-05-23 09:23:00,"PRESENT","iNaturalist Australia"
"3059","dc5819a0-d7f7-4727-b49f-c469d25c26b3","Acraea andromacha","https://biodiversity.org.au/afd/taxa/86294130-ca0d-4e27-81da-5a82a7cd4c87",-24.156728,151.88726,2023-06-04 12:21:00,"PRESENT","iNaturalist Australia"
"3060","dc5ff46c-c637-4c4e-a83f-e76888c431e6","Acraea terpsicore","https://biodiversity.org.au/afd/taxa/ba632bea-a7b4-4b60-bf89-d63128cad841",-12.367463,130.909894,2021-06-24 09:36:00,"PRESENT","iNaturalist Australia"
"3061","dc6b33c8-defc-459f-bfae-949d917823aa","Acraea andromacha","https://biodiversity.org.au/afd/taxa/86294130-ca0d-4e27-81da-5a82a7cd4c87",-23.968041,151.320594,2025-06-30 11:50:15,"PRESENT","iNaturalist Australia"
"3062","dc719b4f-8bf4-43d2-a686-29edeee22e78","Acraea terpsicore","https://biodiversity.org.au/afd/taxa/ba632bea-a7b4-4b60-bf89-d63128cad841",-21.132188,148.525623,2024-10-07 10:49:00,"PRESENT","iNaturalist Australia"
"3063","dc9c6df2-4bc1-46f9-83bb-989106c5d1eb","Afrohybanthus enneaspermus","https://id.biodiversity.org.au/taxon/apni/51448720",-15.13384,145.239832,2024-12-14 07:24:00,"PRESENT","iNaturalist Australia"
"3064","dc9c9ca7-f813-415a-9f70-156d81cb4b04","Acraea andromacha","https://biodiversity.org.au/afd/taxa/86294130-ca0d-4e27-81da-5a82a7cd4c87",-19.174202,146.828587,2022-07-14 14:10:00,"PRESENT","iNaturalist Australia"
"3065","dca93406-913b-4788-a306-ac0976fba743","Acraea terpsicore","https://biodiversity.org.au/afd/taxa/ba632bea-a7b4-4b60-bf89-d63128cad841",-19.23506,146.76599,2023-11-05 07:23:00,"PRESENT","iNaturalist Australia"
"3066","dcfba1d8-96e9-48a4-8402-2c793752f50a","Afrohybanthus enneaspermus","https://id.biodiversity.org.au/taxon/apni/51448720",-19.3316,146.745,2024-04-11 15:40:00,"PRESENT","iNaturalist Australia"
"3067","dd02ab69-8884-4157-afab-187b14953aa9","Acraea andromacha","https://biodiversity.org.au/afd/taxa/86294130-ca0d-4e27-81da-5a82a7cd4c87",-27.70634,152.90637,2024-03-10 08:04:00,"PRESENT","iNaturalist Australia"
"3068","dd038807-8cfd-4d8b-b005-d82f71925f5e","Acraea terpsicore","https://biodiversity.org.au/afd/taxa/ba632bea-a7b4-4b60-bf89-d63128cad841",-16.80624,145.725301,2021-02-19 11:23:00,"PRESENT","iNaturalist Australia"
"3069","dd367768-88af-4f5f-9cdf-6c9af96b94e9","Acraea andromacha","https://biodiversity.org.au/afd/taxa/86294130-ca0d-4e27-81da-5a82a7cd4c87",-27.735114,152.766771,2024-06-17 12:08:00,"PRESENT","iNaturalist Australia"
"3070","dd439063-98ed-460c-addc-3358b2d7a831","Acraea andromacha","https://biodiversity.org.au/afd/taxa/86294130-ca0d-4e27-81da-5a82a7cd4c87",-28.278896,153.529187,2024-05-08 16:03:53,"PRESENT","iNaturalist Australia"
"3071","dd48facc-cc30-4f65-8d84-13022cca2fb5","Acraea andromacha","https://biodiversity.org.au/afd/taxa/86294130-ca0d-4e27-81da-5a82a7cd4c87",-27.542426,153.073492,2024-09-20 13:55:00,"PRESENT","iNaturalist Australia"
"3072","dd756ca0-2079-4b40-a60e-10d70ffde2c2","Acraea andromacha","https://biodiversity.org.au/afd/taxa/86294130-ca0d-4e27-81da-5a82a7cd4c87",-25.502074,149.575636,2022-03-19 15:05:00,"PRESENT","iNaturalist Australia"
"3073","dd84c792-beb8-42a8-affc-1daaf33e6fea","Acraea terpsicore","https://biodiversity.org.au/afd/taxa/ba632bea-a7b4-4b60-bf89-d63128cad841",-17.415091,145.059267,2021-06-06 11:10:00,"PRESENT","iNaturalist Australia"
"3074","dda23875-22c5-4fbb-9082-044fc429a9a9","Acraea terpsicore","https://biodiversity.org.au/afd/taxa/ba632bea-a7b4-4b60-bf89-d63128cad841",-19.331778,146.759322,2025-05-06 18:01:52,"PRESENT","iNaturalist Australia"
"3075","ddb387e8-a301-4922-a75f-12d442e64036","Acraea andromacha","https://biodiversity.org.au/afd/taxa/86294130-ca0d-4e27-81da-5a82a7cd4c87",-12.347084,130.895465,2024-07-20 17:34:00,"PRESENT","iNaturalist Australia"
"3076","dde720fa-138a-4788-8299-1cd8107f93b0","Acraea andromacha","https://biodiversity.org.au/afd/taxa/86294130-ca0d-4e27-81da-5a82a7cd4c87",-28.302567,152.859745,2025-03-22 13:59:00,"PRESENT","iNaturalist Australia"
"3077","ddf35372-e4f9-4a84-bbe6-4ccf5e8081a2","Acraea andromacha","https://biodiversity.org.au/afd/taxa/86294130-ca0d-4e27-81da-5a82a7cd4c87",-27.472251,152.962953,2022-01-13 12:16:00,"PRESENT","iNaturalist Australia"
"3078","de0d371f-6a98-463e-9644-b28e32565f2e","Acraea andromacha","https://biodiversity.org.au/afd/taxa/86294130-ca0d-4e27-81da-5a82a7cd4c87",-35.26686,149.10263,2021-01-20 03:42:00,"PRESENT","Butterflies Australia"
"3079","de1b7281-b1d5-49ca-8ece-9f0ddab0a1b0","Acraea terpsicore","https://biodiversity.org.au/afd/taxa/ba632bea-a7b4-4b60-bf89-d63128cad841",-20.768882,148.349065,2024-05-17 12:11:43,"PRESENT","iNaturalist Australia"
"3080","de33f535-c4dc-4deb-a173-e495f6f6623e","Afrohybanthus enneaspermus","https://id.biodiversity.org.au/taxon/apni/51448720",-23.143023,150.372492,2022-10-27 07:37:08,"PRESENT","iNaturalist Australia"
"3081","de432466-b732-4e2f-b003-626e68d5bfe6","Acraea andromacha","https://biodiversity.org.au/afd/taxa/86294130-ca0d-4e27-81da-5a82a7cd4c87",-26.947368,152.383467,2023-08-06 10:34:00,"PRESENT","iNaturalist Australia"
"3082","de5e33eb-1002-4713-9962-6ec8cb944056","Acraea andromacha","https://biodiversity.org.au/afd/taxa/86294130-ca0d-4e27-81da-5a82a7cd4c87",-27.377262,152.906945,2025-09-23 14:54:00,"PRESENT","iNaturalist Australia"
"3083","de8c1708-e33c-497d-8d9c-1b0c0cba9186","Afrohybanthus enneaspermus","https://id.biodiversity.org.au/taxon/apni/51448720",-19.19523,146.767731,2024-12-28 07:28:00,"PRESENT","iNaturalist Australia"
"3084","de8cc77c-bc17-40a8-a812-13a5c44b30b6","Afrohybanthus enneaspermus","https://id.biodiversity.org.au/taxon/apni/51448720",-17.27456,133.46288,2022-02-21,"PRESENT","Northern Territory Herbarium (DNA) AVH data"
"3085","deb36be9-9e69-4d0c-bd75-5a105627f6cb","Afrohybanthus enneaspermus","https://id.biodiversity.org.au/taxon/apni/51448720",-16.31215,133.52716,2022-12-17,"PRESENT","Flora Atlas N.T."
"3086","deb5a23c-2a32-4e22-ba46-8eacbaf2543a","Afrohybanthus enneaspermus","https://id.biodiversity.org.au/taxon/apni/51448720",-23.491674,150.478469,2022-02-15 06:27:52,"PRESENT","iNaturalist Australia"
"3087","dec00201-e8a6-43f5-bfa2-e13ec5a6c2b6","Afrohybanthus enneaspermus","https://id.biodiversity.org.au/taxon/apni/51448720",-16.78243,133.47063,2022-02-18,"PRESENT","National Herbarium of Victoria (MEL) AVH data"
"3088","dec121cd-90db-4ce2-98e9-3b73c6f3b7c4","Acraea andromacha","https://biodiversity.org.au/afd/taxa/86294130-ca0d-4e27-81da-5a82a7cd4c87",-28.230599,153.135729,2023-04-01 11:28:00,"PRESENT","iNaturalist Australia"
"3089","dec78261-55ee-4d55-8ae2-f6a22c6c8630","Acraea andromacha","https://biodiversity.org.au/afd/taxa/86294130-ca0d-4e27-81da-5a82a7cd4c87",-27.684487,152.851941,2024-02-26 12:22:00,"PRESENT","iNaturalist Australia"
"3090","decef3ae-1566-4d33-ac08-57f27e02aa2c","Acraea andromacha","https://biodiversity.org.au/afd/taxa/86294130-ca0d-4e27-81da-5a82a7cd4c87",-31.598498,152.847048,2024-08-23 09:24:01,"PRESENT","iNaturalist Australia"
"3091","df0d77c2-d8dd-4163-a3ea-ac2f8963a2be","Acraea andromacha","https://biodiversity.org.au/afd/taxa/86294130-ca0d-4e27-81da-5a82a7cd4c87",-17.973108,122.345487,2022-06-14 07:51:00,"PRESENT","iNaturalist Australia"
"3092","df15f620-26f0-42d2-a0f1-82280eb54335","Acraea terpsicore","https://biodiversity.org.au/afd/taxa/ba632bea-a7b4-4b60-bf89-d63128cad841",-18.655476,146.148739,2022-10-03 08:09:00,"PRESENT","iNaturalist Australia"
"3093","df52874b-1319-44f0-9b3e-5a49ea265e3f","Acraea andromacha","https://biodiversity.org.au/afd/taxa/86294130-ca0d-4e27-81da-5a82a7cd4c87",-28.806093,151.866194,2025-04-10 09:29:00,"PRESENT","iNaturalist Australia"
"3094","df5d8a64-f029-4106-815f-2e7bff0beb19","Acraea andromacha","https://biodiversity.org.au/afd/taxa/86294130-ca0d-4e27-81da-5a82a7cd4c87",-30.645867,153.016635,2022-10-31 01:20:00,"PRESENT","NatureMapr"
"3095","df5e9de2-8c8c-4ab7-9f43-c01aa3be2dcc","Acraea terpsicore","https://biodiversity.org.au/afd/taxa/ba632bea-a7b4-4b60-bf89-d63128cad841",-20.592282,139.544548,2025-07-26 13:01:00,"PRESENT","iNaturalist Australia"
"3096","df7caabb-851c-4719-9d5e-8fbdb5e607cf","Acraea andromacha","https://biodiversity.org.au/afd/taxa/86294130-ca0d-4e27-81da-5a82a7cd4c87",-28.852303,153.287937,2021-05-07 09:56:00,"PRESENT","iNaturalist Australia"
"3097","dfc8e28f-76a6-41e0-9c23-cf59cadcc80c","Afrohybanthus enneaspermus","https://id.biodiversity.org.au/taxon/apni/51448720",-16.74382,135.11551,2022-04-03,"PRESENT","Flora Atlas N.T."
"3098","dfd09a65-f4ff-4fc8-ab16-2b2df8e37c4c","Acraea terpsicore","https://biodiversity.org.au/afd/taxa/ba632bea-a7b4-4b60-bf89-d63128cad841",-30.256864,153.139868,2021-04-27 09:30:00,"PRESENT","iNaturalist Australia"
"3099","dfed38ae-3fea-4928-a6b8-f93804939a9a","Acraea andromacha","https://biodiversity.org.au/afd/taxa/86294130-ca0d-4e27-81da-5a82a7cd4c87",-20.588818,139.54348,2025-08-30 12:09:00,"PRESENT","iNaturalist Australia"
"3100","dffbc296-037b-4c51-a7c3-83ca1e554a54","Acraea andromacha","https://biodiversity.org.au/afd/taxa/86294130-ca0d-4e27-81da-5a82a7cd4c87",-26.79939,151.56958,2023-09-27 03:48:00,"PRESENT","Butterflies Australia"
"3101","e012a784-7004-47ae-b44f-f71ed89a8475","Acraea andromacha","https://biodiversity.org.au/afd/taxa/86294130-ca0d-4e27-81da-5a82a7cd4c87",-33.64163,151.12491,2022-03-22,"PRESENT","Butterflies Australia"
"3102","e02d3c90-79b6-4b18-8636-ca173a410f6a","Acraea terpsicore","https://biodiversity.org.au/afd/taxa/ba632bea-a7b4-4b60-bf89-d63128cad841",-18.182647,142.265142,2025-05-16 11:02:00,"PRESENT","iNaturalist Australia"
"3103","e02e7c40-8747-4f82-95c8-6bb8b019d51a","Acraea andromacha","https://biodiversity.org.au/afd/taxa/86294130-ca0d-4e27-81da-5a82a7cd4c87",-20.344775,144.460896,2024-07-14 15:14:00,"PRESENT","iNaturalist Australia"
"3104","e067cab2-c440-406d-8573-95397109981b","Acraea andromacha","https://biodiversity.org.au/afd/taxa/86294130-ca0d-4e27-81da-5a82a7cd4c87",-24.24908,131.582818,2023-01-01 08:20:00,"PRESENT","iNaturalist Australia"
"3105","e070b71e-1ff8-4b99-a8e9-c1d6cdb14615","Acraea terpsicore","https://biodiversity.org.au/afd/taxa/ba632bea-a7b4-4b60-bf89-d63128cad841",-25.187114,149.971476,2025-04-18 13:05:00,"PRESENT","iNaturalist Australia"
"3106","e09ec99a-efe2-4c69-a31b-49dad98fc22c","Acraea andromacha","https://biodiversity.org.au/afd/taxa/86294130-ca0d-4e27-81da-5a82a7cd4c87",-17.3,145.3,2022-02-11 01:37:00,"PRESENT","Butterflies Australia"
"3107","e0b05427-56e7-4a9a-ba51-44fa5440fa3e","Acraea andromacha","https://biodiversity.org.au/afd/taxa/86294130-ca0d-4e27-81da-5a82a7cd4c87",-27.470472,152.77675,2023-09-09 12:39:00,"PRESENT","iNaturalist Australia"
"3108","e0b54f8b-595e-47cc-982a-9a09013ed805","Acraea andromacha","https://biodiversity.org.au/afd/taxa/86294130-ca0d-4e27-81da-5a82a7cd4c87",-27.701045,152.87567,2024-07-16 14:28:07,"PRESENT","iNaturalist Australia"
"3109","e0b5693d-2bdf-4960-86c8-ad74af947ba8","Acraea andromacha","https://biodiversity.org.au/afd/taxa/86294130-ca0d-4e27-81da-5a82a7cd4c87",-29.782772,151.313913,2023-03-12 14:13:00,"PRESENT","iNaturalist Australia"
"3110","e0bf7d8c-1287-47fa-bfb2-247dbef05185","Acraea andromacha","https://biodiversity.org.au/afd/taxa/86294130-ca0d-4e27-81da-5a82a7cd4c87",-30.119797,153.020125,2025-04-20 10:45:19,"PRESENT","iNaturalist Australia"
"3111","e0c2f21a-db17-44f4-a548-ae784fe88f04","Acraea andromacha","https://biodiversity.org.au/afd/taxa/86294130-ca0d-4e27-81da-5a82a7cd4c87",-25.864165,152.579337,2026-01-08 09:37:00,"PRESENT","iNaturalist Australia"
"3112","e0e2bf29-2717-43aa-9ff1-e4baae3f8798","Acraea andromacha","https://biodiversity.org.au/afd/taxa/86294130-ca0d-4e27-81da-5a82a7cd4c87",-27.343576,153.100241,2023-04-29 11:31:12,"PRESENT","iNaturalist Australia"
"3113","e100a742-ff73-4d4b-b101-128c9ec531dd","Acraea terpsicore","https://biodiversity.org.au/afd/taxa/ba632bea-a7b4-4b60-bf89-d63128cad841",-19.20311,146.748952,2021-05-01 22:40:00,"PRESENT","NatureMapr"
"3114","e12667e0-9e00-4615-9819-91dd4e88053c","Acraea andromacha","https://biodiversity.org.au/afd/taxa/86294130-ca0d-4e27-81da-5a82a7cd4c87",-24.84665,152.4765,2023-07-18 16:30:00,"PRESENT","Butterflies Australia"
"3115","e1275e2f-9196-4c8d-b79f-1e313005f61c","Acraea terpsicore","https://biodiversity.org.au/afd/taxa/ba632bea-a7b4-4b60-bf89-d63128cad841",-29.573857,152.849076,2022-03-02 14:31:00,"PRESENT","iNaturalist Australia"
"3116","e136c6bc-d7f3-4c46-98af-b97bf2d62ced","Acraea terpsicore","https://biodiversity.org.au/afd/taxa/ba632bea-a7b4-4b60-bf89-d63128cad841",-26.610082,153.067419,2023-08-15 13:24:00,"PRESENT","iNaturalist Australia"
"3117","e1428448-288f-4636-b74c-7e3648ed8958","Acraea andromacha","https://biodiversity.org.au/afd/taxa/86294130-ca0d-4e27-81da-5a82a7cd4c87",-30.352156,153.078356,2022-03-15 18:28:25,"PRESENT","iNaturalist Australia"
"3118","e14bced2-0bde-4cca-9215-5cf85668ef51","Acraea terpsicore","https://biodiversity.org.au/afd/taxa/ba632bea-a7b4-4b60-bf89-d63128cad841",-15.615394,131.12163,2024-08-29 10:26:00,"PRESENT","iNaturalist Australia"
"3119","e1653add-208f-4fef-80be-fdd79f3cda99","Acraea andromacha","https://biodiversity.org.au/afd/taxa/86294130-ca0d-4e27-81da-5a82a7cd4c87",-26.852339,152.987473,2022-01-13 14:22:00,"PRESENT","iNaturalist Australia"
"3120","e1726c13-5f63-4064-b5fd-22293d22a04f","Acraea terpsicore","https://biodiversity.org.au/afd/taxa/ba632bea-a7b4-4b60-bf89-d63128cad841",-12.731422,130.361849,2021-04-03 21:28:24,"PRESENT","iNaturalist Australia"
"3121","e1836edb-6469-44e2-9633-3c13f7ec4595","Acraea terpsicore","https://biodiversity.org.au/afd/taxa/ba632bea-a7b4-4b60-bf89-d63128cad841",-12.333793,130.893571,2025-04-25 12:01:14,"PRESENT","iNaturalist Australia"
"3122","e18fd95f-6bdb-4fbe-952a-395e75c92efb","Acraea andromacha","https://biodiversity.org.au/afd/taxa/86294130-ca0d-4e27-81da-5a82a7cd4c87",-27.509357,153.118317,2025-05-29 12:58:00,"PRESENT","iNaturalist Australia"
"3123","e1a95edd-0dcc-4e31-a9e7-e3e55b282b61","Acraea andromacha","https://biodiversity.org.au/afd/taxa/86294130-ca0d-4e27-81da-5a82a7cd4c87",-31.4,152.9,2023-07-05 11:21:00,"PRESENT","Earth Guardians Weekly Feed"
"3124","e1b076ad-3d97-4603-8d97-b104f6bec389","Acraea terpsicore","https://biodiversity.org.au/afd/taxa/ba632bea-a7b4-4b60-bf89-d63128cad841",-19.23895,146.805169,2022-10-03 09:44:22,"PRESENT","iNaturalist Australia"
"3125","e1cedd35-cbcd-4cde-96aa-b1c2a9a2f593","Acraea andromacha","https://biodiversity.org.au/afd/taxa/86294130-ca0d-4e27-81da-5a82a7cd4c87",-26.67962,153.13829,2023-04-10 09:02:00,"PRESENT","iNaturalist Australia"
"3126","e1d273f1-bc88-4b1f-9ae6-0a9142302f2b","Acraea terpsicore","https://biodiversity.org.au/afd/taxa/ba632bea-a7b4-4b60-bf89-d63128cad841",-20.942483,144.197717,2024-08-21 15:32:00,"PRESENT","iNaturalist Australia"
"3127","e1f0182a-ad58-4ab3-97af-0d5c974ba4ee","Acraea andromacha","https://biodiversity.org.au/afd/taxa/86294130-ca0d-4e27-81da-5a82a7cd4c87",-27.40086,153.02939,2021-03-15 11:02:00,"PRESENT","Butterflies Australia"
"3128","e20de4b3-c582-4c29-bd4a-ec4a734fec72","Acraea andromacha","https://biodiversity.org.au/afd/taxa/afb7279d-cb44-4c89-be73-cf1e0a48cf46",-27.58101,151.97402,2021-12-01,"PRESENT","WildNet - Queensland Wildlife Data"
"3129","e21fb798-7699-4e60-b9ba-8334e8cc1613","Acraea andromacha","https://biodiversity.org.au/afd/taxa/86294130-ca0d-4e27-81da-5a82a7cd4c87",-27.352545,153.080764,2025-02-11 15:50:05,"PRESENT","iNaturalist Australia"
"3130","e220381b-5385-4c29-9133-b7ccfd5bc00b","Acraea andromacha","https://biodiversity.org.au/afd/taxa/86294130-ca0d-4e27-81da-5a82a7cd4c87",-22.060984,133.454931,2023-10-30 18:40:00,"PRESENT","iNaturalist Australia"
"3131","e23e97a3-a3dd-4274-899d-8a9a06bbf6a9","Acraea andromacha","https://biodiversity.org.au/afd/taxa/86294130-ca0d-4e27-81da-5a82a7cd4c87",-25.866403,152.578125,2024-03-01 07:49:39,"PRESENT","iNaturalist Australia"
"3132","e24ee915-b91f-4e43-85e1-f4b4eeeca5be","Acraea terpsicore","https://biodiversity.org.au/afd/taxa/ba632bea-a7b4-4b60-bf89-d63128cad841",-19.211034,146.510989,2021-03-28 10:23:30,"PRESENT","iNaturalist Australia"
"3133","e2525298-5d6b-42a0-9966-62cb0b5a74ed","Acraea terpsicore","https://biodiversity.org.au/afd/taxa/ba632bea-a7b4-4b60-bf89-d63128cad841",-23.083317,148.012228,2025-06-05 09:42:00,"PRESENT","iNaturalist Australia"
"3134","e25e9600-e0bc-4670-91aa-1c4d8edbb4c1","Acraea andromacha","https://biodiversity.org.au/afd/taxa/86294130-ca0d-4e27-81da-5a82a7cd4c87",-17.918941,122.247285,2023-01-20 15:48:00,"PRESENT","iNaturalist Australia"
"3135","e274b8ab-e4f2-4d57-b4f9-69b566e35406","Acraea andromacha","https://biodiversity.org.au/afd/taxa/86294130-ca0d-4e27-81da-5a82a7cd4c87",-27.486048,152.971541,2026-01-22 08:46:09,"PRESENT","iNaturalist Australia"
"3136","e276e39a-8690-433d-8a04-967bd15edc19","Acraea andromacha","https://biodiversity.org.au/afd/taxa/86294130-ca0d-4e27-81da-5a82a7cd4c87",-24.848539,152.476236,2023-12-25 17:13:00,"PRESENT","iNaturalist Australia"
"3137","e28088ed-22ca-487b-9bd7-a977f08bdb53","Acraea terpsicore","https://biodiversity.org.au/afd/taxa/ba632bea-a7b4-4b60-bf89-d63128cad841",-20.339078,144.462012,2025-05-19 10:45:00,"PRESENT","iNaturalist Australia"
"3138","e2824748-e03c-40bd-a69f-6365e61dd260","Acraea andromacha","https://biodiversity.org.au/afd/taxa/86294130-ca0d-4e27-81da-5a82a7cd4c87",-17.3809,145.3755,2023-04-07 00:30:00,"PRESENT","Butterflies Australia"
"3139","e2acedcf-5ffe-421b-a3fe-9cf774b846bf","Acraea andromacha","https://biodiversity.org.au/afd/taxa/86294130-ca0d-4e27-81da-5a82a7cd4c87",-27.536206,153.140228,2026-01-28 12:06:00,"PRESENT","iNaturalist Australia"
"3140","e2c4f8f0-2549-4e6e-8122-d08f5d4819c8","Acraea andromacha","https://biodiversity.org.au/afd/taxa/86294130-ca0d-4e27-81da-5a82a7cd4c87",-28.029094,153.312963,2024-03-31 11:23:00,"PRESENT","iNaturalist Australia"
"3141","e2ce083c-b47b-4245-8150-5f31d82a73fb","Acraea andromacha","https://biodiversity.org.au/afd/taxa/86294130-ca0d-4e27-81da-5a82a7cd4c87",-30.206597,153.267137,2025-07-12 11:14:40,"PRESENT","iNaturalist Australia"
"3142","e2dab245-3d6e-4a93-ad43-99dc7eaff7e9","Afrohybanthus enneaspermus","https://id.biodiversity.org.au/taxon/apni/51448720",-23.494041,150.481209,2025-02-09 07:09:23,"PRESENT","iNaturalist Australia"
"3143","e2e8534f-8ec8-46be-a1c6-594389c4b96c","Acraea andromacha","https://biodiversity.org.au/afd/taxa/afb7279d-cb44-4c89-be73-cf1e0a48cf46",-26.578612,148.791595,2023-02-23 12:18:00,"PRESENT","iNaturalist Australia"
"3144","e2f40741-5854-4c76-86e0-efe694eaddea","Acraea andromacha","https://biodiversity.org.au/afd/taxa/86294130-ca0d-4e27-81da-5a82a7cd4c87",-27.946775,152.682541,2025-01-16 06:09:12,"PRESENT","iNaturalist Australia"
"3145","e3127eac-3f62-4dd9-b27d-3e897d388e59","Acraea terpsicore","https://biodiversity.org.au/afd/taxa/ba632bea-a7b4-4b60-bf89-d63128cad841",-17.454586,138.358619,2023-06-20 10:09:00,"PRESENT","iNaturalist Australia"
"3146","e32421d4-57a6-425a-bbf2-f951676c45bb","Acraea andromacha","https://biodiversity.org.au/afd/taxa/86294130-ca0d-4e27-81da-5a82a7cd4c87",-27.435589,153.545705,2026-01-23 11:25:20,"PRESENT","iNaturalist Australia"
"3147","e32dab23-18bb-43fd-80e1-0b8aedfa0509","Acraea andromacha","https://biodiversity.org.au/afd/taxa/86294130-ca0d-4e27-81da-5a82a7cd4c87",-25.192718,152.601871,2025-09-20 14:56:00,"PRESENT","iNaturalist Australia"
"3148","e33cc015-d625-43e3-9ec1-3d33d018cfc4","Acraea terpsicore","https://biodiversity.org.au/afd/taxa/ba632bea-a7b4-4b60-bf89-d63128cad841",-12.09638,133.185959,2021-07-27 11:03:25,"PRESENT","iNaturalist Australia"
"3149","e33d674d-9e36-4ad8-b430-50c14d18089a","Acraea terpsicore","https://biodiversity.org.au/afd/taxa/ba632bea-a7b4-4b60-bf89-d63128cad841",-14.18174,144.231487,2022-08-06 09:23:00,"PRESENT","iNaturalist Australia"
"3150","e354b664-64e0-4f31-994a-1d69014e0045","Acraea andromacha","https://biodiversity.org.au/afd/taxa/86294130-ca0d-4e27-81da-5a82a7cd4c87",-17.954451,122.243813,2025-09-23 17:44:27,"PRESENT","iNaturalist Australia"
"3151","e35a98de-4603-4a77-9e04-d2b69bcf51b4","Acraea terpsicore","https://biodiversity.org.au/afd/taxa/ba632bea-a7b4-4b60-bf89-d63128cad841",-18.194339,144.606938,2021-07-05 13:50:00,"PRESENT","iNaturalist Australia"
"3152","e35c0fd9-3cde-44e9-9570-1cd12b74d3b9","Afrohybanthus enneaspermus","https://id.biodiversity.org.au/taxon/apni/51448720",-16.905189,125.769768,2025-03-11 10:19:00,"PRESENT","iNaturalist Australia"
"3153","e35ea531-7067-48c3-9b4c-a535da23de69","Acraea andromacha","https://biodiversity.org.au/afd/taxa/86294130-ca0d-4e27-81da-5a82a7cd4c87",-27.608287,152.88368,2025-09-17 10:24:29,"PRESENT","iNaturalist Australia"
"3154","e37829e0-4972-47b7-bb9e-d5ce13f682fa","Acraea andromacha","https://biodiversity.org.au/afd/taxa/86294130-ca0d-4e27-81da-5a82a7cd4c87",-27.493321,152.246644,2025-04-10 13:27:00,"PRESENT","iNaturalist Australia"
"3155","e37e0910-ad1f-43bd-9627-5a5cba824810","Acraea andromacha","https://biodiversity.org.au/afd/taxa/86294130-ca0d-4e27-81da-5a82a7cd4c87",-33.80487,150.658395,2023-04-06 09:27:06,"PRESENT","iNaturalist Australia"
"3156","e38777f2-5917-463d-a99b-28e9606b7ada","Acraea andromacha","https://biodiversity.org.au/afd/taxa/86294130-ca0d-4e27-81da-5a82a7cd4c87",-26.955751,152.949014,2025-01-28 12:59:00,"PRESENT","iNaturalist Australia"
"3157","e39185ac-3e91-4b23-a1c0-91114d551934","Acraea terpsicore","https://biodiversity.org.au/afd/taxa/ba632bea-a7b4-4b60-bf89-d63128cad841",-18.589563,145.805241,2021-06-20 22:38:00,"PRESENT","iNaturalist Australia"
"3158","e39f7057-66fc-4e19-ba61-802fe5b2cc10","Acraea andromacha","https://biodiversity.org.au/afd/taxa/86294130-ca0d-4e27-81da-5a82a7cd4c87",-28.027269,152.556946,2024-01-03 06:57:27,"PRESENT","Earth Guardians Weekly Feed"
"3159","e3a88231-78a6-43f0-8974-e13ce9073549","Acraea andromacha","https://biodiversity.org.au/afd/taxa/86294130-ca0d-4e27-81da-5a82a7cd4c87",-24.208901,151.90697,2024-06-06 10:00:00,"PRESENT","iNaturalist Australia"
"3160","e3b3046d-9907-44a4-a759-29b110409924","Acraea terpsicore","https://biodiversity.org.au/afd/taxa/ba632bea-a7b4-4b60-bf89-d63128cad841",-19.318265,140.52681,2025-07-03 16:37:00,"PRESENT","iNaturalist Australia"
"3161","e3b4ebbc-3dc2-43cb-b581-bfe2700ab0e1","Acraea terpsicore","https://biodiversity.org.au/afd/taxa/ba632bea-a7b4-4b60-bf89-d63128cad841",-12.357417,130.88575,2025-05-29 12:42:00,"PRESENT","iNaturalist Australia"
"3162","e3b67b08-63ed-4184-8ea6-2a010a186b5a","Acraea terpsicore","https://biodiversity.org.au/afd/taxa/ba632bea-a7b4-4b60-bf89-d63128cad841",-30.35656,153.10465,2023-01-08 00:22:00,"PRESENT","Butterflies Australia"
"3163","e3cecb05-c30f-4e68-a2ef-0dce802e7226","Acraea andromacha","https://biodiversity.org.au/afd/taxa/86294130-ca0d-4e27-81da-5a82a7cd4c87",-27.614358,152.788861,2022-04-25 12:31:41,"PRESENT","iNaturalist Australia"
"3164","e3d11415-bead-4cf1-9c48-c355074142a0","Acraea terpsicore","https://biodiversity.org.au/afd/taxa/ba632bea-a7b4-4b60-bf89-d63128cad841",-18.300686,143.352218,2024-07-14 13:11:00,"PRESENT","iNaturalist Australia"
"3165","e3e2b913-bf4c-479d-8142-920387e4d89c","Acraea andromacha","https://biodiversity.org.au/afd/taxa/86294130-ca0d-4e27-81da-5a82a7cd4c87",-27.532123,153.038929,2022-01-11 12:00:00,"PRESENT","iNaturalist Australia"
"3166","e3eb2309-c6b2-467f-862a-fe7fc83ccb44","Acraea andromacha","https://biodiversity.org.au/afd/taxa/86294130-ca0d-4e27-81da-5a82a7cd4c87",-19.158194,146.850158,2022-07-13 15:48:00,"PRESENT","iNaturalist Australia"
"3167","e40c57cf-5ff3-4e99-9019-923bd9f18ce6","Acraea terpsicore","https://biodiversity.org.au/afd/taxa/ba632bea-a7b4-4b60-bf89-d63128cad841",-17.15757,144.52297,2022-08-31 04:41:00,"PRESENT","Butterflies Australia"
"3168","e40ec964-1056-4aa7-a3c9-3ed0f0429ac0","Acraea terpsicore","https://biodiversity.org.au/afd/taxa/ba632bea-a7b4-4b60-bf89-d63128cad841",-20.001656,148.241641,2022-09-24 17:30:00,"PRESENT","Butterflies Australia"
"3169","e43e3113-7f8d-40ac-91e0-61199064b2c4","Acraea terpsicore","https://biodiversity.org.au/afd/taxa/ba632bea-a7b4-4b60-bf89-d63128cad841",-19.326298,146.754616,2024-04-22,"PRESENT","iNaturalist Australia"
"3170","e454caaf-7d81-4aef-9692-48ac6e22e0c5","Acraea andromacha","https://biodiversity.org.au/afd/taxa/86294130-ca0d-4e27-81da-5a82a7cd4c87",-26.76319,153.13012,2021-12-03 20:38:00,"PRESENT","Butterflies Australia"
"3171","e4589b79-4eaf-4cd7-a458-956bfbe13bce","Acraea andromacha","https://biodiversity.org.au/afd/taxa/86294130-ca0d-4e27-81da-5a82a7cd4c87",-31.902363,150.785481,2023-03-28 14:17:00,"PRESENT","iNaturalist Australia"
"3172","e4a1bbdf-36a4-4b03-89d8-4fa904634fd0","Acraea terpsicore","https://biodiversity.org.au/afd/taxa/ba632bea-a7b4-4b60-bf89-d63128cad841",-12.347399,130.899014,2025-01-25 17:12:29,"PRESENT","iNaturalist Australia"
"3173","e4b743a3-3952-46fc-a9bd-9ea806eade15","Acraea terpsicore","https://biodiversity.org.au/afd/taxa/ba632bea-a7b4-4b60-bf89-d63128cad841",-15.9748,144.8289,2022-05-25 01:30:00,"PRESENT","Butterflies Australia"
"3174","e4c34a07-65cd-4aca-bbbd-bcb5c6c6c238","Acraea andromacha","https://biodiversity.org.au/afd/taxa/86294130-ca0d-4e27-81da-5a82a7cd4c87",-25.789357,152.695258,2021-11-18 17:23:00,"PRESENT","iNaturalist Australia"
"3175","e4fd24f1-86d0-4c5f-a3a5-54432bd5183f","Acraea terpsicore","https://biodiversity.org.au/afd/taxa/ba632bea-a7b4-4b60-bf89-d63128cad841",-16.271011,128.664625,2022-10-06 09:52:00,"PRESENT","iNaturalist Australia"
"3176","e505fc67-e64c-4cf1-bf04-242616b64e64","Acraea andromacha","https://biodiversity.org.au/afd/taxa/86294130-ca0d-4e27-81da-5a82a7cd4c87",-35.324349,149.114353,2024-12-08 01:48:00,"PRESENT","NatureMapr"
"3177","e5072864-2862-4593-b229-c5e2be6dcc73","Acraea andromacha","https://biodiversity.org.au/afd/taxa/86294130-ca0d-4e27-81da-5a82a7cd4c87",-24.88922,152.30706,2022-01-15 22:30:00,"PRESENT","Butterflies Australia"
"3178","e510ae74-338a-4cca-8c92-f0dfc35ca00e","Acraea terpsicore","https://biodiversity.org.au/afd/taxa/ba632bea-a7b4-4b60-bf89-d63128cad841",-15.630572,131.135467,2021-08-24 15:17:00,"PRESENT","iNaturalist Australia"
"3179","e52ebb3a-2ad4-4430-af1f-c6e601c24e3b","Acraea andromacha","https://biodiversity.org.au/afd/taxa/86294130-ca0d-4e27-81da-5a82a7cd4c87",-27.928742,152.774396,2025-12-19 08:15:00,"PRESENT","iNaturalist Australia"
"3180","e53b6932-5fe2-4636-8438-49dbfbae8bbe","Acraea andromacha","https://biodiversity.org.au/afd/taxa/86294130-ca0d-4e27-81da-5a82a7cd4c87",-28.25968,153.40173,2021-01-09 11:16:00,"PRESENT","iNaturalist Australia"
"3181","e54df6f0-3635-43f3-ab3c-8f3f710b4a30","Acraea andromacha","https://biodiversity.org.au/afd/taxa/86294130-ca0d-4e27-81da-5a82a7cd4c87",-30.504295,151.663483,2023-03-22 10:16:33,"PRESENT","iNaturalist Australia"
"3182","e5856f2f-3e2e-4d60-ae10-b4ed00ecae3f","Acraea andromacha","https://biodiversity.org.au/afd/taxa/86294130-ca0d-4e27-81da-5a82a7cd4c87",-27.16467,151.26661,2023-10-10 01:36:00,"PRESENT","Butterflies Australia"
"3183","e5888022-a7ef-4da2-a9c4-02f9f95e9d80","Afrohybanthus enneaspermus","https://id.biodiversity.org.au/taxon/apni/51448720",-12.354922,130.885492,2025-02-11 12:29:00,"PRESENT","iNaturalist Australia"
"3184","e58b52b8-7ddc-4e3f-9510-ec53d4c3c4ea","Acraea andromacha","https://biodiversity.org.au/afd/taxa/86294130-ca0d-4e27-81da-5a82a7cd4c87",-27.3375,153.07778,2021-02-28 10:54:00,"PRESENT","Butterflies Australia"
"3185","e596dce6-080c-4704-8990-765c2a03ce7e","Acraea andromacha","https://biodiversity.org.au/afd/taxa/86294130-ca0d-4e27-81da-5a82a7cd4c87",-27.302044,153.036546,2021-07-17 09:40:00,"PRESENT","iNaturalist Australia"
"3186","e5e08443-a982-41f6-906a-0e7a2d352aae","Acraea terpsicore","https://biodiversity.org.au/afd/taxa/ba632bea-a7b4-4b60-bf89-d63128cad841",-12.395267,130.932954,2024-12-24 09:55:00,"PRESENT","iNaturalist Australia"
"3187","e5ec019f-0fa4-44b9-8657-0b7a7506f0c2","Acraea andromacha","https://biodiversity.org.au/afd/taxa/86294130-ca0d-4e27-81da-5a82a7cd4c87",-27.71814,152.87893,2023-03-24 04:34:00,"PRESENT","Butterflies Australia"
"3188","e5fd14ce-0b87-4873-8d34-7217924d482d","Acraea terpsicore","https://biodiversity.org.au/afd/taxa/ba632bea-a7b4-4b60-bf89-d63128cad841",-19.25807,146.802475,2025-04-17 10:16:00,"PRESENT","iNaturalist Australia"
"3189","e604534e-a556-4330-8d2d-9a12a30850d2","Acraea andromacha","https://biodiversity.org.au/afd/taxa/86294130-ca0d-4e27-81da-5a82a7cd4c87",-30.109827,153.210983,2022-05-10 10:09:00,"PRESENT","iNaturalist Australia"
"3190","e6050bfc-f885-414c-984c-86ba7d30fdb9","Afrohybanthus enneaspermus","https://id.biodiversity.org.au/taxon/apni/51448720",-16.63091,133.37831,2022-02-19,"PRESENT","Flora Atlas N.T."
"3191","e61a2038-d451-4222-a05d-7e20692f1649","Acraea andromacha","https://biodiversity.org.au/afd/taxa/86294130-ca0d-4e27-81da-5a82a7cd4c87",-34.07326,150.729324,2024-01-18 09:40:05,"PRESENT","iNaturalist Australia"
"3192","e61e098b-7fd8-4593-aba0-4ee60c2a642c","Acraea andromacha","https://biodiversity.org.au/afd/taxa/86294130-ca0d-4e27-81da-5a82a7cd4c87",-28.340978,152.3712,2021-04-12 12:44:00,"PRESENT","iNaturalist Australia"
"3193","e630cf33-3045-4c8e-99a5-eabbab7ff74c","Afrohybanthus enneaspermus","https://id.biodiversity.org.au/taxon/apni/51448720",-23.49442,150.476716,2025-02-09 06:53:29,"PRESENT","iNaturalist Australia"
"3194","e63a1258-0cac-4461-8630-96fbeb85a7af","Acraea andromacha","https://biodiversity.org.au/afd/taxa/86294130-ca0d-4e27-81da-5a82a7cd4c87",-22.187686,133.775136,2023-03-13 21:26:18,"PRESENT","iNaturalist Australia"
"3195","e65e268d-a79a-49e0-8e0f-c59e204a0310","Acraea terpsicore","https://biodiversity.org.au/afd/taxa/ba632bea-a7b4-4b60-bf89-d63128cad841",-20.090541,148.509071,2021-09-29 01:00:00,"PRESENT","Butterflies Australia"
"3196","e6a90da6-3022-4dc6-b140-114b0054f0fa","Acraea andromacha","https://biodiversity.org.au/afd/taxa/86294130-ca0d-4e27-81da-5a82a7cd4c87",-32.235158,152.474248,2025-04-19 14:47:52,"PRESENT","iNaturalist Australia"
"3197","e6d233e6-8318-4e0c-89dc-ba1fd48a8ecf","Acraea terpsicore","https://biodiversity.org.au/afd/taxa/ba632bea-a7b4-4b60-bf89-d63128cad841",-20.071144,148.260142,2022-08-18 14:37:00,"PRESENT","iNaturalist Australia"
"3198","e70105d2-f7d5-4c5e-906c-5ae85f0838a7","Acraea terpsicore","https://biodiversity.org.au/afd/taxa/ba632bea-a7b4-4b60-bf89-d63128cad841",-16.478226,145.011524,2025-06-28 13:54:00,"PRESENT","iNaturalist Australia"
"3199","e70b63a2-1eaf-4149-b99c-379d6cb7c62f","Acraea andromacha","https://biodiversity.org.au/afd/taxa/86294130-ca0d-4e27-81da-5a82a7cd4c87",-18.65119,139.25319,2023-09-08 01:07:00,"PRESENT","Butterflies Australia"
"3200","e71b04b2-22ca-4296-97e5-77aab511d1a9","Acraea andromacha","https://biodiversity.org.au/afd/taxa/86294130-ca0d-4e27-81da-5a82a7cd4c87",-27.664698,152.752179,2022-04-09 11:23:00,"PRESENT","iNaturalist Australia"
"3201","e71c59f6-7a09-491d-8593-239cd7b943a0","Acraea andromacha","https://biodiversity.org.au/afd/taxa/86294130-ca0d-4e27-81da-5a82a7cd4c87",-27.630083,153.072417,2023-04-08 12:48:00,"PRESENT","iNaturalist Australia"
"3202","e71e6a07-6e0e-4633-8d1d-1c793366f33f","Acraea andromacha","https://biodiversity.org.au/afd/taxa/86294130-ca0d-4e27-81da-5a82a7cd4c87",-28.826219,151.952274,2024-03-15 17:47:00,"PRESENT","iNaturalist Australia"
"3203","e71fca4d-4cb6-4e38-9e03-e4399e1ba7d9","Acraea andromacha","https://biodiversity.org.au/afd/taxa/86294130-ca0d-4e27-81da-5a82a7cd4c87",-27.249316,152.824358,2022-02-16 18:03:00,"PRESENT","iNaturalist Australia"
"3204","e72e81f8-eb67-4ccc-b3b6-b1d84e9ef9ec","Acraea andromacha","https://biodiversity.org.au/afd/taxa/86294130-ca0d-4e27-81da-5a82a7cd4c87",-27.335965,153.080893,2024-04-01 09:54:00,"PRESENT","iNaturalist Australia"
"3205","e75046ce-dd67-4138-b5ae-b987ec2737fb","Acraea andromacha","https://biodiversity.org.au/afd/taxa/86294130-ca0d-4e27-81da-5a82a7cd4c87",-34.750999,150.3379,2024-04-02 07:44:29,"PRESENT","iNaturalist Australia"
"3206","e7516f90-cf60-4625-a4da-dec199951e7b","Acraea andromacha","https://biodiversity.org.au/afd/taxa/86294130-ca0d-4e27-81da-5a82a7cd4c87",-30.35646,153.10699,2024-01-05 15:43:00,"PRESENT","Butterflies Australia"
"3207","e754f9a3-96f2-44f4-91c8-53a3f16b0d0c","Acraea andromacha","https://biodiversity.org.au/afd/taxa/86294130-ca0d-4e27-81da-5a82a7cd4c87",-31.516,152.242,2024-01-20 09:22:00,"PRESENT","iNaturalist Australia"
"3208","e76de07a-0a55-427e-a142-c64b28e7e3ad","Acraea andromacha","https://biodiversity.org.au/afd/taxa/86294130-ca0d-4e27-81da-5a82a7cd4c87",-28.80735,153.603699,2024-03-14 17:48:00,"PRESENT","iNaturalist Australia"
"3209","e7a93a52-81fa-46d0-bc48-394498fa283b","Afrohybanthus enneaspermus","https://id.biodiversity.org.au/taxon/apni/51448720",-16.51661,134.86093,2022-03-13,"PRESENT","Flora Atlas N.T."
"3210","e7ac2961-c9a0-4adf-b8b4-5a338392c8ad","Acraea terpsicore","https://biodiversity.org.au/afd/taxa/ba632bea-a7b4-4b60-bf89-d63128cad841",-21.4408,148.5343,2022-10-25 22:15:00,"PRESENT","Butterflies Australia"
"3211","e7c4be97-5d8e-4ced-94e5-d433b02e5350","Acraea andromacha","https://biodiversity.org.au/afd/taxa/86294130-ca0d-4e27-81da-5a82a7cd4c87",-28.258614,153.401516,2022-11-24 07:20:00,"PRESENT","iNaturalist Australia"
"3212","e7c53cb7-1f6d-4f58-8609-1afac11ea229","Acraea andromacha","https://biodiversity.org.au/afd/taxa/86294130-ca0d-4e27-81da-5a82a7cd4c87",-27.434762,153.546158,2025-12-07 15:43:44,"PRESENT","iNaturalist Australia"
"3213","e7ca2254-c060-4459-888f-4d966ccdae1e","Acraea andromacha","https://biodiversity.org.au/afd/taxa/86294130-ca0d-4e27-81da-5a82a7cd4c87",-30.360599,153.063179,2025-01-10 12:28:20,"PRESENT","iNaturalist Australia"
"3214","e7d03a92-6aa2-4bc3-a150-7826e2e51946","Acraea andromacha","https://biodiversity.org.au/afd/taxa/86294130-ca0d-4e27-81da-5a82a7cd4c87",-27.555078,153.058808,2021-02-20 10:14:00,"PRESENT","iNaturalist Australia"
"3215","e7fda4ac-432e-4242-8fd1-5bc8b7dd14f1","Acraea andromacha","https://biodiversity.org.au/afd/taxa/86294130-ca0d-4e27-81da-5a82a7cd4c87",-25.78842,152.695717,2024-02-02 12:12:00,"PRESENT","iNaturalist Australia"
"3216","e80272e6-818e-4f16-8055-f7c883e692b5","Acraea terpsicore","https://biodiversity.org.au/afd/taxa/ba632bea-a7b4-4b60-bf89-d63128cad841",-17.150938,145.179857,2023-08-31 12:13:00,"PRESENT","iNaturalist Australia"
"3217","e80b3c28-62a5-486f-9444-92687d54e015","Acraea andromacha","https://biodiversity.org.au/afd/taxa/86294130-ca0d-4e27-81da-5a82a7cd4c87",-27.926111,152.376389,2024-05-10 15:02:00,"PRESENT","iNaturalist Australia"
"3218","e80d0dac-f273-4b2d-a48d-65b418721a23","Acraea andromacha","https://biodiversity.org.au/afd/taxa/86294130-ca0d-4e27-81da-5a82a7cd4c87",-25.758639,152.951367,2021-09-04 07:03:00,"PRESENT","iNaturalist Australia"
"3219","e84356a0-8b3e-4edc-84f6-1a7f03a56fa6","Acraea terpsicore","https://biodiversity.org.au/afd/taxa/ba632bea-a7b4-4b60-bf89-d63128cad841",-19.163847,146.84708,2021-03-07 14:36:00,"PRESENT","iNaturalist Australia"
"3220","e860f7c9-d360-4f92-86e5-bfb8c37b8196","Acraea terpsicore","https://biodiversity.org.au/afd/taxa/ba632bea-a7b4-4b60-bf89-d63128cad841",-27.384271,152.914538,2022-02-08 15:28:00,"PRESENT","iNaturalist Australia"
"3221","e864cabc-384b-4729-b091-c4224bb1d297","Acraea terpsicore","https://biodiversity.org.au/afd/taxa/ba632bea-a7b4-4b60-bf89-d63128cad841",-23.078948,148.026937,2025-08-04 11:36:03,"PRESENT","iNaturalist Australia"
"3222","e86917b2-92b4-4368-af2b-50f195741100","Acraea terpsicore","https://biodiversity.org.au/afd/taxa/ba632bea-a7b4-4b60-bf89-d63128cad841",-10.5784,142.2267,2021-03-17 11:00:00,"PRESENT","Butterflies Australia"
"3223","e86b9929-8129-49de-b028-5a96adaf3391","Afrohybanthus enneaspermus","https://id.biodiversity.org.au/taxon/apni/51448720",-19.1816,146.7233,2025-06-06 15:16:00,"PRESENT","iNaturalist Australia"
"3224","e86ccb2e-22a9-4ca7-b19a-07b45540fded","Acraea terpsicore","https://biodiversity.org.au/afd/taxa/ba632bea-a7b4-4b60-bf89-d63128cad841",-20.1,146.2,2021-02-05 11:44:00,"PRESENT","Earth Guardians Weekly Feed"
"3225","e872deab-e962-409c-a2c1-758fd2aba744","Acraea andromacha","https://biodiversity.org.au/afd/taxa/86294130-ca0d-4e27-81da-5a82a7cd4c87",-28.029243,153.314064,2024-04-06 13:23:00,"PRESENT","iNaturalist Australia"
"3226","e87c1ead-d442-4e9b-b436-e4df132ac88e","Acraea andromacha","https://biodiversity.org.au/afd/taxa/86294130-ca0d-4e27-81da-5a82a7cd4c87",-28,153.02319,2024-02-10 15:17:00,"PRESENT","iNaturalist Australia"
"3227","e88c16f1-4013-460b-8511-ea5fde9d05fc","Acraea terpsicore","https://biodiversity.org.au/afd/taxa/ba632bea-a7b4-4b60-bf89-d63128cad841",-18.09,144.4322,2021-03-23 03:00:00,"PRESENT","Butterflies Australia"
"3228","e88c506d-6455-40bc-9358-429c1dfc797c","Acraea andromacha","https://biodiversity.org.au/afd/taxa/86294130-ca0d-4e27-81da-5a82a7cd4c87",-27.528532,152.93974,2021-03-03 15:49:01,"PRESENT","Brisbane’s Big Butterfly Count"
"3229","e892a498-3cfb-41c1-ae2d-cba12d19dfb8","Acraea andromacha","https://biodiversity.org.au/afd/taxa/86294130-ca0d-4e27-81da-5a82a7cd4c87",-31.902444,150.786242,2022-04-12 14:44:00,"PRESENT","iNaturalist Australia"
"3230","e898d274-439b-4617-a817-1827d34d4144","Acraea terpsicore","https://biodiversity.org.au/afd/taxa/ba632bea-a7b4-4b60-bf89-d63128cad841",-26.66613,153.139686,2024-02-21 13:13:48,"PRESENT","iNaturalist Australia"
"3231","e8a9c4d5-b252-4f6a-812c-d07b0c9e42c2","Acraea andromacha","https://biodiversity.org.au/afd/taxa/86294130-ca0d-4e27-81da-5a82a7cd4c87",-27.546464,153.056355,2021-11-28 10:48:00,"PRESENT","iNaturalist Australia"
"3232","e8b8d538-edf7-4089-a98b-045b9f184add","Acraea andromacha","https://biodiversity.org.au/afd/taxa/86294130-ca0d-4e27-81da-5a82a7cd4c87",-31.159825,151.856475,2022-01-28 12:26:20,"PRESENT","iNaturalist Australia"
"3233","e8c301b1-cd72-4f86-b57e-8f6658925471","Acraea terpsicore","https://biodiversity.org.au/afd/taxa/ba632bea-a7b4-4b60-bf89-d63128cad841",-16.4986,145.0022,2021-03-31 02:00:00,"PRESENT","Butterflies Australia"
"3234","e8ccf695-4601-4aa5-ad62-3b531a0e49ea","Acraea andromacha","https://biodiversity.org.au/afd/taxa/86294130-ca0d-4e27-81da-5a82a7cd4c87",-27.479674,153.16574,2023-06-11 10:27:00,"PRESENT","iNaturalist Australia"
"3235","e8dbcead-6f78-468b-9ea7-388db11980a8","Acraea andromacha","https://biodiversity.org.au/afd/taxa/86294130-ca0d-4e27-81da-5a82a7cd4c87",-26.37954,153.111466,2025-06-03 15:22:00,"PRESENT","iNaturalist Australia"
"3236","e8e3714f-04c1-47bf-9ffb-9654a0ef7c19","Acraea andromacha","https://biodiversity.org.au/afd/taxa/86294130-ca0d-4e27-81da-5a82a7cd4c87",-31.705192,152.224964,2025-03-22 14:44:00,"PRESENT","iNaturalist Australia"
"3237","e8ebcb97-782f-47d3-b32a-70b673ce6e8f","Acraea andromacha","https://biodiversity.org.au/afd/taxa/86294130-ca0d-4e27-81da-5a82a7cd4c87",-34.68165,150.212273,2024-01-29 05:27:00,"PRESENT","NatureMapr"
"3238","e8ffd0bf-705f-4633-bb29-f9157d5c75bb","Acraea terpsicore","https://biodiversity.org.au/afd/taxa/ba632bea-a7b4-4b60-bf89-d63128cad841",-17.38,144.954167,2021-06-04 13:31:00,"PRESENT","iNaturalist Australia"
"3239","e9140586-084d-4edd-a04b-13bef07c934c","Acraea terpsicore","https://biodiversity.org.au/afd/taxa/ba632bea-a7b4-4b60-bf89-d63128cad841",-16.6544,145.5671,2022-05-05 01:15:00,"PRESENT","Butterflies Australia"
"3240","e92dd62b-841f-40e6-9abb-c6d1aca316b1","Acraea terpsicore","https://biodiversity.org.au/afd/taxa/ba632bea-a7b4-4b60-bf89-d63128cad841",-12.428442,132.965317,2025-06-03 11:59:00,"PRESENT","iNaturalist Australia"
"3241","e9564974-2164-49b8-88be-d8b39db1347a","Adenia heterophylla","https://id.biodiversity.org.au/taxon/apni/51442112",-12.629503,143.428514,2024-08-07 10:35:03,"PRESENT","iNaturalist Australia"
"3242","e974bb8a-bd68-46ca-b692-23dfc3529636","Acraea andromacha","https://biodiversity.org.au/afd/taxa/86294130-ca0d-4e27-81da-5a82a7cd4c87",-17.972729,122.187642,2025-09-04 11:45:00,"PRESENT","iNaturalist Australia"
"3243","e98668cd-aea5-4fa3-8063-6f9c7b65ac68","Acraea andromacha","https://biodiversity.org.au/afd/taxa/86294130-ca0d-4e27-81da-5a82a7cd4c87",-27.62424,153.092498,2024-03-15 09:22:31,"PRESENT","iNaturalist Australia"
"3244","e988ce3a-d29b-4f86-a0d0-c19704c91c9b","Acraea terpsicore","https://biodiversity.org.au/afd/taxa/ba632bea-a7b4-4b60-bf89-d63128cad841",-17.975116,122.344946,2023-04-23 11:38:00,"PRESENT","iNaturalist Australia"
"3245","e9bb5f12-d027-40f5-8058-82105d6cb058","Acraea andromacha","https://biodiversity.org.au/afd/taxa/86294130-ca0d-4e27-81da-5a82a7cd4c87",-26.754108,152.924961,2022-03-10 17:33:10,"PRESENT","Sunshine Coast's Big Butterfly Count"
"3246","e9d05600-4d33-4bc5-90a1-40641d9f127c","Acraea terpsicore","https://biodiversity.org.au/afd/taxa/ba632bea-a7b4-4b60-bf89-d63128cad841",-17.338003,144.679753,2025-09-15 13:27:00,"PRESENT","iNaturalist Australia"
"3247","e9d3e7a4-6b85-4c48-86c6-c11f778eed6d","Acraea terpsicore","https://biodiversity.org.au/afd/taxa/ba632bea-a7b4-4b60-bf89-d63128cad841",-16.816345,145.370312,2022-03-06 11:57:00,"PRESENT","iNaturalist Australia"
"3248","e9e71b72-c8b4-4906-ba5e-2d39ba008dc9","Acraea andromacha","https://biodiversity.org.au/afd/taxa/86294130-ca0d-4e27-81da-5a82a7cd4c87",-27.010168,152.845763,2024-03-14 16:35:00,"PRESENT","iNaturalist Australia"
"3249","e9ed9fc0-d008-461d-a205-7e158c0f87b1","Acraea terpsicore","https://biodiversity.org.au/afd/taxa/ba632bea-a7b4-4b60-bf89-d63128cad841",-23.164882,150.77555,2025-12-31 11:39:00,"PRESENT","iNaturalist Australia"
"3250","e9ee478e-6cd6-4f45-bda7-e335d9e63571","Acraea andromacha","https://biodiversity.org.au/afd/taxa/86294130-ca0d-4e27-81da-5a82a7cd4c87",-27.52525,152.83203,2024-02-07 11:13:12,"PRESENT","iNaturalist Australia"
"3251","ea084246-54f0-4f42-a0b2-3307b7a2c3cb","Acraea terpsicore","https://biodiversity.org.au/afd/taxa/ba632bea-a7b4-4b60-bf89-d63128cad841",-23.644664,149.331094,2025-04-30 13:43:20,"PRESENT","iNaturalist Australia"
"3252","ea10862c-3a50-45a6-aa0d-779cbf236627","Acraea andromacha","https://biodiversity.org.au/afd/taxa/86294130-ca0d-4e27-81da-5a82a7cd4c87",-24.798372,152.442947,2025-03-10 12:19:50,"PRESENT","iNaturalist Australia"
"3253","ea29746d-30e2-49c4-8d0a-b96a7aa941a5","Acraea terpsicore","https://biodiversity.org.au/afd/taxa/ba632bea-a7b4-4b60-bf89-d63128cad841",-19.24039,146.782572,2023-05-10 08:22:00,"PRESENT","iNaturalist Australia"
"3254","ea384f4a-e4b0-4c45-a563-f74a0a5c073b","Afrohybanthus enneaspermus","https://id.biodiversity.org.au/taxon/apni/51448720",-16.76257,133.50917,2025-11-27 11:28:27,"PRESENT","iNaturalist Australia"
"3255","ea3a75ff-59b1-438d-a377-dc00ec13ccaa","Acraea terpsicore","https://biodiversity.org.au/afd/taxa/ba632bea-a7b4-4b60-bf89-d63128cad841",-17.3585,145.3281,2021-03-06 08:45:00,"PRESENT","Butterflies Australia"
"3256","ea68d449-e90a-4059-8842-1d4a138a6098","Acraea andromacha","https://biodiversity.org.au/afd/taxa/86294130-ca0d-4e27-81da-5a82a7cd4c87",-27.480565,153.166735,2025-11-08 10:09:00,"PRESENT","iNaturalist Australia"
"3257","ea6dbf33-92e6-4246-bddb-6b491a27bb22","Acraea andromacha","https://biodiversity.org.au/afd/taxa/86294130-ca0d-4e27-81da-5a82a7cd4c87",-27.400603,152.894456,2025-12-12 07:31:45,"PRESENT","iNaturalist Australia"
"3258","ea7320e4-1daa-4ea8-9280-aab9c874c490","Acraea andromacha","https://biodiversity.org.au/afd/taxa/86294130-ca0d-4e27-81da-5a82a7cd4c87",-27.312118,152.936806,2023-05-06 10:25:00,"PRESENT","iNaturalist Australia"
"3259","ea7e5b14-1e72-4f68-93b2-54d90b445d27","Acraea terpsicore","https://biodiversity.org.au/afd/taxa/ba632bea-a7b4-4b60-bf89-d63128cad841",-12.429047,130.747965,2021-05-26 13:30:00,"PRESENT","iNaturalist Australia"
"3260","ea7f6e45-ad36-49f9-afb3-3438b8db299d","Acraea andromacha","https://biodiversity.org.au/afd/taxa/86294130-ca0d-4e27-81da-5a82a7cd4c87",-20.70946,140.51934,2023-08-18 16:18:00,"PRESENT","Butterflies Australia"
"3261","ea85beea-a845-4e7e-b929-3a058a8e3ad6","Acraea terpsicore","https://biodiversity.org.au/afd/taxa/ba632bea-a7b4-4b60-bf89-d63128cad841",-10.576429,142.231033,2025-08-26 02:59:30,"PRESENT","iNaturalist Australia"
"3262","ea86f56f-905d-4de9-b50f-5234fe21c8d9","Acraea terpsicore","https://biodiversity.org.au/afd/taxa/ba632bea-a7b4-4b60-bf89-d63128cad841",-17.706253,133.638319,2025-06-30 14:28:00,"PRESENT","iNaturalist Australia"
"3263","ea94b569-6a96-43db-afe8-a12f147dd217","Acraea andromacha","https://biodiversity.org.au/afd/taxa/86294130-ca0d-4e27-81da-5a82a7cd4c87",-27.551607,152.744462,2024-05-04 14:42:00,"PRESENT","iNaturalist Australia"
"3264","eaa708cd-3440-46ee-9691-028d87582bd0","Acraea andromacha","https://biodiversity.org.au/afd/taxa/86294130-ca0d-4e27-81da-5a82a7cd4c87",-31.458753,152.93347,2024-05-16 11:26:00,"PRESENT","iNaturalist Australia"
"3265","eab58b45-2e2f-41c5-ae70-0decdc5bc73f","Acraea terpsicore","https://biodiversity.org.au/afd/taxa/ba632bea-a7b4-4b60-bf89-d63128cad841",-19.406396,146.732254,2022-10-15 08:40:35,"PRESENT","iNaturalist Australia"
"3266","eabe6d37-c3f7-42a8-b187-2e97b80e5214","Acraea terpsicore","https://biodiversity.org.au/afd/taxa/ba632bea-a7b4-4b60-bf89-d63128cad841",-19.017354,146.108929,2025-05-27 15:41:57,"PRESENT","iNaturalist Australia"
"3267","eac9ba80-d5f9-4aed-998e-b7afc5bf360d","Acraea andromacha","https://biodiversity.org.au/afd/taxa/86294130-ca0d-4e27-81da-5a82a7cd4c87",-27.238937,152.810339,2023-03-21 11:53:00,"PRESENT","iNaturalist Australia"
"3268","ead1f0bf-3b3f-4b9e-ad48-b0cc767828d7","Acraea andromacha","https://biodiversity.org.au/afd/taxa/86294130-ca0d-4e27-81da-5a82a7cd4c87",-27.734968,152.768804,2021-04-23 13:11:00,"PRESENT","iNaturalist Australia"
"3269","ead52c14-d588-40dc-8967-8a1cf47aefec","Afrohybanthus enneaspermus","https://id.biodiversity.org.au/taxon/apni/51448720",-16.45268,134.26177,2022-02-21,"PRESENT","Flora Atlas N.T."
"3270","ead734b3-562a-4b23-b146-b53e486e6138","Acraea terpsicore","https://biodiversity.org.au/afd/taxa/ba632bea-a7b4-4b60-bf89-d63128cad841",-19.034724,146.421737,2024-07-26 16:11:00,"PRESENT","iNaturalist Australia"
"3271","eae63339-a728-4204-aa6d-4388f201e8a9","Acraea andromacha","https://biodiversity.org.au/afd/taxa/86294130-ca0d-4e27-81da-5a82a7cd4c87",-27.542538,153.057938,2021-08-20 16:08:53,"PRESENT","iNaturalist Australia"
"3272","eb1658b4-e61e-4ae2-a51d-906f6bf95fdb","Acraea andromacha","https://biodiversity.org.au/afd/taxa/86294130-ca0d-4e27-81da-5a82a7cd4c87",-28,153.02319,2024-04-06 11:36:00,"PRESENT","iNaturalist Australia"
"3273","eb17d349-c69e-4e4d-b538-efbd41fc8fb8","Acraea andromacha","https://biodiversity.org.au/afd/taxa/86294130-ca0d-4e27-81da-5a82a7cd4c87",-26.215005,152.495685,2025-02-02 13:22:00,"PRESENT","iNaturalist Australia"
"3274","eb19648b-4d2a-4ac6-8e4c-5398bb5e7f0e","Acraea terpsicore","https://biodiversity.org.au/afd/taxa/ba632bea-a7b4-4b60-bf89-d63128cad841",-12.39096,130.845915,2021-10-09 14:57:00,"PRESENT","iNaturalist Australia"
"3275","eb40dfee-bbe4-40d8-a648-5b8da3190f2f","Acraea terpsicore","https://biodiversity.org.au/afd/taxa/ba632bea-a7b4-4b60-bf89-d63128cad841",-13.345287,131.132981,2024-05-14 13:46:00,"PRESENT","iNaturalist Australia"
"3276","eb6df2c4-9408-4aa8-98cf-5f23879d0ea8","Acraea terpsicore","https://biodiversity.org.au/afd/taxa/ba632bea-a7b4-4b60-bf89-d63128cad841",-12.660516,131.77279,2022-05-01 16:24:00,"PRESENT","iNaturalist Australia"
"3277","eb74bf23-41f3-40c3-b539-312d9b82f025","Acraea andromacha","https://biodiversity.org.au/afd/taxa/86294130-ca0d-4e27-81da-5a82a7cd4c87",-27.605878,152.608397,2021-05-09 10:54:00,"PRESENT","iNaturalist Australia"
"3278","eb8d216c-ac1e-40db-a9e3-7f49a925ca23","Acraea terpsicore","https://biodiversity.org.au/afd/taxa/ba632bea-a7b4-4b60-bf89-d63128cad841",-12.650938,132.573927,2023-05-06 14:18:00,"PRESENT","iNaturalist Australia"
"3279","eb91b55e-b0c1-4c6e-8dcd-029683fdd412","Acraea terpsicore","https://biodiversity.org.au/afd/taxa/ba632bea-a7b4-4b60-bf89-d63128cad841",-14.3,132.4,2021-01-24 10:49:00,"PRESENT","Earth Guardians Weekly Feed"
"3280","eb98b17a-c628-4869-a736-0fc2ab4b43d1","Acraea andromacha","https://biodiversity.org.au/afd/taxa/86294130-ca0d-4e27-81da-5a82a7cd4c87",-27.6871,152.853012,2025-07-08 14:18:00,"PRESENT","iNaturalist Australia"
"3281","eb9965c4-3d48-4b44-877e-9fa4dae2bac4","Acraea andromacha","https://biodiversity.org.au/afd/taxa/86294130-ca0d-4e27-81da-5a82a7cd4c87",-27.681246,153.063716,2025-09-11 15:32:05,"PRESENT","iNaturalist Australia"
"3282","ebc4da0e-90f8-4e44-9f7a-f700fc8ac47f","Acraea terpsicore","https://biodiversity.org.au/afd/taxa/ba632bea-a7b4-4b60-bf89-d63128cad841",-27.485728,152.951375,2022-01-02 10:59:00,"PRESENT","iNaturalist Australia"
"3283","ebcb323f-7fc1-406c-b087-c714de183641","Acraea andromacha","https://biodiversity.org.au/afd/taxa/86294130-ca0d-4e27-81da-5a82a7cd4c87",-27.54786,152.8565,2022-04-12 00:21:00,"PRESENT","Butterflies Australia"
"3284","ebd0df33-f8ac-43c1-901c-96f3143266f3","Acraea andromacha","https://biodiversity.org.au/afd/taxa/86294130-ca0d-4e27-81da-5a82a7cd4c87",-27.40064,153.02942,2021-04-21 11:43:00,"PRESENT","Butterflies Australia"
"3285","ebe40521-a264-4166-8442-dcf3f1aa69e1","Acraea andromacha","https://biodiversity.org.au/afd/taxa/86294130-ca0d-4e27-81da-5a82a7cd4c87",-27.786417,152.805583,2023-11-12 11:00:00,"PRESENT","iNaturalist Australia"
"3286","ebf0f06f-4c5f-47eb-baa6-7e4762097814","Acraea terpsicore","https://biodiversity.org.au/afd/taxa/ba632bea-a7b4-4b60-bf89-d63128cad841",-20.272255,148.714606,2023-07-10 09:36:00,"PRESENT","iNaturalist Australia"
"3287","ebf351c7-e2a9-4da1-927e-bec2e471624a","Acraea andromacha","https://biodiversity.org.au/afd/taxa/86294130-ca0d-4e27-81da-5a82a7cd4c87",-27.596016,151.987935,2025-02-27 17:00:00,"PRESENT","iNaturalist Australia"
"3288","ec04bf88-4c30-42b4-8371-202f813413e4","Acraea andromacha","https://biodiversity.org.au/afd/taxa/86294130-ca0d-4e27-81da-5a82a7cd4c87",-27.536097,153.039525,2024-10-22 10:49:00,"PRESENT","iNaturalist Australia"
"3289","ec51112b-32c3-4792-a41c-f580142be3ad","Acraea andromacha","https://biodiversity.org.au/afd/taxa/86294130-ca0d-4e27-81da-5a82a7cd4c87",-27.550139,153.058875,2025-09-05 10:06:10,"PRESENT","iNaturalist Australia"
"3290","ec59f8cb-3dbf-4ec8-899a-df921ab28dba","Acraea andromacha","https://biodiversity.org.au/afd/taxa/86294130-ca0d-4e27-81da-5a82a7cd4c87",-34.063536,150.772682,2024-05-13 09:56:28,"PRESENT","iNaturalist Australia"
"3291","ec6a6c71-02e7-4b72-8711-ca4472375b0c","Acraea andromacha","https://biodiversity.org.au/afd/taxa/86294130-ca0d-4e27-81da-5a82a7cd4c87",-27.53948,153.06619,2021-12-22 22:46:00,"PRESENT","Butterflies Australia"
"3292","ec87cc38-b03f-45cf-9f9e-dc2522f4f39b","Acraea andromacha","https://biodiversity.org.au/afd/taxa/86294130-ca0d-4e27-81da-5a82a7cd4c87",-27.532837,152.816383,2023-09-25 13:04:07,"PRESENT","iNaturalist Australia"
"3293","eca1ac54-413a-4922-a630-7f21c7edae84","Acraea andromacha","https://biodiversity.org.au/afd/taxa/86294130-ca0d-4e27-81da-5a82a7cd4c87",-28.7608,152.42465,2024-04-11 16:05:00,"PRESENT","iNaturalist Australia"
"3294","ecbc5957-882a-4850-9aa7-77adce296c31","Afrohybanthus enneaspermus","https://id.biodiversity.org.au/taxon/apni/51448720",-19.259936,146.808773,2021-01-11 08:04:00,"PRESENT","iNaturalist Australia"
"3295","ecda7752-df3b-4284-9dc3-0b2ed8ee7546","Acraea terpsicore","https://biodiversity.org.au/afd/taxa/ba632bea-a7b4-4b60-bf89-d63128cad841",-19.239053,146.804688,2024-05-20 17:04:42,"PRESENT","iNaturalist Australia"
"3296","ece4dada-d825-4db7-8829-60ff5bc9b4d0","Acraea terpsicore","https://biodiversity.org.au/afd/taxa/ba632bea-a7b4-4b60-bf89-d63128cad841",-18.22308,144.665875,2024-05-03 13:37:20,"PRESENT","iNaturalist Australia"
"3297","ed04b0d2-3e18-46ae-a047-feedcf18f488","Acraea andromacha","https://biodiversity.org.au/afd/taxa/86294130-ca0d-4e27-81da-5a82a7cd4c87",-27.236222,152.567479,2025-01-26 12:14:00,"PRESENT","iNaturalist Australia"
"3298","ed05c57a-fdb7-4a0a-8f73-08f15db87415","Afrohybanthus enneaspermus","https://id.biodiversity.org.au/taxon/apni/51448720",-12.537928,130.979033,2024-01-27 10:34:00,"PRESENT","iNaturalist Australia"
"3299","ed1ad574-5808-4317-b139-04d859aa7e0d","Acraea terpsicore","https://biodiversity.org.au/afd/taxa/ba632bea-a7b4-4b60-bf89-d63128cad841",-12.554173,130.869717,2025-01-04 12:21:34,"PRESENT","iNaturalist Australia"
"3300","ed315ba6-f9f8-4013-be3e-860a8a9fbb52","Acraea andromacha","https://biodiversity.org.au/afd/taxa/afb7279d-cb44-4c89-be73-cf1e0a48cf46",-27.58101,151.97402,2022-03-01,"PRESENT","WildNet - Queensland Wildlife Data"
"3301","ed36dfd3-71df-40e5-a8d9-7711a15a706f","Afrohybanthus enneaspermus","https://id.biodiversity.org.au/taxon/apni/51448720",-23.492775,150.477987,2022-01-13 07:10:15,"PRESENT","iNaturalist Australia"
"3302","ed546cfa-2002-487b-8556-1c461f31fc78","Acraea andromacha","https://biodiversity.org.au/afd/taxa/86294130-ca0d-4e27-81da-5a82a7cd4c87",-27.557755,151.951613,2025-09-23 09:51:33,"PRESENT","iNaturalist Australia"
"3303","ed5a034c-6ed6-4b0f-b367-7f257d82bed4","Acraea andromacha","https://biodiversity.org.au/afd/taxa/86294130-ca0d-4e27-81da-5a82a7cd4c87",-30.524808,151.665895,2024-04-05 11:44:36,"PRESENT","iNaturalist Australia"
"3304","ed659977-e701-4c77-908a-9c5545de0366","Acraea terpsicore","https://biodiversity.org.au/afd/taxa/ba632bea-a7b4-4b60-bf89-d63128cad841",-19.0274,146.4183,2022-12-21,"PRESENT","Butterflies Australia"
"3305","ed6c9c5a-282b-4d43-803e-f9281b6d327d","Acraea terpsicore","https://biodiversity.org.au/afd/taxa/ba632bea-a7b4-4b60-bf89-d63128cad841",-18.204128,144.563907,2025-05-05 12:13:45,"PRESENT","iNaturalist Australia"
"3306","ed6f04c3-1dc7-4ee0-bff8-43eb25b9c772","Acraea andromacha","https://biodiversity.org.au/afd/taxa/86294130-ca0d-4e27-81da-5a82a7cd4c87",-27.543103,153.072844,2022-02-13 14:17:00,"PRESENT","iNaturalist Australia"
"3307","ed765d70-b1f1-46b5-b9ba-88f1d917a302","Acraea terpsicore","https://biodiversity.org.au/afd/taxa/ba632bea-a7b4-4b60-bf89-d63128cad841",-18.2793,143.547855,2022-04-09 17:46:22,"PRESENT","iNaturalist Australia"
"3308","ed774c4f-0d7a-4db4-8f2f-0c3a37470ad6","Afrohybanthus enneaspermus","https://id.biodiversity.org.au/taxon/apni/51448720",-16.56944,135.1873,2022-04-01,"PRESENT","Flora Atlas N.T."
"3309","ed7d5f4e-6aa6-470c-8973-d00029f18d62","Acraea andromacha","https://biodiversity.org.au/afd/taxa/86294130-ca0d-4e27-81da-5a82a7cd4c87",-28.029254,153.314063,2024-04-01 11:47:00,"PRESENT","iNaturalist Australia"
"3310","ed962eb2-4358-4220-a946-b8f4358006c9","Acraea andromacha","https://biodiversity.org.au/afd/taxa/86294130-ca0d-4e27-81da-5a82a7cd4c87",-27.5,152.7,2021-02-03 20:21:00,"PRESENT","Earth Guardians Weekly Feed"
"3311","ed9b5c84-c0bf-438f-8d50-878882fa5c06","Acraea andromacha","https://biodiversity.org.au/afd/taxa/86294130-ca0d-4e27-81da-5a82a7cd4c87",-27.693928,152.866255,2023-07-06 12:23:48,"PRESENT","iNaturalist Australia"
"3312","edc1fe19-90e4-48f7-830f-273420d39984","Acraea andromacha","https://biodiversity.org.au/afd/taxa/86294130-ca0d-4e27-81da-5a82a7cd4c87",-27.266667,152.8,2021-01-09 14:37:00,"PRESENT","iNaturalist Australia"
"3313","edc3a40d-4bec-4c7d-9946-ac73bb060d97","Afrohybanthus enneaspermus","https://id.biodiversity.org.au/taxon/apni/51448720",-11.048396,132.128585,2025-06-02 17:11:00,"PRESENT","iNaturalist Australia"
"3314","edecd3a4-ad90-41be-9cd9-e5f196a95295","Acraea andromacha","https://biodiversity.org.au/afd/taxa/86294130-ca0d-4e27-81da-5a82a7cd4c87",-22.905343,149.496451,2022-08-12 08:24:55,"PRESENT","iNaturalist Australia"
"3315","edf8d148-83d5-4551-851b-47fe1c83e447","Acraea andromacha","https://biodiversity.org.au/afd/taxa/86294130-ca0d-4e27-81da-5a82a7cd4c87",-28.002775,152.679221,2022-04-24 11:36:00,"PRESENT","iNaturalist Australia"
"3316","ee046fb5-5470-4b15-abd3-8ce553943ff0","Acraea andromacha","https://biodiversity.org.au/afd/taxa/86294130-ca0d-4e27-81da-5a82a7cd4c87",-27.734602,152.767899,2023-03-12 13:23:00,"PRESENT","iNaturalist Australia"
"3317","ee0e9639-1266-44f9-9d24-d5d36d23ead4","Acraea andromacha","https://biodiversity.org.au/afd/taxa/86294130-ca0d-4e27-81da-5a82a7cd4c87",-27.583974,153.042997,2022-02-13 09:59:00,"PRESENT","iNaturalist Australia"
"3318","ee1a9bab-33ab-42f6-acaf-7d10b22c9692","Acraea andromacha","https://biodiversity.org.au/afd/taxa/86294130-ca0d-4e27-81da-5a82a7cd4c87",-24.22255,148.22252,2025-08-03 13:25:00,"PRESENT","iNaturalist Australia"
"3319","ee1b42a5-9c36-489d-8bf7-9f941ed1e202","Acraea andromacha","https://biodiversity.org.au/afd/taxa/86294130-ca0d-4e27-81da-5a82a7cd4c87",-27.5229,152.853928,2024-08-23 16:59:58,"PRESENT","iNaturalist Australia"
"3320","ee47120a-672c-419d-b9f8-c662dae59204","Acraea andromacha","https://biodiversity.org.au/afd/taxa/86294130-ca0d-4e27-81da-5a82a7cd4c87",-19.256205,146.793972,2022-04-16 09:53:00,"PRESENT","iNaturalist Australia"
"3321","ee481cb6-a50f-49e1-b814-47b3dd9a5769","Acraea terpsicore","https://biodiversity.org.au/afd/taxa/ba632bea-a7b4-4b60-bf89-d63128cad841",-10.581494,142.211231,2021-06-11 14:51:00,"PRESENT","iNaturalist Australia"
"3322","ee4cfcd8-d91d-4152-b983-689c863e5260","Acraea terpsicore","https://biodiversity.org.au/afd/taxa/ba632bea-a7b4-4b60-bf89-d63128cad841",-18.0067,139.04892,2023-09-11 00:03:00,"PRESENT","Butterflies Australia"
"3323","ee51dc08-40ed-4d39-8e42-38e147370f8d","Acraea terpsicore","https://biodiversity.org.au/afd/taxa/ba632bea-a7b4-4b60-bf89-d63128cad841",-11.522892,130.739028,2025-04-12 10:39:24,"PRESENT","iNaturalist Australia"
"3324","ee5543ec-a007-4c57-8607-99592c4c959d","Acraea andromacha","https://biodiversity.org.au/afd/taxa/86294130-ca0d-4e27-81da-5a82a7cd4c87",-27.46542,153.188515,2024-04-06 11:12:00,"PRESENT","iNaturalist Australia"
"3325","ee5691f7-c0cf-4a94-b7d3-bc529585717b","Acraea andromacha","https://biodiversity.org.au/afd/taxa/86294130-ca0d-4e27-81da-5a82a7cd4c87",-31.076772,153.0525,2023-08-27 11:22:32,"PRESENT","iNaturalist Australia"
"3326","ee66754d-a668-4223-b2f4-9f9d8ed43d17","Acraea terpsicore","https://biodiversity.org.au/afd/taxa/ba632bea-a7b4-4b60-bf89-d63128cad841",-20.441535,145.532879,2022-09-24 11:53:00,"PRESENT","iNaturalist Australia"
"3327","ee7478ca-daec-407e-8432-d26442869a92","Acraea andromacha","https://biodiversity.org.au/afd/taxa/86294130-ca0d-4e27-81da-5a82a7cd4c87",-27.7,152.8,2024-06-14 11:25:00,"PRESENT","Earth Guardians Weekly Feed"
"3328","ee799ecd-c7c7-4df8-b9dc-d9eeb3565865","Acraea andromacha","https://biodiversity.org.au/afd/taxa/86294130-ca0d-4e27-81da-5a82a7cd4c87",-19.66197,147.31308,2021-12-26 17:18:00,"PRESENT","iNaturalist Australia"
"3329","eeda7c17-2fa1-4785-8232-f50aae17968a","Acraea terpsicore","https://biodiversity.org.au/afd/taxa/ba632bea-a7b4-4b60-bf89-d63128cad841",-19.15717,146.854684,2025-06-05,"PRESENT","iNaturalist Australia"
"3330","eee23985-5eb5-4a5d-9bae-ddabcf88b2f7","Acraea terpsicore","https://biodiversity.org.au/afd/taxa/ba632bea-a7b4-4b60-bf89-d63128cad841",-18.380835,122.028988,2023-05-15 10:20:00,"PRESENT","iNaturalist Australia"
"3331","ef0202c3-1059-4075-bbcf-c6c9a3199fc1","Afrohybanthus enneaspermus","https://id.biodiversity.org.au/taxon/apni/51448720",-23.492915,150.474914,2023-01-21 09:28:27,"PRESENT","iNaturalist Australia"
"3332","ef084a68-2782-4684-b99c-c0b3377145e5","Acraea terpsicore","https://biodiversity.org.au/afd/taxa/ba632bea-a7b4-4b60-bf89-d63128cad841",-17.374467,145.315581,2022-03-01 23:00:00,"PRESENT","Butterflies Australia"
"3333","ef09bd5a-ab31-461d-b373-f8229d0a5e3d","Acraea terpsicore","https://biodiversity.org.au/afd/taxa/ba632bea-a7b4-4b60-bf89-d63128cad841",-25.773507,152.959608,2022-02-21 08:30:00,"PRESENT","iNaturalist Australia"
"3334","ef1b9193-8d48-4155-9972-22d98fcc7c16","Acraea terpsicore","https://biodiversity.org.au/afd/taxa/ba632bea-a7b4-4b60-bf89-d63128cad841",-17.360614,145.327192,2021-03-06 12:06:00,"PRESENT","iNaturalist Australia"
"3335","ef215273-2d55-46ca-873e-bed6ae601f1e","Acraea andromacha","https://biodiversity.org.au/afd/taxa/86294130-ca0d-4e27-81da-5a82a7cd4c87",-28.235882,153.012575,2025-01-09 13:53:36,"PRESENT","iNaturalist Australia"
"3336","ef2b43bd-1bd8-4be8-87a1-a0c4eda72e15","Afrohybanthus enneaspermus","https://id.biodiversity.org.au/taxon/apni/51448720",-19.705627,146.837756,2022-11-27 12:27:27,"PRESENT","iNaturalist Australia"
"3337","ef514658-9814-473a-b9f9-c982efec9f37","Acraea andromacha","https://biodiversity.org.au/afd/taxa/86294130-ca0d-4e27-81da-5a82a7cd4c87",-28.178361,153.066278,2025-04-14 10:50:00,"PRESENT","iNaturalist Australia"
"3338","ef5590c1-961e-4155-84f8-c20104e30e84","Acraea andromacha","https://biodiversity.org.au/afd/taxa/86294130-ca0d-4e27-81da-5a82a7cd4c87",-27.54284,153.0725,2021-02-06 11:22:00,"PRESENT","Butterflies Australia"
"3339","ef779663-34e6-46c8-acfb-0d34da459064","Acraea terpsicore","https://biodiversity.org.au/afd/taxa/ba632bea-a7b4-4b60-bf89-d63128cad841",-27.496647,152.959618,2022-03-06 10:58:00,"PRESENT","iNaturalist Australia"
"3340","ef7f14f6-5377-4263-8331-10e7bc386e1f","Acraea andromacha","https://biodiversity.org.au/afd/taxa/86294130-ca0d-4e27-81da-5a82a7cd4c87",-27.505116,152.918514,2024-07-23 15:38:54,"PRESENT","iNaturalist Australia"
"3341","ef9de0e2-6388-4b1f-b479-9f14b89f1221","Afrohybanthus enneaspermus","https://id.biodiversity.org.au/taxon/apni/51448720",-12.483524,135.77707,2025-01-16 09:37:06,"PRESENT","iNaturalist Australia"
"3342","efbf7f4e-dc3a-4577-8a38-0db794629595","Acraea terpsicore","https://biodiversity.org.au/afd/taxa/ba632bea-a7b4-4b60-bf89-d63128cad841",-16.567777,145.183056,2023-01-28 12:59:00,"PRESENT","iNaturalist Australia"
"3343","f00b7d7f-f177-4eb6-a54c-b4e226a05b83","Afrohybanthus enneaspermus","https://id.biodiversity.org.au/taxon/apni/51448720",-23.493101,150.476168,2025-02-09 06:39:58,"PRESENT","iNaturalist Australia"
"3344","f00c953e-7838-44f6-97ad-c8287a2fad10","Acraea andromacha","https://biodiversity.org.au/afd/taxa/86294130-ca0d-4e27-81da-5a82a7cd4c87",-26.382763,152.569563,2024-03-03 13:16:29,"PRESENT","iNaturalist Australia"
"3345","f0206304-811c-4ac1-bae7-ea56ee033c9a","Acraea andromacha","https://biodiversity.org.au/afd/taxa/86294130-ca0d-4e27-81da-5a82a7cd4c87",-30.570346,151.720622,2022-01-22 09:58:13,"PRESENT","iNaturalist Australia"
"3346","f027d76a-95cb-4a44-91b7-ac22c0328bd7","Acraea terpsicore","https://biodiversity.org.au/afd/taxa/ba632bea-a7b4-4b60-bf89-d63128cad841",-19.60983,146.828903,2024-04-25 10:34:44,"PRESENT","iNaturalist Australia"
"3347","f0303283-312b-4a93-9bd8-95c5b46c7ce0","Acraea terpsicore","https://biodiversity.org.au/afd/taxa/ba632bea-a7b4-4b60-bf89-d63128cad841",-20.343213,144.460662,2024-05-10 14:01:24,"PRESENT","iNaturalist Australia"
"3348","f0322dbd-0bf2-4fc6-903b-026cd77795c6","Acraea andromacha","https://biodiversity.org.au/afd/taxa/86294130-ca0d-4e27-81da-5a82a7cd4c87",-27.472792,152.943237,2025-03-31 09:41:44,"PRESENT","iNaturalist Australia"
"3349","f04648cf-8fd1-4731-b67d-764bf075dcee","Acraea andromacha","https://biodiversity.org.au/afd/taxa/86294130-ca0d-4e27-81da-5a82a7cd4c87",-30.532093,151.836861,2025-02-02 15:20:17,"PRESENT","iNaturalist Australia"
"3350","f0624aa5-28e5-4702-8358-fc946e90b4dc","Acraea terpsicore","https://biodiversity.org.au/afd/taxa/ba632bea-a7b4-4b60-bf89-d63128cad841",-18.728389,144.311995,2025-08-04 12:42:00,"PRESENT","iNaturalist Australia"
"3351","f0674a12-ce25-4894-b7f3-af01b1014ead","Acraea andromacha","https://biodiversity.org.au/afd/taxa/86294130-ca0d-4e27-81da-5a82a7cd4c87",-27.435178,153.545106,2023-10-19 13:05:04,"PRESENT","iNaturalist Australia"
"3352","f093cc1d-9d2f-410e-9013-c76647c63b52","Acraea terpsicore","https://biodiversity.org.au/afd/taxa/ba632bea-a7b4-4b60-bf89-d63128cad841",-19.207633,146.741807,2021-05-16 14:58:00,"PRESENT","iNaturalist Australia"
"3353","f0ea2468-a7a2-41e8-9e62-0d42f4b34f0b","Acraea terpsicore","https://biodiversity.org.au/afd/taxa/ba632bea-a7b4-4b60-bf89-d63128cad841",-23.65659,148.078599,2023-06-11 11:03:50,"PRESENT","iNaturalist Australia"
"3354","f10cea1e-d7ad-4084-8849-4a53a035c743","Acraea andromacha","https://biodiversity.org.au/afd/taxa/86294130-ca0d-4e27-81da-5a82a7cd4c87",-27.649788,152.903365,2024-05-11 10:12:00,"PRESENT","iNaturalist Australia"
"3355","f11742bd-44a1-4f55-b5b0-2efb0df55d58","Afrohybanthus enneaspermus","https://id.biodiversity.org.au/taxon/apni/51448720",-16.47436,134.31702,2022-02-22,"PRESENT","Flora Atlas N.T."
"3356","f1352601-d5a3-498a-b5f3-c8d6f5bf0b74","Acraea andromacha","https://biodiversity.org.au/afd/taxa/86294130-ca0d-4e27-81da-5a82a7cd4c87",-26.930013,152.997993,2023-08-23 10:05:00,"PRESENT","iNaturalist Australia"
"3357","f1369cdb-7447-4fb7-9195-afd776dcbc02","Acraea andromacha","https://biodiversity.org.au/afd/taxa/86294130-ca0d-4e27-81da-5a82a7cd4c87",-25.803492,152.79199,2024-02-24 09:04:00,"PRESENT","iNaturalist Australia"
"3358","f14c9a6e-8525-45aa-bf63-3e9b2eacb5fc","Acraea andromacha","https://biodiversity.org.au/afd/taxa/86294130-ca0d-4e27-81da-5a82a7cd4c87",-27.82262,152.992247,2024-11-17 10:15:41,"PRESENT","iNaturalist Australia"
"3359","f1775372-fbb4-4804-867f-5511ad012bf7","Acraea andromacha","https://biodiversity.org.au/afd/taxa/86294130-ca0d-4e27-81da-5a82a7cd4c87",-27.580435,152.658524,2022-03-24 12:27:00,"PRESENT","iNaturalist Australia"
"3360","f19ee5a6-adf9-4208-b864-d9a5377fb03e","Acraea andromacha","https://biodiversity.org.au/afd/taxa/86294130-ca0d-4e27-81da-5a82a7cd4c87",-27.757555,152.866147,2021-09-26 12:57:00,"PRESENT","iNaturalist Australia"
"3361","f1afdb28-3809-43e7-8b77-c6e55f965d41","Acraea terpsicore","https://biodiversity.org.au/afd/taxa/ba632bea-a7b4-4b60-bf89-d63128cad841",-27.483221,152.955591,2022-01-11 11:07:00,"PRESENT","iNaturalist Australia"
"3362","f1b02829-5229-4c33-a884-6fa7d1adcc15","Acraea andromacha","https://biodiversity.org.au/afd/taxa/86294130-ca0d-4e27-81da-5a82a7cd4c87",-30.33774,149.756064,2024-02-27 08:02:00,"PRESENT","iNaturalist Australia"
"3363","f1bafe53-1612-4c13-b0c6-6c3bd480b8c3","Acraea andromacha","https://biodiversity.org.au/afd/taxa/86294130-ca0d-4e27-81da-5a82a7cd4c87",-24.156728,151.88726,2024-10-10 12:16:00,"PRESENT","iNaturalist Australia"
"3364","f1f4f090-96b5-4e98-a1f3-666c1acc89ef","Acraea andromacha","https://biodiversity.org.au/afd/taxa/86294130-ca0d-4e27-81da-5a82a7cd4c87",-32.226139,152.454631,2025-04-25 13:39:00,"PRESENT","iNaturalist Australia"
"3365","f200cca4-19e4-47bc-be05-21714e98b004","Acraea andromacha","https://biodiversity.org.au/afd/taxa/86294130-ca0d-4e27-81da-5a82a7cd4c87",-27.335561,153.082182,2021-05-30 11:32:00,"PRESENT","iNaturalist Australia"
"3366","f20f5ddb-bb0c-411e-9a0b-c3f4777c49ca","Acraea andromacha","https://biodiversity.org.au/afd/taxa/86294130-ca0d-4e27-81da-5a82a7cd4c87",-25.068345,148.24732,2021-10-01 14:13:01,"PRESENT","iNaturalist Australia"
"3367","f2126cc7-047a-46bb-86ea-5a4d5a4baba4","Acraea andromacha","https://biodiversity.org.au/afd/taxa/86294130-ca0d-4e27-81da-5a82a7cd4c87",-30.469082,151.638343,2023-03-10 12:58:00,"PRESENT","iNaturalist Australia"
"3368","f22d9a6a-ef99-4de4-9c69-455953605401","Acraea andromacha","https://biodiversity.org.au/afd/taxa/86294130-ca0d-4e27-81da-5a82a7cd4c87",-24.7126,150.987,2022-10-12 23:00:00,"PRESENT","Butterflies Australia"
"3369","f25f5ba1-fdf0-42da-841e-6627ded38cf6","Acraea terpsicore","https://biodiversity.org.au/afd/taxa/ba632bea-a7b4-4b60-bf89-d63128cad841",-18.421208,122.112633,2021-07-19 15:38:05,"PRESENT","iNaturalist Australia"
"3370","f26ea027-21ea-4e6c-925a-be401ee61d5e","Acraea andromacha","https://biodiversity.org.au/afd/taxa/86294130-ca0d-4e27-81da-5a82a7cd4c87",-30.111865,153.21058,2025-06-06 09:09:00,"PRESENT","iNaturalist Australia"
"3371","f285ac5a-d3b4-4f23-ad3c-774053e43198","Adenia heterophylla","https://id.biodiversity.org.au/taxon/apni/51442112",-16.555051,145.472887,2024-06-30 17:33:00,"PRESENT","iNaturalist Australia"
"3372","f29248e6-b8e4-44f8-8807-fb160205322c","Acraea andromacha","https://biodiversity.org.au/afd/taxa/86294130-ca0d-4e27-81da-5a82a7cd4c87",-29.934505,152.733473,2024-03-23 14:39:47,"PRESENT","iNaturalist Australia"
"3373","f2990183-5fc5-40b4-b85f-8e60efb5c066","Acraea andromacha","https://biodiversity.org.au/afd/taxa/86294130-ca0d-4e27-81da-5a82a7cd4c87",-28.335274,153.151609,2025-03-17 03:57:00,"PRESENT","iNaturalist Australia"
"3374","f2a60aff-7ee9-4e1c-87fe-46e30ee107d6","Afrohybanthus enneaspermus","https://id.biodiversity.org.au/taxon/apni/51448720",-16.33835,133.84457,2022-02-20,"PRESENT","Flora Atlas N.T."
"3375","f2eaec41-9ff2-47e5-8492-b936a6013edf","Afrohybanthus enneaspermus","https://id.biodiversity.org.au/taxon/apni/51448720",-22.384926,146.70495,2021-02-26 06:46:10,"PRESENT","iNaturalist Australia"
"3376","f3085255-d928-4056-b4d4-884b3b3955a6","Acraea andromacha","https://biodiversity.org.au/afd/taxa/86294130-ca0d-4e27-81da-5a82a7cd4c87",-27.602,153.243208,2021-02-14 12:17:00,"PRESENT","iNaturalist Australia"
"3377","f309aa12-98e0-439c-8780-8235937e0fc7","Acraea andromacha","https://biodiversity.org.au/afd/taxa/86294130-ca0d-4e27-81da-5a82a7cd4c87",-27.50982,153.07867,2022-03-19 00:53:00,"PRESENT","Butterflies Australia"
"3378","f30bdcb7-43c8-4611-8392-a33110590b49","Acraea andromacha","https://biodiversity.org.au/afd/taxa/86294130-ca0d-4e27-81da-5a82a7cd4c87",-28.25974,153.401738,2021-03-04 13:05:00,"PRESENT","iNaturalist Australia"
"3379","f32cd51d-2399-44ec-bebd-462f4d1b4f0c","Acraea andromacha","https://biodiversity.org.au/afd/taxa/86294130-ca0d-4e27-81da-5a82a7cd4c87",-27.340503,153.080701,2026-01-03 10:35:00,"PRESENT","iNaturalist Australia"
"3380","f3335dce-77fe-485b-982c-aaeb94555804","Acraea andromacha","https://biodiversity.org.au/afd/taxa/afb7279d-cb44-4c89-be73-cf1e0a48cf46",-27.59055,151.98655,2022-04-10,"PRESENT","WildNet - Queensland Wildlife Data"
"3381","f33872dd-b8fc-4f43-a01d-dd36a3401219","Acraea terpsicore","https://biodiversity.org.au/afd/taxa/ba632bea-a7b4-4b60-bf89-d63128cad841",-27.580751,152.660144,2022-04-03 12:01:00,"PRESENT","iNaturalist Australia"
"3382","f33911ea-bd95-4f2d-8e66-e1bf5a8625a5","Acraea terpsicore","https://biodiversity.org.au/afd/taxa/ba632bea-a7b4-4b60-bf89-d63128cad841",-27.380712,152.908785,2022-02-08 11:25:00,"PRESENT","iNaturalist Australia"
"3383","f339cfba-9fdf-4c4b-b16c-dc9315df8816","Afrohybanthus enneaspermus","https://id.biodiversity.org.au/taxon/apni/51448720",-15.34498,133.65036,2022-03-09,"PRESENT","Flora Atlas N.T."
"3384","f34a6468-7f02-4642-8552-bf805194e47a","Acraea andromacha","https://biodiversity.org.au/afd/taxa/86294130-ca0d-4e27-81da-5a82a7cd4c87",-27.316519,153.063715,2024-02-09 11:46:00,"PRESENT","iNaturalist Australia"
"3385","f37b56f9-a9ae-42d0-ab30-bff4ad7c5a38","Acraea terpsicore","https://biodiversity.org.au/afd/taxa/ba632bea-a7b4-4b60-bf89-d63128cad841",-19.202405,146.749726,2022-05-02 08:14:30,"PRESENT","iNaturalist Australia"
"3386","f37b9eaa-5d15-4983-818f-a89b1d293c42","Afrohybanthus enneaspermus","https://id.biodiversity.org.au/taxon/apni/51448720",-23.493709,150.476555,2023-04-08 07:57:43,"PRESENT","iNaturalist Australia"
"3387","f37d3d8b-33d8-44e2-b4b2-d2965cf981d5","Acraea andromacha","https://biodiversity.org.au/afd/taxa/86294130-ca0d-4e27-81da-5a82a7cd4c87",-27.924316,153.384395,2023-05-10 20:45:00,"PRESENT","iNaturalist Australia"
"3388","f382b451-f3ee-49de-baff-a45bd903344b","Acraea terpsicore","https://biodiversity.org.au/afd/taxa/ba632bea-a7b4-4b60-bf89-d63128cad841",-19.230497,146.770381,2025-07-06 09:49:00,"PRESENT","iNaturalist Australia"
"3389","f39cefa0-9e62-4cee-bcc0-a8b093ac0292","Acraea andromacha","https://biodiversity.org.au/afd/taxa/86294130-ca0d-4e27-81da-5a82a7cd4c87",-27.54234,153.04926,2022-01-15 00:53:00,"PRESENT","Butterflies Australia"
"3390","f3c18e26-2b95-4393-8e72-eebb9911c9fd","Acraea andromacha","https://biodiversity.org.au/afd/taxa/86294130-ca0d-4e27-81da-5a82a7cd4c87",-17.49341,128.380944,2025-08-15 09:27:00,"PRESENT","iNaturalist Australia"
"3391","f3c623fe-90cf-48ec-9732-64ea7de861c5","Acraea andromacha","https://biodiversity.org.au/afd/taxa/86294130-ca0d-4e27-81da-5a82a7cd4c87",-12.379858,130.854622,2025-08-17 10:29:00,"PRESENT","iNaturalist Australia"
"3392","f3ccd0fa-ae36-455f-babc-7bdc6d30dd94","Acraea terpsicore","https://biodiversity.org.au/afd/taxa/ba632bea-a7b4-4b60-bf89-d63128cad841",-19.258553,146.802537,2022-10-28 11:54:23,"PRESENT","iNaturalist Australia"
"3393","f3ee31d1-8071-4aaa-a210-fbc94639f270","Acraea andromacha","https://biodiversity.org.au/afd/taxa/86294130-ca0d-4e27-81da-5a82a7cd4c87",-26.993024,151.931377,2021-12-18,"PRESENT","iNaturalist Australia"
"3394","f3f8d8ed-77c6-4653-8e86-f7bb8a2c6524","Afrohybanthus enneaspermus","https://id.biodiversity.org.au/taxon/apni/51448720",-12.399389,130.927997,2024-03-17 09:52:00,"PRESENT","iNaturalist Australia"
"3395","f4042a8a-e5fd-4bc8-b867-4386d497a7fa","Acraea terpsicore","https://biodiversity.org.au/afd/taxa/ba632bea-a7b4-4b60-bf89-d63128cad841",-19.9818,148.260105,2022-12-20 10:51:00,"PRESENT","iNaturalist Australia"
"3396","f409a766-30cd-4a3b-ba8d-a5f4f7a094ea","Acraea andromacha","https://biodiversity.org.au/afd/taxa/86294130-ca0d-4e27-81da-5a82a7cd4c87",-25.057,148.2395,2022-10-06,"PRESENT","Butterflies Australia"
"3397","f4218e0c-6cf0-4271-9127-564fc8b466be","Acraea andromacha","https://biodiversity.org.au/afd/taxa/86294130-ca0d-4e27-81da-5a82a7cd4c87",-21.061135,148.558533,2021-07-16 13:45:51,"PRESENT","iNaturalist Australia"
"3398","f4310871-871c-497e-98d6-ba166f99ce24","Acraea terpsicore","https://biodiversity.org.au/afd/taxa/ba632bea-a7b4-4b60-bf89-d63128cad841",-28.50604,153.544007,2022-03-12 11:21:32,"PRESENT","iNaturalist Australia"
"3399","f440e3f6-c3e1-49af-9291-83a72f00fb92","Acraea andromacha","https://biodiversity.org.au/afd/taxa/86294130-ca0d-4e27-81da-5a82a7cd4c87",-24.89448,148.008382,2024-04-26 15:05:00,"PRESENT","iNaturalist Australia"
"3400","f4417e22-39b1-41c8-8ce0-4665a06854d5","Acraea andromacha","https://biodiversity.org.au/afd/taxa/afb7279d-cb44-4c89-be73-cf1e0a48cf46",-27.58101,151.97402,2021-02-01,"PRESENT","WildNet - Queensland Wildlife Data"
"3401","f44491d0-256c-47cd-890b-12594851927d","Acraea terpsicore","https://biodiversity.org.au/afd/taxa/ba632bea-a7b4-4b60-bf89-d63128cad841",-21.988877,146.333354,2025-08-24 19:52:36,"PRESENT","iNaturalist Australia"
"3402","f4458b5b-a50b-45c1-874a-f658422c2043","Acraea andromacha","https://biodiversity.org.au/afd/taxa/afb7279d-cb44-4c89-be73-cf1e0a48cf46",-27.58101,151.97402,2021-11-01,"PRESENT","WildNet - Queensland Wildlife Data"
"3403","f44c7e17-b1a5-46cf-a719-f5dd5d0e07e8","Acraea andromacha","https://biodiversity.org.au/afd/taxa/86294130-ca0d-4e27-81da-5a82a7cd4c87",-35.275777,149.10929,2022-11-26 01:30:00,"PRESENT","NatureMapr"
"3404","f497b709-4747-4f0d-95bb-1a7322b27e65","Acraea andromacha","https://biodiversity.org.au/afd/taxa/86294130-ca0d-4e27-81da-5a82a7cd4c87",-28.35135,153.57325,2023-04-22 10:32:00,"PRESENT","iNaturalist Australia"
"3405","f4a52010-9f9b-4d30-a3c4-7a2c1aefef1a","Acraea andromacha","https://biodiversity.org.au/afd/taxa/86294130-ca0d-4e27-81da-5a82a7cd4c87",-27.374167,152.575111,2023-09-21 08:35:00,"PRESENT","iNaturalist Australia"
"3406","f4b09e14-f744-48b9-a163-fbcee37b0d2d","Acraea terpsicore","https://biodiversity.org.au/afd/taxa/ba632bea-a7b4-4b60-bf89-d63128cad841",-15.5032,145.2798,2022-05-29 02:30:00,"PRESENT","Butterflies Australia"
"3407","f4b2533d-283b-4d4a-a1dc-9e83cae9ee2f","Acraea andromacha","https://biodiversity.org.au/afd/taxa/86294130-ca0d-4e27-81da-5a82a7cd4c87",-27.485595,153.186198,2023-08-27 10:37:00,"PRESENT","iNaturalist Australia"
"3408","f4d2d495-645c-4eaa-97eb-ba2d67be5576","Acraea terpsicore","https://biodiversity.org.au/afd/taxa/ba632bea-a7b4-4b60-bf89-d63128cad841",-16.529578,145.136494,2025-06-11 13:46:00,"PRESENT","iNaturalist Australia"
"3409","f4d98525-e7de-4bd4-bc8c-cad19d525135","Acraea terpsicore","https://biodiversity.org.au/afd/taxa/ba632bea-a7b4-4b60-bf89-d63128cad841",-13.291345,132.334548,2023-05-01 09:40:00,"PRESENT","iNaturalist Australia"
"3410","f4e23f62-c609-471f-ad43-2d4e1d28d22b","Afrohybanthus enneaspermus","https://id.biodiversity.org.au/taxon/apni/51448720",-15.86741,128.72412,2021-01-19,"PRESENT","Western Australian Herbarium (PERTH) AVH data"
"3411","f5283f60-03d2-41a5-af3d-f47b2e615f40","Acraea andromacha","https://biodiversity.org.au/afd/taxa/86294130-ca0d-4e27-81da-5a82a7cd4c87",-28.847583,151.904143,2024-03-15 12:27:00,"PRESENT","iNaturalist Australia"
"3412","f54cdbbd-2630-4954-ab89-1025c72dd734","Acraea terpsicore","https://biodiversity.org.au/afd/taxa/ba632bea-a7b4-4b60-bf89-d63128cad841",-13.8566,136.43651,2021-06-20,"PRESENT","Northern Territory Museum and Art Gallery provider for OZCAM"
"3413","f54d6be0-a08b-42fe-b0fc-20a918707f6b","Acraea terpsicore","https://biodiversity.org.au/afd/taxa/ba632bea-a7b4-4b60-bf89-d63128cad841",-12.462203,130.834732,2025-07-04 13:40:41,"PRESENT","iNaturalist Australia"
"3414","f55eb8b9-e136-4fbc-979a-b188770446b9","Acraea andromacha","https://biodiversity.org.au/afd/taxa/86294130-ca0d-4e27-81da-5a82a7cd4c87",-32.226159,152.454624,2024-02-04 11:19:00,"PRESENT","iNaturalist Australia"
"3415","f5659544-4a35-4407-ae83-26db7fb18c3b","Acraea andromacha","https://biodiversity.org.au/afd/taxa/86294130-ca0d-4e27-81da-5a82a7cd4c87",-32.393234,150.685155,2024-10-13 14:34:00,"PRESENT","iNaturalist Australia"
"3416","f56a24fd-ffca-41c4-953b-9ccfcd8a8154","Acraea andromacha","https://biodiversity.org.au/afd/taxa/86294130-ca0d-4e27-81da-5a82a7cd4c87",-29.779414,151.349417,2024-02-26 07:21:41,"PRESENT","iNaturalist Australia"
"3417","f582da8c-0dbd-467d-9fab-79bd34f2ef43","Acraea andromacha","https://biodiversity.org.au/afd/taxa/86294130-ca0d-4e27-81da-5a82a7cd4c87",-28.173697,152.743152,2024-04-13 15:08:00,"PRESENT","iNaturalist Australia"
"3418","f588efa0-904c-446d-822c-ff9aea5ea216","Acraea terpsicore","https://biodiversity.org.au/afd/taxa/ba632bea-a7b4-4b60-bf89-d63128cad841",-19.4092,146.734603,2024-06-30 12:26:08,"PRESENT","iNaturalist Australia"
"3419","f58c52d7-9bdb-4c9f-9aa4-6ec7cbf9de19","Acraea andromacha","https://biodiversity.org.au/afd/taxa/86294130-ca0d-4e27-81da-5a82a7cd4c87",-17.953354,122.245659,2024-09-08 16:02:00,"PRESENT","iNaturalist Australia"
"3420","f599f04f-be01-4c7e-8abc-13a0493a07f9","Afrohybanthus enneaspermus","https://id.biodiversity.org.au/taxon/apni/51448720",-16.92178,133.42863,2022-02-16,"PRESENT","Flora Atlas N.T."
"3421","f5a1db88-df30-4f9b-a76a-c68625d2ab0a","Acraea andromacha","https://biodiversity.org.au/afd/taxa/86294130-ca0d-4e27-81da-5a82a7cd4c87",-27.436582,153.54481,2022-12-24 07:53:34,"PRESENT","iNaturalist Australia"
"3422","f5a6a45a-0b83-4466-baa5-4935161a477b","Acraea andromacha","https://biodiversity.org.au/afd/taxa/86294130-ca0d-4e27-81da-5a82a7cd4c87",-27.509131,152.993052,2021-02-14 14:00:00,"PRESENT","Brisbane’s Big Butterfly Count"
"3423","f5aa0f83-a725-4cf4-909a-bf8d3b75d8aa","Acraea terpsicore","https://biodiversity.org.au/afd/taxa/ba632bea-a7b4-4b60-bf89-d63128cad841",-14.08351,136.43106,2021-06-16,"PRESENT","Northern Territory Museum and Art Gallery provider for OZCAM"
"3424","f5bd7d35-1fab-4415-9cf7-e66303e1ad83","Acraea terpsicore","https://biodiversity.org.au/afd/taxa/ba632bea-a7b4-4b60-bf89-d63128cad841",-12.41161,130.825055,2024-05-18 16:52:37,"PRESENT","iNaturalist Australia"
"3425","f5c286cc-ada1-4a67-a3d4-7a1a18613d81","Acraea andromacha","https://biodiversity.org.au/afd/taxa/86294130-ca0d-4e27-81da-5a82a7cd4c87",-24.246823,131.574772,2023-01-01 11:14:00,"PRESENT","iNaturalist Australia"
"3426","f5c8099f-2461-4725-828b-d9d3d25b2161","Acraea terpsicore","https://biodiversity.org.au/afd/taxa/ba632bea-a7b4-4b60-bf89-d63128cad841",-19.189942,146.773758,2025-07-13 13:51:19,"PRESENT","iNaturalist Australia"
"3427","f5cb99f9-220a-41af-9dc6-453f835cfcba","Acraea andromacha","https://biodiversity.org.au/afd/taxa/86294130-ca0d-4e27-81da-5a82a7cd4c87",-17.389113,128.271742,2023-03-29 14:00:04,"PRESENT","iNaturalist Australia"
"3428","f5ebef02-4b54-4933-84ba-b2d2303ab598","Acraea terpsicore","https://biodiversity.org.au/afd/taxa/ba632bea-a7b4-4b60-bf89-d63128cad841",-23.799313,151.356343,2024-07-12 13:59:00,"PRESENT","iNaturalist Australia"
"3429","f5fd0b74-1b53-4b15-85bd-5a2943da2663","Acraea andromacha","https://biodiversity.org.au/afd/taxa/86294130-ca0d-4e27-81da-5a82a7cd4c87",-19.731379,120.720893,2025-06-26 09:08:32,"PRESENT","iNaturalist Australia"
"3430","f62ee1f5-3969-4105-9e4d-b945027e0806","Acraea andromacha","https://biodiversity.org.au/afd/taxa/86294130-ca0d-4e27-81da-5a82a7cd4c87",-27.440258,152.920585,2025-09-25 12:06:00,"PRESENT","iNaturalist Australia"
"3431","f6329e58-8d4c-42cb-96bf-95fae0259185","Adenia heterophylla","https://id.biodiversity.org.au/node/apni/2909919",-16.831542,145.705017,2022-04-18 07:55:23,"PRESENT","iNaturalist Australia"
"3432","f65e3db8-caa7-420e-b686-77737fcc42ba","Acraea andromacha","https://biodiversity.org.au/afd/taxa/86294130-ca0d-4e27-81da-5a82a7cd4c87",-24.8485,152.476579,2024-10-09 16:21:00,"PRESENT","iNaturalist Australia"
"3433","f65e4101-89ed-4550-8061-e60fe37ae88c","Acraea terpsicore","https://biodiversity.org.au/afd/taxa/ba632bea-a7b4-4b60-bf89-d63128cad841",-19.2227,146.7794,2025-06-08 12:07:00,"PRESENT","iNaturalist Australia"
"3434","f67b859b-8adf-4ecc-a61b-9a382204d943","Afrohybanthus enneaspermus","https://id.biodiversity.org.au/taxon/apni/51448720",-17.01634,134.72209,2022-04-05,"PRESENT","Flora Atlas N.T."
"3435","f6a19197-0a9f-4fe8-882e-1115d9f34fc7","Acraea andromacha","https://biodiversity.org.au/afd/taxa/86294130-ca0d-4e27-81da-5a82a7cd4c87",-25.718725,151.054997,2022-11-07 10:12:00,"PRESENT","iNaturalist Australia"
"3436","f6a4c92e-d944-48f7-9a1f-0c0df82cb162","Acraea andromacha","https://biodiversity.org.au/afd/taxa/86294130-ca0d-4e27-81da-5a82a7cd4c87",-31.051293,151.765667,2023-01-06 16:07:00,"PRESENT","iNaturalist Australia"
"3437","f6cdbef6-4956-4acb-9952-8e9c1749c3b5","Acraea terpsicore","https://biodiversity.org.au/afd/taxa/ba632bea-a7b4-4b60-bf89-d63128cad841",-26.578612,148.791595,2022-01-28 12:25:24,"PRESENT","iNaturalist Australia"
"3438","f6e110b8-d8b1-40a3-813a-8d8ca77479b9","Acraea terpsicore","https://biodiversity.org.au/afd/taxa/ba632bea-a7b4-4b60-bf89-d63128cad841",-20.064842,146.27057,2025-08-23 03:01:01,"PRESENT","iNaturalist Australia"
"3439","f6e2cc74-715a-4c57-93b9-13fee4ac8077","Afrohybanthus enneaspermus","https://id.biodiversity.org.au/taxon/apni/51448720",-23.49048,150.4787,2025-11-24 06:06:05,"PRESENT","iNaturalist Australia"
"3440","f6ec3cbd-de21-4eab-82c0-cae73a7a0525","Acraea andromacha","https://biodiversity.org.au/afd/taxa/86294130-ca0d-4e27-81da-5a82a7cd4c87",-17.38,145.37,2021-03-11 02:00:00,"PRESENT","Butterflies Australia"
"3441","f701d45c-c92b-4b44-a3ad-eec17153b7bd","Acraea terpsicore","https://biodiversity.org.au/afd/taxa/ba632bea-a7b4-4b60-bf89-d63128cad841",-19.191259,146.771706,2022-03-06 10:08:00,"PRESENT","iNaturalist Australia"
"3442","f702c81a-1bbd-4ba2-b1f8-2ba2ce1bec29","Acraea andromacha","https://biodiversity.org.au/afd/taxa/afb7279d-cb44-4c89-be73-cf1e0a48cf46",-27.63894,151.98527,2023-04-02,"PRESENT","WildNet - Queensland Wildlife Data"
"3443","f70909e4-b65c-4b8f-93f6-59c1f3c9f8f1","Acraea andromacha","https://biodiversity.org.au/afd/taxa/86294130-ca0d-4e27-81da-5a82a7cd4c87",-27.49247,152.980315,2023-03-26 08:41:00,"PRESENT","iNaturalist Australia"
"3444","f70d30c5-929d-425a-96df-89155e4d11e1","Afrohybanthus enneaspermus","https://id.biodiversity.org.au/taxon/apni/51448720",-12.39471,130.920404,2024-11-06 15:50:29,"PRESENT","iNaturalist Australia"
"3445","f7304c4f-5d08-4476-9ca2-3dca14e17dd5","Afrohybanthus enneaspermus","https://id.biodiversity.org.au/taxon/apni/51448720",-23.491158,150.480543,2025-02-09 07:20:17,"PRESENT","iNaturalist Australia"
"3446","f737bc91-24be-4313-9d61-2cffd270f647","Acraea andromacha","https://biodiversity.org.au/afd/taxa/86294130-ca0d-4e27-81da-5a82a7cd4c87",-26.758524,152.860763,2023-04-14 14:43:53,"PRESENT","iNaturalist Australia"
"3447","f766d159-e82b-47ee-993b-dde1b637a551","Acraea terpsicore","https://biodiversity.org.au/afd/taxa/ba632bea-a7b4-4b60-bf89-d63128cad841",-21.914313,148.37209,2022-02-14 14:02:04,"PRESENT","iNaturalist Australia"
"3448","f774f521-7a8b-42a1-99d8-bdc0fc65a3bb","Afrohybanthus enneaspermus","https://id.biodiversity.org.au/taxon/apni/51448720",-17.055025,145.544052,2024-02-08 09:01:59,"PRESENT","iNaturalist Australia"
"3449","f77977bb-d3cf-4cc7-9fdc-76c171879e18","Acraea andromacha","https://biodiversity.org.au/afd/taxa/86294130-ca0d-4e27-81da-5a82a7cd4c87",-31.536193,152.837749,2023-12-26 11:11:08,"PRESENT","iNaturalist Australia"
"3450","f7840c98-c2c1-4c17-bec7-56bc3c38a899","Acraea andromacha","https://biodiversity.org.au/afd/taxa/86294130-ca0d-4e27-81da-5a82a7cd4c87",-30.674276,151.725262,2021-03-08 11:52:00,"PRESENT","iNaturalist Australia"
"3451","f789a8bb-ff4d-4745-a28c-3be40a3a936a","Acraea terpsicore","https://biodiversity.org.au/afd/taxa/ba632bea-a7b4-4b60-bf89-d63128cad841",-27.485586,152.954163,2022-02-12 10:26:00,"PRESENT","iNaturalist Australia"
"3452","f78a12af-5032-4794-af5d-0be29bf98183","Acraea andromacha","https://biodiversity.org.au/afd/taxa/86294130-ca0d-4e27-81da-5a82a7cd4c87",-27.485381,152.960315,2024-03-25 12:35:06,"PRESENT","iNaturalist Australia"
"3453","f795b218-e45b-41f7-90d4-61c664142279","Acraea andromacha","https://biodiversity.org.au/afd/taxa/86294130-ca0d-4e27-81da-5a82a7cd4c87",-27.573263,152.936112,2024-01-06 15:26:00,"PRESENT","iNaturalist Australia"
"3454","f7a49fd0-7bd0-414f-b623-7220568e341b","Acraea terpsicore","https://biodiversity.org.au/afd/taxa/ba632bea-a7b4-4b60-bf89-d63128cad841",-19.32507,146.76175,2023-04-25 14:12:12,"PRESENT","iNaturalist Australia"
"3455","f7a6d41e-4453-4b8b-8291-1e46cabf6fd9","Acraea andromacha","https://biodiversity.org.au/afd/taxa/86294130-ca0d-4e27-81da-5a82a7cd4c87",-18.0283,144.0487,2021-03-22 09:15:00,"PRESENT","Butterflies Australia"
"3456","f7b9d041-eaf2-49b7-be4a-9658db737fb0","Afrohybanthus enneaspermus","https://id.biodiversity.org.au/taxon/apni/51448720",-15.770377,144.974301,2022-09-27 06:09:00,"PRESENT","iNaturalist Australia"
"3457","f7d4e296-723e-4f32-babe-60020c415c75","Acraea andromacha","https://biodiversity.org.au/afd/taxa/86294130-ca0d-4e27-81da-5a82a7cd4c87",-31.460964,152.935653,2025-01-12 15:00:00,"PRESENT","iNaturalist Australia"
"3458","f7ea4020-f924-4163-b6a9-9289b4753b25","Acraea terpsicore","https://biodiversity.org.au/afd/taxa/ba632bea-a7b4-4b60-bf89-d63128cad841",-25.190929,149.972212,2025-04-27 12:34:00,"PRESENT","iNaturalist Australia"
"3459","f7ea99eb-39f8-45b6-99b2-b9713d01e21a","Acraea andromacha","https://biodiversity.org.au/afd/taxa/86294130-ca0d-4e27-81da-5a82a7cd4c87",-17.313756,145.585965,2023-04-15 01:55:00,"PRESENT","Butterflies Australia"
"3460","f7ee390d-6b1a-4926-8f2a-876e6c88ae88","Acraea andromacha","https://biodiversity.org.au/afd/taxa/86294130-ca0d-4e27-81da-5a82a7cd4c87",-26.378126,153.117609,2025-09-28 08:10:45,"PRESENT","iNaturalist Australia"
"3461","f7f7a60c-c949-4d93-8f41-bfc0fd7eb642","Acraea andromacha","https://biodiversity.org.au/afd/taxa/86294130-ca0d-4e27-81da-5a82a7cd4c87",-26.96914,152.855485,2022-10-08 11:15:07,"PRESENT","iNaturalist Australia"
"3462","f8041a72-5d93-499e-80da-92ea00411577","Acraea terpsicore","https://biodiversity.org.au/afd/taxa/ba632bea-a7b4-4b60-bf89-d63128cad841",-12.371995,130.868864,2021-04-26 08:40:00,"PRESENT","iNaturalist Australia"
"3463","f806cbba-3b9d-4556-8a38-b7b941aa075e","Acraea terpsicore","https://biodiversity.org.au/afd/taxa/ba632bea-a7b4-4b60-bf89-d63128cad841",-17.295303,145.478261,2021-08-04 11:36:00,"PRESENT","iNaturalist Australia"
"3464","f80b53eb-f103-4557-ac51-91be7aac68b8","Acraea terpsicore","https://biodiversity.org.au/afd/taxa/ba632bea-a7b4-4b60-bf89-d63128cad841",-18.654694,146.150541,2022-06-24,"PRESENT","iNaturalist Australia"
"3465","f826c1b9-cb8c-46ab-adfb-171bc6269c00","Acraea andromacha","https://biodiversity.org.au/afd/taxa/86294130-ca0d-4e27-81da-5a82a7cd4c87",-28.078786,152.503247,2022-01-23 11:08:00,"PRESENT","iNaturalist Australia"
"3466","f83cc360-23a0-49e5-a623-bf12230d5500","Acraea andromacha","https://biodiversity.org.au/afd/taxa/86294130-ca0d-4e27-81da-5a82a7cd4c87",-21.985683,121.880133,2021-05-18 17:13:00,"PRESENT","Earth Guardians Weekly Feed"
"3467","f847123c-48ff-4425-979b-a376ff423183","Acraea terpsicore","https://biodiversity.org.au/afd/taxa/ba632bea-a7b4-4b60-bf89-d63128cad841",-18.201149,144.571327,2025-05-01 15:51:00,"PRESENT","iNaturalist Australia"
"3468","f85cd014-b177-4d2a-96d2-8da2dc5d947b","Acraea andromacha","https://biodiversity.org.au/afd/taxa/86294130-ca0d-4e27-81da-5a82a7cd4c87",-27.501029,152.776486,2023-04-18 15:08:05,"PRESENT","iNaturalist Australia"
"3469","f85de324-ac72-4c07-a0b5-973daf3ce813","Acraea andromacha","https://biodiversity.org.au/afd/taxa/86294130-ca0d-4e27-81da-5a82a7cd4c87",-27.4,153.1,2024-02-27 08:41:00,"PRESENT","Earth Guardians Weekly Feed"
"3470","f8762dac-d241-4ceb-a890-c6b9fde1a426","Afrohybanthus enneaspermus","https://id.biodiversity.org.au/taxon/apni/51448720",-25.513611,148.731111,2022-04-11,"PRESENT","BRI AVH Data and Images"
"3471","f8921dd2-19e0-460b-8a1b-01c7634c2a14","Acraea terpsicore","https://biodiversity.org.au/afd/taxa/ba632bea-a7b4-4b60-bf89-d63128cad841",-19.592898,146.838806,2024-07-15 12:08:00,"PRESENT","iNaturalist Australia"
"3472","f8c74f21-630e-423e-a0a1-b9e80dd1071e","Acraea andromacha","https://biodiversity.org.au/afd/taxa/86294130-ca0d-4e27-81da-5a82a7cd4c87",-27.575687,152.938553,2022-03-18 12:56:09,"PRESENT","iNaturalist Australia"
"3473","f8e096d8-541d-4937-a012-49d409a0d3db","Acraea andromacha","https://biodiversity.org.au/afd/taxa/86294130-ca0d-4e27-81da-5a82a7cd4c87",-27.466666,152.816667,2022-10-03 10:18:22,"PRESENT","iNaturalist Australia"
"3474","f8fb981e-c2f9-4066-82b4-96c253f37857","Adenia heterophylla","https://id.biodiversity.org.au/taxon/apni/51442111",-12.409391,130.821751,2024-12-14 13:01:51,"PRESENT","iNaturalist Australia"
"3475","f905a4b1-4611-4e1e-8a0f-3da9295ed303","Afrohybanthus enneaspermus","https://id.biodiversity.org.au/taxon/apni/51448720",-13.735087,136.649094,2021-06-17,"PRESENT","Flora Atlas N.T."
"3476","f9186fdb-4738-462e-baab-ddac209b75c9","Adenia heterophylla","https://id.biodiversity.org.au/taxon/apni/51442112",-12.713064,143.289123,2025-08-27 12:36:43,"PRESENT","iNaturalist Australia"
"3477","f9371502-914b-445c-91e6-d69a3746d607","Acraea andromacha","https://biodiversity.org.au/afd/taxa/86294130-ca0d-4e27-81da-5a82a7cd4c87",-19.174076,146.842243,2022-07-11 12:47:00,"PRESENT","iNaturalist Australia"
"3478","f93e0eeb-deaa-4909-a3f0-b4d4af999d0a","Acraea terpsicore","https://biodiversity.org.au/afd/taxa/ba632bea-a7b4-4b60-bf89-d63128cad841",-15.8,128.7,2021-02-03 15:17:00,"PRESENT","Earth Guardians Weekly Feed"
"3479","f93f27bd-f541-44e3-8d8a-e6c90799f379","Acraea andromacha","https://biodiversity.org.au/afd/taxa/86294130-ca0d-4e27-81da-5a82a7cd4c87",-30.093639,153.159402,2024-04-10 12:38:02,"PRESENT","iNaturalist Australia"
"3480","f944aa6e-775b-4ce3-8c47-6b46771861c4","Acraea andromacha","https://biodiversity.org.au/afd/taxa/86294130-ca0d-4e27-81da-5a82a7cd4c87",-27.496532,152.794093,2024-05-27 14:59:00,"PRESENT","iNaturalist Australia"
"3481","f963ed3c-925e-48a0-a2c9-95f1662c80a6","Acraea andromacha","https://biodiversity.org.au/afd/taxa/86294130-ca0d-4e27-81da-5a82a7cd4c87",-27.542071,153.07275,2024-02-26 15:32:00,"PRESENT","iNaturalist Australia"
"3482","f97a3efb-1ea2-4e9f-a452-3dfd186dbb48","Acraea terpsicore","https://biodiversity.org.au/afd/taxa/ba632bea-a7b4-4b60-bf89-d63128cad841",-15.63852,128.302199,2024-07-13 10:04:00,"PRESENT","iNaturalist Australia"
"3483","f9b034c5-bae4-4e48-b2f9-fdf535ac5e7e","Afrohybanthus enneaspermus","https://id.biodiversity.org.au/taxon/apni/51448720",-16.71115,134.75023,2022-04-04,"PRESENT","Flora Atlas N.T."
"3484","f9b3aef4-8197-453f-89b5-3daf6945e736","Acraea terpsicore","https://biodiversity.org.au/afd/taxa/ba632bea-a7b4-4b60-bf89-d63128cad841",-21.146317,149.207567,2024-06-10 12:22:00,"PRESENT","iNaturalist Australia"
"3485","f9de3447-0601-4617-9159-7d423ac10b5c","Acraea andromacha","https://biodiversity.org.au/afd/taxa/86294130-ca0d-4e27-81da-5a82a7cd4c87",-28.016667,153.4,2021-03-12 12:27:00,"PRESENT","iNaturalist Australia"
"3486","fa04e360-b756-453b-9138-3a4d3be826c8","Acraea andromacha","https://biodiversity.org.au/afd/taxa/86294130-ca0d-4e27-81da-5a82a7cd4c87",-33.681458,150.590219,2024-04-25 11:43:00,"PRESENT","iNaturalist Australia"
"3487","fa1557e6-7af4-45ed-9e60-6a7c3e1ad06d","Acraea andromacha","https://biodiversity.org.au/afd/taxa/86294130-ca0d-4e27-81da-5a82a7cd4c87",-27.903694,152.847167,2024-10-05 13:43:00,"PRESENT","iNaturalist Australia"
"3488","fa336282-a702-4623-b5bd-9c0343f20af1","Acraea andromacha","https://biodiversity.org.au/afd/taxa/86294130-ca0d-4e27-81da-5a82a7cd4c87",-31.637293,152.77742,2022-01-12 10:39:00,"PRESENT","iNaturalist Australia"
"3489","fa3c7863-4f46-4a62-b404-5d85541bcc9b","Acraea andromacha","https://biodiversity.org.au/afd/taxa/86294130-ca0d-4e27-81da-5a82a7cd4c87",-27.566845,153.15871,2023-12-10 07:07:00,"PRESENT","iNaturalist Australia"
"3490","fa6e82c8-8ac8-461d-939c-a713baaf4212","Acraea terpsicore","https://biodiversity.org.au/afd/taxa/ba632bea-a7b4-4b60-bf89-d63128cad841",-26.610082,153.067419,2023-10-09 08:00:20,"PRESENT","iNaturalist Australia"
"3491","fa80b06b-345f-4170-b5cc-7a6a4f3097be","Acraea terpsicore","https://biodiversity.org.au/afd/taxa/ba632bea-a7b4-4b60-bf89-d63128cad841",-19.207633,146.741807,2023-09-24 12:00:00,"PRESENT","iNaturalist Australia"
"3492","fa8bf5c0-0f4b-4c2c-aa0e-2a3b89be7568","Acraea terpsicore","https://biodiversity.org.au/afd/taxa/ba632bea-a7b4-4b60-bf89-d63128cad841",-17.47894,140.84186,2023-08-16 01:14:00,"PRESENT","Butterflies Australia"
"3493","fa8feefd-f224-48d6-8d9c-a6ee12c40b95","Afrohybanthus enneaspermus","https://id.biodiversity.org.au/taxon/apni/51448720",-23.492901,150.480684,2026-01-27 09:27:35,"PRESENT","iNaturalist Australia"
"3494","faabc15d-d4a8-465b-b67f-bf808ba01ba6","Acraea terpsicore","https://biodiversity.org.au/afd/taxa/ba632bea-a7b4-4b60-bf89-d63128cad841",-19.210829,146.510833,2021-02-18 09:43:59,"PRESENT","iNaturalist Australia"
"3495","fab449ae-9eef-48a9-8c36-8709762417d1","Acraea terpsicore","https://biodiversity.org.au/afd/taxa/ba632bea-a7b4-4b60-bf89-d63128cad841",-18.804667,139.151389,2021-08-06 15:00:00,"PRESENT","iNaturalist Australia"
"3496","fab51900-2cb2-46a2-baa0-0ebe64ed1aed","Acraea terpsicore","https://biodiversity.org.au/afd/taxa/ba632bea-a7b4-4b60-bf89-d63128cad841",-15.644754,144.508356,2021-06-20 15:35:00,"PRESENT","iNaturalist Australia"
"3497","fab7819c-da57-47fc-aac5-b22e859e48b2","Afrohybanthus enneaspermus","https://id.biodiversity.org.au/taxon/apni/51448720",-19.526963,146.858855,2025-01-17 08:13:39,"PRESENT","iNaturalist Australia"
"3498","fad077fd-8e00-41f2-aab9-96fe16664e67","Acraea terpsicore","https://biodiversity.org.au/afd/taxa/ba632bea-a7b4-4b60-bf89-d63128cad841",-14.315547,132.420989,2025-06-17 14:21:00,"PRESENT","iNaturalist Australia"
"3499","fada1018-c9a3-4d8a-811d-53653fb4f5ef","Afrohybanthus enneaspermus","https://id.biodiversity.org.au/taxon/apni/51448720",-16.46716,134.25151,2022-02-21,"PRESENT","Flora Atlas N.T."
"3500","faf07b22-22b0-4712-a079-cdce621093fa","Acraea andromacha","https://biodiversity.org.au/afd/taxa/86294130-ca0d-4e27-81da-5a82a7cd4c87",-30.40321,152.34246,2022-03-09 02:01:00,"PRESENT","Butterflies Australia"
"3501","fafc6393-2ccc-4e39-b3ed-bf1ae9ba9fdc","Acraea andromacha","https://biodiversity.org.au/afd/taxa/86294130-ca0d-4e27-81da-5a82a7cd4c87",-29.509557,153.359582,2023-04-08 12:20:00,"PRESENT","iNaturalist Australia"
"3502","fb0b5758-204e-408e-ad63-b0b185575e23","Acraea andromacha","https://biodiversity.org.au/afd/taxa/86294130-ca0d-4e27-81da-5a82a7cd4c87",-27.610536,153.081756,2025-08-26 11:26:00,"PRESENT","iNaturalist Australia"
"3503","fb18139d-1f95-4697-914b-cc937b5f4395","Acraea andromacha","https://biodiversity.org.au/afd/taxa/86294130-ca0d-4e27-81da-5a82a7cd4c87",-29.399841,153.353788,2022-04-25 21:36:17,"PRESENT","iNaturalist Australia"
"3504","fb21e66f-3350-4e6c-97a0-324bc01c9c54","Acraea terpsicore","https://biodiversity.org.au/afd/taxa/ba632bea-a7b4-4b60-bf89-d63128cad841",-26.866527,152.932101,2024-03-30 10:35:00,"PRESENT","iNaturalist Australia"
"3505","fb3bebf9-e4fd-4724-9e24-a0481d935073","Acraea andromacha","https://biodiversity.org.au/afd/taxa/86294130-ca0d-4e27-81da-5a82a7cd4c87",-27.298757,153.037512,2025-05-20 09:44:00,"PRESENT","iNaturalist Australia"
"3506","fb3d89a5-c84f-403e-b01d-6b92625a6e8e","Acraea andromacha","https://biodiversity.org.au/afd/taxa/86294130-ca0d-4e27-81da-5a82a7cd4c87",-19.118793,146.853634,2022-05-03 08:47:22,"PRESENT","iNaturalist Australia"
"3507","fb574ef1-9ed6-4725-88aa-4d6686281146","Afrohybanthus enneaspermus","https://id.biodiversity.org.au/taxon/apni/51448720",-23.49308,150.475521,2022-01-05 07:02:41,"PRESENT","iNaturalist Australia"
"3508","fb88d0a2-6a0d-449e-94e4-71d485ef92b8","Acraea andromacha","https://biodiversity.org.au/afd/taxa/86294130-ca0d-4e27-81da-5a82a7cd4c87",-27.340713,153.077207,2023-04-30 10:58:00,"PRESENT","iNaturalist Australia"
"3509","fb88f565-efd7-4f8e-b980-27b7d1a157ea","Acraea terpsicore","https://biodiversity.org.au/afd/taxa/ba632bea-a7b4-4b60-bf89-d63128cad841",-17.31256,145.58708,2021-04-11 13:32:00,"PRESENT","Butterflies Australia"
"3510","fb9cbd63-d6a2-4531-bfd1-e711e0271f87","Acraea andromacha","https://biodiversity.org.au/afd/taxa/86294130-ca0d-4e27-81da-5a82a7cd4c87",-27.299944,153.033561,2021-04-26 10:24:00,"PRESENT","iNaturalist Australia"
"3511","fb9d7041-f264-4303-88ac-fa7baa9da636","Acraea terpsicore","https://biodiversity.org.au/afd/taxa/ba632bea-a7b4-4b60-bf89-d63128cad841",-18.750063,126.107831,2025-08-10 15:14:00,"PRESENT","iNaturalist Australia"
"3512","fbaa39b6-acc9-424b-9e39-d45c6fa04a06","Acraea andromacha","https://biodiversity.org.au/afd/taxa/86294130-ca0d-4e27-81da-5a82a7cd4c87",-30.3,153.1,2023-03-14 15:46:00,"PRESENT","Earth Guardians Weekly Feed"
"3513","fbc517b5-6108-40e5-b3e7-8a8e1bbae0d4","Acraea terpsicore","https://biodiversity.org.au/afd/taxa/ba632bea-a7b4-4b60-bf89-d63128cad841",-18.215167,142.828462,2022-06-27 08:17:00,"PRESENT","iNaturalist Australia"
"3514","fbc6b559-8058-45c5-93b6-7c4db7c6c7be","Acraea terpsicore","https://biodiversity.org.au/afd/taxa/ba632bea-a7b4-4b60-bf89-d63128cad841",-28.172833,153.066639,2025-03-22 12:32:00,"PRESENT","iNaturalist Australia"
"3515","fbd7a8f9-4b06-412b-8017-625acc6dfe44","Acraea terpsicore","https://biodiversity.org.au/afd/taxa/ba632bea-a7b4-4b60-bf89-d63128cad841",-27.619487,153.169683,2021-02-28 09:30:00,"PRESENT","iNaturalist Australia"
"3516","fbef1cc6-62ff-4f73-829a-66567b71f1b7","Acraea andromacha","https://biodiversity.org.au/afd/taxa/86294130-ca0d-4e27-81da-5a82a7cd4c87",-27.642435,152.89151,2024-12-05 07:53:00,"PRESENT","iNaturalist Australia"
"3517","fbfb66a6-66b8-4e05-8b99-d50ea168ffea","Adenia heterophylla","https://id.biodiversity.org.au/taxon/apni/51442112",-16.470052,145.329699,2023-06-25 08:35:00,"PRESENT","iNaturalist Australia"
"3518","fbfd4d81-2955-4b03-9030-1bd68c9d2fcb","Afrohybanthus enneaspermus","https://id.biodiversity.org.au/taxon/apni/51448720",-16.32794,133.73587,2022-12-13,"PRESENT","Flora Atlas N.T."
"3519","fc0d70a6-9378-4419-9f5a-2cbf7d145066","Acraea terpsicore","https://biodiversity.org.au/afd/taxa/ba632bea-a7b4-4b60-bf89-d63128cad841",-15.661044,130.480965,2021-01-04 11:57:23,"PRESENT","iNaturalist Australia"
"3520","fc2d8e5d-e672-439c-8c04-0d4bb163fad4","Acraea andromacha","https://biodiversity.org.au/afd/taxa/86294130-ca0d-4e27-81da-5a82a7cd4c87",-27.490905,153.186233,2022-03-26 10:03:00,"PRESENT","Earth Guardians Weekly Feed"
"3521","fc467a42-32c0-4acd-a33a-7cee39a98d9e","Afrohybanthus enneaspermus","https://id.biodiversity.org.au/taxon/apni/51448720",-15.43303,131.63843,2022-02-16,"PRESENT","Flora Atlas N.T."
"3522","fc658217-763e-4564-9f2e-b6fa97aa0b58","Acraea andromacha","https://biodiversity.org.au/afd/taxa/86294130-ca0d-4e27-81da-5a82a7cd4c87",-32.225403,152.454833,2025-05-09 08:45:39,"PRESENT","iNaturalist Australia"
"3523","fc87a681-c215-45a1-90d5-32fa8737bde2","Acraea terpsicore","https://biodiversity.org.au/afd/taxa/ba632bea-a7b4-4b60-bf89-d63128cad841",-12.557915,130.862386,2023-04-23 10:05:00,"PRESENT","iNaturalist Australia"
"3524","fcab706c-d553-4b82-a4c8-ce6925f91b4e","Acraea andromacha","https://biodiversity.org.au/afd/taxa/86294130-ca0d-4e27-81da-5a82a7cd4c87",-26.752753,151.838213,2025-01-21 13:10:43,"PRESENT","iNaturalist Australia"
"3525","fcae861c-2e0b-4de9-a9b3-da8321f9e62d","Acraea andromacha","https://biodiversity.org.au/afd/taxa/86294130-ca0d-4e27-81da-5a82a7cd4c87",-27.507836,153.115447,2025-03-19 10:42:00,"PRESENT","iNaturalist Australia"
"3526","fcb07adc-400b-4b92-8457-e8d25ea46275","Acraea andromacha","https://biodiversity.org.au/afd/taxa/86294130-ca0d-4e27-81da-5a82a7cd4c87",-27.509696,153.11975,2021-09-26 09:33:00,"PRESENT","iNaturalist Australia"
"3527","fcb5a4bb-2d42-480c-bdce-18b72a905f32","Acraea terpsicore","https://biodiversity.org.au/afd/taxa/ba632bea-a7b4-4b60-bf89-d63128cad841",-19.19,146.7738,2025-07-24 11:39:00,"PRESENT","iNaturalist Australia"
"3528","fcb700e7-e8c6-4d79-a2df-43cbf7b252b9","Acraea terpsicore","https://biodiversity.org.au/afd/taxa/ba632bea-a7b4-4b60-bf89-d63128cad841",-15.897901,128.13175,2025-08-01 11:20:50,"PRESENT","iNaturalist Australia"
"3529","fcb964af-07ca-4650-937b-6a5feac9a49d","Acraea andromacha","https://biodiversity.org.au/afd/taxa/86294130-ca0d-4e27-81da-5a82a7cd4c87",-24.793792,152.439262,2025-08-02 12:57:00,"PRESENT","iNaturalist Australia"
"3530","fcc570b3-0db3-4781-9f6c-e6db8fbe52fe","Acraea terpsicore","https://biodiversity.org.au/afd/taxa/ba632bea-a7b4-4b60-bf89-d63128cad841",-27.633015,153.200115,2022-04-15 10:57:00,"PRESENT","iNaturalist Australia"
"3531","fcdc5264-92d9-4b65-9702-e9220ae5edb6","Acraea andromacha","https://biodiversity.org.au/afd/taxa/86294130-ca0d-4e27-81da-5a82a7cd4c87",-29.105528,151.897194,2024-02-26 12:17:00,"PRESENT","iNaturalist Australia"
"3532","fcdde30e-761c-4a0e-83c9-8e8fcbfce04d","Acraea andromacha","https://biodiversity.org.au/afd/taxa/86294130-ca0d-4e27-81da-5a82a7cd4c87",-27.826575,153.08645,2025-08-10 13:35:09,"PRESENT","iNaturalist Australia"
"3533","fcfc6569-dae4-429d-8312-b85dade6a42f","Acraea terpsicore","https://biodiversity.org.au/afd/taxa/ba632bea-a7b4-4b60-bf89-d63128cad841",-18.204132,144.562408,2025-05-01 15:10:00,"PRESENT","iNaturalist Australia"
"3534","fcfe1cce-5099-4b85-8562-9088eadd485b","Acraea andromacha","https://biodiversity.org.au/afd/taxa/86294130-ca0d-4e27-81da-5a82a7cd4c87",-30.21298,153.159906,2021-05-10 16:03:00,"PRESENT","iNaturalist Australia"
"3535","fd00b449-116e-4911-9b39-7eae590c7b8d","Acraea terpsicore","https://biodiversity.org.au/afd/taxa/ba632bea-a7b4-4b60-bf89-d63128cad841",-23.600952,148.571701,2025-05-21 11:51:23,"PRESENT","iNaturalist Australia"
"3536","fd18e5ba-ab30-43d7-bbc6-1ca735f23e5e","Acraea andromacha","https://biodiversity.org.au/afd/taxa/86294130-ca0d-4e27-81da-5a82a7cd4c87",-28.981321,153.77316,2022-05-08 11:28:35,"PRESENT","iNaturalist Australia"
"3537","fd30023c-d718-4362-b945-efc077b51b83","Acraea terpsicore","https://biodiversity.org.au/afd/taxa/ba632bea-a7b4-4b60-bf89-d63128cad841",-16.167,136.75809,2024-07-10 17:01:00,"PRESENT","iNaturalist Australia"
"3538","fd32abef-5347-4b57-92ad-3ee8799f2312","Acraea terpsicore","https://biodiversity.org.au/afd/taxa/ba632bea-a7b4-4b60-bf89-d63128cad841",-19.9895,148.2614,2022-06-29 01:00:00,"PRESENT","Butterflies Australia"
"3539","fd3334a1-1308-495d-a35b-b7a19c7bc45c","Acraea andromacha","https://biodiversity.org.au/afd/taxa/86294130-ca0d-4e27-81da-5a82a7cd4c87",-28.498287,153.300834,2024-03-02 15:18:34,"PRESENT","iNaturalist Australia"
"3540","fd70d17e-57ef-42b7-8cb9-38e71aee82fa","Acraea andromacha","https://biodiversity.org.au/afd/taxa/86294130-ca0d-4e27-81da-5a82a7cd4c87",-27.48579,152.952822,2024-03-15 10:26:00,"PRESENT","iNaturalist Australia"
"3541","fd72b6bc-6f5f-4bec-8938-2aa260214cb3","Acraea terpsicore","https://biodiversity.org.au/afd/taxa/ba632bea-a7b4-4b60-bf89-d63128cad841",-26.597819,153.012334,2023-11-02 18:12:16,"PRESENT","iNaturalist Australia"
"3542","fd816259-ee94-4470-a858-f2099845034f","Acraea andromacha","https://biodiversity.org.au/afd/taxa/86294130-ca0d-4e27-81da-5a82a7cd4c87",-30.58746,151.769096,2024-03-31 12:19:00,"PRESENT","iNaturalist Australia"
"3543","fd8da6f7-7b21-40e7-93ea-0e765ddc6349","Acraea terpsicore","https://biodiversity.org.au/afd/taxa/ba632bea-a7b4-4b60-bf89-d63128cad841",-30.50413,153.00976,2022-01-09 17:48:00,"PRESENT","iNaturalist Australia"
"3544","fdaa5451-0a26-40e3-b5d0-9ff940812f05","Acraea andromacha","https://biodiversity.org.au/afd/taxa/86294130-ca0d-4e27-81da-5a82a7cd4c87",-27.914428,153.178787,2024-02-15 12:48:36,"PRESENT","iNaturalist Australia"
"3545","fdb7200f-113b-4938-a189-978f8fde65ac","Acraea andromacha","https://biodiversity.org.au/afd/taxa/86294130-ca0d-4e27-81da-5a82a7cd4c87",-27.566995,153.100057,2024-04-20 13:21:00,"PRESENT","iNaturalist Australia"
"3546","fdb8ba5d-ef70-4c51-b228-efd2b666b2f8","Acraea terpsicore","https://biodiversity.org.au/afd/taxa/ba632bea-a7b4-4b60-bf89-d63128cad841",-17.47162,141.17999,2023-08-15 01:53:00,"PRESENT","Butterflies Australia"
"3547","fdba27cb-18c6-44af-b625-6c2414f84c1a","Acraea terpsicore","https://biodiversity.org.au/afd/taxa/ba632bea-a7b4-4b60-bf89-d63128cad841",-18.200678,144.658841,2022-07-17 13:18:40,"PRESENT","iNaturalist Australia"
"3548","fdd6dc0b-abde-4cd6-8071-15655ddad8ef","Acraea andromacha","https://biodiversity.org.au/afd/taxa/86294130-ca0d-4e27-81da-5a82a7cd4c87",-30.467438,152.851578,2024-04-17 12:17:50,"PRESENT","iNaturalist Australia"
"3549","fddfa574-743e-49eb-8f66-f788a6cc7b8f","Acraea terpsicore","https://biodiversity.org.au/afd/taxa/ba632bea-a7b4-4b60-bf89-d63128cad841",-17.134302,144.53945,2025-06-21 12:57:20,"PRESENT","iNaturalist Australia"
"3550","fdee9a03-c2d1-4ddc-b389-64d25e80c267","Acraea andromacha","https://biodiversity.org.au/afd/taxa/86294130-ca0d-4e27-81da-5a82a7cd4c87",-30.243072,153.041802,2024-10-21 14:53:00,"PRESENT","iNaturalist Australia"
"3551","fdf72772-6690-4880-8420-4ef5b14ae6f9","Acraea terpsicore","https://biodiversity.org.au/afd/taxa/ba632bea-a7b4-4b60-bf89-d63128cad841",-20.194925,148.366472,2025-08-08 09:55:08,"PRESENT","iNaturalist Australia"
"3552","fdfa8de4-c797-4e54-92ad-32255489bb8b","Acraea andromacha","https://biodiversity.org.au/afd/taxa/86294130-ca0d-4e27-81da-5a82a7cd4c87",-30.213278,153.160747,2023-04-16 13:22:00,"PRESENT","iNaturalist Australia"
"3553","fe06a205-c646-4757-b4df-19e81df96bf2","Acraea andromacha","https://biodiversity.org.au/afd/taxa/86294130-ca0d-4e27-81da-5a82a7cd4c87",-24.249392,131.583145,2022-03-25 07:51:05,"PRESENT","iNaturalist Australia"
"3554","fe380cb6-3936-4969-bb8c-aafa17461c7e","Afrohybanthus enneaspermus","https://id.biodiversity.org.au/taxon/apni/51448720",-20.2222,139.8061,2024-05-26 12:52:00,"PRESENT","iNaturalist Australia"
"3555","fe4c6670-5299-4a90-8cab-66f66c76650e","Acraea andromacha","https://biodiversity.org.au/afd/taxa/afb7279d-cb44-4c89-be73-cf1e0a48cf46",-27.35062,152.10231,2022-04-16,"PRESENT","WildNet - Queensland Wildlife Data"
"3556","fe64fbf3-c721-4b76-813a-afbc35621d5b","Acraea andromacha","https://biodiversity.org.au/afd/taxa/86294130-ca0d-4e27-81da-5a82a7cd4c87",-26.878706,152.92246,2023-05-03 13:13:00,"PRESENT","iNaturalist Australia"
"3557","fe67509e-9122-4995-b0e0-a17cf77e247e","Acraea andromacha","https://biodiversity.org.au/afd/taxa/86294130-ca0d-4e27-81da-5a82a7cd4c87",-27.623599,153.158772,2021-02-05 09:10:51,"PRESENT","iNaturalist Australia"
"3558","fe81d853-c571-4376-a928-e6952c1a2c2d","Acraea andromacha","https://biodiversity.org.au/afd/taxa/86294130-ca0d-4e27-81da-5a82a7cd4c87",-32.722069,152.011802,2024-05-15 12:06:13,"PRESENT","iNaturalist Australia"
"3559","fe89b60c-c405-49e7-adaf-fc2fc7fde27b","Acraea andromacha","https://biodiversity.org.au/afd/taxa/86294130-ca0d-4e27-81da-5a82a7cd4c87",-26.668253,152.062483,2025-01-25 10:02:00,"PRESENT","iNaturalist Australia"
"3560","fea256e1-bc92-44b0-8664-26969f7c09cb","Acraea andromacha","https://biodiversity.org.au/afd/taxa/86294130-ca0d-4e27-81da-5a82a7cd4c87",-27.09725,153.163983,2022-05-27 10:48:00,"PRESENT","iNaturalist Australia"
"3561","fea51908-89c0-4059-89c3-d97dafec7562","Acraea terpsicore","https://biodiversity.org.au/afd/taxa/ba632bea-a7b4-4b60-bf89-d63128cad841",-30.645508,153.016612,2022-05-28 03:09:00,"PRESENT","NatureMapr"
"3562","feb937fe-6f3a-4f86-8337-dc16538dabae","Acraea andromacha","https://biodiversity.org.au/afd/taxa/86294130-ca0d-4e27-81da-5a82a7cd4c87",-33.481555,150.266525,2024-04-07 12:27:05,"PRESENT","iNaturalist Australia"
"3563","fed35a38-98b8-4458-a588-af3e4bc7eb7a","Acraea andromacha","https://biodiversity.org.au/afd/taxa/86294130-ca0d-4e27-81da-5a82a7cd4c87",-29.577517,153.335009,2023-03-23 11:04:00,"PRESENT","iNaturalist Australia"
"3564","feedd813-37f5-45ce-b725-e240c3e5a209","Acraea andromacha","https://biodiversity.org.au/afd/taxa/86294130-ca0d-4e27-81da-5a82a7cd4c87",-27.495563,152.248134,2021-12-17 09:18:00,"PRESENT","iNaturalist Australia"
"3565","fef34eca-858b-4d0b-8bdc-628d656c7f43","Acraea terpsicore","https://biodiversity.org.au/afd/taxa/ba632bea-a7b4-4b60-bf89-d63128cad841",-13.5217,130.810945,2024-06-07 15:12:24,"PRESENT","iNaturalist Australia"
"3566","ff0ffa0f-226c-4ebd-910e-b997f175ad48","Acraea terpsicore","https://biodiversity.org.au/afd/taxa/ba632bea-a7b4-4b60-bf89-d63128cad841",-28.909654,151.587222,2025-10-14 10:12:00,"PRESENT","iNaturalist Australia"
"3567","ff123d6b-9634-47b5-b11d-8ad80407cf38","Acraea andromacha","https://biodiversity.org.au/afd/taxa/86294130-ca0d-4e27-81da-5a82a7cd4c87",-28.282672,152.726023,2021-03-21 12:15:00,"PRESENT","iNaturalist Australia"
"3568","ff29147e-106b-44b9-9a15-19ca78418caf","Afrohybanthus enneaspermus","https://id.biodiversity.org.au/taxon/apni/51448720",-17.163942,145.360092,2022-01-14 10:45:40,"PRESENT","iNaturalist Australia"
"3569","ff33cc68-c8f9-4e91-b681-58f9fb83ada4","Acraea andromacha","https://biodiversity.org.au/afd/taxa/86294130-ca0d-4e27-81da-5a82a7cd4c87",-29.779314,151.349169,2024-01-23 17:38:00,"PRESENT","iNaturalist Australia"
"3570","ff4b8473-9236-4964-8195-1fa150e6dbc4","Acraea andromacha","https://biodiversity.org.au/afd/taxa/86294130-ca0d-4e27-81da-5a82a7cd4c87",-27.53945,153.06516,2022-01-17 23:18:00,"PRESENT","Butterflies Australia"
"3571","ff65cce4-f4be-4c79-8801-47d4d5a8217d","Acraea andromacha","https://biodiversity.org.au/afd/taxa/86294130-ca0d-4e27-81da-5a82a7cd4c87",-29.551168,153.443554,2023-01-06 14:25:05,"PRESENT","iNaturalist Australia"
"3572","ff716569-d0b2-4393-9d61-32a4a4c67803","Acraea andromacha","https://biodiversity.org.au/afd/taxa/86294130-ca0d-4e27-81da-5a82a7cd4c87",-24.905621,144.653375,2022-08-26 10:37:00,"PRESENT","iNaturalist Australia"
"3573","ff897c95-5ee2-4dcd-8daf-01ad443f0050","Afrohybanthus enneaspermus","https://id.biodiversity.org.au/taxon/apni/51448720",-12.447509,130.87745,2025-12-11 07:51:30,"PRESENT","iNaturalist Australia"
"3574","ffb706f7-5f25-46de-8674-f956fb84d9f2","Acraea terpsicore","https://biodiversity.org.au/afd/taxa/ba632bea-a7b4-4b60-bf89-d63128cad841",-17.061046,145.753245,2021-02-04 08:27:00,"PRESENT","iNaturalist Australia"
"3575","ffbf5dfb-f4dd-4cd6-a57f-85ed2710c135","Acraea terpsicore","https://biodiversity.org.au/afd/taxa/ba632bea-a7b4-4b60-bf89-d63128cad841",-10.6255,142.3125,2023-06-04 23:00:00,"PRESENT","Butterflies Australia"
"3576","ffd038fd-246f-4131-b3eb-30eed570917a","Acraea terpsicore","https://biodiversity.org.au/afd/taxa/ba632bea-a7b4-4b60-bf89-d63128cad841",-22.462089,148.254165,2024-05-21 13:34:06,"PRESENT","iNaturalist Australia"
"3577","ffd29c46-cf70-4f5b-8975-ebbec5a5346a","Acraea andromacha","https://biodiversity.org.au/afd/taxa/86294130-ca0d-4e27-81da-5a82a7cd4c87",-27.671602,153.099768,2024-02-06 13:50:00,"PRESENT","iNaturalist Australia"
"3578","fff89350-1e05-4b23-bae9-dd5c636ff6a8","Acraea andromacha","https://biodiversity.org.au/afd/taxa/86294130-ca0d-4e27-81da-5a82a7cd4c87",-27.436708,153.545062,2023-08-11 12:31:00,"PRESENT","iNaturalist Australia"
