"","recordID","scientificName","taxonConceptID","decimalLatitude","decimalLongitude","eventDate","occurrenceStatus","dataResourceName"
"1","00019811-f921-4a19-ad8e-2dd133509537","Passiflora foetida","https://id.biodiversity.org.au/taxon/apni/51442118",-23.253317,150.732447,2025-12-05 17:14:48,"PRESENT","iNaturalist Australia"
"2","000ccd10-c50c-43a8-9e61-c0b0e3680b1f","Passiflora edulis","https://id.biodiversity.org.au/node/apni/2902546",-27.534205,153.232147,2025-03-05 08:41:00,"PRESENT","iNaturalist Australia"
"3","000dd53c-5239-4353-a775-de6623b2def6","Passiflora edulis","https://id.biodiversity.org.au/node/apni/2902546",-32.765784,151.34459,2021-08-25,"PRESENT","NSW BioNet Atlas"
"4","00105be7-cb48-408e-9062-7543d5e19764","Passiflora foetida","https://id.biodiversity.org.au/name/apni/51741309",-27.549289,152.509064,2025-12-26 08:51:00,"PRESENT","iNaturalist Australia"
"5","001aaff6-4165-48ee-92c0-a1e760a640c9","Passiflora foetida","https://id.biodiversity.org.au/name/apni/51741309",-19.2113,146.7658,2025-10-26 16:11:00,"PRESENT","iNaturalist Australia"
"6","001b2d3d-c195-4d56-9992-00b6e19d5c0c","Acraea terpsicore","https://biodiversity.org.au/afd/taxa/ba632bea-a7b4-4b60-bf89-d63128cad841",-22.159952,146.434071,2022-04-02 08:16:21,"PRESENT","iNaturalist Australia"
"7","00204ab0-9233-46b1-8cca-464e5c0f1a8c","Acraea terpsicore","https://biodiversity.org.au/afd/taxa/ba632bea-a7b4-4b60-bf89-d63128cad841",-15.641154,135.711834,2023-06-16 12:09:00,"PRESENT","iNaturalist Australia"
"8","0023bfb1-d869-445d-b9ef-5c87ca77e200","Acraea terpsicore","https://biodiversity.org.au/afd/taxa/ba632bea-a7b4-4b60-bf89-d63128cad841",-16.527194,145.47365,2025-07-21 08:54:34,"PRESENT","iNaturalist Australia"
"9","004440bb-4f30-4aef-884c-7406f99a8924","Passiflora foetida","https://id.biodiversity.org.au/taxon/apni/51442118",-20.750278,149.1625,2023-08-26,"PRESENT","Australian Tropical Herbarium (CNS) AVH data"
"10","0044fff9-b68a-4ab5-9ef2-4a6638b60684","Acraea terpsicore","https://biodiversity.org.au/afd/taxa/ba632bea-a7b4-4b60-bf89-d63128cad841",-27.486492,152.950487,2021-10-03 23:27:00,"PRESENT","iNaturalist Australia"
"11","004e54b2-2a59-477f-b921-47a7f09b7e9d","Acraea terpsicore","https://biodiversity.org.au/afd/taxa/ba632bea-a7b4-4b60-bf89-d63128cad841",-14.452114,132.271515,2023-05-15 14:07:00,"PRESENT","iNaturalist Australia"
"12","00676ac7-2431-4af3-8872-b87812a89881","Passiflora foetida","https://id.biodiversity.org.au/taxon/apni/51442118",-25.360383,152.897183,2022-04-06 20:24:00,"PRESENT","iNaturalist Australia"
"13","0067a943-677f-4406-aedf-e099b2daafac","Passiflora foetida","https://id.biodiversity.org.au/taxon/apni/51442118",-17.486645,128.376078,2024-09-14 07:16:47,"PRESENT","NatureMapr"
"14","006812ae-895b-4b0b-93c5-c2c26ce66c2a","Acraea terpsicore","https://biodiversity.org.au/afd/taxa/ba632bea-a7b4-4b60-bf89-d63128cad841",-20.588818,139.54348,2025-08-30 12:09:00,"PRESENT","iNaturalist Australia"
"15","00714a80-1102-4929-bd12-f451d889a432","Acraea terpsicore","https://biodiversity.org.au/afd/taxa/ba632bea-a7b4-4b60-bf89-d63128cad841",-19.245129,146.786648,2022-10-27 08:27:00,"PRESENT","iNaturalist Australia"
"16","00a0fff5-07b2-4be8-b92e-ff623ea6e26e","Acraea terpsicore","https://biodiversity.org.au/afd/taxa/ba632bea-a7b4-4b60-bf89-d63128cad841",-12.70994,131.090185,2025-01-19 07:26:00,"PRESENT","iNaturalist Australia"
"17","00c0f624-0c37-4fad-a604-1b19be2176d9","Acraea terpsicore","https://biodiversity.org.au/afd/taxa/ba632bea-a7b4-4b60-bf89-d63128cad841",-15.648429,135.758556,2023-06-16 10:54:00,"PRESENT","iNaturalist Australia"
"18","00c33186-7bf5-422c-8fcd-cc522ccef839","Passiflora foetida","https://id.biodiversity.org.au/taxon/apni/51442118",-14.468457,132.265501,2021-07-05,"PRESENT","Flora Atlas N.T."
"19","00e40328-e63c-416e-9622-11abd294e113","Acraea terpsicore","https://biodiversity.org.au/afd/taxa/ba632bea-a7b4-4b60-bf89-d63128cad841",-18.2214,144.6666,2021-03-21 12:30:00,"PRESENT","Butterflies Australia"
"20","012054d0-9c37-4231-9778-ed9f693f4eed","Passiflora edulis","https://id.biodiversity.org.au/node/apni/2902546",-33.403832,151.350312,2024-10-08 19:56:00,"PRESENT","iNaturalist Australia"
"21","01466a57-63e8-4b7c-bc62-79adef787dc6","Acraea terpsicore","https://biodiversity.org.au/afd/taxa/ba632bea-a7b4-4b60-bf89-d63128cad841",-17.051269,145.374811,2022-06-18 11:40:28,"PRESENT","iNaturalist Australia"
"22","0152c05b-8911-4045-90ee-27bfa25529f0","Passiflora edulis","https://id.biodiversity.org.au/node/apni/2902546",-27.139579,152.903926,2024-01-04 10:24:41,"PRESENT","iNaturalist Australia"
"23","01559586-2cbf-4f6d-857d-cf42f80c598c","Acraea terpsicore","https://biodiversity.org.au/afd/taxa/ba632bea-a7b4-4b60-bf89-d63128cad841",-14.180206,132.190483,2023-05-09 12:33:00,"PRESENT","iNaturalist Australia"
"24","0156c8e9-2016-4919-8bc0-7e2bc60ca3f4","Acraea terpsicore","https://biodiversity.org.au/afd/taxa/ba632bea-a7b4-4b60-bf89-d63128cad841",-14.139527,134.474544,2025-08-05 13:32:00,"PRESENT","iNaturalist Australia"
"25","01754a92-0344-4ef9-bc8a-df94171410f7","Passiflora edulis","https://id.biodiversity.org.au/node/apni/2902546",-33.773987,151.005582,2025-09-05 13:19:44,"PRESENT","iNaturalist Australia"
"26","01823edd-cec8-41a6-bf34-d952f4c6224a","Acraea terpsicore","https://biodiversity.org.au/afd/taxa/ba632bea-a7b4-4b60-bf89-d63128cad841",-19.064337,138.893823,2025-06-25 10:38:00,"PRESENT","iNaturalist Australia"
"27","01a292c4-bbcb-4e60-ae07-f93b6869bfa3","Acraea terpsicore","https://biodiversity.org.au/afd/taxa/ba632bea-a7b4-4b60-bf89-d63128cad841",-14.184699,132.036624,2023-05-09 09:42:00,"PRESENT","iNaturalist Australia"
"28","01a37baf-da81-4ddb-a61d-73da4c04687e","Acraea terpsicore","https://biodiversity.org.au/afd/taxa/ba632bea-a7b4-4b60-bf89-d63128cad841",-16.995939,125.205064,2024-06-07 11:48:00,"PRESENT","iNaturalist Australia"
"29","01b4d3c6-7fc4-4170-8079-59e5c926bfd3","Passiflora edulis","https://id.biodiversity.org.au/node/apni/2902546",-33.718849,151.025876,2021-04-29,"PRESENT","NSW BioNet Atlas"
"30","01ce969e-e4b1-4267-844f-c978286a14f3","Passiflora foetida","https://id.biodiversity.org.au/name/apni/51741309",-27.549553,152.509156,2025-12-26 08:49:00,"PRESENT","iNaturalist Australia"
"31","01efa92e-b923-4d63-9167-30ea19891f82","Passiflora edulis","https://id.biodiversity.org.au/node/apni/2902546",-29.400917,153.348419,2021-10-22 12:29:14,"PRESENT","iNaturalist Australia"
"32","0207ec2a-b3c4-4f93-91cb-05b8edbc008e","Acraea terpsicore","https://biodiversity.org.au/afd/taxa/ba632bea-a7b4-4b60-bf89-d63128cad841",-21.939228,146.625252,2022-09-17 08:27:00,"PRESENT","iNaturalist Australia"
"33","02206b5b-bc02-4131-baf7-75c875a55fc1","Passiflora foetida","https://id.biodiversity.org.au/taxon/apni/51442118",-10.741233,142.592716,2021-04-05 10:21:18,"PRESENT","iNaturalist Australia"
"34","02274ced-f83a-40e9-9a35-b127d9bc5efc","Passiflora foetida","https://id.biodiversity.org.au/taxon/apni/51442118",-14.472817,132.263539,2022-01-27,"PRESENT","Flora Atlas N.T."
"35","0236078c-7ddf-496f-9c53-aea5d3985272","Passiflora edulis","https://id.biodiversity.org.au/node/apni/2902546",-16.81417,145.729499,2024-05-19 16:39:28,"PRESENT","iNaturalist Australia"
"36","0251f880-eed5-44f0-8712-6dba3549bb06","Passiflora foetida","https://id.biodiversity.org.au/taxon/apni/51442118",-23.216695,150.970345,2025-04-21 08:25:07,"PRESENT","iNaturalist Australia"
"37","02651160-415d-4d81-b72a-6ffcb9c32e0f","Acraea terpsicore","https://biodiversity.org.au/afd/taxa/ba632bea-a7b4-4b60-bf89-d63128cad841",-20.551139,147.840941,2025-02-09 13:50:00,"PRESENT","iNaturalist Australia"
"38","0266ccf5-0d06-4074-aa43-db4dee000faf","Acraea terpsicore","https://biodiversity.org.au/afd/taxa/ba632bea-a7b4-4b60-bf89-d63128cad841",-20.597835,139.537055,2025-09-10 14:33:00,"PRESENT","iNaturalist Australia"
"39","027d8371-f3b2-4f8e-ad08-c235f85fb9f9","Acraea terpsicore","https://biodiversity.org.au/afd/taxa/ba632bea-a7b4-4b60-bf89-d63128cad841",-17.459284,140.832932,2025-09-08 21:15:52,"PRESENT","iNaturalist Australia"
"40","027e041e-d70b-4b65-b4a8-69c57348def4","Passiflora foetida","https://id.biodiversity.org.au/name/apni/51741309",-25.523193,152.67137,2025-11-04 09:40:00,"PRESENT","iNaturalist Australia"
"41","028e4ed3-771e-4d3c-b04c-babe921743e0","Acraea terpsicore","https://biodiversity.org.au/afd/taxa/ba632bea-a7b4-4b60-bf89-d63128cad841",-19.187873,146.771961,2022-08-19 11:37:00,"PRESENT","iNaturalist Australia"
"42","0296a66a-4c1f-4ad7-be65-5561bd460a0c","Acraea terpsicore","https://biodiversity.org.au/afd/taxa/ba632bea-a7b4-4b60-bf89-d63128cad841",-12.416627,130.835589,2025-05-22 11:18:22,"PRESENT","iNaturalist Australia"
"43","02980021-89f6-418f-a400-1db092526d38","Acraea terpsicore","https://biodiversity.org.au/afd/taxa/ba632bea-a7b4-4b60-bf89-d63128cad841",-15.676903,126.400605,2025-05-29 13:15:22,"PRESENT","iNaturalist Australia"
"44","02c0769e-1ec4-4c85-b56b-83ed97007b26","Passiflora edulis","https://id.biodiversity.org.au/node/apni/2902546",-27.382805,152.77983,2023-10-03 09:35:24,"PRESENT","iNaturalist Australia"
"45","02c1fb9d-7fac-4eb7-854d-a2e7d168eb0d","Acraea terpsicore","https://biodiversity.org.au/afd/taxa/ba632bea-a7b4-4b60-bf89-d63128cad841",-15.630235,130.476251,2024-08-11 07:42:00,"PRESENT","iNaturalist Australia"
"46","02dc7c44-202f-42b6-90b7-a5f6e9de1d26","Acraea terpsicore","https://biodiversity.org.au/afd/taxa/ba632bea-a7b4-4b60-bf89-d63128cad841",-19.243247,146.783585,2022-08-28 10:19:00,"PRESENT","iNaturalist Australia"
"47","02e2d730-e703-4085-aef1-9bf80be8c458","Acraea terpsicore","https://biodiversity.org.au/afd/taxa/ba632bea-a7b4-4b60-bf89-d63128cad841",-25.670824,152.901328,2024-02-24 09:07:00,"PRESENT","iNaturalist Australia"
"48","02fd7c60-2728-47be-9b20-cde24c5302e4","Acraea terpsicore","https://biodiversity.org.au/afd/taxa/ba632bea-a7b4-4b60-bf89-d63128cad841",-16.84042,145.74148,2022-02-27 02:08:00,"PRESENT","Butterflies Australia"
"49","03000ea5-aed0-4370-abef-fc13e96fe932","Acraea terpsicore","https://biodiversity.org.au/afd/taxa/ba632bea-a7b4-4b60-bf89-d63128cad841",-13.099588,130.784247,2025-05-12 02:39:00,"PRESENT","NatureMapr"
"50","03001b4e-6824-46e5-bda0-762a7167c049","Passiflora edulis","https://id.biodiversity.org.au/node/apni/2902546",-34.054655,150.837274,2023-07-24 12:06:50,"PRESENT","iNaturalist Australia"
"51","03057095-7745-454d-8ac7-90778c4cd4ec","Passiflora edulis","https://id.biodiversity.org.au/node/apni/2902546",-33.189857,151.484251,2021-09-14,"PRESENT","NSW BioNet Atlas"
"52","0309df08-e9a4-4d76-83de-3444bd5fa950","Passiflora edulis","https://id.biodiversity.org.au/node/apni/2902546",-16.9,145.7,2022-05-09 16:49:00,"PRESENT","Earth Guardians Weekly Feed"
"53","0324bd71-8d86-47c6-b6d1-b40bc661fe57","Passiflora foetida","https://id.biodiversity.org.au/taxon/apni/51442118",-26.732737,153.095337,2025-01-30 12:04:52,"PRESENT","iNaturalist Australia"
"54","03283d3f-946b-427d-9192-6a690826ae0e","Passiflora foetida","https://id.biodiversity.org.au/taxon/apni/51442118",-14.472151,132.263068,2021-06-10,"PRESENT","Flora Atlas N.T."
"55","0361eb83-2bb6-4277-9929-df42786f2873","Acraea terpsicore","https://biodiversity.org.au/afd/taxa/ba632bea-a7b4-4b60-bf89-d63128cad841",-12.411568,130.825034,2024-05-25 16:22:05,"PRESENT","iNaturalist Australia"
"56","037c414b-5962-426a-b9c4-e223702dec99","Passiflora edulis","https://id.biodiversity.org.au/node/apni/2902546",-33.799387,150.988005,2025-02-22 11:42:12,"PRESENT","iNaturalist Australia"
"57","03800eb7-dfa3-4c11-af86-017abb0b0410","Passiflora foetida","https://id.biodiversity.org.au/taxon/apni/51442118",-25.284535,152.667734,2022-01-12 10:37:39,"PRESENT","iNaturalist Australia"
"58","03d12f1b-7199-4fa8-b7ca-ee8c41d9ea14","Passiflora foetida","https://id.biodiversity.org.au/taxon/apni/51442118",-14.540833,144.986667,2021-03-28,"PRESENT","BRI AVH Data and Images"
"59","03f1b8df-8a1f-40ff-b92e-ca9154920f94","Acraea terpsicore","https://biodiversity.org.au/afd/taxa/ba632bea-a7b4-4b60-bf89-d63128cad841",-19.24039,146.782572,2023-05-10 08:22:00,"PRESENT","iNaturalist Australia"
"60","045c8330-9f95-4da5-ac26-d17b680f8d9f","Acraea terpsicore","https://biodiversity.org.au/afd/taxa/ba632bea-a7b4-4b60-bf89-d63128cad841",-15.974862,144.828815,2021-06-03 16:49:00,"PRESENT","iNaturalist Australia"
"61","0468c4ee-ad7e-49f1-ad91-af54387ba5af","Acraea terpsicore","https://biodiversity.org.au/afd/taxa/ba632bea-a7b4-4b60-bf89-d63128cad841",-19.2436,146.79522,2022-01-06 05:59:00,"PRESENT","Butterflies Australia"
"62","046c2cf0-33ce-4ac0-ab76-f3e47d90c4c6","Acraea terpsicore","https://biodiversity.org.au/afd/taxa/ba632bea-a7b4-4b60-bf89-d63128cad841",-27.485029,152.952764,2021-12-30 10:56:00,"PRESENT","iNaturalist Australia"
"63","04750c3a-637a-4eeb-9d04-2c18dc0179d9","Acraea terpsicore","https://biodiversity.org.au/afd/taxa/ba632bea-a7b4-4b60-bf89-d63128cad841",-19.26016,146.809331,2025-06-28 14:25:00,"PRESENT","iNaturalist Australia"
"64","047933fb-0313-47fa-b678-3c7a3b8ea72a","Passiflora edulis","https://id.biodiversity.org.au/node/apni/2902546",-27.82538,153.14061,2024-04-20 10:07:00,"PRESENT","iNaturalist Australia"
"65","047be604-1c75-4539-8ae2-36bbff11f2cf","Acraea terpsicore","https://biodiversity.org.au/afd/taxa/ba632bea-a7b4-4b60-bf89-d63128cad841",-21.04588,148.07328,2021-09-05 14:54:00,"PRESENT","iNaturalist Australia"
"66","047eab83-13b5-465e-bf90-76ec7dd7283b","Passiflora edulis","https://id.biodiversity.org.au/node/apni/2902546",-34.02388,151.046819,2022-11-10 08:24:52,"PRESENT","iNaturalist Australia"
"67","0499fedd-2251-4f6b-9310-0573112c9e4e","Acraea terpsicore","https://biodiversity.org.au/afd/taxa/ba632bea-a7b4-4b60-bf89-d63128cad841",-17.674875,141.06928,2025-06-05 12:15:00,"PRESENT","iNaturalist Australia"
"68","04c895b9-8f57-4970-825b-0e69936f61d4","Passiflora edulis","https://id.biodiversity.org.au/node/apni/2902546",-33.643477,151.135604,2022-11-17 08:43:16,"PRESENT","iNaturalist Australia"
"69","04cc05a3-5e28-46a7-b2a9-2a3f07af26f4","Acraea terpsicore","https://biodiversity.org.au/afd/taxa/ba632bea-a7b4-4b60-bf89-d63128cad841",-27.485755,152.953927,2024-03-16 11:36:00,"PRESENT","iNaturalist Australia"
"70","04d10778-28aa-443b-9cfd-e7ebaac824d0","Acraea terpsicore","https://biodiversity.org.au/afd/taxa/ba632bea-a7b4-4b60-bf89-d63128cad841",-19.1875,146.7708,2025-07-24 10:36:00,"PRESENT","iNaturalist Australia"
"71","04d69915-5979-4bb9-a0ca-56a010313582","Acraea terpsicore","https://biodiversity.org.au/afd/taxa/ba632bea-a7b4-4b60-bf89-d63128cad841",-26.616998,153.06428,2024-01-21 09:56:08,"PRESENT","iNaturalist Australia"
"72","0540c15c-e4be-4754-b19a-937c90bf503b","Acraea terpsicore","https://biodiversity.org.au/afd/taxa/ba632bea-a7b4-4b60-bf89-d63128cad841",-18.201661,142.246293,2022-09-02 13:45:00,"PRESENT","iNaturalist Australia"
"73","055ac46b-4e3e-4a4c-b539-8795dbb3204c","Passiflora edulis","https://id.biodiversity.org.au/node/apni/2902546",-34.9611,138.57152,2023-01-19,"PRESENT","SA Flora"
"74","056a0b80-0c95-4d87-af0e-6d9a14750f0d","Passiflora foetida","https://id.biodiversity.org.au/taxon/apni/51442118",-26.793193,153.123597,2022-04-17 15:54:00,"PRESENT","iNaturalist Australia"
"75","056a3414-7553-4844-a449-e9927a497cd7","Passiflora edulis","https://id.biodiversity.org.au/node/apni/2902546",-33.989746,151.075711,2023-11-12 14:21:10,"PRESENT","iNaturalist Australia"
"76","05708994-96ec-4379-bd3a-4d0dfe3c81df","Acraea terpsicore","https://biodiversity.org.au/afd/taxa/ba632bea-a7b4-4b60-bf89-d63128cad841",-17.150938,145.179857,2023-08-31 12:35:00,"PRESENT","iNaturalist Australia"
"77","057e01e6-375a-4eb0-a2ab-0b5e78f5dfe9","Passiflora foetida","https://id.biodiversity.org.au/taxon/apni/51442118",-16.81383,145.567658,2022-07-03 13:59:00,"PRESENT","iNaturalist Australia"
"78","05956928-8f83-4a3a-8282-3f300c5404e4","Passiflora edulis","https://id.biodiversity.org.au/node/apni/2902546",-29.413191,153.357716,2021-04-20 11:00:47,"PRESENT","iNaturalist Australia"
"79","05be9d32-845f-4721-8715-c8a420f36bc1","Acraea terpsicore","https://biodiversity.org.au/afd/taxa/ba632bea-a7b4-4b60-bf89-d63128cad841",-16.800383,145.677842,2022-11-23 08:57:00,"PRESENT","Earth Guardians Weekly Feed"
"80","0609b418-1990-4a27-96fa-b440f66f6a83","Passiflora edulis","https://id.biodiversity.org.au/node/apni/2902546",-30.272292,153.074484,2025-04-25 09:07:00,"PRESENT","iNaturalist Australia"
"81","06458a60-38f9-4b2f-bfee-2935c1440824","Passiflora foetida","https://id.biodiversity.org.au/taxon/apni/51442118",-23.329547,150.485277,2025-05-29 09:32:28,"PRESENT","iNaturalist Australia"
"82","06586537-42fa-4da8-aa57-c676efe0c805","Passiflora foetida","https://id.biodiversity.org.au/taxon/apni/51442118",-25.510558,153.123689,2024-06-16 09:37:47,"PRESENT","iNaturalist Australia"
"83","0681aa19-c7f8-468c-9abb-316baf9f32d9","Passiflora foetida","https://id.biodiversity.org.au/taxon/apni/51442118",-12.443158,130.876498,2021-05-29 10:39:00,"PRESENT","iNaturalist Australia"
"84","068b5f62-061d-464c-a540-e15b8d60094d","Acraea terpsicore","https://biodiversity.org.au/afd/taxa/ba632bea-a7b4-4b60-bf89-d63128cad841",-19.271681,146.83689,2023-09-21 14:22:00,"PRESENT","iNaturalist Australia"
"85","06a4e3e3-6f4a-47fe-887d-08daa2ac69db","Passiflora edulis","https://id.biodiversity.org.au/node/apni/2902546",-28.25993,152.565948,2023-11-14 10:27:00,"PRESENT","iNaturalist Australia"
"86","06c1b50f-2993-494b-b755-7318968a5ef7","Passiflora foetida","https://id.biodiversity.org.au/taxon/apni/51442118",-12.551881,131.083109,2021-02-19,"PRESENT","Flora Atlas N.T."
"87","072216fa-8d51-4f63-89f8-c4e53bbc6398","Passiflora edulis","https://id.biodiversity.org.au/node/apni/2902546",-28.060934,153.441184,2025-08-19 15:00:52,"PRESENT","iNaturalist Australia"
"88","07231dc8-7865-456b-97a1-78e3b3a01506","Passiflora edulis","https://id.biodiversity.org.au/node/apni/2902546",-27.921217,153.164278,2024-02-16 09:38:00,"PRESENT","iNaturalist Australia"
"89","0755fcfd-6c66-46b9-9fa3-e54ebf941879","Passiflora edulis","https://id.biodiversity.org.au/node/apni/2902546",-27.294467,152.285539,2023-07-06 13:10:00,"PRESENT","iNaturalist Australia"
"90","077fe21c-0bec-4066-bdf4-5dee83ce6789","Acraea terpsicore","https://biodiversity.org.au/afd/taxa/ba632bea-a7b4-4b60-bf89-d63128cad841",-13.933,143.2026,2022-05-14 18:15:00,"PRESENT","Butterflies Australia"
"91","07a2b2b6-29d4-4cc7-98f4-777558cdb356","Acraea terpsicore","https://biodiversity.org.au/afd/taxa/ba632bea-a7b4-4b60-bf89-d63128cad841",-13.663028,134.331731,2025-03-23 09:48:00,"PRESENT","iNaturalist Australia"
"92","07a8948e-4b4e-400d-b082-53e7585363ec","Acraea terpsicore","https://biodiversity.org.au/afd/taxa/ba632bea-a7b4-4b60-bf89-d63128cad841",-22.477087,143.1825,2022-09-24 17:00:00,"PRESENT","Butterflies Australia"
"93","07b6e175-8a41-4a8f-9608-a8fa2b89cd42","Acraea terpsicore","https://biodiversity.org.au/afd/taxa/ba632bea-a7b4-4b60-bf89-d63128cad841",-12.703618,130.986945,2021-05-17 13:19:00,"PRESENT","iNaturalist Australia"
"94","07cac7ac-fd1f-4ecf-8525-c23ba8b8b201","Acraea terpsicore","https://biodiversity.org.au/afd/taxa/ba632bea-a7b4-4b60-bf89-d63128cad841",-17.819711,122.211585,2024-09-13 10:37:00,"PRESENT","iNaturalist Australia"
"95","07f88897-ba7f-473e-988c-3dff01a03e53","Passiflora foetida","https://id.biodiversity.org.au/taxon/apni/51442118",-25.836006,152.482325,2023-11-12 08:15:29,"PRESENT","iNaturalist Australia"
"96","080d8d2f-5bf4-402a-b47e-325b93c24b8c","Passiflora edulis","https://id.biodiversity.org.au/node/apni/2902546",-23.030305,150.761458,2023-10-09 11:02:40,"PRESENT","iNaturalist Australia"
"97","082a9ae9-aaa8-4003-b27f-03487cb21e6f","Passiflora edulis","https://id.biodiversity.org.au/node/apni/2902546",-29.834843,153.143576,2022-02-10,"PRESENT","NSW BioNet Atlas"
"98","083db274-25b7-48d4-9d74-e5b68e5612b9","Acraea terpsicore","https://biodiversity.org.au/afd/taxa/ba632bea-a7b4-4b60-bf89-d63128cad841",-19.982931,146.439457,2023-06-19 16:10:59,"PRESENT","iNaturalist Australia"
"99","08460a45-6d2b-4953-9351-eaecd5b7af6d","Acraea terpsicore","https://biodiversity.org.au/afd/taxa/ba632bea-a7b4-4b60-bf89-d63128cad841",-12.406273,130.82499,2022-01-22 10:19:02,"PRESENT","iNaturalist Australia"
"100","08474a75-8d29-40e5-9e60-4e1fe9b6fd24","Acraea terpsicore","https://biodiversity.org.au/afd/taxa/ba632bea-a7b4-4b60-bf89-d63128cad841",-14.182913,132.192081,2025-06-08 12:32:00,"PRESENT","iNaturalist Australia"
"101","0858b3a7-3f61-4fb0-b1aa-e83fd679e153","Passiflora foetida","https://id.biodiversity.org.au/taxon/apni/51442118",-14.472567,132.261424,2021-06-10,"PRESENT","Flora Atlas N.T."
"102","08b66f1e-1d52-493f-90a8-288d95b6b76f","Passiflora edulis","https://id.biodiversity.org.au/node/apni/2902546",-27.3774,152.766312,2025-02-22 09:20:20,"PRESENT","iNaturalist Australia"
"103","08b882c3-0e81-4fef-92f8-790044cc38d5","Passiflora edulis","https://id.biodiversity.org.au/node/apni/2902546",-25.337422,153.20102,2021-05-02 17:09:51,"PRESENT","iNaturalist Australia"
"104","08c650eb-63cc-4459-892b-9de6e492c778","Acraea terpsicore","https://biodiversity.org.au/afd/taxa/ba632bea-a7b4-4b60-bf89-d63128cad841",-17.337878,124.823017,2021-05-21 12:05:00,"PRESENT","iNaturalist Australia"
"105","08ce6740-e9f0-46dd-8e23-288f4264cd2c","Passiflora edulis","https://id.biodiversity.org.au/node/apni/2902546",-31.44786,152.896312,2023-05-13 14:49:00,"PRESENT","iNaturalist Australia"
"106","08e39a31-7edf-4eb6-808a-218d8448c25b","Passiflora edulis","https://id.biodiversity.org.au/node/apni/2902546",-27.366742,152.180892,2021-05-12 10:10:00,"PRESENT","iNaturalist Australia"
"107","08e4cd23-2a84-4128-a47c-fdeaf78177d3","Acraea terpsicore","https://biodiversity.org.au/afd/taxa/ba632bea-a7b4-4b60-bf89-d63128cad841",-21.533282,146.860281,2021-05-03 11:38:00,"PRESENT","iNaturalist Australia"
"108","08fad45d-348b-48fd-9f52-6e523a7f1cd7","Passiflora edulis","https://id.biodiversity.org.au/node/apni/2902546",-26.635472,153.087774,2025-12-17 15:46:18,"PRESENT","iNaturalist Australia"
"109","08fdfb89-a1b0-450f-8775-dd0e9afe015d","Acraea terpsicore","https://biodiversity.org.au/afd/taxa/ba632bea-a7b4-4b60-bf89-d63128cad841",-16.803583,145.365645,2023-03-08 10:06:00,"PRESENT","iNaturalist Australia"
"110","09057fd2-80b0-49a7-b0bc-ac9e4819ad7f","Passiflora foetida","https://id.biodiversity.org.au/taxon/apni/51442118",-12.465037,130.838873,2021-06-11 18:09:00,"PRESENT","iNaturalist Australia"
"111","091518e4-6ac2-4953-83fe-def82d62d19e","Passiflora edulis","https://id.biodiversity.org.au/node/apni/2902546",-27.368547,153.092109,2024-08-01 08:15:56,"PRESENT","iNaturalist Australia"
"112","093d15e3-ff55-4a5a-b348-3f6674279d10","Passiflora foetida","https://id.biodiversity.org.au/taxon/apni/51442118",-20.728826,139.500483,2022-04-06 13:13:14,"PRESENT","iNaturalist Australia"
"113","09707e54-9d1f-4a8e-b5ad-c0b8bf640a57","Acraea terpsicore","https://biodiversity.org.au/afd/taxa/ba632bea-a7b4-4b60-bf89-d63128cad841",-18.14004,144.812194,2022-08-16 14:08:05,"PRESENT","iNaturalist Australia"
"114","0971a0b8-17f5-4679-af0e-ca0de6194a68","Acraea terpsicore","https://biodiversity.org.au/afd/taxa/ba632bea-a7b4-4b60-bf89-d63128cad841",-17.33702,124.823953,2025-06-17 13:13:00,"PRESENT","iNaturalist Australia"
"115","097ef953-3634-4318-8e57-244ddc1e1152","Acraea terpsicore","https://biodiversity.org.au/afd/taxa/ba632bea-a7b4-4b60-bf89-d63128cad841",-28.19959,152.771167,2025-01-06 11:53:52,"PRESENT","iNaturalist Australia"
"116","09888b3d-65d1-4f2f-b763-3beff7fd8a60","Acraea terpsicore","https://biodiversity.org.au/afd/taxa/ba632bea-a7b4-4b60-bf89-d63128cad841",-17.779675,122.282228,2024-09-13 13:05:00,"PRESENT","iNaturalist Australia"
"117","09dbd264-beb2-4bcb-8e86-e66df90b37b5","Passiflora foetida","https://id.biodiversity.org.au/taxon/apni/51442118",-18.109071,144.825826,2023-07-14 11:38:00,"PRESENT","iNaturalist Australia"
"118","09e7631f-749d-48ad-92aa-35f780a9e207","Acraea terpsicore","https://biodiversity.org.au/afd/taxa/ba632bea-a7b4-4b60-bf89-d63128cad841",-30.466878,152.85167,2025-10-19 14:24:44,"PRESENT","iNaturalist Australia"
"119","0a39feaf-3367-4386-a17f-34f0a1417018","Passiflora edulis","https://id.biodiversity.org.au/node/apni/2902546",-27.980297,153.323106,2025-03-21 13:21:00,"PRESENT","iNaturalist Australia"
"120","0a421133-2abd-46a0-a513-481fc2716c06","Passiflora foetida","https://id.biodiversity.org.au/taxon/apni/51442118",-24.7685,152.408368,2024-05-23 11:45:00,"PRESENT","iNaturalist Australia"
"121","0a523e58-b1ba-48a5-80ff-a256deb873a1","Acraea terpsicore","https://biodiversity.org.au/afd/taxa/ba632bea-a7b4-4b60-bf89-d63128cad841",-16.899393,145.755153,2024-07-18 12:46:23,"PRESENT","iNaturalist Australia"
"122","0a5976c1-aeae-4aeb-8fca-4582045622c4","Passiflora edulis","https://id.biodiversity.org.au/node/apni/2902546",-34.897192,150.601796,2023-05-05 09:58:10,"PRESENT","iNaturalist Australia"
"123","0a6a68d4-3ad9-4792-9ee8-173cbdf38ddb","Passiflora foetida","https://id.biodiversity.org.au/taxon/apni/51442118",-24.965927,153.337909,2025-09-19 06:41:33,"PRESENT","iNaturalist Australia"
"124","0abf37a0-4347-4082-a310-2fc3d2dbda50","Passiflora edulis","https://id.biodiversity.org.au/node/apni/2902546",-33.6357,150.928112,2025-04-14 09:29:23,"PRESENT","iNaturalist Australia"
"125","0ace5fdf-f3c0-4aaa-beb8-768578432f80","Passiflora edulis","https://id.biodiversity.org.au/node/apni/2902546",-17.270922,145.584795,2024-01-10 18:04:44,"PRESENT","iNaturalist Australia"
"126","0ad95e1b-dde1-412a-b5de-7d85c57e00fc","Acraea terpsicore","https://biodiversity.org.au/afd/taxa/ba632bea-a7b4-4b60-bf89-d63128cad841",-22.593286,144.54698,2024-05-07 11:10:00,"PRESENT","iNaturalist Australia"
"127","0ada74ef-444b-419e-92b3-c7b89d5ff6e9","Passiflora edulis","https://id.biodiversity.org.au/node/apni/2902546",-28.234314,153.137264,2025-12-14 13:33:00,"PRESENT","iNaturalist Australia"
"128","0b30e3a5-b5b0-4df6-a708-e380689e50b5","Passiflora foetida","https://id.biodiversity.org.au/name/apni/51741309",-27.471799,152.54638,2024-05-19 11:31:42,"PRESENT","iNaturalist Australia"
"129","0b57c4ab-593e-4076-a768-74a17681571a","Passiflora foetida","https://id.biodiversity.org.au/taxon/apni/51442118",-24.889895,152.290787,2022-10-13 09:27:23,"PRESENT","iNaturalist Australia"
"130","0b5ab531-8c86-403f-8e0e-b08d7627ce83","Acraea terpsicore","https://biodiversity.org.au/afd/taxa/ba632bea-a7b4-4b60-bf89-d63128cad841",-18.203889,142.245574,2023-06-23 10:07:00,"PRESENT","iNaturalist Australia"
"131","0b6eaebc-d60f-45b4-b24e-34eb861a5087","Passiflora edulis","https://id.biodiversity.org.au/node/apni/2902546",-27.715013,153.193949,2024-04-26,"PRESENT","iNaturalist Australia"
"132","0b787e43-0b74-409c-8847-3a9e664c6d36","Passiflora edulis","https://id.biodiversity.org.au/node/apni/2902546",-34.138444,150.995081,2021-11-06 18:39:11,"PRESENT","iNaturalist Australia"
"133","0b79cfc2-dc68-4b61-9578-b18198dedc95","Passiflora foetida","https://id.biodiversity.org.au/taxon/apni/51442118",-17,145.7,2023-03-01 17:50:00,"PRESENT","Earth Guardians Weekly Feed"
"134","0b836f9f-6c39-4ab0-85df-c2bdc35c0994","Acraea terpsicore","https://biodiversity.org.au/afd/taxa/ba632bea-a7b4-4b60-bf89-d63128cad841",-16.521982,144.898686,2022-07-12,"PRESENT","iNaturalist Australia"
"135","0b885823-e930-4aa8-a847-811ee8573db7","Passiflora edulis","https://id.biodiversity.org.au/node/apni/2902546",-28.374486,152.992596,2025-12-26 18:14:59,"PRESENT","iNaturalist Australia"
"136","0b9e58dc-6a06-4fa1-8152-bb53f26b0f1d","Passiflora foetida","https://id.biodiversity.org.au/taxon/apni/51442118",-14.8702,133.108931,2021-08-12,"PRESENT","Flora Atlas N.T."
"137","0b9f7630-7124-4d8e-8622-070ccc68c831","Passiflora foetida","https://id.biodiversity.org.au/taxon/apni/51442118",-18.1088,144.8255,2022-03-24 14:26:00,"PRESENT","iNaturalist Australia"
"138","0bb420f9-2b48-4947-ae19-e1edabc66876","Passiflora edulis","https://id.biodiversity.org.au/node/apni/2902546",-33.929267,150.835175,2024-08-08 09:37:19,"PRESENT","iNaturalist Australia"
"139","0bb818d3-9083-42f3-b9a4-d7cfac6dc5e0","Passiflora foetida","https://id.biodiversity.org.au/taxon/apni/51442118",-14.87209,133.1154,2021-08-11,"PRESENT","Flora Atlas N.T."
"140","0be482a1-2863-4957-9689-f003ef96cff5","Passiflora foetida","https://id.biodiversity.org.au/taxon/apni/51442118",-27.581068,152.991355,2022-06-18 08:23:00,"PRESENT","iNaturalist Australia"
"141","0bf7dc23-f52e-4904-83bc-26e53db6470a","Passiflora edulis","https://id.biodiversity.org.au/node/apni/2902546",-26.257207,152.86361,2022-06-12 14:56:59,"PRESENT","iNaturalist Australia"
"142","0c0011b9-c53a-4679-8e76-b95857336df0","Acraea terpsicore","https://biodiversity.org.au/afd/taxa/ba632bea-a7b4-4b60-bf89-d63128cad841",-16.747747,145.662376,2021-08-25 11:26:00,"PRESENT","iNaturalist Australia"
"143","0c23df9d-a7be-45d9-8358-73b2acc12077","Passiflora foetida","https://id.biodiversity.org.au/name/apni/51741309",-12.786055,143.341866,2023-01-11 08:05:00,"PRESENT","iNaturalist Australia"
"144","0c3285ef-7989-4741-a093-641fb9f43bbd","Passiflora edulis","https://id.biodiversity.org.au/node/apni/2902546",-28.13343,153.229648,2022-11-27 08:41:00,"PRESENT","iNaturalist Australia"
"145","0c49aea1-6bbd-4989-8076-4b5475f57c4f","Passiflora edulis","https://id.biodiversity.org.au/node/apni/2902546",-27.371094,152.178056,2022-04-09 11:27:00,"PRESENT","iNaturalist Australia"
"146","0c5827a6-bc5a-4f91-a3e8-bfa3b3f8e498","Passiflora foetida","https://id.biodiversity.org.au/taxon/apni/51442118",-25.757662,152.597165,2023-02-20 09:17:00,"PRESENT","iNaturalist Australia"
"147","0c5cd040-d7d7-405d-9be7-d540b307f963","Acraea terpsicore","https://biodiversity.org.au/afd/taxa/ba632bea-a7b4-4b60-bf89-d63128cad841",-17.31234,145.58737,2022-03-09 23:15:00,"PRESENT","Butterflies Australia"
"148","0c7f55db-f8e1-4518-81c0-90b1ff9a9f0c","Passiflora edulis","https://id.biodiversity.org.au/node/apni/2902546",-33.568497,150.625322,2025-04-14 12:24:00,"PRESENT","iNaturalist Australia"
"149","0cb1e90a-38be-4fb8-b6e8-9e28fb1c6c61","Passiflora foetida","https://id.biodiversity.org.au/taxon/apni/51442118",-23.82,151.24,2024-05-23,"PRESENT","WeedScan"
"150","0cb89356-2ccc-427c-ad4f-549a22d36d6e","Passiflora edulis","https://id.biodiversity.org.au/node/apni/2902546",-27.28647,152.756562,2023-02-18 11:27:18,"PRESENT","iNaturalist Australia"
"151","0cc007d9-80c7-4970-8a3c-e9a5c45b64df","Acraea terpsicore","https://biodiversity.org.au/afd/taxa/ba632bea-a7b4-4b60-bf89-d63128cad841",-13.861688,136.81173,2022-05-13 11:17:00,"PRESENT","iNaturalist Australia"
"152","0ce5626c-a307-4534-a057-873a646ca6c9","Acraea terpsicore","https://biodiversity.org.au/afd/taxa/ba632bea-a7b4-4b60-bf89-d63128cad841",-16.804134,145.56268,2021-08-11 13:55:00,"PRESENT","iNaturalist Australia"
"153","0cfb7035-7754-4b98-8d51-28d6054396b9","Acraea terpsicore","https://biodiversity.org.au/afd/taxa/ba632bea-a7b4-4b60-bf89-d63128cad841",-17.66279,141.102225,2022-06-27 12:39:00,"PRESENT","iNaturalist Australia"
"154","0cff7a5a-b079-4a24-9d96-cb14afc18bca","Passiflora edulis","https://id.biodiversity.org.au/node/apni/2902546",-33.66339,151.122207,2024-02-11 10:35:11,"PRESENT","iNaturalist Australia"
"155","0d053991-23e3-43a1-89a2-69a0d72035e5","Acraea terpsicore","https://biodiversity.org.au/afd/taxa/ba632bea-a7b4-4b60-bf89-d63128cad841",-17.467,138.36415,2023-09-11 23:58:00,"PRESENT","Butterflies Australia"
"156","0d0b71fd-d0c0-49ba-aeba-82d4bd371607","Passiflora edulis","https://id.biodiversity.org.au/node/apni/2902546",-33.964747,150.811832,2024-02-20,"PRESENT","NSW BioNet Atlas"
"157","0d0c853f-ab7f-4e82-a75f-5ce164248650","Passiflora foetida","https://id.biodiversity.org.au/taxon/apni/51442118",-27.463933,152.939718,2025-01-18 07:09:00,"PRESENT","iNaturalist Australia"
"158","0d0ea1c8-e1b2-4de3-b434-4aa2d34fc766","Acraea terpsicore","https://biodiversity.org.au/afd/taxa/ba632bea-a7b4-4b60-bf89-d63128cad841",-19.189867,146.773833,2024-06-06 16:10:29,"PRESENT","iNaturalist Australia"
"159","0d2c1abd-9e62-4796-b5b0-0348d91a1605","Passiflora edulis","https://id.biodiversity.org.au/node/apni/2902546",-28.373087,153.094025,2023-11-05 12:24:14,"PRESENT","iNaturalist Australia"
"160","0dac0b26-a2f7-4260-822d-cf624a4c059d","Passiflora edulis","https://id.biodiversity.org.au/node/apni/2902546",-27.937496,153.076558,2025-06-18 10:13:00,"PRESENT","iNaturalist Australia"
"161","0dd430dd-f756-4310-b2a9-acea3979a6d2","Acraea terpsicore","https://biodiversity.org.au/afd/taxa/ba632bea-a7b4-4b60-bf89-d63128cad841",-18.301064,143.351473,2021-05-07 14:16:00,"PRESENT","iNaturalist Australia"
"162","0df987d7-918e-44b6-984b-525488ac8c69","Acraea terpsicore","https://biodiversity.org.au/afd/taxa/ba632bea-a7b4-4b60-bf89-d63128cad841",-28.265242,153.57785,2022-03-12 09:41:02,"PRESENT","iNaturalist Australia"
"163","0e059e08-025b-4352-880c-84f900bb48e0","Passiflora edulis","https://id.biodiversity.org.au/node/apni/2902546",-36.673393,145.495453,2021-12-26 10:35:15,"PRESENT","iNaturalist Australia"
"164","0e14ed6f-8487-446b-97a3-1c4f3308c6c8","Passiflora edulis","https://id.biodiversity.org.au/node/apni/2902546",-27.940694,152.363511,2021-12-15 10:39:00,"PRESENT","iNaturalist Australia"
"165","0e1e76b9-6688-4327-8bb4-a39a7237cb98","Passiflora foetida","https://id.biodiversity.org.au/name/apni/51741309",-19.2622,146.808,2025-09-11 15:17:00,"PRESENT","iNaturalist Australia"
"166","0e1ec128-ce91-4eb6-bc24-5ca2c5f7f237","Acraea terpsicore","https://biodiversity.org.au/afd/taxa/ba632bea-a7b4-4b60-bf89-d63128cad841",-17.394103,123.989336,2023-09-12 07:38:24,"PRESENT","Earth Guardians Weekly Feed"
"167","0e217e51-0283-4179-835c-a237873176ba","Passiflora foetida","https://id.biodiversity.org.au/taxon/apni/51442118",-14.323937,132.426392,2021-06-10 13:57:00,"PRESENT","iNaturalist Australia"
"168","0e74d051-f4a7-476c-8cde-b8bd9b0673b9","Passiflora edulis","https://id.biodiversity.org.au/node/apni/2902546",-33.741938,151.068956,2023-06-19 16:17:19,"PRESENT","iNaturalist Australia"
"169","0e9e6438-f05f-40bb-95f3-055cd576662f","Passiflora foetida","https://id.biodiversity.org.au/taxon/apni/51442118",-27.68351,153.166082,2024-02-20 10:58:00,"PRESENT","iNaturalist Australia"
"170","0ea39230-f4ce-429e-8d55-267c12d850b8","Acraea terpsicore","https://biodiversity.org.au/afd/taxa/ba632bea-a7b4-4b60-bf89-d63128cad841",-17.976234,122.179337,2023-04-30 13:28:00,"PRESENT","iNaturalist Australia"
"171","0ee9a191-2fb1-4c06-8db4-6fb974149339","Passiflora edulis","https://id.biodiversity.org.au/node/apni/2902546",-35.389045,150.435563,2024-06-19,"PRESENT","NSW BioNet Atlas"
"172","0ef3847a-5fba-4dfa-a8ab-526d68d5891b","Passiflora foetida","https://id.biodiversity.org.au/taxon/apni/51442118",-26.806617,152.992125,2024-04-12 07:11:52,"PRESENT","iNaturalist Australia"
"173","0f0d0f65-0cbd-4ada-a972-383f06193ee3","Passiflora edulis","https://id.biodiversity.org.au/node/apni/2902546",-33.480028,150.460494,2025-11-12 18:08:58,"PRESENT","iNaturalist Australia"
"174","0f207737-9e7e-43e7-a35f-62334bdd3464","Acraea terpsicore","https://biodiversity.org.au/afd/taxa/ba632bea-a7b4-4b60-bf89-d63128cad841",-27.341651,152.929,2021-03-21 11:44:00,"PRESENT","Earth Guardians Weekly Feed"
"175","0f3323b7-0362-47bd-9159-83d1a7ded6e3","Acraea terpsicore","https://biodiversity.org.au/afd/taxa/ba632bea-a7b4-4b60-bf89-d63128cad841",-20.3456,144.4567,2022-09-22 00:30:00,"PRESENT","Butterflies Australia"
"176","0f51d53e-dc1f-404d-84ab-fd29a3d4a1cf","Acraea terpsicore","https://biodiversity.org.au/afd/taxa/ba632bea-a7b4-4b60-bf89-d63128cad841",-16.52877,145.112836,2025-05-24 14:53:00,"PRESENT","iNaturalist Australia"
"177","0f846389-b799-47df-9ff1-096af06aa09b","Passiflora edulis","https://id.biodiversity.org.au/node/apni/2902546",-31.44787,152.896423,2023-05-13 13:48:00,"PRESENT","iNaturalist Australia"
"178","0f9caba6-b76a-49c7-8e86-43aed438d996","Acraea terpsicore","https://biodiversity.org.au/afd/taxa/ba632bea-a7b4-4b60-bf89-d63128cad841",-27.485657,152.954174,2024-03-18 11:46:56,"PRESENT","iNaturalist Australia"
"179","0fb8a358-97e0-4e82-836f-8f54b237b594","Passiflora edulis","https://id.biodiversity.org.au/node/apni/2902546",-33.81905,151.14347,2024-04-23,"PRESENT","NSW BioNet Atlas"
"180","0fba7054-29a5-4b94-a5fc-eed5614d98d8","Acraea terpsicore","https://biodiversity.org.au/afd/taxa/ba632bea-a7b4-4b60-bf89-d63128cad841",-25.855164,152.699987,2022-05-08 11:53:00,"PRESENT","iNaturalist Australia"
"181","0fe38417-4dd3-4e6c-9dc1-6664fb35b6fd","Passiflora edulis","https://id.biodiversity.org.au/node/apni/2902546",-27.300172,152.930373,2025-06-03 12:18:59,"PRESENT","iNaturalist Australia"
"182","0fe6fd7a-e2c0-492f-8777-350f7f76f6c4","Passiflora foetida","https://id.biodiversity.org.au/name/apni/51741309",-27.550722,152.508531,2026-01-08 11:30:00,"PRESENT","iNaturalist Australia"
"183","0fe80e1a-5ff3-4388-aa6a-4932eedd2605","Passiflora foetida","https://id.biodiversity.org.au/taxon/apni/51442118",-14.469232,132.263573,2021-06-10,"PRESENT","Flora Atlas N.T."
"184","103bf26d-e375-48f1-8f0b-fcedb652d4e1","Passiflora edulis","https://id.biodiversity.org.au/node/apni/2902546",-28.67382,153.324072,2025-07-22 16:53:35,"PRESENT","iNaturalist Australia"
"185","103c144f-849a-4618-a733-e8d6e990f648","Passiflora edulis","https://id.biodiversity.org.au/node/apni/2902546",-27.915814,153.176239,2024-11-17 03:30:00,"PRESENT","iNaturalist Australia"
"186","103e627a-52aa-4887-b02d-e2ff5f689d18","Acraea terpsicore","https://biodiversity.org.au/afd/taxa/ba632bea-a7b4-4b60-bf89-d63128cad841",-19.257832,145.917639,2025-06-12 15:00:00,"PRESENT","iNaturalist Australia"
"187","106dda2a-e03a-4e31-a911-32be373e2177","Acraea terpsicore","https://biodiversity.org.au/afd/taxa/ba632bea-a7b4-4b60-bf89-d63128cad841",-19.259863,146.808822,2025-08-18 13:33:01,"PRESENT","iNaturalist Australia"
"188","10895ff1-2820-4273-9a17-c21a9d05d54c","Passiflora edulis","https://id.biodiversity.org.au/node/apni/2902546",-27.400198,152.806407,2022-10-05 12:32:38,"PRESENT","iNaturalist Australia"
"189","10aea149-fc9e-4730-a9e3-93360076001f","Passiflora edulis","https://id.biodiversity.org.au/node/apni/2902546",-32.982669,151.655616,2022-05-05,"PRESENT","NSW BioNet Atlas"
"190","10b93231-6f74-48d2-aa42-f10dce5b638c","Acraea terpsicore","https://biodiversity.org.au/afd/taxa/ba632bea-a7b4-4b60-bf89-d63128cad841",-26.955751,152.949014,2025-01-28 13:07:00,"PRESENT","iNaturalist Australia"
"191","10f47586-c4c7-4f9b-ab12-68c7a4429cc3","Passiflora foetida","https://id.biodiversity.org.au/taxon/apni/51442118",-27.03099,153.152977,2023-06-15 08:54:25,"PRESENT","iNaturalist Australia"
"192","11173c7f-c26b-43bc-8864-2797afb78544","Passiflora edulis","https://id.biodiversity.org.au/node/apni/2902546",-33.623908,151.142334,2025-09-12 07:49:45,"PRESENT","iNaturalist Australia"
"193","111dfa8d-bf49-4a5a-9f51-e20e96a0e823","Passiflora edulis","https://id.biodiversity.org.au/node/apni/2902546",-26.373675,152.853669,2021-04-19 12:01:00,"PRESENT","iNaturalist Australia"
"194","1147982e-a4fb-426b-aaf5-e805a2f7e0cf","Passiflora foetida","https://id.biodiversity.org.au/taxon/apni/51442118",-24.889392,152.08294,2023-12-06 09:11:46,"PRESENT","iNaturalist Australia"
"195","116a6e62-7fab-4377-bb44-e7ca39a0ef62","Passiflora foetida","https://id.biodiversity.org.au/taxon/apni/51442118",-14.47239,132.260713,2021-03-25,"PRESENT","Flora Atlas N.T."
"196","1174157f-c912-493d-8322-93a185345b2f","Passiflora foetida","https://id.biodiversity.org.au/name/apni/51741309",-27.420725,152.904233,2024-03-23 10:24:00,"PRESENT","iNaturalist Australia"
"197","1187562b-73db-480b-8e04-a6fd2979eddb","Acraea terpsicore","https://biodiversity.org.au/afd/taxa/ba632bea-a7b4-4b60-bf89-d63128cad841",-25.560326,152.681231,2025-12-26 10:08:00,"PRESENT","iNaturalist Australia"
"198","11a60cb8-ae2f-4192-8a33-c04868bb33b5","Acraea terpsicore","https://biodiversity.org.au/afd/taxa/ba632bea-a7b4-4b60-bf89-d63128cad841",-27.485577,152.954153,2022-01-11 11:39:00,"PRESENT","iNaturalist Australia"
"199","11cbf1c7-6841-4b8e-9550-e7f797a9f371","Acraea terpsicore","https://biodiversity.org.au/afd/taxa/ba632bea-a7b4-4b60-bf89-d63128cad841",-12.63838,141.859102,2022-09-04 11:47:00,"PRESENT","iNaturalist Australia"
"200","11cfd57d-ce02-4440-9e8e-28aefdf2be33","Acraea terpsicore","https://biodiversity.org.au/afd/taxa/ba632bea-a7b4-4b60-bf89-d63128cad841",-19.39452,146.736542,2024-08-14,"PRESENT","iNaturalist Australia"
"201","11dacb89-f842-4852-be6d-4df7beb494e1","Passiflora edulis","https://id.biodiversity.org.au/node/apni/2902546",-37.930817,145.454772,2022-05-17 12:47:02,"PRESENT","iNaturalist Australia"
"202","11ef9eaa-f257-4f39-9ad9-c8f4d9cdbff1","Passiflora edulis","https://id.biodiversity.org.au/node/apni/2902546",-28.390706,153.060809,2022-11-12 09:05:00,"PRESENT","iNaturalist Australia"
"203","11f3ae16-5b66-4460-add1-4e542297d9df","Passiflora edulis","https://id.biodiversity.org.au/node/apni/2902546",-34.014387,150.576907,2021-07-13,"PRESENT","NSW BioNet Atlas"
"204","11fc9a8e-5aac-40c1-bfa7-ef1fc13ca51f","Passiflora edulis","https://id.biodiversity.org.au/node/apni/2902546",-27.939865,153.196594,2024-09-22 19:22:00,"PRESENT","iNaturalist Australia"
"205","122d9913-53b0-435d-b53a-e3ec1bb6d52a","Passiflora foetida","https://id.biodiversity.org.au/taxon/apni/51442118",-27.025815,153.152084,2023-07-25 12:54:56,"PRESENT","iNaturalist Australia"
"206","1256919b-df6e-41f8-942f-86b966a09c87","Acraea terpsicore","https://biodiversity.org.au/afd/taxa/ba632bea-a7b4-4b60-bf89-d63128cad841",-19.298787,146.78064,2021-08-05 12:03:00,"PRESENT","iNaturalist Australia"
"207","1261652c-16e2-495e-b3a4-f37913f1d7f7","Passiflora edulis","https://id.biodiversity.org.au/node/apni/2902546",-28.059318,152.399828,2022-02-13 10:38:00,"PRESENT","iNaturalist Australia"
"208","126319d6-3280-43b7-b8b0-af2d7b21a6ab","Acraea terpsicore","https://biodiversity.org.au/afd/taxa/ba632bea-a7b4-4b60-bf89-d63128cad841",-16.485753,145.468037,2025-12-25 11:44:57,"PRESENT","iNaturalist Australia"
"209","129e1158-bcb2-4f3b-aed6-3094a6ec6add","Passiflora foetida","https://id.biodiversity.org.au/taxon/apni/51442118",-24.20913,151.910014,2021-06-16 08:13:00,"PRESENT","iNaturalist Australia"
"210","12a57484-952e-4892-bcda-8b5501f0bfdf","Passiflora edulis","https://id.biodiversity.org.au/node/apni/2902546",-16.361572,145.41417,2025-06-26 15:45:42,"PRESENT","iNaturalist Australia"
"211","12b71263-1ff3-491b-8af8-42fb6e62387b","Acraea terpsicore","https://biodiversity.org.au/afd/taxa/ba632bea-a7b4-4b60-bf89-d63128cad841",-12.429117,130.747846,2021-05-26 12:27:00,"PRESENT","iNaturalist Australia"
"212","12b73232-3f00-4caf-92c9-0fda720a14f2","Acraea terpsicore","https://biodiversity.org.au/afd/taxa/ba632bea-a7b4-4b60-bf89-d63128cad841",-18.626146,145.874765,2025-08-19 12:57:02,"PRESENT","iNaturalist Australia"
"213","12d11e90-e26e-4b08-b87f-414fad9797b1","Acraea terpsicore","https://biodiversity.org.au/afd/taxa/ba632bea-a7b4-4b60-bf89-d63128cad841",-19.256127,146.804361,2022-07-12 17:32:00,"PRESENT","iNaturalist Australia"
"214","12dfb642-8828-4721-ac52-f0ddc3607d92","Passiflora foetida","https://id.biodiversity.org.au/taxon/apni/51442118",-14.321987,132.422834,2021-06-11 15:35:00,"PRESENT","iNaturalist Australia"
"215","12f1adb1-fd82-48c5-8046-8bc72650aafa","Passiflora foetida","https://id.biodiversity.org.au/taxon/apni/51442118",-26.999712,152.794875,2025-08-20 14:24:40,"PRESENT","iNaturalist Australia"
"216","1301e491-58f3-4735-a9e9-6c6fd02f58b8","Passiflora foetida","https://id.biodiversity.org.au/taxon/apni/51442118",-26.010647,152.44809,2024-12-05 08:50:04,"PRESENT","iNaturalist Australia"
"217","1309db9c-72ed-4582-9090-e8e1814fdaae","Passiflora edulis","https://id.biodiversity.org.au/node/apni/2902546",-26.826106,152.91692,2022-06-25 08:24:00,"PRESENT","iNaturalist Australia"
"218","134c68a7-ce40-4216-a835-c72aa975c628","Passiflora edulis","https://id.biodiversity.org.au/node/apni/2902546",-35.164462,149.131556,2022-07-12 09:10:49,"PRESENT","iNaturalist Australia"
"219","13533fac-a495-4ea4-b7da-4dab3f6783e5","Passiflora edulis","https://id.biodiversity.org.au/node/apni/2902546",-28.333717,153.36064,2023-05-11,"PRESENT","NSW BioNet Atlas"
"220","1381a836-b289-48ae-bb22-70a3d48379f0","Passiflora edulis","https://id.biodiversity.org.au/node/apni/2902546",-30.116852,153.156868,2022-10-30 10:04:00,"PRESENT","iNaturalist Australia"
"221","13b4bc54-c802-41a5-8084-c4ede0cdc2d5","Acraea terpsicore","https://biodiversity.org.au/afd/taxa/ba632bea-a7b4-4b60-bf89-d63128cad841",-18.194352,144.569619,2025-05-25 11:41:00,"PRESENT","iNaturalist Australia"
"222","13d35796-2a97-462e-a8a4-134d41836715","Passiflora edulis","https://id.biodiversity.org.au/node/apni/2902546",-33.869507,151.013748,2021-10-23 10:59:00,"PRESENT","iNaturalist Australia"
"223","13d800c5-30a8-4a2e-83b0-76f53491a634","Acraea terpsicore","https://biodiversity.org.au/afd/taxa/ba632bea-a7b4-4b60-bf89-d63128cad841",-19.258963,146.816948,2025-06-23 16:03:00,"PRESENT","iNaturalist Australia"
"224","140d66e6-4567-4345-80cc-1bab2abcbe2f","Passiflora edulis","https://id.biodiversity.org.au/node/apni/2902546",-32.806131,151.443517,2023-05-03,"PRESENT","NSW BioNet Atlas"
"225","141184cd-28b3-4700-a05a-4a53e03e0cbc","Acraea terpsicore","https://biodiversity.org.au/afd/taxa/ba632bea-a7b4-4b60-bf89-d63128cad841",-24.849728,152.327718,2024-07-21 12:23:00,"PRESENT","iNaturalist Australia"
"226","141c7a10-b5d1-4931-83d9-91a7d9021751","Passiflora foetida","https://id.biodiversity.org.au/taxon/apni/51442118",-19.97,148.23,2024-02-28,"PRESENT","WeedScan"
"227","142f8146-4b7f-41d0-ae07-4907f18a8bb6","Acraea terpsicore","https://biodiversity.org.au/afd/taxa/ba632bea-a7b4-4b60-bf89-d63128cad841",-30.276372,153.131694,2025-12-14 11:04:33,"PRESENT","iNaturalist Australia"
"228","147f2dd3-a060-437d-a11a-51e94ecc8492","Acraea terpsicore","https://biodiversity.org.au/afd/taxa/ba632bea-a7b4-4b60-bf89-d63128cad841",-19.20162,146.75263,2023-01-01 16:31:29,"PRESENT","iNaturalist Australia"
"229","14a606a5-bc71-4044-8518-8a127c57f49f","Passiflora edulis","https://id.biodiversity.org.au/node/apni/2902546",-31.504955,152.739215,2022-10-07,"PRESENT","NSW BioNet Atlas"
"230","14e879b0-85ea-436a-9016-ecff9217bf97","Passiflora edulis","https://id.biodiversity.org.au/node/apni/2902546",-27.406192,153.052872,2024-11-16 08:52:43,"PRESENT","iNaturalist Australia"
"231","14f3902f-9b6d-45d1-a5b7-ad7e07b1ad50","Passiflora edulis","https://id.biodiversity.org.au/node/apni/2902546",-27.37414,153.005555,2025-01-08 06:08:32,"PRESENT","iNaturalist Australia"
"232","1510e61a-8565-4cb1-9f94-33aea48a86c7","Passiflora edulis","https://id.biodiversity.org.au/node/apni/2902546",-37.740366,144.997836,2025-11-27 19:38:53,"PRESENT","iNaturalist Australia"
"233","15251c71-6340-41d6-8a9a-d740208e2a64","Passiflora edulis","https://id.biodiversity.org.au/node/apni/2902546",-27.932189,153.175583,2023-06-10 11:57:00,"PRESENT","iNaturalist Australia"
"234","152d3172-a3f9-49f6-aaae-032a9d3fb714","Acraea terpsicore","https://biodiversity.org.au/afd/taxa/ba632bea-a7b4-4b60-bf89-d63128cad841",-19.97074,148.067871,2022-08-18 10:16:00,"PRESENT","iNaturalist Australia"
"235","15323e80-727c-4006-bf05-b3c5712284ca","Passiflora edulis","https://id.biodiversity.org.au/node/apni/2902546",-33.736635,151.222782,2021-11-02,"PRESENT","NSW BioNet Atlas"
"236","153a1e8b-c1dd-462a-94b8-a170af4b2621","Passiflora edulis","https://id.biodiversity.org.au/node/apni/2902546",-30.067361,153.205703,2022-02-21 16:34:44,"PRESENT","iNaturalist Australia"
"237","154857ac-809e-4031-801e-3ce3f06d7aeb","Passiflora edulis","https://id.biodiversity.org.au/node/apni/2902546",-23.254067,150.825098,2022-07-12 13:41:26,"PRESENT","iNaturalist Australia"
"238","158e11f8-c34c-4326-b92a-e6696a28c755","Passiflora edulis","https://id.biodiversity.org.au/node/apni/2902546",-33.777936,151.02968,2024-11-28 09:43:00,"PRESENT","iNaturalist Australia"
"239","15b39a74-e96c-4236-be1b-eff323eeef5a","Acraea terpsicore","https://biodiversity.org.au/afd/taxa/ba632bea-a7b4-4b60-bf89-d63128cad841",-18.290475,143.549378,2025-07-19 15:13:16,"PRESENT","iNaturalist Australia"
"240","15d51211-1c4d-418d-9e8f-fb9bf936a7c7","Passiflora edulis","https://id.biodiversity.org.au/node/apni/2902546",-31.62998,152.790222,2024-10-31 11:27:44,"PRESENT","iNaturalist Australia"
"241","15d8660d-30c6-4fc2-9291-152dd1d691e4","Passiflora foetida","https://id.biodiversity.org.au/taxon/apni/51442118",-14.469726,132.26546,2021-11-24,"PRESENT","Flora Atlas N.T."
"242","15eb3557-a4b5-40a9-b31c-2a05bf6d2908","Acraea terpsicore","https://biodiversity.org.au/afd/taxa/ba632bea-a7b4-4b60-bf89-d63128cad841",-12.031443,135.566286,2025-02-18 18:00:00,"PRESENT","iNaturalist Australia"
"243","16045f70-e831-4e6a-baba-01d727c39090","Acraea terpsicore","https://biodiversity.org.au/afd/taxa/ba632bea-a7b4-4b60-bf89-d63128cad841",-17.81521,144.39043,2024-08-20 12:31:00,"PRESENT","iNaturalist Australia"
"244","16143d1c-1136-448b-bf1c-c11ff1bb7b34","Acraea terpsicore","https://biodiversity.org.au/afd/taxa/ba632bea-a7b4-4b60-bf89-d63128cad841",-16.575256,145.184803,2023-07-20 12:12:00,"PRESENT","iNaturalist Australia"
"245","16330c36-ad33-496b-bb02-86ffb2b18666","Passiflora foetida","https://id.biodiversity.org.au/name/apni/51741309",-27.550714,152.50859,2026-01-08 11:31:00,"PRESENT","iNaturalist Australia"
"246","166d93a5-188d-49c2-bc32-e33794926a39","Acraea terpsicore","https://biodiversity.org.au/afd/taxa/ba632bea-a7b4-4b60-bf89-d63128cad841",-20.272128,148.72233,2021-08-10 11:44:00,"PRESENT","iNaturalist Australia"
"247","1674ddae-333c-4565-bbef-b2b7023fde67","Acraea terpsicore","https://biodiversity.org.au/afd/taxa/ba632bea-a7b4-4b60-bf89-d63128cad841",-10.57826,142.2301,2023-02-17 02:08:00,"PRESENT","Butterflies Australia"
"248","1675fed5-d56a-44f1-abc3-b5181d9913aa","Passiflora edulis","https://id.biodiversity.org.au/node/apni/2902546",-27.531897,153.090958,2023-07-05 12:18:19,"PRESENT","iNaturalist Australia"
"249","16c5d2d9-9abc-41d8-ace3-8eea2a70b9da","Passiflora edulis","https://id.biodiversity.org.au/node/apni/2902546",-28.225629,153.521504,2026-01-22 12:15:15,"PRESENT","iNaturalist Australia"
"250","16e354b1-6920-48b7-b5d8-813df5269986","Acraea terpsicore","https://biodiversity.org.au/afd/taxa/ba632bea-a7b4-4b60-bf89-d63128cad841",-19.1358,143.4721,2022-05-04,"PRESENT","Queensland Museum provider for OZCAM"
"251","1724c315-912c-490b-8137-1dd5a6c55a7f","Passiflora edulis","https://id.biodiversity.org.au/node/apni/2902546",-33.482342,151.390672,2024-03-28 11:05:56,"PRESENT","iNaturalist Australia"
"252","17515300-24e7-477f-9d82-532ef801e45c","Passiflora foetida","https://id.biodiversity.org.au/taxon/apni/51442118",-14.471132,132.259776,2021-12-06,"PRESENT","Flora Atlas N.T."
"253","175872b0-cd44-462e-a477-fe79bd7947f6","Passiflora edulis","https://id.biodiversity.org.au/node/apni/2902546",-27.364432,153.031365,2024-12-15 17:38:03,"PRESENT","iNaturalist Australia"
"254","17636ddb-18bf-4eb9-8289-307e6d267a7f","Acraea terpsicore","https://biodiversity.org.au/afd/taxa/ba632bea-a7b4-4b60-bf89-d63128cad841",-12.763548,143.286777,2023-07-13 09:39:00,"PRESENT","iNaturalist Australia"
"255","1763e7d1-563e-49f1-9f78-f1e46646019d","Passiflora edulis","https://id.biodiversity.org.au/node/apni/2902546",-27.691276,153.019141,2024-06-20 11:20:00,"PRESENT","iNaturalist Australia"
"256","179fd00d-7b4b-4030-b784-6df5e7f39b71","Passiflora foetida","https://id.biodiversity.org.au/taxon/apni/51442118",-14.412771,132.420256,2021-06-18,"PRESENT","Flora Atlas N.T."
"257","17ee4452-dc70-4b29-aaad-2d323006f08e","Passiflora edulis","https://id.biodiversity.org.au/node/apni/2902546",-33.741756,151.07937,2025-04-28 14:08:29,"PRESENT","iNaturalist Australia"
"258","17f67588-1112-47ae-9725-85ebf75173e3","Passiflora foetida","https://id.biodiversity.org.au/taxon/apni/51442118",-27.380693,152.959742,2022-05-22 15:45:00,"PRESENT","iNaturalist Australia"
"259","17ffaba2-8b26-4912-8058-defc47359ad7","Passiflora foetida","https://id.biodiversity.org.au/taxon/apni/51442118",-19.228534,146.776069,2022-05-14 06:49:21,"PRESENT","iNaturalist Australia"
"260","18000ade-2eaf-4ac8-9b77-2c11795903d2","Acraea terpsicore","https://biodiversity.org.au/afd/taxa/ba632bea-a7b4-4b60-bf89-d63128cad841",-17.9442,122.228885,2023-04-29 10:18:00,"PRESENT","iNaturalist Australia"
"261","1816aa16-4096-4ed9-a339-8c29855d6d2d","Acraea terpsicore","https://biodiversity.org.au/afd/taxa/ba632bea-a7b4-4b60-bf89-d63128cad841",-27.52998,152.62393,2022-05-23 08:08:10,"PRESENT","iNaturalist Australia"
"262","181ca099-2ecd-4135-b161-3d801c4803a3","Passiflora edulis","https://id.biodiversity.org.au/node/apni/2902546",-26.357837,153.001033,2022-08-09 16:33:52,"PRESENT","iNaturalist Australia"
"263","183842b8-602f-4875-90c5-79319c51f324","Acraea terpsicore","https://biodiversity.org.au/afd/taxa/ba632bea-a7b4-4b60-bf89-d63128cad841",-19.234433,146.78307,2023-06-28 09:46:36,"PRESENT","iNaturalist Australia"
"264","18489225-efb8-45c1-bc3f-7f0e538ac841","Passiflora edulis","https://id.biodiversity.org.au/node/apni/2902546",-29.384244,153.325361,2024-09-28 12:44:51,"PRESENT","iNaturalist Australia"
"265","1849c228-6e51-4404-94b4-2e6287dfdec8","Acraea terpsicore","https://biodiversity.org.au/afd/taxa/ba632bea-a7b4-4b60-bf89-d63128cad841",-21.4471,148.5311,2022-10-25 21:30:00,"PRESENT","Butterflies Australia"
"266","18622cdd-4bc0-4642-a3fc-02ec509057d1","Passiflora foetida","https://id.biodiversity.org.au/taxon/apni/51442118",-25.284963,152.835182,2021-11-16 10:42:00,"PRESENT","iNaturalist Australia"
"267","18bb451a-4176-4b4a-acfb-f6c67e45c4af","Passiflora edulis","https://id.biodiversity.org.au/node/apni/2902546",-33.86882,151.209296,2021-11-15 19:52:00,"PRESENT","iNaturalist Australia"
"268","18bfacbb-3448-4caf-8626-e32b87ffa968","Acraea terpsicore","https://biodiversity.org.au/afd/taxa/ba632bea-a7b4-4b60-bf89-d63128cad841",-18.499875,143.436955,2021-05-16 03:58:00,"PRESENT","iNaturalist Australia"
"269","18e2ffdf-9150-4754-acb2-9050419a4fea","Acraea terpsicore","https://biodiversity.org.au/afd/taxa/ba632bea-a7b4-4b60-bf89-d63128cad841",-17.599,145.5523,2021-04-16 11:00:00,"PRESENT","Butterflies Australia"
"270","18e9cf56-00b0-426c-8099-d4bf200fca86","Passiflora foetida","https://id.biodiversity.org.au/taxon/apni/51442118",-18.985216,146.236452,2023-11-05 23:23:00,"PRESENT","iNaturalist Australia"
"271","18fc1a89-8d57-47b0-ba29-4abb5ae713c3","Passiflora edulis","https://id.biodiversity.org.au/node/apni/2902546",-33.976687,150.879666,2025-12-20 20:24:20,"PRESENT","iNaturalist Australia"
"272","1940a3e7-f488-4a86-ab7a-a2d10917416f","Passiflora foetida","https://id.biodiversity.org.au/taxon/apni/51442118",-16.832427,145.70421,2022-12-01 08:56:12,"PRESENT","iNaturalist Australia"
"273","194e7b39-553b-49e9-aa38-491513086b9e","Passiflora foetida","https://id.biodiversity.org.au/taxon/apni/51442118",-23.01,150.756389,2021-11-10,"PRESENT","BRI AVH Data and Images"
"274","1950983e-a178-4f3a-91a9-b126dbff0aa1","Passiflora foetida","https://id.biodiversity.org.au/name/apni/51741309",-21.975033,149.664353,2024-12-08 05:31:00,"PRESENT","iNaturalist Australia"
"275","1952cdba-5ad9-4250-ada6-5e72d982c37d","Acraea terpsicore","https://biodiversity.org.au/afd/taxa/ba632bea-a7b4-4b60-bf89-d63128cad841",-10.574478,142.228041,2022-07-15 10:23:00,"PRESENT","iNaturalist Australia"
"276","19a360c9-9c8b-45da-b603-25060acc82b6","Acraea terpsicore","https://biodiversity.org.au/afd/taxa/ba632bea-a7b4-4b60-bf89-d63128cad841",-27.485827,152.952802,2022-02-06 11:52:35,"PRESENT","iNaturalist Australia"
"277","19a80589-de69-4e60-83a4-01f71f32055b","Acraea terpsicore","https://biodiversity.org.au/afd/taxa/ba632bea-a7b4-4b60-bf89-d63128cad841",-18.201799,144.573575,2025-08-21 12:18:00,"PRESENT","iNaturalist Australia"
"278","19b5829e-a974-4926-9e2b-a33dec8b6e5b","Acraea terpsicore","https://biodiversity.org.au/afd/taxa/ba632bea-a7b4-4b60-bf89-d63128cad841",-12.467336,130.847172,2025-08-29 10:21:05,"PRESENT","iNaturalist Australia"
"279","19e41464-bf82-4ba9-8f80-2dcecb39eafd","Passiflora edulis","https://id.biodiversity.org.au/node/apni/2902546",-28.199651,153.192758,2024-10-19 16:02:00,"PRESENT","iNaturalist Australia"
"280","1a139da8-17c1-46b7-8a22-3248a7a9b172","Passiflora edulis","https://id.biodiversity.org.au/node/apni/2902546",-27.905437,153.183883,2021-07-30 07:13:29,"PRESENT","iNaturalist Australia"
"281","1a3216fe-495d-4f0f-b20f-f316f8a0cf90","Acraea terpsicore","https://biodiversity.org.au/afd/taxa/ba632bea-a7b4-4b60-bf89-d63128cad841",-30.176836,153.185728,2021-02-02 15:20:00,"PRESENT","iNaturalist Australia"
"282","1a3a8b87-a75b-4550-addf-2e61997b31d0","Passiflora edulis","https://id.biodiversity.org.au/node/apni/2902546",-32.238008,152.172946,2023-01-17,"PRESENT","NSW BioNet Atlas"
"283","1a489d3f-3bf6-46ab-a3e8-bb398761c76a","Passiflora edulis","https://id.biodiversity.org.au/node/apni/2902546",-27.698404,153.058553,2024-05-10 09:43:00,"PRESENT","iNaturalist Australia"
"284","1a48d6c4-bf76-4f44-bfb8-a93563e39b9a","Acraea terpsicore","https://biodiversity.org.au/afd/taxa/ba632bea-a7b4-4b60-bf89-d63128cad841",-19.279342,146.726868,2021-06-13 00:04:00,"PRESENT","NatureMapr"
"285","1a7fc233-359e-40ff-ba90-6718801b3586","Acraea terpsicore","https://biodiversity.org.au/afd/taxa/ba632bea-a7b4-4b60-bf89-d63128cad841",-12.485016,130.86461,2025-05-15 20:22:41,"PRESENT","iNaturalist Australia"
"286","1aa11841-2d6c-43a8-92b5-b741f8c4ef2a","Acraea terpsicore","https://biodiversity.org.au/afd/taxa/ba632bea-a7b4-4b60-bf89-d63128cad841",-17.600091,145.551715,2022-03-04 22:45:00,"PRESENT","Butterflies Australia"
"287","1ab76073-efe0-4108-88cd-f49382241af0","Passiflora edulis","https://id.biodiversity.org.au/node/apni/2902546",-34.07456,151.006048,2024-10-08 09:02:01,"PRESENT","iNaturalist Australia"
"288","1b01d973-3eac-410f-9c22-042d0990bf3e","Passiflora foetida","https://id.biodiversity.org.au/taxon/apni/51442118",-25.379855,152.764576,2026-01-10 15:54:12,"PRESENT","iNaturalist Australia"
"289","1b6a107a-724d-4632-8b07-d0c2e0dcc96e","Passiflora edulis","https://id.biodiversity.org.au/node/apni/2902546",-27.955385,153.172745,2025-04-04 20:39:00,"PRESENT","iNaturalist Australia"
"290","1b8632b4-8a6d-445e-b7e5-9a04a9d4c0c0","Acraea terpsicore","https://biodiversity.org.au/afd/taxa/ba632bea-a7b4-4b60-bf89-d63128cad841",-19.067168,146.593364,2025-04-20 10:27:05,"PRESENT","iNaturalist Australia"
"291","1ba7fa54-1621-4cd8-bdf2-c8abac316f98","Passiflora edulis","https://id.biodiversity.org.au/node/apni/2902546",-33.711914,151.190797,2021-05-03 13:52:00,"PRESENT","iNaturalist Australia"
"292","1baed076-fced-4215-ac6c-b28e2c6925f6","Passiflora foetida","https://id.biodiversity.org.au/taxon/apni/51442118",-16.088989,128.75998,2021-07-25 08:58:27,"PRESENT","iNaturalist Australia"
"293","1bc64f7d-54b0-44ec-9a9d-66ad113663ff","Passiflora edulis","https://id.biodiversity.org.au/node/apni/2902546",-28.7313,153.406215,2025-09-19 16:46:47,"PRESENT","iNaturalist Australia"
"294","1bdd457e-4cd4-4c3a-9205-91b97de66151","Passiflora foetida","https://id.biodiversity.org.au/taxon/apni/51442118",-20.015493,148.265616,2023-07-19 10:49:37,"PRESENT","iNaturalist Australia"
"295","1bf772e4-a85a-4e14-832e-e81dd2334d92","Passiflora edulis","https://id.biodiversity.org.au/node/apni/2902546",-33.816191,150.922961,2025-05-20 16:19:30,"PRESENT","iNaturalist Australia"
"296","1bf81e58-a64d-41bd-9c11-d94d8c459545","Passiflora edulis","https://id.biodiversity.org.au/node/apni/2902546",-33.377219,151.327667,2025-11-08 15:52:21,"PRESENT","iNaturalist Australia"
"297","1c05009d-628c-4979-8642-480c170309ef","Passiflora edulis","https://id.biodiversity.org.au/node/apni/2902546",-33.711402,151.190645,2023-02-25 12:35:00,"PRESENT","iNaturalist Australia"
"298","1c278fc7-b2de-4df0-9e13-fc9795f80f05","Passiflora edulis","https://id.biodiversity.org.au/node/apni/2902546",-27.43502,152.995746,2025-01-25 09:11:00,"PRESENT","iNaturalist Australia"
"299","1c710fb6-0983-4133-8297-5a33108e9551","Passiflora foetida","https://id.biodiversity.org.au/taxon/apni/51442118",-16.908456,145.740447,2022-11-16 13:22:36,"PRESENT","iNaturalist Australia"
"300","1ccfc7e7-bb8e-489d-8fde-3bdc24fa79eb","Passiflora foetida","https://id.biodiversity.org.au/taxon/apni/51442118",-19.075,146.4636,2025-07-06 15:32:00,"PRESENT","iNaturalist Australia"
"301","1ce9c095-81e2-42b9-b5a3-b1c759a95283","Acraea terpsicore","https://biodiversity.org.au/afd/taxa/ba632bea-a7b4-4b60-bf89-d63128cad841",-21.011004,149.155976,2025-06-29 12:02:12,"PRESENT","iNaturalist Australia"
"302","1cec16f0-cdcf-461f-a906-6708ed535106","Passiflora edulis","https://id.biodiversity.org.au/node/apni/2902546",-30.21585,153.152458,2023-09-06 10:42:30,"PRESENT","iNaturalist Australia"
"303","1cecd508-332e-4faf-a620-dac3692cffef","Acraea terpsicore","https://biodiversity.org.au/afd/taxa/ba632bea-a7b4-4b60-bf89-d63128cad841",-25.493159,148.814269,2021-02-11 12:01:00,"PRESENT","iNaturalist Australia"
"304","1cf3b900-fcdf-44b8-b45f-656c3e1ba791","Passiflora foetida","https://id.biodiversity.org.au/taxon/apni/51442118",-10.577368,142.219227,2022-07-14 10:32:00,"PRESENT","iNaturalist Australia"
"305","1d0db939-8ca8-4b76-9527-983395d1a647","Passiflora edulis","https://id.biodiversity.org.au/node/apni/2902546",-28.409652,153.023845,2021-09-29 09:49:39,"PRESENT","iNaturalist Australia"
"306","1d107c66-0304-4538-a4d2-323b42ac7d29","Passiflora edulis","https://id.biodiversity.org.au/node/apni/2902546",-27.625422,153.191192,2022-05-27 13:33:53,"PRESENT","iNaturalist Australia"
"307","1d39c681-cd46-40a1-8586-3571033b2cec","Acraea terpsicore","https://biodiversity.org.au/afd/taxa/ba632bea-a7b4-4b60-bf89-d63128cad841",-12.868088,131.628353,2025-06-09 11:18:00,"PRESENT","iNaturalist Australia"
"308","1d5f5b40-25fd-4b7a-8c28-2e24d51c719e","Passiflora edulis","https://id.biodiversity.org.au/node/apni/2902546",-17.3839,145.666275,2023-06-30 16:39:16,"PRESENT","iNaturalist Australia"
"309","1d7f87c2-58e4-44e6-a979-7b345f55aa40","Acraea terpsicore","https://biodiversity.org.au/afd/taxa/ba632bea-a7b4-4b60-bf89-d63128cad841",-19.300922,146.75715,2025-03-03 12:54:00,"PRESENT","iNaturalist Australia"
"310","1d9b93b4-842a-466c-8b56-b25c0c851d00","Passiflora foetida","https://id.biodiversity.org.au/taxon/apni/51442118",-25.301686,152.88972,2023-10-25 14:06:00,"PRESENT","iNaturalist Australia"
"311","1d9fde5a-4855-4635-bbd1-159a09f458ac","Passiflora edulis","https://id.biodiversity.org.au/node/apni/2902546",-26.794306,152.966926,2021-02-18 10:35:00,"PRESENT","iNaturalist Australia"
"312","1dc180b5-3174-4106-a683-4fabdf00da25","Acraea terpsicore","https://biodiversity.org.au/afd/taxa/ba632bea-a7b4-4b60-bf89-d63128cad841",-20.786049,140.730066,2025-09-28 09:58:00,"PRESENT","iNaturalist Australia"
"313","1dca0530-04a5-4664-8576-cedf7f127fa6","Acraea terpsicore","https://biodiversity.org.au/afd/taxa/ba632bea-a7b4-4b60-bf89-d63128cad841",-12.906384,131.651784,2023-02-06 10:48:00,"PRESENT","iNaturalist Australia"
"314","1de81bcb-6e4d-487f-815b-fbd4a5830589","Acraea terpsicore","https://biodiversity.org.au/afd/taxa/ba632bea-a7b4-4b60-bf89-d63128cad841",-15.432198,128.129762,2025-08-03 10:45:00,"PRESENT","iNaturalist Australia"
"315","1e223aeb-ac17-4598-b4ce-a955b1eff282","Passiflora edulis","https://id.biodiversity.org.au/node/apni/2902546",-30.263625,153.112275,2022-09-28 19:09:00,"PRESENT","iNaturalist Australia"
"316","1e2519b4-b109-4cf8-874f-5c939ecb670e","Acraea terpsicore","https://biodiversity.org.au/afd/taxa/ba632bea-a7b4-4b60-bf89-d63128cad841",-17.06017,145.474377,2022-03-21 11:36:00,"PRESENT","iNaturalist Australia"
"317","1e2a1a4d-bf75-4026-92c5-40f23a0f8014","Passiflora edulis","https://id.biodiversity.org.au/node/apni/2902546",-27.292864,152.745148,2024-10-24 19:39:00,"PRESENT","iNaturalist Australia"
"318","1e368358-3944-487a-890c-2757c9ebc13b","Acraea terpsicore","https://biodiversity.org.au/afd/taxa/ba632bea-a7b4-4b60-bf89-d63128cad841",-13.352662,141.720642,2025-03-03 18:04:43,"PRESENT","iNaturalist Australia"
"319","1e4807b5-c318-4d96-a120-735db32504e0","Passiflora foetida","https://id.biodiversity.org.au/taxon/apni/51442118",-23.43078,150.511289,2022-04-03 14:40:21,"PRESENT","iNaturalist Australia"
"320","1e59e4b8-aeb6-488f-9edf-3c8eeb2ed465","Acraea terpsicore","https://biodiversity.org.au/afd/taxa/ba632bea-a7b4-4b60-bf89-d63128cad841",-19.329631,146.745672,2024-06-03 12:04:00,"PRESENT","iNaturalist Australia"
"321","1edf2aca-94d7-4157-ab37-030bf09c29cf","Acraea terpsicore","https://biodiversity.org.au/afd/taxa/ba632bea-a7b4-4b60-bf89-d63128cad841",-19.280461,146.733498,2023-11-04 14:02:00,"PRESENT","iNaturalist Australia"
"322","1eef1134-3de1-4df4-b3e2-05fd3f3f134a","Passiflora edulis","https://id.biodiversity.org.au/node/apni/2902546",-27.098907,152.694788,2023-01-04 10:48:00,"PRESENT","iNaturalist Australia"
"323","1f6ed1b0-439a-4e5e-b2c3-e534e35f229d","Passiflora edulis","https://id.biodiversity.org.au/node/apni/2902546",-28.028442,152.516006,2025-04-28 11:16:00,"PRESENT","iNaturalist Australia"
"324","1f8d982b-6e6a-4d51-9cbc-8507859c5a1a","Acraea terpsicore","https://biodiversity.org.au/afd/taxa/ba632bea-a7b4-4b60-bf89-d63128cad841",-19.260175,146.809315,2025-06-28 15:06:00,"PRESENT","iNaturalist Australia"
"325","1fae62d1-323d-466c-b360-a40fcbf8544f","Passiflora edulis","https://id.biodiversity.org.au/node/apni/2902546",-26.899712,152.934886,2024-05-26 04:47:00,"PRESENT","iNaturalist Australia"
"326","1fc1f474-c40a-414b-9c2a-1bb20c1f0e37","Acraea terpsicore","https://biodiversity.org.au/afd/taxa/ba632bea-a7b4-4b60-bf89-d63128cad841",-28.066035,152.639794,2025-01-06,"PRESENT","iNaturalist Australia"
"327","1fc6b55d-0ded-4109-84b2-c4d609ae8d81","Acraea terpsicore","https://biodiversity.org.au/afd/taxa/ba632bea-a7b4-4b60-bf89-d63128cad841",-15.615188,131.130279,2024-08-12 02:28:00,"PRESENT","iNaturalist Australia"
"328","1fc7af4f-9654-485d-8213-1a8b40d3be50","Acraea terpsicore","https://biodiversity.org.au/afd/taxa/ba632bea-a7b4-4b60-bf89-d63128cad841",-19.257819,146.803961,2024-05-22 15:58:00,"PRESENT","iNaturalist Australia"
"329","1fd634ed-da0b-4191-bd3c-47d97b6c53c7","Acraea terpsicore","https://biodiversity.org.au/afd/taxa/ba632bea-a7b4-4b60-bf89-d63128cad841",-17.85683,145.44638,2023-06-12 15:27:00,"PRESENT","Butterflies Australia"
"330","1ff10b5f-50a1-4573-be19-6b63b78b466c","Acraea terpsicore","https://biodiversity.org.au/afd/taxa/ba632bea-a7b4-4b60-bf89-d63128cad841",-17.017253,145.752303,2024-02-11 16:54:21,"PRESENT","iNaturalist Australia"
"331","20089664-fdf6-4d87-95f4-c88882e77679","Passiflora foetida","https://id.biodiversity.org.au/taxon/apni/51442118",-27.363602,153.066833,2022-12-21 14:46:00,"PRESENT","iNaturalist Australia"
"332","202d186d-08da-4ce0-9773-78b7f8da1984","Passiflora edulis","https://id.biodiversity.org.au/node/apni/2902546",-27.918345,153.164583,2024-02-17 07:15:00,"PRESENT","iNaturalist Australia"
"333","2051f7f4-b5b6-48e6-82f4-fa6f77e680c5","Acraea terpsicore","https://biodiversity.org.au/afd/taxa/ba632bea-a7b4-4b60-bf89-d63128cad841",-15.577218,135.427476,2023-08-03 11:29:00,"PRESENT","iNaturalist Australia"
"334","20738f93-4696-41eb-a589-6b99b809e237","Passiflora edulis","https://id.biodiversity.org.au/node/apni/2902546",-33.79345,151.15105,2021-03-09,"PRESENT","NSW BioNet Atlas"
"335","2077ebb3-98b2-4765-9a33-24cebd3ebbd3","Passiflora foetida","https://id.biodiversity.org.au/taxon/apni/51442118",-27.435703,153.149292,2025-06-01 12:59:00,"PRESENT","iNaturalist Australia"
"336","20a5bb20-670c-4996-b5b4-094728268391","Passiflora foetida","https://id.biodiversity.org.au/taxon/apni/51442118",-14.469749,132.263345,2021-08-03,"PRESENT","Flora Atlas N.T."
"337","20b8522e-55fb-425d-abab-f9dd6aedc73d","Passiflora edulis","https://id.biodiversity.org.au/node/apni/2902546",-27.496402,153.400424,2023-11-23 12:14:44,"PRESENT","iNaturalist Australia"
"338","211dbc31-7e73-4190-9c3e-3bf467073d60","Passiflora edulis","https://id.biodiversity.org.au/node/apni/2902546",-33.726658,150.611705,2025-01-17 16:25:34,"PRESENT","iNaturalist Australia"
"339","2129c182-de13-4199-978c-59b7002c368d","Acraea terpsicore","https://biodiversity.org.au/afd/taxa/ba632bea-a7b4-4b60-bf89-d63128cad841",-27.48551,152.954116,2026-01-07 12:37:00,"PRESENT","iNaturalist Australia"
"340","213aefc6-768f-436e-b377-b2aacd109ecd","Acraea terpsicore","https://biodiversity.org.au/afd/taxa/ba632bea-a7b4-4b60-bf89-d63128cad841",-12.395908,130.931107,2023-06-05 11:46:00,"PRESENT","iNaturalist Australia"
"341","213ec40b-b342-45a8-a039-849369614571","Acraea terpsicore","https://biodiversity.org.au/afd/taxa/ba632bea-a7b4-4b60-bf89-d63128cad841",-17.038091,145.350049,2021-08-03 13:12:00,"PRESENT","iNaturalist Australia"
"342","214d47c6-c9f2-4f30-9c88-07177343ebf5","Acraea terpsicore","https://biodiversity.org.au/afd/taxa/ba632bea-a7b4-4b60-bf89-d63128cad841",-26.866453,152.93187,2024-02-19 11:57:52,"PRESENT","iNaturalist Australia"
"343","215e2254-092e-47d6-bf7d-0352d4713221","Passiflora edulis","https://id.biodiversity.org.au/node/apni/2902546",-32.070789,152.482055,2021-07-06,"PRESENT","NSW BioNet Atlas"
"344","21723c19-bcf3-49d0-9d7b-0cd08799da5e","Acraea terpsicore","https://biodiversity.org.au/afd/taxa/ba632bea-a7b4-4b60-bf89-d63128cad841",-17.44233,140.84395,2023-08-15 16:39:00,"PRESENT","Butterflies Australia"
"345","21a5761c-2b8d-45ef-a117-a8ea6873a3f7","Passiflora foetida","https://id.biodiversity.org.au/taxon/apni/51442118",-16.635445,145.326151,2022-05-24 09:29:45,"PRESENT","iNaturalist Australia"
"346","21e7ddeb-c239-4c74-babf-5289502dedd3","Passiflora edulis","https://id.biodiversity.org.au/node/apni/2902546",-33.798583,150.978808,2022-10-25 07:42:12,"PRESENT","iNaturalist Australia"
"347","2204c36f-1b93-429e-91bd-39364c294573","Acraea terpsicore","https://biodiversity.org.au/afd/taxa/ba632bea-a7b4-4b60-bf89-d63128cad841",-10.5963,142.3183,2023-06-05 00:45:00,"PRESENT","Butterflies Australia"
"348","220f663e-7411-40ee-9727-32ca8c07f062","Acraea terpsicore","https://biodiversity.org.au/afd/taxa/ba632bea-a7b4-4b60-bf89-d63128cad841",-19.243896,146.79496,2022-01-06 17:46:00,"PRESENT","iNaturalist Australia"
"349","220fd807-ba8e-46f6-a4a2-0feb308bc2d6","Passiflora edulis","https://id.biodiversity.org.au/node/apni/2902546",-27.549258,152.856758,2026-01-25 17:33:13,"PRESENT","iNaturalist Australia"
"350","22248a5d-ba22-4b17-b038-8f057deea069","Passiflora foetida","https://id.biodiversity.org.au/taxon/apni/51442118",-17.478702,127.950043,2025-05-23 10:58:34,"PRESENT","iNaturalist Australia"
"351","225c9356-bb64-47bd-af38-a9320abecba0","Acraea terpsicore","https://biodiversity.org.au/afd/taxa/ba632bea-a7b4-4b60-bf89-d63128cad841",-19.40634,146.732031,2025-07-11 09:33:00,"PRESENT","iNaturalist Australia"
"352","2278f0d2-2d12-4773-8968-adea3bd3182e","Passiflora edulis","https://id.biodiversity.org.au/node/apni/2902546",-27.537617,153.067769,2024-06-03 15:28:10,"PRESENT","iNaturalist Australia"
"353","22a48919-19e5-4030-9fe8-c4c9b94bee48","Acraea terpsicore","https://biodiversity.org.au/afd/taxa/ba632bea-a7b4-4b60-bf89-d63128cad841",-18.502675,122.083275,2025-03-31 06:57:58,"PRESENT","iNaturalist Australia"
"354","22d2650e-788b-4767-afb2-21cc023dcc2e","Passiflora foetida","https://id.biodiversity.org.au/name/apni/51741309",-24.150925,151.884995,2022-05-09 09:37:52,"PRESENT","iNaturalist Australia"
"355","22f02f59-80e3-4144-aecb-65b6874b99a2","Passiflora edulis","https://id.biodiversity.org.au/node/apni/2902546",-27.470453,153.026034,2021-05-02 16:21:00,"PRESENT","iNaturalist Australia"
"356","230e2fcc-cf96-4fb5-b89b-14e1336f0d14","Acraea terpsicore","https://biodiversity.org.au/afd/taxa/ba632bea-a7b4-4b60-bf89-d63128cad841",-21.936431,146.285863,2022-03-23 10:14:10,"PRESENT","iNaturalist Australia"
"357","2331ff8c-10e5-4c75-b489-98afa827048f","Passiflora edulis","https://id.biodiversity.org.au/node/apni/2902546",-27.914384,153.18269,2025-02-03 09:33:00,"PRESENT","iNaturalist Australia"
"358","233c0bd0-067b-4726-92e1-043b2cc46f47","Passiflora edulis","https://id.biodiversity.org.au/node/apni/2902546",-31.579185,152.821165,2022-02-16,"PRESENT","NSW BioNet Atlas"
"359","234b4d3c-48a2-4e83-b172-603a04c789ce","Passiflora edulis","https://id.biodiversity.org.au/node/apni/2902546",-32.386012,152.50349,2023-12-04 10:03:00,"PRESENT","iNaturalist Australia"
"360","2354bda3-b4c7-4e84-b686-cca43fb09361","Acraea terpsicore","https://biodiversity.org.au/afd/taxa/ba632bea-a7b4-4b60-bf89-d63128cad841",-21.909449,149.463603,2022-01-04 09:47:00,"PRESENT","iNaturalist Australia"
"361","23734ea8-e314-4a52-b671-fb357bab57f3","Passiflora edulis","https://id.biodiversity.org.au/node/apni/2902546",-33.606955,151.040944,2024-09-20 06:51:13,"PRESENT","iNaturalist Australia"
"362","2375c52f-a8d4-4699-a83b-14888783f1cf","Passiflora edulis","https://id.biodiversity.org.au/node/apni/2902546",-25.705952,152.82104,2025-02-14 14:34:00,"PRESENT","iNaturalist Australia"
"363","23b1e128-1c6b-4553-947d-6b13664d8d7d","Passiflora edulis","https://id.biodiversity.org.au/node/apni/2902546",-33.933898,150.973984,2024-03-11,"PRESENT","NSW BioNet Atlas"
"364","23c6c323-27db-405c-9967-8ced3bcf5da4","Passiflora edulis","https://id.biodiversity.org.au/node/apni/2902546",-33.703502,150.579795,2025-03-18,"PRESENT","NSW BioNet Atlas"
"365","23ee3f4d-19d8-493c-a3b9-d345eac2154f","Acraea terpsicore","https://biodiversity.org.au/afd/taxa/ba632bea-a7b4-4b60-bf89-d63128cad841",-19.207633,146.741807,2021-08-29 13:56:00,"PRESENT","iNaturalist Australia"
"366","2416f8c9-1787-453b-acfe-5041d4c9e257","Passiflora foetida","https://id.biodiversity.org.au/taxon/apni/51442118",-16.793283,145.703793,2022-01-01 14:31:00,"PRESENT","iNaturalist Australia"
"367","242557af-9bb4-462c-8f80-f734a3345b5d","Passiflora edulis","https://id.biodiversity.org.au/node/apni/2902546",-27.38313,152.780337,2025-12-30 10:11:09,"PRESENT","iNaturalist Australia"
"368","2431dd6b-99ea-4343-900e-6a1440359635","Passiflora foetida","https://id.biodiversity.org.au/taxon/apni/51442118",-14.85593,133.09038,2021-08-12,"PRESENT","Flora Atlas N.T."
"369","2433db66-56ba-46ce-b5d9-6d23edeba405","Passiflora edulis","https://id.biodiversity.org.au/node/apni/2902546",-29.479125,153.3612,2025-10-24 14:01:00,"PRESENT","iNaturalist Australia"
"370","246a1ecf-fa9a-4228-bbf9-e1a0d803a0d6","Acraea terpsicore","https://biodiversity.org.au/afd/taxa/ba632bea-a7b4-4b60-bf89-d63128cad841",-17.313756,145.585965,2023-04-15 01:55:00,"PRESENT","Butterflies Australia"
"371","24b85653-5444-4783-92f1-92cdd4d781da","Acraea terpsicore","https://biodiversity.org.au/afd/taxa/ba632bea-a7b4-4b60-bf89-d63128cad841",-17.394609,123.991511,2023-09-12 07:38:00,"PRESENT","iNaturalist Australia"
"372","24ca7f0a-7df9-4aa3-ad4f-ee9d95c95def","Acraea terpsicore","https://biodiversity.org.au/afd/taxa/ba632bea-a7b4-4b60-bf89-d63128cad841",-18.309023,143.783893,2022-04-09 10:06:19,"PRESENT","iNaturalist Australia"
"373","24ec3650-42f4-45bb-861b-8fd718241732","Passiflora foetida","https://id.biodiversity.org.au/taxon/apni/51442118",-14.470547,132.263407,2021-06-10,"PRESENT","Flora Atlas N.T."
"374","24ef51ae-3c3d-4558-ac3e-c0fc707e6ab3","Acraea terpsicore","https://biodiversity.org.au/afd/taxa/ba632bea-a7b4-4b60-bf89-d63128cad841",-19.16524,146.848224,2024-08-06 15:22:00,"PRESENT","iNaturalist Australia"
"375","24f99e45-b053-4883-b7f4-e8e9f3d45eed","Passiflora edulis","https://id.biodiversity.org.au/node/apni/2902546",-27.310549,152.266469,2023-01-28 09:36:13,"PRESENT","iNaturalist Australia"
"376","25076a32-dda2-474f-8307-6e0235e69844","Acraea terpsicore","https://biodiversity.org.au/afd/taxa/ba632bea-a7b4-4b60-bf89-d63128cad841",-17.85336,138.61942,2023-09-11 03:29:00,"PRESENT","Butterflies Australia"
"377","2528e211-bffa-489b-88df-9199b96b2d6e","Acraea terpsicore","https://biodiversity.org.au/afd/taxa/ba632bea-a7b4-4b60-bf89-d63128cad841",-18.211666,144.561523,2024-08-05 12:19:00,"PRESENT","iNaturalist Australia"
"378","252933d1-c673-4bd9-935f-cc5178ecd1e6","Passiflora edulis","https://id.biodiversity.org.au/node/apni/2902546",-27.365822,152.180222,2021-05-12 09:48:00,"PRESENT","iNaturalist Australia"
"379","253ced7c-ba5e-4466-be31-9a9f459c9c68","Passiflora foetida","https://id.biodiversity.org.au/taxon/apni/51442118",-27.31566,153.053597,2022-08-18 16:37:00,"PRESENT","iNaturalist Australia"
"380","25477257-ee8d-4bbe-9899-43a8482aaecc","Acraea terpsicore","https://biodiversity.org.au/afd/taxa/ba632bea-a7b4-4b60-bf89-d63128cad841",-17.87869,139.342915,2023-09-10 01:30:00,"PRESENT","Butterflies Australia"
"381","257d30c6-745e-40ea-a370-84ca899570ea","Passiflora foetida","https://id.biodiversity.org.au/taxon/apni/51442118",-25.297202,152.802893,2024-03-08 09:36:00,"PRESENT","iNaturalist Australia"
"382","25a3671e-65ce-4401-8d0d-053e7d81d097","Passiflora edulis","https://id.biodiversity.org.au/node/apni/2902546",-27.70037,153.030761,2021-09-15 09:53:00,"PRESENT","iNaturalist Australia"
"383","25a5f7d3-f500-4d29-8828-a023615c906b","Passiflora foetida","https://id.biodiversity.org.au/taxon/apni/51442118",-30.109694,153.21067,2022-03-14 11:57:00,"PRESENT","iNaturalist Australia"
"384","25cd797c-ff98-4d3d-abb5-d1a64b691394","Passiflora edulis","https://id.biodiversity.org.au/node/apni/2902546",-26.255897,152.961503,2023-05-27 14:10:00,"PRESENT","iNaturalist Australia"
"385","25d05fe9-7ce8-40dd-96cb-a76f8bd8fe85","Acraea terpsicore","https://biodiversity.org.au/afd/taxa/ba632bea-a7b4-4b60-bf89-d63128cad841",-15.460922,128.10183,2025-08-05 15:54:00,"PRESENT","iNaturalist Australia"
"386","25de7f55-0b32-4a7d-912b-da124cecdf8d","Passiflora edulis","https://id.biodiversity.org.au/node/apni/2902546",-17.178322,145.459183,2025-08-23 14:53:00,"PRESENT","iNaturalist Australia"
"387","25e8f527-a821-4635-97bf-cba63113d3be","Acraea terpsicore","https://biodiversity.org.au/afd/taxa/ba632bea-a7b4-4b60-bf89-d63128cad841",-18.51,143.89,2023-03-28 10:47:00,"PRESENT","iNaturalist Australia"
"388","25ee2ecf-b778-4235-a94d-135504a8c71f","Acraea terpsicore","https://biodiversity.org.au/afd/taxa/ba632bea-a7b4-4b60-bf89-d63128cad841",-16.786808,145.690603,2021-10-05 09:03:00,"PRESENT","iNaturalist Australia"
"389","261bf7a6-7456-48c7-9fae-749d0b072fa6","Acraea terpsicore","https://biodiversity.org.au/afd/taxa/ba632bea-a7b4-4b60-bf89-d63128cad841",-19.924932,147.848148,2021-09-30,"PRESENT","Butterflies Australia"
"390","26255c49-2b99-4e49-b71b-0cae5dca0abf","Acraea terpsicore","https://biodiversity.org.au/afd/taxa/ba632bea-a7b4-4b60-bf89-d63128cad841",-14.4,132.3,2021-01-13 19:02:00,"PRESENT","Earth Guardians Weekly Feed"
"391","26622853-d7a0-4d33-8027-2b2e5ded735a","Passiflora edulis","https://id.biodiversity.org.au/node/apni/2902546",-27.662691,152.895463,2024-11-22 13:03:00,"PRESENT","iNaturalist Australia"
"392","268fb0f2-dbac-4189-abf6-9ab6d3b0a534","Passiflora edulis","https://id.biodiversity.org.au/node/apni/2902546",-33.014754,151.704436,2021-10-29,"PRESENT","NSW BioNet Atlas"
"393","26b74a01-1ae1-4d54-ad9e-adb6c2c894d9","Acraea terpsicore","https://biodiversity.org.au/afd/taxa/ba632bea-a7b4-4b60-bf89-d63128cad841",-19.259962,146.808747,2025-05-04 11:56:05,"PRESENT","iNaturalist Australia"
"394","26baf4b8-f0ea-4733-9bd2-1365259e0f04","Passiflora edulis","https://id.biodiversity.org.au/node/apni/2902546",-27.893056,153.186111,2025-02-05 17:12:00,"PRESENT","iNaturalist Australia"
"395","26d03b06-fe37-4409-925a-0575d06b981e","Passiflora edulis","https://id.biodiversity.org.au/node/apni/2902546",-33.693478,150.545303,2021-01-05 10:43:00,"PRESENT","iNaturalist Australia"
"396","26e3464b-2cdb-45f8-b09b-1bd3ca2ba3df","Passiflora edulis","https://id.biodiversity.org.au/node/apni/2902546",-27.995966,153.145498,2022-12-02 10:10:00,"PRESENT","iNaturalist Australia"
"397","26e4f8c8-0331-4bdc-89ed-75db117b67f8","Acraea terpsicore","https://biodiversity.org.au/afd/taxa/ba632bea-a7b4-4b60-bf89-d63128cad841",-19.17375,146.834125,2021-04-27 08:00:19,"PRESENT","iNaturalist Australia"
"398","26ed4264-8ec6-4188-a06b-a31f9d396117","Passiflora edulis","https://id.biodiversity.org.au/node/apni/2902546",-37.756535,144.897582,2022-10-19 12:11:51,"PRESENT","iNaturalist Australia"
"399","27105754-088d-4a49-9bc2-58d990b50fcf","Passiflora foetida","https://id.biodiversity.org.au/taxon/apni/51442118",-26.379486,153.10615,2022-04-19 15:10:01,"PRESENT","iNaturalist Australia"
"400","2719b307-1f93-4c09-9843-4e746c5439e7","Acraea terpsicore","https://biodiversity.org.au/afd/taxa/ba632bea-a7b4-4b60-bf89-d63128cad841",-16.451973,123.009145,2022-09-07 09:06:00,"PRESENT","iNaturalist Australia"
"401","275d2b9a-9311-42d8-8dfc-7b64fcf7888a","Acraea terpsicore","https://biodiversity.org.au/afd/taxa/ba632bea-a7b4-4b60-bf89-d63128cad841",-19.222857,146.756771,2022-05-22 09:57:00,"PRESENT","iNaturalist Australia"
"402","277f5f7f-ee99-435e-9902-6497ac01d79b","Passiflora edulis","https://id.biodiversity.org.au/node/apni/2902546",-37.916293,145.376381,2024-04-05 14:24:05,"PRESENT","iNaturalist Australia"
"403","278cc478-e2dd-4bb0-9bc7-be8fc363b147","Passiflora foetida","https://id.biodiversity.org.au/taxon/apni/51442118",-19.191563,146.774353,2022-10-23 11:39:17,"PRESENT","iNaturalist Australia"
"404","279dda61-2bc5-40aa-8653-c0c4bcfe0127","Passiflora edulis","https://id.biodiversity.org.au/node/apni/2902546",-28.192123,153.460661,2023-07-07,"PRESENT","NSW BioNet Atlas"
"405","27cdb5d4-c3cb-4a2e-ab9c-40a8b9caccaa","Acraea terpsicore","https://biodiversity.org.au/afd/taxa/ba632bea-a7b4-4b60-bf89-d63128cad841",-27.3375,153.07778,2021-02-28 10:54:00,"PRESENT","Butterflies Australia"
"406","28116d11-be4f-4c6a-bf2d-817cf73b1640","Acraea terpsicore","https://biodiversity.org.au/afd/taxa/ba632bea-a7b4-4b60-bf89-d63128cad841",-16.068357,136.30497,2023-06-17 10:30:00,"PRESENT","iNaturalist Australia"
"407","281ee558-9b64-444a-991f-54e7abda38af","Acraea terpsicore","https://biodiversity.org.au/afd/taxa/ba632bea-a7b4-4b60-bf89-d63128cad841",-18.72661,143.46073,2025-05-19 10:06:00,"PRESENT","iNaturalist Australia"
"408","28305be7-12ca-4c86-9471-f0fd8321d0d6","Acraea terpsicore","https://biodiversity.org.au/afd/taxa/ba632bea-a7b4-4b60-bf89-d63128cad841",-19.187723,146.770839,2024-07-26 13:03:00,"PRESENT","iNaturalist Australia"
"409","285656cc-b88a-4590-a69e-915dd6e5ecb8","Passiflora edulis","https://id.biodiversity.org.au/node/apni/2902546",-33.799399,150.979001,2024-01-10 11:36:11,"PRESENT","iNaturalist Australia"
"410","289147cf-41e5-486b-bced-39857a910a92","Passiflora edulis","https://id.biodiversity.org.au/node/apni/2902546",-33.81195,151.132317,2021-03-03,"PRESENT","NSW BioNet Atlas"
"411","2894f262-765b-4ccd-a1de-f6b9945709cc","Passiflora edulis","https://id.biodiversity.org.au/node/apni/2902546",-26.856745,152.856695,2023-04-01 13:26:00,"PRESENT","iNaturalist Australia"
"412","28a41af3-70c8-4765-a418-cd53ab909c2e","Passiflora foetida","https://id.biodiversity.org.au/name/apni/51741309",-23.970232,150.163637,2023-09-21 10:42:00,"PRESENT","iNaturalist Australia"
"413","28a9ecc3-4bb6-4d38-9fc8-d88c105844b5","Passiflora edulis","https://id.biodiversity.org.au/node/apni/2902546",-30.304046,153.120134,2024-05-22 15:52:05,"PRESENT","iNaturalist Australia"
"414","28b2e586-2c9a-4e45-9ded-36268258989c","Acraea terpsicore","https://biodiversity.org.au/afd/taxa/ba632bea-a7b4-4b60-bf89-d63128cad841",-19.2705,146.7241,2025-08-02 14:32:00,"PRESENT","iNaturalist Australia"
"415","28caa569-88e3-47e1-9970-686beff52774","Passiflora foetida","https://id.biodiversity.org.au/taxon/apni/51442118",-25.678342,152.637188,2021-06-11 11:25:00,"PRESENT","iNaturalist Australia"
"416","28f3a9e3-8112-48ec-855f-c32efb835a8b","Passiflora foetida","https://id.biodiversity.org.au/taxon/apni/51442118",-29.611073,153.340187,2024-01-21 06:23:58,"PRESENT","iNaturalist Australia"
"417","29094637-8f85-49d5-a88d-d0be370bc186","Passiflora foetida","https://id.biodiversity.org.au/taxon/apni/51442118",-19.328717,146.758837,2022-05-11 11:14:48,"PRESENT","iNaturalist Australia"
"418","291092e8-28ef-44b8-8c6e-c12e6e1f610c","Acraea terpsicore","https://biodiversity.org.au/afd/taxa/ba632bea-a7b4-4b60-bf89-d63128cad841",-15.975397,144.828838,2022-06-24 11:02:00,"PRESENT","iNaturalist Australia"
"419","293e69c4-76db-4466-9294-e564fa95f9c1","Passiflora edulis","https://id.biodiversity.org.au/node/apni/2902546",-27.757994,152.878687,2024-12-06 13:46:00,"PRESENT","iNaturalist Australia"
"420","2956700a-b06f-46a4-91ea-0b234403c195","Acraea terpsicore","https://biodiversity.org.au/afd/taxa/ba632bea-a7b4-4b60-bf89-d63128cad841",-19.233528,146.78333,2021-12-10 16:34:00,"PRESENT","iNaturalist Australia"
"421","29631d0d-5edf-4f8f-9f1f-174bf76aec3d","Acraea terpsicore","https://biodiversity.org.au/afd/taxa/ba632bea-a7b4-4b60-bf89-d63128cad841",-19.118487,146.856165,2025-06-27 15:44:00,"PRESENT","iNaturalist Australia"
"422","296d8dfd-5650-4eb2-b97e-190c2654569f","Acraea terpsicore","https://biodiversity.org.au/afd/taxa/ba632bea-a7b4-4b60-bf89-d63128cad841",-19.210829,146.510833,2021-01-26 11:59:09,"PRESENT","iNaturalist Australia"
"423","29703528-e8db-4952-ac4d-f83a8c236ceb","Passiflora edulis","https://id.biodiversity.org.au/node/apni/2902546",-30.313207,153.089446,2024-10-27 14:59:00,"PRESENT","iNaturalist Australia"
"424","2978277d-69fa-42ab-8593-bf4547624482","Passiflora foetida","https://id.biodiversity.org.au/name/apni/51741309",-27.46765,152.93718,2025-04-03 09:12:37,"PRESENT","iNaturalist Australia"
"425","29abf35b-6f86-405b-af66-0a0f5f9dc2bc","Passiflora edulis","https://id.biodiversity.org.au/node/apni/2902546",-37.800988,144.966524,2025-03-06 19:38:10,"PRESENT","iNaturalist Australia"
"426","29c2999b-f208-485e-82a1-0d2bf5eaedd8","Passiflora foetida","https://id.biodiversity.org.au/name/apni/51741309",-27.55026,152.508703,2024-04-26 14:47:00,"PRESENT","iNaturalist Australia"
"427","2a19336c-d25d-4347-87dd-3dcfffda098f","Passiflora edulis","https://id.biodiversity.org.au/node/apni/2902546",-27.609677,153.084055,2022-07-19 19:31:00,"PRESENT","iNaturalist Australia"
"428","2a21889f-70a9-4f5b-92ff-3ce2948849ba","Passiflora foetida","https://id.biodiversity.org.au/taxon/apni/51442118",-21.970167,149.661055,2022-12-03 14:38:38,"PRESENT","iNaturalist Australia"
"429","2a359ad4-00b0-4096-a07c-aa5f68570e64","Acraea terpsicore","https://biodiversity.org.au/afd/taxa/ba632bea-a7b4-4b60-bf89-d63128cad841",-27.485709,152.951443,2022-03-05 14:44:00,"PRESENT","iNaturalist Australia"
"430","2a687407-311a-4973-81fb-1a0d1c2e05b3","Acraea terpsicore","https://biodiversity.org.au/afd/taxa/ba632bea-a7b4-4b60-bf89-d63128cad841",-26.382753,152.56955,2024-03-03 13:16:58,"PRESENT","iNaturalist Australia"
"431","2a79d644-bec2-47da-989a-21b79cd16ec3","Passiflora foetida","https://id.biodiversity.org.au/taxon/apni/51442118",-25.346267,152.579673,2025-02-13 11:25:34,"PRESENT","iNaturalist Australia"
"432","2a7a2f2a-70cc-437f-85c5-c1f36e8f2f68","Passiflora edulis","https://id.biodiversity.org.au/node/apni/2902546",-24.444902,151.426889,2024-12-01 10:43:00,"PRESENT","iNaturalist Australia"
"433","2aefc351-2380-4e5c-8caa-4f0a554e6c15","Passiflora foetida","https://id.biodiversity.org.au/taxon/apni/51442118",-25.645616,152.201608,2023-04-17 11:52:00,"PRESENT","iNaturalist Australia"
"434","2af3ebc5-f2d0-468f-875b-4286e5f19745","Passiflora edulis","https://id.biodiversity.org.au/node/apni/2902546",-26.867562,152.958321,2024-12-25 17:45:00,"PRESENT","iNaturalist Australia"
"435","2b253705-8cc4-4e13-808d-6cb6459872cf","Acraea terpsicore","https://biodiversity.org.au/afd/taxa/ba632bea-a7b4-4b60-bf89-d63128cad841",-17.976475,122.346368,2023-07-04 18:36:00,"PRESENT","iNaturalist Australia"
"436","2b28cb46-e903-43eb-aebf-91bb5885beaf","Acraea terpsicore","https://biodiversity.org.au/afd/taxa/ba632bea-a7b4-4b60-bf89-d63128cad841",-25.233771,152.944123,2025-02-20 14:28:15,"PRESENT","iNaturalist Australia"
"437","2b31b64c-61d7-4419-ad1a-af732e16c6a3","Passiflora foetida","https://id.biodiversity.org.au/taxon/apni/51442118",-27.391027,152.996183,2024-04-23 11:58:10,"PRESENT","iNaturalist Australia"
"438","2b3b1f00-bfc8-49f2-b8d0-f7ee9b4dc64c","Passiflora edulis","https://id.biodiversity.org.au/node/apni/2902546",-34.113768,151.047685,2026-01-06 15:47:51,"PRESENT","iNaturalist Australia"
"439","2b72f972-4752-4942-9277-ec4e6d638fd8","Passiflora foetida","https://id.biodiversity.org.au/taxon/apni/51442118",-23.184015,150.937745,2021-01-07 09:35:34,"PRESENT","iNaturalist Australia"
"440","2b8bd2e1-e126-41fa-b645-87c6189d5363","Passiflora edulis","https://id.biodiversity.org.au/node/apni/2902546",-27.373244,152.917567,2025-04-25 16:06:50,"PRESENT","iNaturalist Australia"
"441","2b9c46d8-995e-4c3a-9d5f-8aca32e33678","Acraea terpsicore","https://biodiversity.org.au/afd/taxa/ba632bea-a7b4-4b60-bf89-d63128cad841",-22.47605,143.1828,2022-09-25 02:15:00,"PRESENT","Butterflies Australia"
"442","2b9f4eb4-2b2a-4fa4-8e6e-0e6d97488e58","Acraea terpsicore","https://biodiversity.org.au/afd/taxa/ba632bea-a7b4-4b60-bf89-d63128cad841",-28.492967,153.550675,2022-02-07 10:23:47,"PRESENT","iNaturalist Australia"
"443","2ba8190e-18ce-48fa-9a80-9374c62534a0","Passiflora edulis","https://id.biodiversity.org.au/node/apni/2902546",-34.050817,151.026806,2023-09-04 11:10:00,"PRESENT","iNaturalist Australia"
"444","2bbc15c8-e884-4a75-9532-dbee1addb926","Acraea terpsicore","https://biodiversity.org.au/afd/taxa/ba632bea-a7b4-4b60-bf89-d63128cad841",-23.41751,146.41666,2021-08-26 11:11:00,"PRESENT","iNaturalist Australia"
"445","2bc87627-7118-449d-b14c-bed01b5e85ca","Passiflora foetida","https://id.biodiversity.org.au/taxon/apni/51442118",-24.805965,152.446719,2021-12-28 09:39:00,"PRESENT","iNaturalist Australia"
"446","2bcbcd78-7025-4b75-a6c9-f764462cee48","Passiflora edulis","https://id.biodiversity.org.au/node/apni/2902546",-35.00333,138.57458,2022-11-08,"PRESENT","SA Flora"
"447","2bda3220-0438-40d7-b1a2-be21b136e84f","Passiflora edulis","https://id.biodiversity.org.au/node/apni/2902546",-28.691041,153.313702,2024-03-20 15:55:34,"PRESENT","iNaturalist Australia"
"448","2bda3df5-7eb8-4a45-a44e-576a003875a9","Acraea terpsicore","https://biodiversity.org.au/afd/taxa/ba632bea-a7b4-4b60-bf89-d63128cad841",-17.599452,146.121318,2024-02-25 12:15:13,"PRESENT","iNaturalist Australia"
"449","2bddb9f0-334b-4565-acca-f448bff3750e","Passiflora edulis","https://id.biodiversity.org.au/node/apni/2902546",-32.782548,151.73336,2025-12-16 10:37:58,"PRESENT","iNaturalist Australia"
"450","2be62968-d0c8-438a-b34d-7ef299467970","Acraea terpsicore","https://biodiversity.org.au/afd/taxa/ba632bea-a7b4-4b60-bf89-d63128cad841",-12.349239,130.898633,2024-07-07 10:21:00,"PRESENT","iNaturalist Australia"
"451","2be76c38-5f4c-4353-81de-05dfc05e47b8","Acraea terpsicore","https://biodiversity.org.au/afd/taxa/ba632bea-a7b4-4b60-bf89-d63128cad841",-17.335703,144.946528,2023-04-28 10:07:00,"PRESENT","iNaturalist Australia"
"452","2c403df3-0c31-4d6d-9417-8dad64adf417","Passiflora edulis","https://id.biodiversity.org.au/node/apni/2902546",-29.475915,153.176697,2025-10-24 06:33:00,"PRESENT","iNaturalist Australia"
"453","2c6b44e0-9682-49b8-91a9-17d74d47dc80","Passiflora foetida","https://id.biodiversity.org.au/taxon/apni/51442118",-14.469957,132.263155,2021-06-10,"PRESENT","Flora Atlas N.T."
"454","2c8c30ee-ad90-4f11-80ce-e7ee6f7c977a","Acraea terpsicore","https://biodiversity.org.au/afd/taxa/ba632bea-a7b4-4b60-bf89-d63128cad841",-11.758633,130.640622,2025-04-03 17:15:00,"PRESENT","iNaturalist Australia"
"455","2cc2ea1b-f8e6-4888-ab62-d80df22fb160","Passiflora edulis","https://id.biodiversity.org.au/node/apni/2902546",-28.560761,153.539436,2021-10-08,"PRESENT","NSW BioNet Atlas"
"456","2cce1377-b4a7-4676-bad8-ddb618106195","Passiflora foetida","https://id.biodiversity.org.au/taxon/apni/51442118",-23.718361,149.119528,2024-04-21,"PRESENT","BRI AVH Data and Images"
"457","2d01715c-ca3b-42c5-924b-05278afb4354","Passiflora foetida","https://id.biodiversity.org.au/name/apni/51741309",-27.550661,152.508453,2026-01-08 11:28:00,"PRESENT","iNaturalist Australia"
"458","2d144e86-323e-4310-a282-93d48148c4c7","Acraea terpsicore","https://biodiversity.org.au/afd/taxa/ba632bea-a7b4-4b60-bf89-d63128cad841",-16.478448,145.462162,2024-07-17 13:42:00,"PRESENT","iNaturalist Australia"
"459","2d220603-190c-4a01-bb72-e519604d910d","Passiflora foetida","https://id.biodiversity.org.au/taxon/apni/51442118",-14.470616,132.260751,2021-06-10,"PRESENT","Flora Atlas N.T."
"460","2d4c729f-4f91-4726-afda-5cb5dcbdcee9","Passiflora edulis","https://id.biodiversity.org.au/node/apni/2902546",-30.160813,153.160224,2024-09-20 10:31:00,"PRESENT","iNaturalist Australia"
"461","2d682ab9-f1a0-4239-8a17-0ccad17c8627","Passiflora foetida","https://id.biodiversity.org.au/taxon/apni/51442118",-17.4538,140.83,2022-04-01 12:52:00,"PRESENT","iNaturalist Australia"
"462","2d7afc0e-9d2a-4c09-81a1-0ce1ffae55da","Acraea terpsicore","https://biodiversity.org.au/afd/taxa/ba632bea-a7b4-4b60-bf89-d63128cad841",-16.9,145.8,2022-04-03 10:49:00,"PRESENT","Earth Guardians Weekly Feed"
"463","2d7b63cf-3d39-4b9c-81b5-b78592508d9c","Acraea terpsicore","https://biodiversity.org.au/afd/taxa/ba632bea-a7b4-4b60-bf89-d63128cad841",-19.194371,146.765669,2021-12-28 11:41:00,"PRESENT","iNaturalist Australia"
"464","2d8c175b-3ecd-464e-9f34-7e0c8fb99c12","Passiflora edulis","https://id.biodiversity.org.au/node/apni/2902546",-27.445304,153.14238,2022-10-09 09:57:59,"PRESENT","iNaturalist Australia"
"465","2daa9402-2666-4967-a428-8e3797d3b4e3","Passiflora foetida","https://id.biodiversity.org.au/taxon/apni/51442118",-26.257207,152.86361,2022-05-19 12:01:45,"PRESENT","iNaturalist Australia"
"466","2db7ce4f-9fd4-452d-887b-7a43ebec74c4","Passiflora foetida","https://id.biodiversity.org.au/taxon/apni/51442118",-27.461433,152.881028,2025-02-25 09:57:19,"PRESENT","iNaturalist Australia"
"467","2dd91456-2e4f-441d-b258-3952586dc7fd","Passiflora edulis","https://id.biodiversity.org.au/node/apni/2902546",-27.89762,153.38977,2024-10-18 13:50:00,"PRESENT","iNaturalist Australia"
"468","2ddf3033-120d-4263-8059-dd225f5bf82d","Passiflora foetida","https://id.biodiversity.org.au/taxon/apni/51442118",-19.1847,146.7641,2022-02-26 12:50:00,"PRESENT","iNaturalist Australia"
"469","2e00c563-7833-448f-97bb-c85b0626817e","Acraea terpsicore","https://biodiversity.org.au/afd/taxa/ba632bea-a7b4-4b60-bf89-d63128cad841",-18.201661,142.246293,2022-09-03 08:12:00,"PRESENT","iNaturalist Australia"
"470","2e055b03-8991-421d-80e1-126a37963352","Passiflora edulis","https://id.biodiversity.org.au/node/apni/2902546",-33.734058,151.142028,2021-11-13 10:33:08,"PRESENT","iNaturalist Australia"
"471","2e08301c-172b-473d-97e0-4a4cd6e288ea","Passiflora foetida","https://id.biodiversity.org.au/name/apni/51741309",-27.936822,153.329722,2024-03-27 09:06:31,"PRESENT","iNaturalist Australia"
"472","2e18f787-8034-47f7-a405-a0568a5c3973","Acraea terpsicore","https://biodiversity.org.au/afd/taxa/ba632bea-a7b4-4b60-bf89-d63128cad841",-17.6629,141.09126,2023-08-18 00:48:00,"PRESENT","Butterflies Australia"
"473","2e24cad9-da04-4134-9bac-9cc53c9aadee","Acraea terpsicore","https://biodiversity.org.au/afd/taxa/ba632bea-a7b4-4b60-bf89-d63128cad841",-19.207633,146.741807,2021-05-16 15:30:00,"PRESENT","iNaturalist Australia"
"474","2e2f3903-cd1c-4d3d-908b-52be627b4999","Passiflora edulis","https://id.biodiversity.org.au/node/apni/2902546",-27.814922,153.210725,2022-06-05 13:21:30,"PRESENT","iNaturalist Australia"
"475","2e32d8d6-74a4-4045-ba6e-d66903083068","Acraea terpsicore","https://biodiversity.org.au/afd/taxa/ba632bea-a7b4-4b60-bf89-d63128cad841",-17.41457,128.305083,2025-06-22 10:33:26,"PRESENT","iNaturalist Australia"
"476","2e3ba2f4-7903-4c4c-9352-9be6249187e7","Acraea terpsicore","https://biodiversity.org.au/afd/taxa/ba632bea-a7b4-4b60-bf89-d63128cad841",-19.207633,146.741807,2023-07-08 09:11:51,"PRESENT","iNaturalist Australia"
"477","2e4ed1b6-6c21-4c4a-b72a-61556d9a02d7","Passiflora foetida","https://id.biodiversity.org.au/taxon/apni/51442118",-19.303442,146.80048,2022-07-23 16:57:52,"PRESENT","iNaturalist Australia"
"478","2e8e96d8-8239-45b7-b631-c3a62fa6ad75","Passiflora edulis","https://id.biodiversity.org.au/node/apni/2902546",-28.212901,153.461826,2023-10-25,"PRESENT","NSW BioNet Atlas"
"479","2ea15d9b-f52e-4d00-89e2-05f205397592","Acraea terpsicore","https://biodiversity.org.au/afd/taxa/ba632bea-a7b4-4b60-bf89-d63128cad841",-27.475767,152.976473,2022-03-21 13:55:00,"PRESENT","iNaturalist Australia"
"480","2ef4c1cd-74c8-49ae-aea3-6d3a98a540b0","Passiflora edulis","https://id.biodiversity.org.au/node/apni/2902546",-33.799428,150.98775,2025-02-08 17:11:28,"PRESENT","iNaturalist Australia"
"481","2f02280f-e51f-41b2-8af9-0fd6b011bd76","Passiflora foetida","https://id.biodiversity.org.au/name/apni/51741309",-27.470628,152.545644,2024-05-19 11:31:59,"PRESENT","iNaturalist Australia"
"482","2f22a21a-5f02-43c2-9df2-159f1eb99dd7","Passiflora edulis","https://id.biodiversity.org.au/node/apni/2902546",-27.339449,153.016042,2025-11-21 07:27:15,"PRESENT","iNaturalist Australia"
"483","2f29327e-f04f-4c40-9dcc-4018c186fe9c","Acraea terpsicore","https://biodiversity.org.au/afd/taxa/ba632bea-a7b4-4b60-bf89-d63128cad841",-20.089414,146.281672,2022-05-01 17:05:00,"PRESENT","iNaturalist Australia"
"484","2f35349f-a225-46a2-9e0a-282c43f2104f","Passiflora edulis","https://id.biodiversity.org.au/node/apni/2902546",-27.37312,152.893325,2025-08-18 11:06:46,"PRESENT","iNaturalist Australia"
"485","2f38e441-8f17-4a7c-89de-e2cee42eeac0","Passiflora edulis","https://id.biodiversity.org.au/node/apni/2902546",-16.851914,145.688511,2025-12-01 09:58:49,"PRESENT","iNaturalist Australia"
"486","2f639660-87d4-435f-aa4b-e5f495780516","Acraea terpsicore","https://biodiversity.org.au/afd/taxa/ba632bea-a7b4-4b60-bf89-d63128cad841",-13.49632,131.03578,2022-03-24 03:48:00,"PRESENT","Butterflies Australia"
"487","2f68fe6b-4325-4735-b1ff-1d0d5e5429e6","Acraea terpsicore","https://biodiversity.org.au/afd/taxa/ba632bea-a7b4-4b60-bf89-d63128cad841",-19.259947,146.808687,2025-04-07 13:22:40,"PRESENT","iNaturalist Australia"
"488","2f8297e4-6ef7-49ad-84ed-b50a3f695ccc","Passiflora foetida","https://id.biodiversity.org.au/taxon/apni/51442118",-27.480533,152.964298,2022-04-14 09:05:35,"PRESENT","iNaturalist Australia"
"489","2f875568-1d41-4a9b-9bcc-6dfb361946f6","Passiflora foetida","https://id.biodiversity.org.au/taxon/apni/51442118",-23.325762,150.489547,2025-07-22 13:51:40,"PRESENT","iNaturalist Australia"
"490","2fa1124d-5cfd-494f-9157-aa905e753859","Acraea terpsicore","https://biodiversity.org.au/afd/taxa/ba632bea-a7b4-4b60-bf89-d63128cad841",-19.67662,138.39597,2023-09-06 23:58:00,"PRESENT","Butterflies Australia"
"491","2fabe730-8482-4c94-9f3c-6fd929363d0b","Acraea terpsicore","https://biodiversity.org.au/afd/taxa/ba632bea-a7b4-4b60-bf89-d63128cad841",-18.142352,144.328578,2022-09-12 01:45:00,"PRESENT","Butterflies Australia"
"492","2fb1d422-d0cd-4338-bf1a-8fbdab94d043","Passiflora edulis","https://id.biodiversity.org.au/node/apni/2902546",-33.735337,151.082785,2025-02-16 15:03:00,"PRESENT","iNaturalist Australia"
"493","2fc18c6f-3abd-424c-b9a1-4060360edf05","Passiflora edulis","https://id.biodiversity.org.au/node/apni/2902546",-33.752859,151.140981,2024-09-09,"PRESENT","NSW BioNet Atlas"
"494","2fce9cff-220f-497c-b3b1-953ef0fb7f77","Passiflora foetida","https://id.biodiversity.org.au/taxon/apni/51442118",-13.812023,136.353901,2022-05-23,"PRESENT","Flora Atlas N.T."
"495","3032bed9-85b4-49ce-b084-52417935d69c","Passiflora foetida","https://id.biodiversity.org.au/taxon/apni/51442118",-22.705331,150.025882,2021-10-10 09:59:23,"PRESENT","iNaturalist Australia"
"496","303df444-47d2-4cd6-929d-b3724a97515b","Passiflora edulis","https://id.biodiversity.org.au/node/apni/2902546",-16.8166,145.635,2023-11-10 11:14:00,"PRESENT","iNaturalist Australia"
"497","304c6880-e1d6-4b91-abd8-7364f38d6155","Passiflora edulis","https://id.biodiversity.org.au/node/apni/2902546",-33.870526,151.091355,2021-03-09 19:18:17,"PRESENT","iNaturalist Australia"
"498","30581a24-b37b-4161-901e-37c75d93bc90","Passiflora edulis","https://id.biodiversity.org.au/node/apni/2902546",-33.637592,151.307916,2021-04-21,"PRESENT","NSW BioNet Atlas"
"499","306781e0-93eb-41a4-b0b6-dd970514fe01","Passiflora edulis","https://id.biodiversity.org.au/node/apni/2902546",-31.637811,152.686172,2022-01-15 11:53:00,"PRESENT","iNaturalist Australia"
"500","3067a8e9-5cf1-4367-a951-9e2a5466f2a9","Acraea terpsicore","https://biodiversity.org.au/afd/taxa/ba632bea-a7b4-4b60-bf89-d63128cad841",-19.36369,146.44081,2021-05-09,"PRESENT","WildNet - Queensland Wildlife Data"
"501","306845ea-3f83-428c-90b8-a7a9a26867aa","Passiflora edulis","https://id.biodiversity.org.au/node/apni/2902546",-30.271917,153.081192,2025-10-25 12:17:00,"PRESENT","iNaturalist Australia"
"502","307b127c-e551-4484-8492-e17624ae42e1","Passiflora edulis","https://id.biodiversity.org.au/node/apni/2902546",-34.710695,150.682388,2022-12-16 16:38:22,"PRESENT","iNaturalist Australia"
"503","3082a5a5-fe00-41f4-a062-904094f3d9c7","Passiflora edulis","https://id.biodiversity.org.au/node/apni/2902546",-25.557435,152.323024,2021-06-10 12:13:02,"PRESENT","iNaturalist Australia"
"504","3093aeba-6443-423c-8db6-354a43ff0d74","Passiflora foetida","https://id.biodiversity.org.au/taxon/apni/51442118",-27.47123,152.939378,2021-01-15 06:22:49,"PRESENT","iNaturalist Australia"
"505","3095ce48-0f15-456c-b10d-ccc9800de9b4","Passiflora edulis","https://id.biodiversity.org.au/node/apni/2902546",-27.354136,152.947608,2024-07-04 11:35:28,"PRESENT","iNaturalist Australia"
"506","3097632b-1561-4140-b570-f3378cb0ab3e","Passiflora edulis","https://id.biodiversity.org.au/node/apni/2902546",-33.778761,150.993662,2021-05-28,"PRESENT","NSW BioNet Atlas"
"507","30a03133-54e4-4077-ad77-04a7da858dad","Passiflora foetida","https://id.biodiversity.org.au/node/apni/2905971",-28.251779,153.569108,2023-11-06,"PRESENT","NSW BioNet Atlas"
"508","30a28cc9-310e-4836-be19-12ff16a7fde1","Passiflora foetida","https://id.biodiversity.org.au/taxon/apni/51442118",-25.33595,153.200745,2022-03-07 10:32:22,"PRESENT","iNaturalist Australia"
"509","30a73882-c85e-46bc-9976-091bc426ec1d","Passiflora edulis","https://id.biodiversity.org.au/node/apni/2902546",-31.63027,152.763428,2024-11-21 11:59:50,"PRESENT","iNaturalist Australia"
"510","30a8ac6e-9f1e-4335-8db2-60372b058fc8","Acraea terpsicore","https://biodiversity.org.au/afd/taxa/ba632bea-a7b4-4b60-bf89-d63128cad841",-19.25849,146.802732,2025-06-05 11:14:00,"PRESENT","iNaturalist Australia"
"511","30b1bb07-d959-4a9c-b158-bc2615bd8c32","Passiflora foetida","https://id.biodiversity.org.au/taxon/apni/51442118",-22.120287,149.524942,2021-06-20 11:34:00,"PRESENT","iNaturalist Australia"
"512","30cc8118-b38b-44ba-bc35-3fdc1e4a66f2","Passiflora foetida","https://id.biodiversity.org.au/node/apni/2918534",-27.917861,152.695139,2024-04-24,"PRESENT","NCW Beadle Herbarium AVH Data"
"513","30dbfab5-97ee-49f5-b80b-dca2d225700f","Acraea terpsicore","https://biodiversity.org.au/afd/taxa/ba632bea-a7b4-4b60-bf89-d63128cad841",-20.763087,135.191791,2025-07-28 10:51:00,"PRESENT","iNaturalist Australia"
"514","30e0ac30-bd49-4ab8-b2f4-21a296e3fb1a","Passiflora foetida","https://id.biodiversity.org.au/taxon/apni/51442118",-29.403118,153.35075,2023-03-16 14:06:21,"PRESENT","iNaturalist Australia"
"515","30e930b2-7297-42af-a98a-fe15fe190596","Acraea terpsicore","https://biodiversity.org.au/afd/taxa/ba632bea-a7b4-4b60-bf89-d63128cad841",-27.485589,152.954201,2022-03-05 13:55:00,"PRESENT","iNaturalist Australia"
"516","30f5baec-6953-4859-8b06-757e3a53ee61","Passiflora foetida","https://id.biodiversity.org.au/taxon/apni/51442118",-16.804358,145.724625,2021-12-11 17:02:06,"PRESENT","iNaturalist Australia"
"517","30f783e4-1225-4398-bd53-cf145d0b53ea","Passiflora foetida","https://id.biodiversity.org.au/taxon/apni/51442118",-12.70994,131.090185,2023-11-25 06:24:00,"PRESENT","iNaturalist Australia"
"518","3105e6fd-087a-4b78-bf07-ef4a31225961","Passiflora edulis","https://id.biodiversity.org.au/node/apni/2902546",-28.16449,152.607429,2025-01-26 16:37:55,"PRESENT","iNaturalist Australia"
"519","31078246-bc68-485a-a327-bd8360b57b4e","Passiflora edulis","https://id.biodiversity.org.au/node/apni/2902546",-31.621344,152.826003,2021-01-13 12:09:00,"PRESENT","iNaturalist Australia"
"520","31275cef-047c-46b2-8626-a516e3016c6b","Passiflora edulis","https://id.biodiversity.org.au/node/apni/2902546",-30.272387,153.079798,2025-10-25 18:52:06,"PRESENT","iNaturalist Australia"
"521","312e8551-3509-4f6c-bb36-db6a37e70a98","Passiflora edulis","https://id.biodiversity.org.au/node/apni/2902546",-27.609018,153.086143,2024-12-12 11:24:00,"PRESENT","iNaturalist Australia"
"522","314005ea-557f-4c49-9f46-ddd2929104f4","Passiflora foetida","https://id.biodiversity.org.au/taxon/apni/51442118",-14.468392,132.26264,2021-06-10,"PRESENT","Flora Atlas N.T."
"523","316606f9-e3c2-4745-8aac-dbc23d656ebc","Acraea terpsicore","https://biodiversity.org.au/afd/taxa/ba632bea-a7b4-4b60-bf89-d63128cad841",-21.638362,149.351206,2025-05-31 16:03:45,"PRESENT","iNaturalist Australia"
"524","31d1f6d7-1b92-4a75-8cab-d473aa341343","Passiflora edulis","https://id.biodiversity.org.au/node/apni/2902546",-27.311328,152.247802,2022-11-13 12:06:30,"PRESENT","iNaturalist Australia"
"525","31dd6a5a-16e0-403c-976e-d0d564695c2b","Passiflora foetida","https://id.biodiversity.org.au/taxon/apni/51442118",-27.549672,152.508589,2024-11-10 07:25:00,"PRESENT","iNaturalist Australia"
"526","320d3fb3-f692-403e-a8ef-2f197821a6c7","Passiflora edulis","https://id.biodiversity.org.au/node/apni/2902546",-35.281017,150.4832,2022-11-29 13:54:00,"PRESENT","iNaturalist Australia"
"527","321b3468-3f4e-4da4-943c-c5f078889bd2","Passiflora foetida","https://id.biodiversity.org.au/taxon/apni/51442118",-16.771514,122.611056,2025-04-23 07:32:36,"PRESENT","iNaturalist Australia"
"528","32341203-30b2-4ad2-9f3b-93387dcb8fb6","Acraea terpsicore","https://biodiversity.org.au/afd/taxa/ba632bea-a7b4-4b60-bf89-d63128cad841",-18.654775,146.15052,2022-02-28 07:47:00,"PRESENT","iNaturalist Australia"
"529","323e3f4b-9156-4273-9a9b-8559d6b43788","Passiflora edulis","https://id.biodiversity.org.au/node/apni/2902546",-27.160392,152.95372,2025-06-24 10:55:39,"PRESENT","iNaturalist Australia"
"530","324893b8-d3b7-4b8a-8c0d-d41d81bf90ce","Passiflora edulis","https://id.biodiversity.org.au/node/apni/2902546",-35.301691,150.400521,2021-02-25,"PRESENT","NSW BioNet Atlas"
"531","3250c118-223c-43d2-9325-71c3b887c960","Acraea terpsicore","https://biodiversity.org.au/afd/taxa/ba632bea-a7b4-4b60-bf89-d63128cad841",-16.903061,145.755793,2025-06-30 20:58:00,"PRESENT","iNaturalist Australia"
"532","32686eda-e587-408c-9bc2-a158da83e50c","Acraea terpsicore","https://biodiversity.org.au/afd/taxa/ba632bea-a7b4-4b60-bf89-d63128cad841",-30.224572,153.169646,2021-05-12 08:34:00,"PRESENT","iNaturalist Australia"
"533","327179ca-3151-4ae2-aaae-1d27ffb0e4f1","Acraea terpsicore","https://biodiversity.org.au/afd/taxa/ba632bea-a7b4-4b60-bf89-d63128cad841",-17.464372,140.83236,2025-05-09 17:02:00,"PRESENT","iNaturalist Australia"
"534","32776b0e-17c4-41d5-85dc-561d85b3ad18","Passiflora foetida","https://id.biodiversity.org.au/name/apni/51741309",-27.581521,152.916308,2024-11-23 06:57:40,"PRESENT","iNaturalist Australia"
"535","3288cb30-0ab6-4629-a53b-979bb92e97f6","Passiflora foetida","https://id.biodiversity.org.au/name/apni/51741309",-27.316508,153.06215,2024-04-11 07:20:30,"PRESENT","iNaturalist Australia"
"536","328d92d6-9805-4cbe-8340-c44c1eb4db2f","Acraea terpsicore","https://biodiversity.org.au/afd/taxa/ba632bea-a7b4-4b60-bf89-d63128cad841",-19.342832,146.782537,2023-04-10 07:43:00,"PRESENT","iNaturalist Australia"
"537","329b4247-195f-484b-808c-6ba964f74e50","Passiflora foetida","https://id.biodiversity.org.au/taxon/apni/51442118",-14.182437,132.18846,2021-06-09 12:01:00,"PRESENT","iNaturalist Australia"
"538","32a23a3b-4bfb-4e24-9ffd-aef5ec8debf2","Passiflora edulis","https://id.biodiversity.org.au/node/apni/2902546",-27.463762,152.967965,2023-06-27 16:06:23,"PRESENT","iNaturalist Australia"
"539","32a4bcf6-b8c7-4465-9701-72b70c4f69c7","Acraea terpsicore","https://biodiversity.org.au/afd/taxa/ba632bea-a7b4-4b60-bf89-d63128cad841",-14.500551,132.238709,2024-05-18 16:25:00,"PRESENT","iNaturalist Australia"
"540","32aa3403-14c1-452a-ba91-c919436afa8b","Passiflora foetida","https://id.biodiversity.org.au/taxon/apni/51442118",-27.335605,152.859885,2025-02-09 16:09:01,"PRESENT","iNaturalist Australia"
"541","32b5a62f-fb2a-40fc-9795-7ae8e8cd297f","Acraea terpsicore","https://biodiversity.org.au/afd/taxa/ba632bea-a7b4-4b60-bf89-d63128cad841",-25.819578,152.723712,2024-04-02 09:14:00,"PRESENT","iNaturalist Australia"
"542","32b77c84-37b5-4717-8fe8-a921f9128cbb","Passiflora foetida","https://id.biodiversity.org.au/taxon/apni/51442118",-27.481801,152.963319,2024-03-25 12:00:10,"PRESENT","iNaturalist Australia"
"543","32e2329f-4da5-408b-a9f7-dd5d052db683","Passiflora edulis","https://id.biodiversity.org.au/node/apni/2902546",-30.872777,152.445043,2023-04-12 14:29:18,"PRESENT","iNaturalist Australia"
"544","32f2cd93-aecb-44aa-905b-58ceb45b02e3","Passiflora edulis","https://id.biodiversity.org.au/node/apni/2902546",-33.666085,151.120967,2025-11-21 09:41:49,"PRESENT","iNaturalist Australia"
"545","330089e1-24cd-42c0-986d-03ab4b8bc556","Passiflora edulis","https://id.biodiversity.org.au/node/apni/2902546",-30.560331,152.99445,2023-07-11 14:48:57,"PRESENT","iNaturalist Australia"
"546","33033544-0ccb-417b-bdc2-eab80ef2c7f3","Passiflora foetida","https://id.biodiversity.org.au/name/apni/51741309",-17.182054,145.826358,2024-03-15 21:43:19,"PRESENT","iNaturalist Australia"
"547","330fe00a-34a2-45d2-95fa-e9cbc201f636","Passiflora foetida","https://id.biodiversity.org.au/taxon/apni/51442118",-14.472505,132.262153,2021-11-15,"PRESENT","Flora Atlas N.T."
"548","3312d589-6031-4d3c-a8f4-c483b17a9757","Passiflora edulis","https://id.biodiversity.org.au/node/apni/2902546",-33.836833,151.256958,2024-10-17 11:39:00,"PRESENT","iNaturalist Australia"
"549","334e3e53-e3ca-4209-8b9c-a742d2bfd389","Passiflora foetida","https://id.biodiversity.org.au/taxon/apni/51442118",-27.350282,153.0795,2021-04-03 07:59:33,"PRESENT","iNaturalist Australia"
"550","335d6b1c-2615-4c05-9ea1-e5530a888e51","Acraea terpsicore","https://biodiversity.org.au/afd/taxa/ba632bea-a7b4-4b60-bf89-d63128cad841",-19.317292,146.746474,2021-07-09 23:26:00,"PRESENT","NatureMapr"
"551","3361a802-2ae9-4ba9-904a-28cb374b7eb1","Acraea terpsicore","https://biodiversity.org.au/afd/taxa/ba632bea-a7b4-4b60-bf89-d63128cad841",-18.155208,144.308662,2021-04-08 11:44:07,"PRESENT","iNaturalist Australia"
"552","33972713-f30a-410c-a1f6-ba0ce2cf734c","Passiflora edulis","https://id.biodiversity.org.au/node/apni/2902546",-35.065559,150.674284,2022-08-16,"PRESENT","NSW BioNet Atlas"
"553","33a58970-1fb9-49c3-8e5a-b711866dc08a","Acraea terpsicore","https://biodiversity.org.au/afd/taxa/ba632bea-a7b4-4b60-bf89-d63128cad841",-21.171275,148.900065,2024-06-07 10:57:00,"PRESENT","iNaturalist Australia"
"554","33c1ca18-dd38-4de8-ae70-34bfb713a5ad","Acraea terpsicore","https://biodiversity.org.au/afd/taxa/ba632bea-a7b4-4b60-bf89-d63128cad841",-18.713362,146.29837,2025-05-25 10:01:11,"PRESENT","iNaturalist Australia"
"555","340b0a11-5249-4f80-a774-3bb9935fe35b","Passiflora edulis","https://id.biodiversity.org.au/node/apni/2902546",-33.694035,150.573551,2021-11-20 08:24:35,"PRESENT","iNaturalist Australia"
"556","341e8d38-012a-40b8-9e5e-9307b3e27081","Acraea terpsicore","https://biodiversity.org.au/afd/taxa/ba632bea-a7b4-4b60-bf89-d63128cad841",-13.49632,131.03578,2022-03-24 03:40:00,"PRESENT","Butterflies Australia"
"557","342c6633-1fc4-431e-a2aa-94b337c57260","Passiflora edulis","https://id.biodiversity.org.au/node/apni/2902546",-33.714281,150.596056,2025-01-13 08:44:50,"PRESENT","iNaturalist Australia"
"558","343e1491-d4e2-4231-8c9c-4a18b82c76b4","Acraea terpsicore","https://biodiversity.org.au/afd/taxa/ba632bea-a7b4-4b60-bf89-d63128cad841",-12.372922,142.61582,2021-06-21 17:58:00,"PRESENT","iNaturalist Australia"
"559","343e60aa-943f-4819-a679-3f328f88d699","Passiflora edulis","https://id.biodiversity.org.au/node/apni/2902546",-27.4351,153.069258,2023-04-11 17:22:43,"PRESENT","iNaturalist Australia"
"560","3456690e-4779-4e83-963f-59e6edcb5c6c","Passiflora foetida","https://id.biodiversity.org.au/taxon/apni/51442118",-27.4228,153.166645,2022-01-30 10:20:00,"PRESENT","iNaturalist Australia"
"561","345b9384-b091-4270-9c48-0e15ca1e6130","Passiflora edulis","https://id.biodiversity.org.au/node/apni/2902546",-27.402214,152.806907,2024-02-18 08:48:00,"PRESENT","iNaturalist Australia"
"562","345d3732-52b1-455f-8eb2-7a26b0518031","Acraea terpsicore","https://biodiversity.org.au/afd/taxa/ba632bea-a7b4-4b60-bf89-d63128cad841",-27.53078,153.1415,2022-12-25 03:50:00,"PRESENT","Butterflies Australia"
"563","347216dc-c6d3-4b76-8173-8fb8c0e3e401","Acraea terpsicore","https://biodiversity.org.au/afd/taxa/ba632bea-a7b4-4b60-bf89-d63128cad841",-26.439964,153.169743,2023-02-10 18:16:12,"PRESENT","iNaturalist Australia"
"564","347cdb5f-87ae-41db-910d-2d294fcfc5c2","Passiflora edulis","https://id.biodiversity.org.au/node/apni/2902546",-33.496782,151.295539,2022-09-08,"PRESENT","NSW BioNet Atlas"
"565","348da2bc-f6ad-47b7-b625-26d792a85f86","Acraea terpsicore","https://biodiversity.org.au/afd/taxa/ba632bea-a7b4-4b60-bf89-d63128cad841",-12.36523,130.90957,2025-09-06 09:05:00,"PRESENT","iNaturalist Australia"
"566","34a39317-dd21-4fb3-88cd-ae512fcfb9ba","Acraea terpsicore","https://biodiversity.org.au/afd/taxa/ba632bea-a7b4-4b60-bf89-d63128cad841",-14.910775,133.0835,2025-05-24 11:23:00,"PRESENT","iNaturalist Australia"
"567","35257973-6025-481d-935b-01a46bd1f033","Passiflora foetida","https://id.biodiversity.org.au/taxon/apni/51442118",-16.8197,145.7325,2023-07-05 15:54:00,"PRESENT","iNaturalist Australia"
"568","356ee309-d57f-42e9-87a7-b634faa5f8bb","Passiflora foetida","https://id.biodiversity.org.au/taxon/apni/51442118",-19.8338,146.0669,2022-02-24 15:56:00,"PRESENT","iNaturalist Australia"
"569","35e75154-85e2-4756-a73b-8d10ebe2c4ed","Passiflora edulis","https://id.biodiversity.org.au/node/apni/2902546",-28.076792,152.397828,2022-05-28 11:08:00,"PRESENT","iNaturalist Australia"
"570","35f64429-df33-4b77-bde9-991632d8d581","Passiflora foetida","https://id.biodiversity.org.au/taxon/apni/51442118",-27.067774,152.963421,2025-06-02 08:59:44,"PRESENT","iNaturalist Australia"
"571","35f7f8ad-5f2e-4856-b144-4e785eb04be8","Acraea terpsicore","https://biodiversity.org.au/afd/taxa/ba632bea-a7b4-4b60-bf89-d63128cad841",-12.400416,130.933951,2025-05-17 09:26:19,"PRESENT","iNaturalist Australia"
"572","36018a79-510f-40b7-9f6f-dce7c3db88e2","Acraea terpsicore","https://biodiversity.org.au/afd/taxa/ba632bea-a7b4-4b60-bf89-d63128cad841",-29.577515,153.334985,2023-03-23 11:07:01,"PRESENT","iNaturalist Australia"
"573","36276925-71b6-40b9-903e-c7521ae28435","Passiflora edulis","https://id.biodiversity.org.au/node/apni/2902546",-28.260483,153.101731,2025-04-18 15:00:00,"PRESENT","iNaturalist Australia"
"574","36658902-b3e4-4dd3-8143-ac528b167c93","Passiflora foetida","https://id.biodiversity.org.au/taxon/apni/51442118",-22.000007,149.851838,2025-11-29 10:45:02,"PRESENT","iNaturalist Australia"
"575","366a6059-6cb1-464e-adf8-064740337d1c","Passiflora foetida","https://id.biodiversity.org.au/taxon/apni/51442118",-23.080994,148.015039,2025-05-30 15:16:38,"PRESENT","iNaturalist Australia"
"576","367184b4-f68b-4b3a-b3d6-8be7fe35cb9b","Passiflora edulis","https://id.biodiversity.org.au/node/apni/2902546",-17.320871,145.696605,2021-06-29 00:17:00,"PRESENT","iNaturalist Australia"
"577","36ad4767-4880-4541-a635-53aee4dfc4fd","Acraea terpsicore","https://biodiversity.org.au/afd/taxa/ba632bea-a7b4-4b60-bf89-d63128cad841",-22.079558,143.510863,2022-09-07 16:36:57,"PRESENT","iNaturalist Australia"
"578","36b18e32-eadc-40de-b1cc-7b165d37223a","Acraea terpsicore","https://biodiversity.org.au/afd/taxa/ba632bea-a7b4-4b60-bf89-d63128cad841",-18.70949,146.29952,2024-05-05 08:17:46,"PRESENT","iNaturalist Australia"
"579","36c510d6-6a5a-4a57-9dae-9e7f986d2fb6","Passiflora edulis","https://id.biodiversity.org.au/node/apni/2902546",-33.694317,150.970923,2022-10-26,"PRESENT","NSW BioNet Atlas"
"580","36f25ddc-55dc-432d-b2bc-77b866ffa5fb","Acraea terpsicore","https://biodiversity.org.au/afd/taxa/ba632bea-a7b4-4b60-bf89-d63128cad841",-18.900537,144.070952,2025-02-21 10:55:00,"PRESENT","iNaturalist Australia"
"581","37007f42-9f9a-4995-8bbc-3bdfc4c2b4f0","Passiflora edulis","https://id.biodiversity.org.au/node/apni/2902546",-32.964213,151.5188,2025-02-08 14:09:22,"PRESENT","iNaturalist Australia"
"582","371eea44-088d-49d7-9ccd-7ad03dd77017","Passiflora foetida","https://id.biodiversity.org.au/taxon/apni/51442118",-14.471085,132.260402,2021-12-06,"PRESENT","Flora Atlas N.T."
"583","37420613-1ee6-476d-9f96-f378fc35c9c8","Passiflora foetida","https://id.biodiversity.org.au/taxon/apni/51442118",-23.896454,151.247406,2024-04-06 09:10:57,"PRESENT","iNaturalist Australia"
"584","376e000d-5788-4205-8315-f34f06302d08","Passiflora edulis","https://id.biodiversity.org.au/node/apni/2902546",-27.800809,153.091099,2025-05-30 12:05:00,"PRESENT","iNaturalist Australia"
"585","377f179f-a65e-49e9-af2d-580f293eeefa","Passiflora foetida","https://id.biodiversity.org.au/taxon/apni/51442118",-25.367962,152.788323,2024-01-14 14:52:17,"PRESENT","iNaturalist Australia"
"586","378407cc-e032-4259-8062-b96ae06fa0da","Passiflora foetida","https://id.biodiversity.org.au/taxon/apni/51442118",-27.34332,153.033416,2025-11-29 15:17:58,"PRESENT","iNaturalist Australia"
"587","3792000d-5268-4331-9abf-b09b2708ee34","Passiflora edulis","https://id.biodiversity.org.au/node/apni/2902546",-27.695236,153.02528,2024-02-17 17:48:00,"PRESENT","iNaturalist Australia"
"588","37b3bd27-9aef-401f-82af-b3d706845077","Passiflora foetida","https://id.biodiversity.org.au/taxon/apni/51442118",-27.550308,152.50866,2024-04-26 14:46:00,"PRESENT","iNaturalist Australia"
"589","37b659be-4125-417f-ae49-646f58c4bd2f","Passiflora edulis","https://id.biodiversity.org.au/node/apni/2902546",-33.9,151.1,2022-04-10 15:45:00,"PRESENT","Earth Guardians Weekly Feed"
"590","37b76d3c-3b13-4419-a579-1fd50291ff42","Passiflora edulis","https://id.biodiversity.org.au/node/apni/2902546",-33.791128,151.173539,2024-06-01 12:03:00,"PRESENT","iNaturalist Australia"
"591","37b92a09-1856-4beb-9a89-fb24da76505b","Passiflora foetida","https://id.biodiversity.org.au/taxon/apni/51442118",-27.746606,153.148144,2025-01-09 14:17:24,"PRESENT","iNaturalist Australia"
"592","37cf49fb-df40-4320-86e7-2010cd3dbcb6","Passiflora edulis","https://id.biodiversity.org.au/node/apni/2902546",-29.997013,152.681527,2022-08-17,"PRESENT","NSW BioNet Atlas"
"593","37fffe0e-320f-4da3-a6d5-fdcaca09db1d","Passiflora edulis","https://id.biodiversity.org.au/node/apni/2902546",-30.13224,153.200053,2025-07-26 11:51:42,"PRESENT","iNaturalist Australia"
"594","380de72f-1d3d-4c55-bf37-f9abe344e760","Passiflora edulis","https://id.biodiversity.org.au/node/apni/2902546",-27.496586,153.01152,2024-10-31 07:40:07,"PRESENT","iNaturalist Australia"
"595","3814d3a9-1d93-4915-b0d6-7614c5e8b754","Passiflora foetida","https://id.biodiversity.org.au/name/apni/51741309",-24.166383,151.883893,2023-10-27 08:03:38,"PRESENT","iNaturalist Australia"
"596","38199ceb-0deb-435c-b823-d68aac709194","Acraea terpsicore","https://biodiversity.org.au/afd/taxa/ba632bea-a7b4-4b60-bf89-d63128cad841",-12.406732,130.911923,2024-12-25 11:04:00,"PRESENT","iNaturalist Australia"
"597","3858cab3-2707-4be4-8afc-6a57304d7d5a","Acraea terpsicore","https://biodiversity.org.au/afd/taxa/ba632bea-a7b4-4b60-bf89-d63128cad841",-12.407041,130.913089,2024-12-25 11:18:00,"PRESENT","iNaturalist Australia"
"598","3880eb9b-e6d7-43f9-9f39-401b3d51f4e0","Passiflora edulis","https://id.biodiversity.org.au/node/apni/2902546",-31.621019,152.826569,2021-12-23 11:52:00,"PRESENT","iNaturalist Australia"
"599","38ac3eaf-a7e8-4b66-a14a-1e13ef870513","Passiflora foetida","https://id.biodiversity.org.au/taxon/apni/51442118",-27.11907,152.917469,2021-11-25 10:50:00,"PRESENT","iNaturalist Australia"
"600","38acfe8e-e26d-4a24-81c2-a38fd3eb9eae","Acraea terpsicore","https://biodiversity.org.au/afd/taxa/ba632bea-a7b4-4b60-bf89-d63128cad841",-14.806205,126.939767,2024-06-28 16:10:00,"PRESENT","iNaturalist Australia"
"601","38b635dd-7b26-46a0-8f79-781f7ab2f5eb","Passiflora edulis","https://id.biodiversity.org.au/node/apni/2902546",-34.181836,150.771727,2024-11-22 15:14:00,"PRESENT","iNaturalist Australia"
"602","38bfdc16-e840-45e5-ae91-c82229c65911","Acraea terpsicore","https://biodiversity.org.au/afd/taxa/ba632bea-a7b4-4b60-bf89-d63128cad841",-22.391432,146.698421,2025-08-04 16:55:00,"PRESENT","iNaturalist Australia"
"603","38cf5d7c-26be-437f-be1c-7457056ec216","Passiflora edulis","https://id.biodiversity.org.au/node/apni/2902546",-27.568399,153.166508,2024-11-21 15:44:45,"PRESENT","iNaturalist Australia"
"604","39099a78-e55b-4b05-978f-cef9f2c4c3bc","Passiflora edulis","https://id.biodiversity.org.au/node/apni/2902546",-27.280928,152.759903,2026-01-25 10:39:51,"PRESENT","iNaturalist Australia"
"605","390f4df9-e57c-404b-80f2-e10558ef4d94","Acraea terpsicore","https://biodiversity.org.au/afd/taxa/ba632bea-a7b4-4b60-bf89-d63128cad841",-27.48533,152.95436,2022-02-22 02:32:00,"PRESENT","Butterflies Australia"
"606","392cfa83-3c29-48d3-b488-57d14f47449d","Passiflora edulis","https://id.biodiversity.org.au/node/apni/2902546",-33.942041,150.854589,2025-09-13 16:34:19,"PRESENT","iNaturalist Australia"
"607","39348551-5dfb-4fd1-844b-805fc5dbff2d","Passiflora foetida","https://id.biodiversity.org.au/taxon/apni/51442118",-27.481504,152.963621,2024-03-25 11:56:58,"PRESENT","iNaturalist Australia"
"608","395222cd-79b8-43d9-8c7f-929640e7a32a","Passiflora edulis","https://id.biodiversity.org.au/node/apni/2902546",-27.747255,153.037193,2025-08-26 13:58:00,"PRESENT","iNaturalist Australia"
"609","396d7248-e14f-482e-88c6-3dcea01d183d","Passiflora foetida","https://id.biodiversity.org.au/name/apni/51741309",-27.396983,153.028533,2024-03-24 06:20:18,"PRESENT","iNaturalist Australia"
"610","39c139e6-cd05-4809-bc25-4789e50ee16e","Passiflora foetida","https://id.biodiversity.org.au/taxon/apni/51442118",-23.15607,150.765256,2022-05-01 07:13:33,"PRESENT","iNaturalist Australia"
"611","39c84670-b9c2-46ec-abfc-0a7a4428d566","Acraea terpsicore","https://biodiversity.org.au/afd/taxa/ba632bea-a7b4-4b60-bf89-d63128cad841",-19.24039,146.782572,2023-05-10 08:22:00,"PRESENT","iNaturalist Australia"
"612","39d2030f-2ca6-4e04-89f6-ae778b9527fd","Passiflora foetida","https://id.biodiversity.org.au/taxon/apni/51442118",-21.451667,149.710833,2023-09-07,"PRESENT","Australian Tropical Herbarium (CNS) AVH data"
"613","39dfafac-51f6-4f0c-b908-bfa5a4bab79d","Passiflora edulis","https://id.biodiversity.org.au/node/apni/2902546",-27.893372,153.011036,2025-04-15 12:36:00,"PRESENT","iNaturalist Australia"
"614","39e6011a-4893-4e78-9eee-9929743323ae","Acraea terpsicore","https://biodiversity.org.au/afd/taxa/ba632bea-a7b4-4b60-bf89-d63128cad841",-17.66705,141.092195,2022-07-15 16:55:33,"PRESENT","iNaturalist Australia"
"615","39f087b6-1c02-4d9e-abfa-0496de327eb2","Passiflora edulis","https://id.biodiversity.org.au/node/apni/2902546",-33.206826,151.532012,2022-06-29,"PRESENT","NSW BioNet Atlas"
"616","3a018ec3-c712-4400-8ca9-dd5231506d0f","Passiflora edulis","https://id.biodiversity.org.au/node/apni/2902546",-27.382858,152.779862,2025-04-20 13:55:12,"PRESENT","iNaturalist Australia"
"617","3a11a43c-7c28-41aa-babf-86a63c3166b5","Passiflora edulis","https://id.biodiversity.org.au/node/apni/2902546",-17.349008,145.591964,2024-11-10 14:32:00,"PRESENT","iNaturalist Australia"
"618","3a166d20-50e6-4c9e-b223-678ea8c52ba9","Passiflora foetida","https://id.biodiversity.org.au/taxon/apni/51442118",-19.217936,146.755049,2022-01-25 06:30:00,"PRESENT","iNaturalist Australia"
"619","3a25bbbe-a7e1-42e7-9012-9db4330fb2b7","Acraea terpsicore","https://biodiversity.org.au/afd/taxa/ba632bea-a7b4-4b60-bf89-d63128cad841",-18.1789,144.6108,2021-03-21 11:00:00,"PRESENT","Butterflies Australia"
"620","3a389d33-0cc1-433d-ac87-323fa4a0c432","Acraea terpsicore","https://biodiversity.org.au/afd/taxa/ba632bea-a7b4-4b60-bf89-d63128cad841",-18.30091,143.352441,2025-05-17 09:47:00,"PRESENT","iNaturalist Australia"
"621","3a3a838f-a5f3-424a-9e57-b9e55f827c80","Passiflora edulis","https://id.biodiversity.org.au/node/apni/2902546",-34.712447,150.648072,2025-01-13 16:42:00,"PRESENT","iNaturalist Australia"
"622","3a3dd44b-a897-4b19-acac-8b2c85410861","Passiflora edulis","https://id.biodiversity.org.au/node/apni/2902546",-32.954445,151.719742,2025-03-02 17:57:01,"PRESENT","iNaturalist Australia"
"623","3a3edff0-602d-4701-973a-34d57c56253e","Passiflora edulis","https://id.biodiversity.org.au/node/apni/2902546",-27.587257,153.050961,2023-12-01 13:26:47,"PRESENT","iNaturalist Australia"
"624","3a5709ac-ced1-44de-b4b0-cc5cea27770d","Passiflora edulis","https://id.biodiversity.org.au/node/apni/2902546",-27.728409,153.035498,2025-01-17 09:04:00,"PRESENT","iNaturalist Australia"
"625","3a5f270e-f22b-4d50-a678-88bcf59b91eb","Acraea terpsicore","https://biodiversity.org.au/afd/taxa/ba632bea-a7b4-4b60-bf89-d63128cad841",-18.217724,139.881071,2022-07-15 14:22:00,"PRESENT","iNaturalist Australia"
"626","3a81d070-b9cc-45b4-9155-6051bf82fda6","Passiflora foetida","https://id.biodiversity.org.au/taxon/apni/51442118",-27.494887,153.097996,2024-03-21 17:12:55,"PRESENT","iNaturalist Australia"
"627","3aa08d3c-51f1-4ea3-a836-8055359b0603","Passiflora foetida","https://id.biodiversity.org.au/taxon/apni/51442118",-27.450952,153.100373,2021-01-17 09:08:00,"PRESENT","iNaturalist Australia"
"628","3ab6939a-5f91-4265-9164-3e92c2318dc2","Passiflora edulis","https://id.biodiversity.org.au/node/apni/2902546",-27.691628,153.184287,2023-07-28 10:41:00,"PRESENT","iNaturalist Australia"
"629","3ad85afd-c679-41ed-b8e6-5eaa4db4f775","Acraea terpsicore","https://biodiversity.org.au/afd/taxa/ba632bea-a7b4-4b60-bf89-d63128cad841",-20.918582,149.044556,2021-04-27 10:44:00,"PRESENT","iNaturalist Australia"
"630","3b0592db-d730-414f-a3fe-853491c93c01","Passiflora edulis","https://id.biodiversity.org.au/node/apni/2902546",-27.485242,152.982386,2025-01-02 06:18:49,"PRESENT","iNaturalist Australia"
"631","3b162a64-b770-4787-b1a1-ad8d4e8dedd5","Passiflora edulis","https://id.biodiversity.org.au/node/apni/2902546",-26.543822,152.999633,2024-08-31 07:52:05,"PRESENT","iNaturalist Australia"
"632","3b178b7e-d001-4d29-b8fe-1f37030e7e3f","Acraea terpsicore","https://biodiversity.org.au/afd/taxa/ba632bea-a7b4-4b60-bf89-d63128cad841",-23.677233,141.109878,2025-07-30 11:07:00,"PRESENT","iNaturalist Australia"
"633","3b1fd80c-f319-4991-b481-d91ecc9cec1b","Passiflora foetida","https://id.biodiversity.org.au/taxon/apni/51442118",-27.572255,152.782807,2025-08-06 11:27:46,"PRESENT","iNaturalist Australia"
"634","3b3ba657-fbd7-418a-b3fb-3027ebc2f648","Passiflora edulis","https://id.biodiversity.org.au/node/apni/2902546",-33.663221,151.321866,2025-09-24 08:28:15,"PRESENT","iNaturalist Australia"
"635","3b830f81-7a06-4a1a-8069-680dfb51d57b","Passiflora foetida","https://id.biodiversity.org.au/taxon/apni/51442118",-12.75903,130.35475,2021-03-05 14:07:00,"PRESENT","iNaturalist Australia"
"636","3b83884a-c98a-424f-8917-9f8aa4633b98","Passiflora edulis","https://id.biodiversity.org.au/node/apni/2902546",-32.406723,152.45124,2024-08-28 09:47:00,"PRESENT","iNaturalist Australia"
"637","3ba9d2d9-6763-4a97-95af-bf9b11dec591","Acraea terpsicore","https://biodiversity.org.au/afd/taxa/ba632bea-a7b4-4b60-bf89-d63128cad841",-14.04,126.306667,2025-07-04 10:13:00,"PRESENT","iNaturalist Australia"
"638","3bb7458c-8afb-4ab6-9f00-f08228913e23","Passiflora edulis","https://id.biodiversity.org.au/node/apni/2902546",-27.53921,153.06345,2022-07-27 19:08:00,"PRESENT","iNaturalist Australia"
"639","3bda1562-e29c-4f1e-980f-6bb15e9347c3","Passiflora edulis","https://id.biodiversity.org.au/node/apni/2902546",-31.632303,152.725525,2024-03-15,"PRESENT","NSW BioNet Atlas"
"640","3bf15690-41fd-4238-a219-7cbe4539eda8","Acraea terpsicore","https://biodiversity.org.au/afd/taxa/ba632bea-a7b4-4b60-bf89-d63128cad841",-15.575485,135.426497,2023-05-15 16:14:29,"PRESENT","iNaturalist Australia"
"641","3c1082b0-2edd-46a8-8641-4f383f6dc7c6","Passiflora edulis","https://id.biodiversity.org.au/node/apni/2902546",-20.348061,148.975753,2021-08-30 11:50:00,"PRESENT","iNaturalist Australia"
"642","3c118bc1-ec1b-4736-93c6-8d32b912bc87","Passiflora foetida","https://id.biodiversity.org.au/taxon/apni/51442118",-25.427678,152.919847,2022-04-06 08:01:00,"PRESENT","iNaturalist Australia"
"643","3c1fc1f6-9634-4e80-809f-00660eb3782c","Acraea terpsicore","https://biodiversity.org.au/afd/taxa/ba632bea-a7b4-4b60-bf89-d63128cad841",-14.735692,144.066708,2025-07-26 10:48:11,"PRESENT","iNaturalist Australia"
"644","3c2f65d7-cc0d-4556-a16d-8226336b377b","Passiflora edulis","https://id.biodiversity.org.au/node/apni/2902546",-31.655897,152.814285,2023-04-10 10:59:00,"PRESENT","iNaturalist Australia"
"645","3c3aab22-7892-495b-a005-e704f76a8591","Acraea terpsicore","https://biodiversity.org.au/afd/taxa/ba632bea-a7b4-4b60-bf89-d63128cad841",-20.195358,148.39846,2023-08-18 09:20:00,"PRESENT","iNaturalist Australia"
"646","3c513653-5fe1-40bd-ad71-5a4e97066213","Acraea terpsicore","https://biodiversity.org.au/afd/taxa/ba632bea-a7b4-4b60-bf89-d63128cad841",-16.321488,128.799624,2025-10-01 08:34:00,"PRESENT","iNaturalist Australia"
"647","3c72391f-4735-4661-b0ba-4aca0a5984a4","Acraea terpsicore","https://biodiversity.org.au/afd/taxa/ba632bea-a7b4-4b60-bf89-d63128cad841",-15.974646,144.828963,2021-03-24 12:00:00,"PRESENT","Butterflies Australia"
"648","3c7262d4-68c3-47ed-b741-fedf285fb904","Passiflora foetida","https://id.biodiversity.org.au/taxon/apni/51442118",-15.516106,144.838639,2023-07-14 12:47:00,"PRESENT","iNaturalist Australia"
"649","3c84b82a-9c0b-4eb7-8cd3-23d7ff645138","Acraea terpsicore","https://biodiversity.org.au/afd/taxa/ba632bea-a7b4-4b60-bf89-d63128cad841",-19.258963,146.816948,2025-06-23 15:51:00,"PRESENT","iNaturalist Australia"
"650","3c851c21-7e53-43b3-a9d9-ca02557e2fc2","Passiflora foetida","https://id.biodiversity.org.au/taxon/apni/51442118",-25.343799,152.738973,2022-06-21 12:08:00,"PRESENT","iNaturalist Australia"
"651","3c87d4e6-8751-425e-a7b9-4581cc455c20","Passiflora foetida","https://id.biodiversity.org.au/taxon/apni/51442118",-20.928333,149.475556,2023-09-06,"PRESENT","Australian Tropical Herbarium (CNS) AVH data"
"652","3c8d2a26-6b46-499d-8141-207b22ff599f","Passiflora edulis","https://id.biodiversity.org.au/node/apni/2902546",-35.00346,138.57465,2023-01-19,"PRESENT","SA Flora"
"653","3c91b30f-3c8e-48f2-9234-d006615cfeee","Passiflora foetida","https://id.biodiversity.org.au/name/apni/51741309",-14.662573,145.455003,2025-08-20 10:52:00,"PRESENT","iNaturalist Australia"
"654","3ca29773-29f4-4525-ab8c-f53b187edfe8","Passiflora edulis","https://id.biodiversity.org.au/node/apni/2902546",-17.908734,146.067694,2024-04-11 12:12:09,"PRESENT","iNaturalist Australia"
"655","3ca8cea1-c2f3-4229-a7d5-56824628af42","Acraea terpsicore","https://biodiversity.org.au/afd/taxa/ba632bea-a7b4-4b60-bf89-d63128cad841",-19.254787,146.789153,2024-03-23 08:42:22,"PRESENT","iNaturalist Australia"
"656","3cb15937-1f35-4d2f-97b4-e916220d91a5","Acraea terpsicore","https://biodiversity.org.au/afd/taxa/ba632bea-a7b4-4b60-bf89-d63128cad841",-10.606274,142.255288,2022-01-24 18:49:00,"PRESENT","iNaturalist Australia"
"657","3cc9e299-a6c1-40ae-961b-52d3d25a1bc8","Passiflora edulis","https://id.biodiversity.org.au/node/apni/2902546",-28.616653,153.431079,2023-12-14,"PRESENT","NSW BioNet Atlas"
"658","3cf455b4-e4ef-45c6-aa73-69494f81378e","Passiflora foetida","https://id.biodiversity.org.au/taxon/apni/51442118",-16.7313,145.6569,2022-03-18 12:51:00,"PRESENT","iNaturalist Australia"
"659","3d020ab8-51e4-4464-b4f8-d04290d0a4d7","Passiflora edulis","https://id.biodiversity.org.au/node/apni/2902546",-28.010835,153.265615,2022-08-06 09:38:00,"PRESENT","iNaturalist Australia"
"660","3d08d2c1-1507-4529-afe4-44f789fceb20","Passiflora foetida","https://id.biodiversity.org.au/taxon/apni/51442118",-24.826797,152.372667,2025-03-13 08:52:27,"PRESENT","iNaturalist Australia"
"661","3d0fffd1-cde5-415f-98d8-490dbfaf55eb","Acraea terpsicore","https://biodiversity.org.au/afd/taxa/ba632bea-a7b4-4b60-bf89-d63128cad841",-16.786484,145.691019,2022-04-11 09:51:00,"PRESENT","iNaturalist Australia"
"662","3d1d6dd9-85d1-4d5d-aea6-317fee6e618b","Acraea terpsicore","https://biodiversity.org.au/afd/taxa/ba632bea-a7b4-4b60-bf89-d63128cad841",-27.651697,153.009031,2024-04-14 13:51:00,"PRESENT","iNaturalist Australia"
"663","3d240253-803d-484a-ab24-34fd3c375adc","Acraea terpsicore","https://biodiversity.org.au/afd/taxa/ba632bea-a7b4-4b60-bf89-d63128cad841",-20.342923,148.960734,2024-12-25 12:37:40,"PRESENT","iNaturalist Australia"
"664","3d32f150-e593-475e-a818-528d89f19701","Passiflora edulis","https://id.biodiversity.org.au/node/apni/2902546",-33.309759,151.426943,2022-08-04,"PRESENT","NSW BioNet Atlas"
"665","3d5b33f7-7589-47da-84cb-e9181cab3636","Acraea terpsicore","https://biodiversity.org.au/afd/taxa/ba632bea-a7b4-4b60-bf89-d63128cad841",-18.207813,144.572052,2025-05-01 14:09:00,"PRESENT","iNaturalist Australia"
"666","3d8d6e06-bc37-4aa9-bc6c-92fde1b71e6e","Acraea terpsicore","https://biodiversity.org.au/afd/taxa/ba632bea-a7b4-4b60-bf89-d63128cad841",-21.531325,146.859569,2025-04-11 15:00:31,"PRESENT","iNaturalist Australia"
"667","3d932548-3e5b-4aaf-b061-471bf57e11fd","Passiflora foetida","https://id.biodiversity.org.au/taxon/apni/51442118",-14.471939,132.262604,2021-11-15,"PRESENT","Flora Atlas N.T."
"668","3da026f5-1885-4a3f-8523-463f3b5a39d9","Passiflora edulis","https://id.biodiversity.org.au/node/apni/2902546",-33.403832,151.350312,2025-09-14 16:13:00,"PRESENT","iNaturalist Australia"
"669","3da15573-0d72-425b-b07b-c3a85d04f04c","Passiflora edulis","https://id.biodiversity.org.au/node/apni/2902546",-27.625804,153.132549,2024-02-20 10:58:00,"PRESENT","iNaturalist Australia"
"670","3da970c4-f4e9-40cc-98a2-636dfa626bab","Acraea terpsicore","https://biodiversity.org.au/afd/taxa/ba632bea-a7b4-4b60-bf89-d63128cad841",-27.49513,152.95787,2022-03-06,"PRESENT","WildNet - Queensland Wildlife Data"
"671","3daa6635-bc88-46f9-a3c5-2240c6c56940","Passiflora edulis","https://id.biodiversity.org.au/node/apni/2902546",-33.479683,151.40225,2025-10-21 16:46:59,"PRESENT","iNaturalist Australia"
"672","3dbdcbfa-4ef2-4a75-bd8e-8dfa27074784","Acraea terpsicore","https://biodiversity.org.au/afd/taxa/ba632bea-a7b4-4b60-bf89-d63128cad841",-19.201724,146.752389,2022-01-02 15:07:00,"PRESENT","iNaturalist Australia"
"673","3dca0a4e-a8f6-48af-9c67-6e327a7c6f3e","Passiflora foetida","https://id.biodiversity.org.au/taxon/apni/51442118",-26.809369,153.129989,2025-07-04 16:00:00,"PRESENT","iNaturalist Australia"
"674","3e0ff39c-7123-42b9-8c91-fcaf636ce86c","Acraea terpsicore","https://biodiversity.org.au/afd/taxa/ba632bea-a7b4-4b60-bf89-d63128cad841",-27.485466,152.954193,2022-03-06 12:34:12,"PRESENT","iNaturalist Australia"
"675","3e259d00-e6fc-4033-9812-06e69b1b9017","Acraea terpsicore","https://biodiversity.org.au/afd/taxa/ba632bea-a7b4-4b60-bf89-d63128cad841",-16.99019,144.297279,2022-07-18 12:53:59,"PRESENT","iNaturalist Australia"
"676","3e53c0d2-d2ee-499a-b69b-ccda98e2a283","Passiflora edulis","https://id.biodiversity.org.au/node/apni/2902546",-16.8,145.7,2022-05-07 19:52:00,"PRESENT","Earth Guardians Weekly Feed"
"677","3e6f1324-f1d5-44e7-a0a9-959cfe9e065d","Acraea terpsicore","https://biodiversity.org.au/afd/taxa/ba632bea-a7b4-4b60-bf89-d63128cad841",-12.435275,130.741103,2025-03-05 20:54:47,"PRESENT","iNaturalist Australia"
"678","3e884869-8ca8-4426-aa36-1115d2b583a6","Acraea terpsicore","https://biodiversity.org.au/afd/taxa/ba632bea-a7b4-4b60-bf89-d63128cad841",-18.528151,146.331454,2021-08-04 12:26:00,"PRESENT","iNaturalist Australia"
"679","3ebd87a1-728f-4fdc-a14e-96767217e2d9","Acraea terpsicore","https://biodiversity.org.au/afd/taxa/ba632bea-a7b4-4b60-bf89-d63128cad841",-20.630549,147.134342,2024-07-01 12:50:00,"PRESENT","iNaturalist Australia"
"680","3ebd8a8f-fe5c-4c67-885e-1ac8d6a500cd","Acraea terpsicore","https://biodiversity.org.au/afd/taxa/ba632bea-a7b4-4b60-bf89-d63128cad841",-17.31296,145.58673,2021-04-12 10:49:00,"PRESENT","Butterflies Australia"
"681","3f0d1367-bb19-4e9f-8eec-3ce53b88dfdd","Passiflora edulis","https://id.biodiversity.org.au/node/apni/2902546",-33.709989,150.601835,2024-01-17 08:25:56,"PRESENT","iNaturalist Australia"
"682","3f21e2bd-5fe1-4065-ba16-db3c9f4be9e1","Passiflora edulis","https://id.biodiversity.org.au/node/apni/2902546",-27.49462,152.94127,2025-12-09 09:07:51,"PRESENT","iNaturalist Australia"
"683","3f2a4da1-71ac-4298-bc59-c1d88b3fa20e","Passiflora edulis","https://id.biodiversity.org.au/node/apni/2902546",-32.3975,152.484722,2023-07-11,"PRESENT","NSW BioNet Atlas"
"684","3f3fdfe2-c911-4426-bef1-9c3078402171","Passiflora foetida","https://id.biodiversity.org.au/taxon/apni/51442118",-20.348683,148.967575,2021-08-30 11:03:00,"PRESENT","iNaturalist Australia"
"685","3f441149-c911-4bb3-9685-6a151fac655a","Passiflora edulis","https://id.biodiversity.org.au/node/apni/2902546",-33.463715,151.408332,2022-09-06,"PRESENT","NSW BioNet Atlas"
"686","3f4bfd80-a515-46a3-986e-10660ee3df59","Passiflora foetida","https://id.biodiversity.org.au/name/apni/51741309",-27.550269,152.508681,2024-11-27 08:07:00,"PRESENT","iNaturalist Australia"
"687","3f68e99a-5502-4c57-be5e-7410a4afbb8a","Passiflora foetida","https://id.biodiversity.org.au/taxon/apni/51442118",-27.656975,152.707275,2022-02-11 06:35:00,"PRESENT","iNaturalist Australia"
"688","3f94152c-93ff-4d0d-a829-671799a2f7ae","Passiflora edulis","https://id.biodiversity.org.au/node/apni/2902546",-31.44963,152.891388,2023-05-13 14:28:03,"PRESENT","iNaturalist Australia"
"689","3f9a214b-74c1-448b-893b-ff39def4ee60","Acraea terpsicore","https://biodiversity.org.au/afd/taxa/ba632bea-a7b4-4b60-bf89-d63128cad841",-18.949155,145.914389,2022-08-14 09:57:49,"PRESENT","iNaturalist Australia"
"690","3fe56e3e-f6b0-4cb5-b36b-70bb5aeb4c91","Passiflora edulis","https://id.biodiversity.org.au/node/apni/2902546",-30.872849,152.445007,2022-09-10 12:30:27,"PRESENT","iNaturalist Australia"
"691","3fefbdb1-072f-478e-9c05-7e3cb142d0a1","Acraea terpsicore","https://biodiversity.org.au/afd/taxa/ba632bea-a7b4-4b60-bf89-d63128cad841",-18.131107,142.214574,2025-04-06 07:40:10,"PRESENT","iNaturalist Australia"
"692","3ff13ccd-1f6c-4dcf-ba75-565af70693a1","Acraea terpsicore","https://biodiversity.org.au/afd/taxa/ba632bea-a7b4-4b60-bf89-d63128cad841",-23.441008,144.258575,2021-06-09 16:12:10,"PRESENT","iNaturalist Australia"
"693","3ffcb91c-f4b8-4915-804a-12582fe38fdb","Acraea terpsicore","https://biodiversity.org.au/afd/taxa/ba632bea-a7b4-4b60-bf89-d63128cad841",-20.58954,139.57504,2023-09-02 17:34:00,"PRESENT","Butterflies Australia"
"694","3fff1414-7ccf-4ac4-89b4-0066fa5c4122","Passiflora edulis","https://id.biodiversity.org.au/node/apni/2902546",-34.337216,150.907915,2023-06-07,"PRESENT","NSW BioNet Atlas"
"695","4002e67c-2169-4917-8892-ce9484a8c56f","Passiflora foetida","https://id.biodiversity.org.au/name/apni/51741309",-22.104325,149.52686,2024-12-11 09:02:00,"PRESENT","iNaturalist Australia"
"696","40159411-335f-4e22-b602-19cecf51f54e","Passiflora foetida","https://id.biodiversity.org.au/taxon/apni/51442118",-14.474663,132.41143,2021-06-01,"PRESENT","Flora Atlas N.T."
"697","402ba5ad-51ef-4268-ab2e-1f437955d1ba","Passiflora foetida","https://id.biodiversity.org.au/taxon/apni/51442118",-14.468615,132.265604,2022-01-27,"PRESENT","Flora Atlas N.T."
"698","405dd2c7-a0e3-4e1a-83ab-5daddc36d98d","Acraea terpsicore","https://biodiversity.org.au/afd/taxa/ba632bea-a7b4-4b60-bf89-d63128cad841",-17.4287,145.405,2021-04-22 10:45:00,"PRESENT","Butterflies Australia"
"699","4074001a-de65-4152-b4cb-73b342f8980e","Acraea terpsicore","https://biodiversity.org.au/afd/taxa/ba632bea-a7b4-4b60-bf89-d63128cad841",-19.324115,146.750537,2024-08-07,"PRESENT","iNaturalist Australia"
"700","408812e8-20be-4489-8970-6553d55d8529","Passiflora foetida","https://id.biodiversity.org.au/taxon/apni/51442118",-26.281342,152.996544,2024-04-26 09:10:25,"PRESENT","iNaturalist Australia"
"701","40b677c4-3eca-4bb6-a720-c8297d31b139","Acraea terpsicore","https://biodiversity.org.au/afd/taxa/ba632bea-a7b4-4b60-bf89-d63128cad841",-12.446708,130.87726,2021-04-20 11:14:00,"PRESENT","iNaturalist Australia"
"702","40ba89eb-e338-43df-b17c-80fb3f10736c","Acraea terpsicore","https://biodiversity.org.au/afd/taxa/ba632bea-a7b4-4b60-bf89-d63128cad841",-19.311114,146.724295,2025-05-17 11:30:00,"PRESENT","iNaturalist Australia"
"703","40bfb605-5f93-4b29-8e06-e6964c831702","Passiflora foetida","https://id.biodiversity.org.au/taxon/apni/51442118",-19.2794,146.7286,2022-07-10 09:40:00,"PRESENT","iNaturalist Australia"
"704","40cb7fda-c0c5-4e3b-aae0-d5cf571021be","Passiflora edulis","https://id.biodiversity.org.au/node/apni/2902546",-27.784707,152.810044,2024-12-20 09:48:00,"PRESENT","iNaturalist Australia"
"705","40cfc227-60c6-4a4a-aee5-b729bb63d10a","Passiflora edulis","https://id.biodiversity.org.au/node/apni/2902546",-30.119888,153.133444,2021-03-01 16:32:01,"PRESENT","iNaturalist Australia"
"706","40d1a75a-339f-49ea-9330-7c9cb63280cd","Acraea terpsicore","https://biodiversity.org.au/afd/taxa/ba632bea-a7b4-4b60-bf89-d63128cad841",-17.491402,128.583462,2025-05-11 11:58:42,"PRESENT","iNaturalist Australia"
"707","40ea41e9-6f18-4303-ad76-6895033453ba","Passiflora foetida","https://id.biodiversity.org.au/name/apni/51741309",-16.084838,145.463233,2025-08-07 07:36:31,"PRESENT","iNaturalist Australia"
"708","40eb6281-6dfe-47b0-b916-cbab33a998fd","Passiflora edulis","https://id.biodiversity.org.au/node/apni/2902546",-27.985318,153.17805,2021-09-03 09:24:00,"PRESENT","iNaturalist Australia"
"709","40f1f9f5-1329-4a19-b273-ca3dd9cd8ade","Acraea terpsicore","https://biodiversity.org.au/afd/taxa/ba632bea-a7b4-4b60-bf89-d63128cad841",-19.233505,146.78261,2022-07-18 12:01:00,"PRESENT","iNaturalist Australia"
"710","4101dddb-167b-4d4d-9688-6363f9b88340","Acraea terpsicore","https://biodiversity.org.au/afd/taxa/ba632bea-a7b4-4b60-bf89-d63128cad841",-19.189533,146.77385,2024-11-03 11:23:40,"PRESENT","iNaturalist Australia"
"711","410ccd67-02b9-4733-a734-a3268ce0e100","Acraea terpsicore","https://biodiversity.org.au/afd/taxa/ba632bea-a7b4-4b60-bf89-d63128cad841",-17.465925,140.842058,2024-07-27 12:03:00,"PRESENT","iNaturalist Australia"
"712","412a4db2-c6bb-4a15-b08c-25325c6fe2d4","Passiflora foetida","https://id.biodiversity.org.au/taxon/apni/51442118",-27.58037,152.658102,2022-03-24 12:50:00,"PRESENT","iNaturalist Australia"
"713","4131a50a-8256-4237-aec3-4dc26b23d933","Passiflora edulis","https://id.biodiversity.org.au/node/apni/2902546",-12.712847,143.288588,2022-07-16 07:28:32,"PRESENT","iNaturalist Australia"
"714","4134b6a0-04fb-4480-952c-272c9db909b3","Passiflora edulis","https://id.biodiversity.org.au/node/apni/2902546",-33.869544,151.013886,2021-09-28 12:12:00,"PRESENT","iNaturalist Australia"
"715","4138dae8-1d34-4817-9ddb-c3143ff98267","Passiflora edulis","https://id.biodiversity.org.au/node/apni/2902546",-33.618765,151.094248,2024-09-23 12:36:47,"PRESENT","iNaturalist Australia"
"716","4149b904-1a1d-4b69-91d8-7665541288fd","Passiflora edulis","https://id.biodiversity.org.au/node/apni/2902546",-31.315998,152.794177,2025-05-16 08:22:39,"PRESENT","iNaturalist Australia"
"717","415aa7a7-c053-4899-aa76-17cd56964cd4","Passiflora foetida","https://id.biodiversity.org.au/taxon/apni/51442118",-16.010694,145.442552,2022-07-07 09:32:00,"PRESENT","iNaturalist Australia"
"718","417bbd14-c248-4020-b2aa-169a5b413cae","Passiflora edulis","https://id.biodiversity.org.au/node/apni/2902546",-27.566352,153.181428,2023-02-09 20:24:00,"PRESENT","iNaturalist Australia"
"719","4190606b-7837-456a-9d67-bb4ad7210b0f","Passiflora foetida","https://id.biodiversity.org.au/taxon/apni/51442118",-19.906634,146.780691,2025-06-11 10:02:00,"PRESENT","iNaturalist Australia"
"720","41999804-3d5b-4b2a-b55c-9038095cc793","Passiflora edulis","https://id.biodiversity.org.au/node/apni/2902546",-27.54826,153.051458,2024-03-28 09:01:38,"PRESENT","iNaturalist Australia"
"721","41c5c3ba-701e-4cb0-adcd-bdc687f4c0e8","Acraea terpsicore","https://biodiversity.org.au/afd/taxa/ba632bea-a7b4-4b60-bf89-d63128cad841",-12.343043,130.964198,2024-08-23,"PRESENT","iNaturalist Australia"
"722","41ecac13-8f12-4e51-bbb9-bac142488291","Passiflora foetida","https://id.biodiversity.org.au/taxon/apni/51442118",-26.769083,153.09222,2023-04-10 15:41:00,"PRESENT","iNaturalist Australia"
"723","41f8e04e-62e2-42a4-b445-fc848dbfcd01","Passiflora edulis","https://id.biodiversity.org.au/node/apni/2902546",-30.243658,153.04126,2023-11-24 12:14:10,"PRESENT","iNaturalist Australia"
"724","4206be05-c8fa-4ff3-9906-22f6289dad82","Passiflora foetida","https://id.biodiversity.org.au/taxon/apni/51442118",-17.925278,146.136389,2023-04-05,"PRESENT","Australian Tropical Herbarium (CNS) AVH data"
"725","42089473-f31a-4b9d-8004-19426e55a5e3","Passiflora edulis","https://id.biodiversity.org.au/node/apni/2902546",-27.752421,153.198983,2025-08-05 10:12:00,"PRESENT","iNaturalist Australia"
"726","423665b3-2067-499d-ba5c-8935e0fe5873","Acraea terpsicore","https://biodiversity.org.au/afd/taxa/ba632bea-a7b4-4b60-bf89-d63128cad841",-27.485642,152.954136,2022-03-21 12:36:00,"PRESENT","iNaturalist Australia"
"727","4236bb1c-ede3-4954-8a26-fd8db0dc4180","Passiflora edulis","https://id.biodiversity.org.au/node/apni/2902546",-30.7517,152.2064,2021-09-07,"PRESENT","NSW BioNet Atlas"
"728","42612a2e-5b69-48d2-a84d-ecb9f299b2aa","Acraea terpsicore","https://biodiversity.org.au/afd/taxa/ba632bea-a7b4-4b60-bf89-d63128cad841",-22.849943,149.436125,2022-02-18,"PRESENT","Butterflies Australia"
"729","42a404bc-be2c-4e68-8c5d-c6173068dacc","Acraea terpsicore","https://biodiversity.org.au/afd/taxa/ba632bea-a7b4-4b60-bf89-d63128cad841",-19.405325,146.729717,2021-08-27 14:46:00,"PRESENT","iNaturalist Australia"
"730","42dc8fe9-3fc3-410a-9a3b-884f0fc31457","Acraea terpsicore","https://biodiversity.org.au/afd/taxa/ba632bea-a7b4-4b60-bf89-d63128cad841",-18.6461,139.2526,2023-09-07 23:00:00,"PRESENT","Butterflies Australia"
"731","42de91b5-7f32-4d0b-9848-18f0b1e2f41d","Passiflora edulis","https://id.biodiversity.org.au/node/apni/2902546",-31.657689,152.813842,2021-12-24 11:29:00,"PRESENT","iNaturalist Australia"
"732","43296702-c36c-4626-b79f-2ff8672b09fa","Passiflora foetida","https://id.biodiversity.org.au/taxon/apni/51442118",-27.549787,152.509433,2023-04-10 18:12:00,"PRESENT","iNaturalist Australia"
"733","432e6ecc-7b6f-430d-ba34-9bd3b6de86b8","Passiflora foetida","https://id.biodiversity.org.au/taxon/apni/51442118",-19.304547,146.640013,2022-01-15 15:49:00,"PRESENT","iNaturalist Australia"
"734","433988b9-d783-4e51-b2b6-f5f85eed1c6c","Acraea terpsicore","https://biodiversity.org.au/afd/taxa/ba632bea-a7b4-4b60-bf89-d63128cad841",-14.437844,132.274594,2023-04-27 09:53:33,"PRESENT","iNaturalist Australia"
"735","43674608-4412-499e-946d-1bacb28cfa35","Passiflora edulis","https://id.biodiversity.org.au/node/apni/2902546",-26.671868,152.871185,2025-09-10 11:30:00,"PRESENT","iNaturalist Australia"
"736","436f6f57-73a3-4a0c-aacb-75e2c67dfcfd","Acraea terpsicore","https://biodiversity.org.au/afd/taxa/ba632bea-a7b4-4b60-bf89-d63128cad841",-18.657486,146.145424,2021-09-29 08:35:00,"PRESENT","iNaturalist Australia"
"737","43730079-39d3-4fb5-aa30-037a49b7e569","Acraea terpsicore","https://biodiversity.org.au/afd/taxa/ba632bea-a7b4-4b60-bf89-d63128cad841",-12.371995,130.868864,2021-05-01 08:36:00,"PRESENT","iNaturalist Australia"
"738","43751e7b-368e-4638-a97c-555cbea9dd84","Acraea terpsicore","https://biodiversity.org.au/afd/taxa/ba632bea-a7b4-4b60-bf89-d63128cad841",-19.195593,146.762863,2025-05-08 20:54:22,"PRESENT","iNaturalist Australia"
"739","437a4613-7e40-4b16-975f-92e3e3701eb3","Passiflora edulis","https://id.biodiversity.org.au/node/apni/2902546",-27.80685,153.124176,2025-09-22 08:24:00,"PRESENT","iNaturalist Australia"
"740","438747af-8263-4db2-b36d-e33e5105567d","Passiflora foetida","https://id.biodiversity.org.au/taxon/apni/51442118",-16.8769,145.6741,2023-11-07 14:08:00,"PRESENT","iNaturalist Australia"
"741","43b988df-9e94-4812-a80e-bb6bd193bed4","Passiflora foetida","https://id.biodiversity.org.au/taxon/apni/51442118",-27.534187,152.864138,2023-01-25 20:26:00,"PRESENT","iNaturalist Australia"
"742","43e3058f-ebdb-4448-8164-b47a1e06b36e","Acraea terpsicore","https://biodiversity.org.au/afd/taxa/ba632bea-a7b4-4b60-bf89-d63128cad841",-17.407108,124.950625,2021-08-15 10:33:00,"PRESENT","iNaturalist Australia"
"743","43eaea4f-3b16-4ffd-886e-2161f1078724","Passiflora edulis","https://id.biodiversity.org.au/node/apni/2902546",-27.38073,152.998935,2022-09-06 21:27:00,"PRESENT","iNaturalist Australia"
"744","440b6ca3-9fa3-43f0-a5c1-a9391ae9a540","Passiflora foetida","https://id.biodiversity.org.au/taxon/apni/51442118",-14.468688,132.265512,2021-11-27,"PRESENT","Flora Atlas N.T."
"745","4428ef48-e480-4ea3-8fa7-efb814681f76","Acraea terpsicore","https://biodiversity.org.au/afd/taxa/ba632bea-a7b4-4b60-bf89-d63128cad841",-19.1903,146.774033,2025-06-18 11:13:00,"PRESENT","iNaturalist Australia"
"746","4435cdb0-3391-4f7b-b9ce-864b1d61ca81","Acraea terpsicore","https://biodiversity.org.au/afd/taxa/ba632bea-a7b4-4b60-bf89-d63128cad841",-18.01553,138.94977,2023-09-11 00:51:00,"PRESENT","Butterflies Australia"
"747","443a9f71-57a8-486f-92d6-c4f4ab22c108","Passiflora edulis","https://id.biodiversity.org.au/node/apni/2902546",-33.933972,150.730081,2024-02-15,"PRESENT","NSW BioNet Atlas"
"748","444d90df-dfae-4dc9-8687-e46721bff2e4","Passiflora edulis","https://id.biodiversity.org.au/node/apni/2902546",-30.371166,153.066185,2025-10-26 10:13:00,"PRESENT","iNaturalist Australia"
"749","4460390a-72b6-4715-a734-ee118c0058fe","Passiflora edulis","https://id.biodiversity.org.au/node/apni/2902546",-27.475878,151.828872,2022-11-12 09:08:00,"PRESENT","iNaturalist Australia"
"750","4479e8b5-daa0-450a-b6e0-af4aa9e19f3d","Acraea terpsicore","https://biodiversity.org.au/afd/taxa/ba632bea-a7b4-4b60-bf89-d63128cad841",-18.0451,144.9011,2021-04-25 09:15:00,"PRESENT","Butterflies Australia"
"751","44a1f4c1-3904-40dc-a968-f6c2f00fe5ec","Passiflora edulis","https://id.biodiversity.org.au/node/apni/2902546",-30.145015,152.999106,2022-04-21,"PRESENT","NSW BioNet Atlas"
"752","44a6bac7-7cdd-4c9a-9f4a-218cf6f4a73b","Passiflora foetida","https://id.biodiversity.org.au/taxon/apni/51442118",-27.543995,153.069083,2022-12-05 17:17:00,"PRESENT","iNaturalist Australia"
"753","44b1f38e-8d76-412b-afa4-43dfd2e670ab","Acraea terpsicore","https://biodiversity.org.au/afd/taxa/ba632bea-a7b4-4b60-bf89-d63128cad841",-22.817217,150.809652,2022-01-10 12:00:35,"PRESENT","iNaturalist Australia"
"754","44b9c78d-a907-4e61-8fcb-723f21392f72","Acraea terpsicore","https://biodiversity.org.au/afd/taxa/ba632bea-a7b4-4b60-bf89-d63128cad841",-12.629275,141.87445,2022-08-24 11:29:27,"PRESENT","iNaturalist Australia"
"755","44bfe299-4d83-45e6-ac04-49663d4f2230","Passiflora edulis","https://id.biodiversity.org.au/node/apni/2902546",-32.248534,150.720773,2022-08-02,"PRESENT","NSW BioNet Atlas"
"756","44c3a8dc-ee17-4e09-998a-3e7b09e62226","Passiflora foetida","https://id.biodiversity.org.au/taxon/apni/51442118",-12.630225,141.874297,2022-09-11 11:03:28,"PRESENT","iNaturalist Australia"
"757","44c57557-50f3-48ab-9b40-4a2eed8dad1b","Acraea terpsicore","https://biodiversity.org.au/afd/taxa/ba632bea-a7b4-4b60-bf89-d63128cad841",-17.410641,145.06215,2021-05-25 10:14:00,"PRESENT","iNaturalist Australia"
"758","44d182b9-cdb2-436a-8f91-458771ce8a47","Acraea terpsicore","https://biodiversity.org.au/afd/taxa/ba632bea-a7b4-4b60-bf89-d63128cad841",-27.485933,152.950914,2022-03-09 13:06:35,"PRESENT","iNaturalist Australia"
"759","4533ace0-86af-4207-809b-ab4c3c2f9573","Acraea terpsicore","https://biodiversity.org.au/afd/taxa/ba632bea-a7b4-4b60-bf89-d63128cad841",-19.316733,146.679278,2024-08-14,"PRESENT","iNaturalist Australia"
"760","454afe7a-e230-4940-a16b-6484893574f8","Passiflora edulis","https://id.biodiversity.org.au/node/apni/2902546",-34.11445,151.046398,2026-01-27 15:56:00,"PRESENT","iNaturalist Australia"
"761","4576280c-2969-47a1-a036-f807c602db10","Passiflora edulis","https://id.biodiversity.org.au/node/apni/2902546",-33.741565,151.213376,2025-11-16 13:26:00,"PRESENT","iNaturalist Australia"
"762","4593160e-09af-459a-864e-dc82ac60083d","Passiflora foetida","https://id.biodiversity.org.au/taxon/apni/51442118",-14.468332,132.262234,2021-06-10,"PRESENT","Flora Atlas N.T."
"763","45b405ff-bce3-4cb7-a71a-225c07d7b2c1","Passiflora edulis","https://id.biodiversity.org.au/node/apni/2902546",-30.119981,153.021356,2025-10-26,"PRESENT","iNaturalist Australia"
"764","45c6f78a-19df-4e6b-a78f-c22f35cf860c","Passiflora foetida","https://id.biodiversity.org.au/taxon/apni/51442118",-16.7794,145.6966,2023-08-15 12:06:00,"PRESENT","iNaturalist Australia"
"765","45e06264-3e63-41a5-a42e-cc8036cf181f","Passiflora edulis","https://id.biodiversity.org.au/node/apni/2902546",-33.92358,150.59285,2021-09-18,"PRESENT","NSW BioNet Atlas"
"766","4638fd0c-5f61-4e44-8076-e408f4fe4406","Passiflora edulis","https://id.biodiversity.org.au/node/apni/2902546",-34.056638,151.025904,2024-05-14,"PRESENT","NSW BioNet Atlas"
"767","464cc066-77da-4a1a-8633-991c7c1ea96a","Acraea terpsicore","https://biodiversity.org.au/afd/taxa/ba632bea-a7b4-4b60-bf89-d63128cad841",-19.165311,146.848243,2022-07-09 12:49:00,"PRESENT","iNaturalist Australia"
"768","465367ae-7770-4cb5-bed4-c1b97b5ec514","Acraea terpsicore","https://biodiversity.org.au/afd/taxa/ba632bea-a7b4-4b60-bf89-d63128cad841",-12.366272,130.864533,2025-04-30 16:02:13,"PRESENT","iNaturalist Australia"
"769","465df1a5-0580-4635-a0c5-35d859532678","Acraea terpsicore","https://biodiversity.org.au/afd/taxa/ba632bea-a7b4-4b60-bf89-d63128cad841",-20.695353,139.511458,2022-12-26 15:01:55,"PRESENT","iNaturalist Australia"
"770","46671e8e-ce3d-455b-b18c-df8e58d672d2","Passiflora edulis","https://id.biodiversity.org.au/node/apni/2902546",-30.645736,152.987034,2021-10-27,"PRESENT","NSW BioNet Atlas"
"771","468b61f2-18e6-43a2-adec-bd8ff5377883","Acraea terpsicore","https://biodiversity.org.au/afd/taxa/ba632bea-a7b4-4b60-bf89-d63128cad841",-27.490894,153.186294,2022-04-02 09:57:49,"PRESENT","iNaturalist Australia"
"772","46ac2091-2daf-4335-8945-7426f3876cb1","Passiflora edulis","https://id.biodiversity.org.au/node/apni/2902546",-27.559753,153.260563,2024-03-03 16:08:00,"PRESENT","iNaturalist Australia"
"773","46b13dac-bb26-47dc-a02c-2319a1919e71","Passiflora foetida","https://id.biodiversity.org.au/name/apni/51741309",-23.878342,151.210997,2025-01-03 06:29:00,"PRESENT","iNaturalist Australia"
"774","46d46f11-a541-4ec7-81dc-5e21663527c9","Passiflora foetida","https://id.biodiversity.org.au/taxon/apni/51442118",-19.189596,146.77331,2021-04-18 11:06:00,"PRESENT","iNaturalist Australia"
"775","46ddd4a3-121d-407d-8005-1329c6a71d91","Passiflora foetida","https://id.biodiversity.org.au/taxon/apni/51442118",-17.45685,140.828308,2024-07-14 18:13:51,"PRESENT","iNaturalist Australia"
"776","46ec7ee3-9868-47f3-b157-36e3d64858e1","Acraea terpsicore","https://biodiversity.org.au/afd/taxa/ba632bea-a7b4-4b60-bf89-d63128cad841",-26.504386,153.087115,2022-02-22 12:05:00,"PRESENT","iNaturalist Australia"
"777","46efce9b-2af8-417f-a46e-b2f28a32f1ed","Passiflora foetida","https://id.biodiversity.org.au/taxon/apni/51442118",-25.836847,152.640983,2022-05-09 11:18:00,"PRESENT","iNaturalist Australia"
"778","472249e8-f75b-4df8-b58b-94b3b1501115","Acraea terpsicore","https://biodiversity.org.au/afd/taxa/ba632bea-a7b4-4b60-bf89-d63128cad841",-27.296806,152.226853,2021-04-10 11:20:31,"PRESENT","iNaturalist Australia"
"779","47257fa6-7977-4e44-acd9-818db9118214","Passiflora edulis","https://id.biodiversity.org.au/node/apni/2902546",-30.375706,153.093583,2022-04-19 16:35:00,"PRESENT","iNaturalist Australia"
"780","47276f22-7709-4a06-b4e1-4cd39acf5eaf","Acraea terpsicore","https://biodiversity.org.au/afd/taxa/ba632bea-a7b4-4b60-bf89-d63128cad841",-19.188238,146.771665,2025-10-04 09:41:00,"PRESENT","iNaturalist Australia"
"781","4728600a-ed09-402e-a256-d22b62d47801","Passiflora foetida","https://id.biodiversity.org.au/taxon/apni/51442118",-26.712182,153.105826,2025-02-16 11:04:07,"PRESENT","iNaturalist Australia"
"782","4748dce2-d7f1-4d66-ad71-e20c297f8be1","Passiflora edulis","https://id.biodiversity.org.au/node/apni/2902546",-32.416302,152.223251,2023-05-10 15:45:00,"PRESENT","iNaturalist Australia"
"783","47bb74e3-bb23-4905-9ab8-9040cc1a2f9e","Passiflora edulis","https://id.biodiversity.org.au/node/apni/2902546",-26.506293,153.090938,2022-04-15 13:50:00,"PRESENT","iNaturalist Australia"
"784","47bd371a-f63c-481a-80b1-40946e1c3d1e","Passiflora foetida","https://id.biodiversity.org.au/name/apni/51741309",-27.663594,152.87755,2025-03-28 07:50:56,"PRESENT","iNaturalist Australia"
"785","47d8ed15-2411-45d3-bef8-f22f40f6bcdf","Passiflora foetida","https://id.biodiversity.org.au/taxon/apni/51442118",-14.468305,132.262116,2021-11-12,"PRESENT","Flora Atlas N.T."
"786","47f2d423-292e-4e29-a218-6f1ebff8b5f3","Passiflora foetida","https://id.biodiversity.org.au/taxon/apni/51442118",-27.139053,152.903865,2024-01-04 13:31:07,"PRESENT","iNaturalist Australia"
"787","4804c119-b5eb-4cf4-b391-c81c0bd169a4","Passiflora edulis","https://id.biodiversity.org.au/node/apni/2902546",-28.009257,153.285452,2024-12-21 17:17:00,"PRESENT","iNaturalist Australia"
"788","480cdb97-4e91-441c-b629-153fa1676476","Passiflora edulis","https://id.biodiversity.org.au/node/apni/2902546",-27.979455,153.322121,2025-04-13 11:45:00,"PRESENT","iNaturalist Australia"
"789","483e981c-f448-4c3d-b31c-ab8e6daff90b","Acraea terpsicore","https://biodiversity.org.au/afd/taxa/ba632bea-a7b4-4b60-bf89-d63128cad841",-18.1394,144.3215,2021-03-23 09:45:00,"PRESENT","Butterflies Australia"
"790","48529dff-726d-4d11-af31-1220f678841a","Passiflora edulis","https://id.biodiversity.org.au/node/apni/2902546",-32.869967,150.644138,2022-01-24,"PRESENT","NSW BioNet Atlas"
"791","486548c3-1e00-43e5-a001-65575fcd1de5","Passiflora edulis","https://id.biodiversity.org.au/node/apni/2902546",-28.673341,153.430665,2025-08-21 16:40:11,"PRESENT","iNaturalist Australia"
"792","488bf260-378a-45d3-aa0a-591a3da6eea5","Acraea terpsicore","https://biodiversity.org.au/afd/taxa/ba632bea-a7b4-4b60-bf89-d63128cad841",-19.207633,146.741807,2021-05-16 15:30:00,"PRESENT","iNaturalist Australia"
"793","489f0a4b-5d4f-463a-81d9-df0d74da6989","Acraea terpsicore","https://biodiversity.org.au/afd/taxa/ba632bea-a7b4-4b60-bf89-d63128cad841",-16.483973,145.462252,2022-06-16 14:03:00,"PRESENT","iNaturalist Australia"
"794","48a713df-64cf-48c9-b867-d948ed50caf4","Acraea terpsicore","https://biodiversity.org.au/afd/taxa/ba632bea-a7b4-4b60-bf89-d63128cad841",-19.5708,146.840761,2022-01-03 14:02:00,"PRESENT","iNaturalist Australia"
"795","48b1234e-e5d7-4ebd-ab9e-865333406abb","Acraea terpsicore","https://biodiversity.org.au/afd/taxa/ba632bea-a7b4-4b60-bf89-d63128cad841",-27.485505,152.954085,2022-01-09 12:42:00,"PRESENT","iNaturalist Australia"
"796","48cde0e9-1d6a-4323-a8fb-677dd0a841b9","Passiflora edulis","https://id.biodiversity.org.au/node/apni/2902546",-16.812156,145.636175,2023-04-03 09:25:00,"PRESENT","iNaturalist Australia"
"797","49300451-6ac4-4e59-ad20-69d4a35e0c58","Acraea terpsicore","https://biodiversity.org.au/afd/taxa/ba632bea-a7b4-4b60-bf89-d63128cad841",-18.219397,144.666963,2021-07-05 12:00:00,"PRESENT","iNaturalist Australia"
"798","4933762d-b78b-42d0-9fe3-e87fe1a1e4f6","Passiflora foetida","https://id.biodiversity.org.au/taxon/apni/51442118",-23.926669,151.353607,2023-02-16 08:36:00,"PRESENT","iNaturalist Australia"
"799","493a9e17-67d3-45b1-913c-50a20f72a725","Passiflora edulis","https://id.biodiversity.org.au/node/apni/2902546",-27.442028,152.974167,2025-02-20 11:45:48,"PRESENT","iNaturalist Australia"
"800","493e0a1a-f35a-4e6b-988f-61daf77580ca","Acraea terpsicore","https://biodiversity.org.au/afd/taxa/ba632bea-a7b4-4b60-bf89-d63128cad841",-14.315547,132.420989,2025-06-17 14:12:00,"PRESENT","iNaturalist Australia"
"801","494eb854-815f-409d-9cee-e171e43dbdf4","Passiflora foetida","https://id.biodiversity.org.au/taxon/apni/51442118",-26.395419,153.024641,2023-02-07 11:26:27,"PRESENT","iNaturalist Australia"
"802","49531536-03ce-4494-826b-e16bc1341c6f","Acraea terpsicore","https://biodiversity.org.au/afd/taxa/ba632bea-a7b4-4b60-bf89-d63128cad841",-12.463733,130.844445,2025-04-27 13:57:00,"PRESENT","iNaturalist Australia"
"803","498e7783-7cd8-4959-9721-10e7b193bd34","Passiflora foetida","https://id.biodiversity.org.au/taxon/apni/51442118",-28.831508,153.60525,2025-06-28 12:17:00,"PRESENT","iNaturalist Australia"
"804","49c21f46-d36a-4167-b76e-aa0cb789deb7","Acraea terpsicore","https://biodiversity.org.au/afd/taxa/ba632bea-a7b4-4b60-bf89-d63128cad841",-15.761804,131.122191,2024-08-29,"PRESENT","iNaturalist Australia"
"805","49ccdd1b-841b-4c12-b803-5df47124f03d","Passiflora edulis","https://id.biodiversity.org.au/node/apni/2902546",-31.432975,152.911646,2022-02-21,"PRESENT","NSW BioNet Atlas"
"806","49efe923-a1c9-4c40-88a0-30317d4c7cb9","Passiflora edulis","https://id.biodiversity.org.au/node/apni/2902546",-31.62352,152.49613,2023-03-16,"PRESENT","NSW BioNet Atlas"
"807","49f1ea11-6b51-4ba4-b2df-534c81876985","Passiflora edulis","https://id.biodiversity.org.au/node/apni/2902546",-26.831108,152.790619,2023-12-28 11:26:00,"PRESENT","iNaturalist Australia"
"808","49f57443-a6e1-417c-a27c-40fd73cb557a","Acraea terpsicore","https://biodiversity.org.au/afd/taxa/ba632bea-a7b4-4b60-bf89-d63128cad841",-17.89555,139.2966,2023-09-09 03:47:00,"PRESENT","Butterflies Australia"
"809","4a041822-1c2c-42ac-8663-e30b20dd9969","Passiflora foetida","https://id.biodiversity.org.au/taxon/apni/51442118",-26.680377,153.137968,2024-11-28 11:38:28,"PRESENT","iNaturalist Australia"
"810","4a111f7e-289e-490f-8d5e-babb7eba9f80","Passiflora foetida","https://id.biodiversity.org.au/name/apni/51741309",-27.339062,153.082092,2025-03-27 13:12:35,"PRESENT","iNaturalist Australia"
"811","4a458599-4bdc-4842-9ec3-10f372191bc3","Passiflora foetida","https://id.biodiversity.org.au/taxon/apni/51442118",-21.576743,117.09975,2021-06-21 15:49:07,"PRESENT","iNaturalist Australia"
"812","4a4e98a1-81cb-4e3b-8616-4aa5d41a96e1","Passiflora edulis","https://id.biodiversity.org.au/node/apni/2902546",-33.712097,151.02942,2023-08-30 11:44:35,"PRESENT","iNaturalist Australia"
"813","4a81c07f-fdc0-4f79-992b-d2db6dfa4884","Passiflora edulis","https://id.biodiversity.org.au/node/apni/2902546",-27.678823,152.994897,2024-04-24 14:43:00,"PRESENT","iNaturalist Australia"
"814","4a91a927-def9-493f-8d12-043afa212a58","Acraea terpsicore","https://biodiversity.org.au/afd/taxa/ba632bea-a7b4-4b60-bf89-d63128cad841",-20.571748,148.476251,2025-05-22 10:17:34,"PRESENT","iNaturalist Australia"
"815","4a9b3c4f-bf7b-473f-878f-c955279de110","Passiflora edulis","https://id.biodiversity.org.au/node/apni/2902546",-33.068063,151.474509,2025-09-26 08:54:59,"PRESENT","iNaturalist Australia"
"816","4ac35279-31ed-45eb-8106-0fd9eef658a8","Acraea terpsicore","https://biodiversity.org.au/afd/taxa/ba632bea-a7b4-4b60-bf89-d63128cad841",-26.595451,153.013527,2023-02-14 18:16:58,"PRESENT","iNaturalist Australia"
"817","4ae614f8-ecd4-46c0-8249-c4eaed004cef","Passiflora edulis","https://id.biodiversity.org.au/node/apni/2902546",-34.227597,150.980483,2023-11-11 11:50:37,"PRESENT","iNaturalist Australia"
"818","4aeeca4f-7bb1-4afb-b871-003e5b990782","Acraea terpsicore","https://biodiversity.org.au/afd/taxa/ba632bea-a7b4-4b60-bf89-d63128cad841",-13.36516,131.087021,2023-06-09 09:48:00,"PRESENT","iNaturalist Australia"
"819","4afe1c53-02a5-4adf-bb73-c019325bd06a","Passiflora foetida","https://id.biodiversity.org.au/taxon/apni/51442118",-27.64935,153.296261,2022-12-16 12:57:41,"PRESENT","iNaturalist Australia"
"820","4b0a83c2-b4d8-4472-ae33-3acbb4d7e2bd","Acraea terpsicore","https://biodiversity.org.au/afd/taxa/ba632bea-a7b4-4b60-bf89-d63128cad841",-19.355769,146.733184,2023-03-27 07:43:00,"PRESENT","iNaturalist Australia"
"821","4b1002ff-e110-4118-92c1-20528af599d9","Acraea terpsicore","https://biodiversity.org.au/afd/taxa/ba632bea-a7b4-4b60-bf89-d63128cad841",-25.405383,152.906177,2024-03-02 01:48:00,"PRESENT","iNaturalist Australia"
"822","4b5fe7ea-e6eb-4175-8eab-72df938d4412","Passiflora edulis","https://id.biodiversity.org.au/node/apni/2902546",-34.043655,151.054119,2025-06-01 14:24:07,"PRESENT","iNaturalist Australia"
"823","4b623387-f98b-462f-97df-ab5d57bee764","Acraea terpsicore","https://biodiversity.org.au/afd/taxa/ba632bea-a7b4-4b60-bf89-d63128cad841",-16.747595,145.662188,2021-08-16 12:52:00,"PRESENT","iNaturalist Australia"
"824","4b7c6e31-df29-4453-945d-1506ff94316b","Passiflora foetida","https://id.biodiversity.org.au/taxon/apni/51442118",-20.275159,148.722793,2023-11-29 10:19:07,"PRESENT","iNaturalist Australia"
"825","4ba23e98-ea9b-4a60-854a-35a19a1e028f","Acraea terpsicore","https://biodiversity.org.au/afd/taxa/ba632bea-a7b4-4b60-bf89-d63128cad841",-12.279805,131.023774,2025-05-25 11:42:44,"PRESENT","iNaturalist Australia"
"826","4bb05ba0-a18e-4aed-8ad0-fcb3bfcbd351","Acraea terpsicore","https://biodiversity.org.au/afd/taxa/ba632bea-a7b4-4b60-bf89-d63128cad841",-20.341164,144.460081,2025-06-16 11:57:07,"PRESENT","iNaturalist Australia"
"827","4c01d930-a3bb-4795-9950-5881d5d62ad2","Acraea terpsicore","https://biodiversity.org.au/afd/taxa/ba632bea-a7b4-4b60-bf89-d63128cad841",-19.257824,146.803931,2025-08-17 10:08:00,"PRESENT","iNaturalist Australia"
"828","4c243078-4242-4223-bd4d-61bfa62b079b","Passiflora foetida","https://id.biodiversity.org.au/taxon/apni/51442118",-27.4,152.9,2021-04-24 15:05:00,"PRESENT","Earth Guardians Weekly Feed"
"829","4c270756-c6cb-4f38-8055-dcf1a8e6d70f","Passiflora edulis","https://id.biodiversity.org.au/node/apni/2902546",-34.059689,150.793465,2021-03-08,"PRESENT","NSW BioNet Atlas"
"830","4c460a16-9fc0-45ad-8800-c7c59f1c74eb","Acraea terpsicore","https://biodiversity.org.au/afd/taxa/ba632bea-a7b4-4b60-bf89-d63128cad841",-20.324317,148.632654,2022-12-28 08:30:00,"PRESENT","iNaturalist Australia"
"831","4c7a1de9-8964-4fc2-8638-dfc3d378f038","Passiflora edulis","https://id.biodiversity.org.au/node/apni/2902546",-28.560761,153.539436,2021-10-08,"PRESENT","NSW BioNet Atlas"
"832","4c7a9a3a-163e-4964-96a9-9a7b204441e2","Acraea terpsicore","https://biodiversity.org.au/afd/taxa/ba632bea-a7b4-4b60-bf89-d63128cad841",-20.271805,148.718775,2025-01-07 09:45:05,"PRESENT","iNaturalist Australia"
"833","4c8aa65c-9c04-47d3-8b52-1c281f85a3c6","Passiflora edulis","https://id.biodiversity.org.au/node/apni/2902546",-31.459097,152.882675,2024-06-03 10:09:23,"PRESENT","iNaturalist Australia"
"834","4ccf6d50-afe4-4cd0-b761-a47a50dc81c6","Passiflora edulis","https://id.biodiversity.org.au/node/apni/2902546",-33.276645,151.329072,2023-12-10 18:11:02,"PRESENT","iNaturalist Australia"
"835","4ced0fdb-9f52-4108-81c5-65c4eba84e45","Acraea terpsicore","https://biodiversity.org.au/afd/taxa/ba632bea-a7b4-4b60-bf89-d63128cad841",-14.315848,132.421589,2025-06-17 16:36:00,"PRESENT","iNaturalist Australia"
"836","4cee76f2-3f22-4079-84c1-dd548a82fe30","Acraea terpsicore","https://biodiversity.org.au/afd/taxa/ba632bea-a7b4-4b60-bf89-d63128cad841",-12.895258,131.627988,2025-02-08 09:54:01,"PRESENT","iNaturalist Australia"
"837","4cf84844-60df-4011-b75d-f5d91eefe0cc","Passiflora edulis","https://id.biodiversity.org.au/node/apni/2902546",-33.762947,150.85797,2022-10-29 10:06:56,"PRESENT","iNaturalist Australia"
"838","4d0535fd-ed69-408e-826f-855747aab8c4","Passiflora foetida","https://id.biodiversity.org.au/taxon/apni/51442118",-18.699883,138.48711,2024-10-06,"PRESENT","NCW Beadle Herbarium AVH Data"
"839","4d23ee5d-21ed-4abe-b001-1576654be73c","Passiflora edulis","https://id.biodiversity.org.au/node/apni/2902546",-26.519995,152.638491,2025-11-07 08:47:00,"PRESENT","iNaturalist Australia"
"840","4d25a60e-7603-4f81-ab6f-a6d28a28bebe","Passiflora edulis","https://id.biodiversity.org.au/node/apni/2902546",-26.386122,152.779417,2025-03-22 16:32:19,"PRESENT","iNaturalist Australia"
"841","4d366142-da08-40a0-b9dc-e33cb947533e","Passiflora edulis","https://id.biodiversity.org.au/node/apni/2902546",-37.93291,145.487555,2025-09-01 08:45:02,"PRESENT","iNaturalist Australia"
"842","4d3db9e0-52d1-4ee9-bd46-e683ff4a1c7f","Acraea terpsicore","https://biodiversity.org.au/afd/taxa/ba632bea-a7b4-4b60-bf89-d63128cad841",-19.301674,146.77758,2025-05-05 09:24:20,"PRESENT","iNaturalist Australia"
"843","4d58f923-aa2b-49d6-a259-2a9d226ff174","Passiflora foetida","https://id.biodiversity.org.au/taxon/apni/51442118",-16.104314,145.450668,2022-09-27 12:19:00,"PRESENT","iNaturalist Australia"
"844","4d84d551-275f-4d27-9752-d14ef183fb02","Acraea terpsicore","https://biodiversity.org.au/afd/taxa/ba632bea-a7b4-4b60-bf89-d63128cad841",-23.41751,146.41666,2021-08-26 11:11:00,"PRESENT","iNaturalist Australia"
"845","4d919cdb-f6b4-4638-bbf1-b1e91c47c789","Passiflora edulis","https://id.biodiversity.org.au/node/apni/2902546",-26.602647,152.724924,2022-10-03 10:43:00,"PRESENT","iNaturalist Australia"
"846","4d92937b-5174-4f90-8487-596692a21e24","Passiflora foetida","https://id.biodiversity.org.au/taxon/apni/51442118",-12.453773,130.827929,2022-05-03 10:32:00,"PRESENT","iNaturalist Australia"
"847","4da57b40-338a-4edd-aba4-b41cf76587b5","Passiflora foetida","https://id.biodiversity.org.au/name/apni/51741309",-15.49053,145.264083,2022-08-18 11:41:34,"PRESENT","iNaturalist Australia"
"848","4dae4683-3127-46bc-9aec-9d784803284e","Passiflora edulis","https://id.biodiversity.org.au/node/apni/2902546",-27.687022,153.011305,2023-03-27 09:35:00,"PRESENT","iNaturalist Australia"
"849","4dd13760-5d60-4814-8d08-597f0e9fdc6f","Acraea terpsicore","https://biodiversity.org.au/afd/taxa/ba632bea-a7b4-4b60-bf89-d63128cad841",-24.803189,152.441211,2025-01-29 10:12:00,"PRESENT","iNaturalist Australia"
"850","4dd86704-5945-4db1-901c-6fb765c720a0","Passiflora edulis","https://id.biodiversity.org.au/node/apni/2902546",-30.214371,153.005896,2025-10-25 12:01:47,"PRESENT","iNaturalist Australia"
"851","4de0bef8-0c57-40ad-b2f0-35bb38d40ba1","Acraea terpsicore","https://biodiversity.org.au/afd/taxa/ba632bea-a7b4-4b60-bf89-d63128cad841",-16.981663,145.550492,2022-03-03 15:15:00,"PRESENT","iNaturalist Australia"
"852","4df01899-e5b6-4eab-97ad-6687981f35cb","Acraea terpsicore","https://biodiversity.org.au/afd/taxa/ba632bea-a7b4-4b60-bf89-d63128cad841",-12.6997,143.3299,2022-03-24 17:30:00,"PRESENT","Butterflies Australia"
"853","4df5101c-05a9-4652-8645-cbf43d93b0cb","Passiflora edulis","https://id.biodiversity.org.au/node/apni/2902546",-29.400638,153.348533,2021-01-03 15:54:48,"PRESENT","iNaturalist Australia"
"854","4df56be8-98ce-4eba-a101-f56b1654e637","Passiflora edulis","https://id.biodiversity.org.au/node/apni/2902546",-32.34505,152.447314,2024-09-20 23:56:27,"PRESENT","iNaturalist Australia"
"855","4e0f012f-4fc6-4a6f-a6d8-3752c79a56e0","Passiflora foetida","https://id.biodiversity.org.au/taxon/apni/51442118",-23.652707,148.076202,2022-08-24 10:07:00,"PRESENT","iNaturalist Australia"
"856","4e0fff0c-7f9e-4885-879f-f5ab0cc3f883","Passiflora edulis","https://id.biodiversity.org.au/node/apni/2902546",-29.494403,153.213549,2025-12-27 13:51:54,"PRESENT","iNaturalist Australia"
"857","4e29ff7a-d5f9-442b-a0b7-051cd21d8981","Acraea terpsicore","https://biodiversity.org.au/afd/taxa/ba632bea-a7b4-4b60-bf89-d63128cad841",-16.83921,145.74087,2022-02-27 02:16:00,"PRESENT","Butterflies Australia"
"858","4e39c88c-abba-48e3-b7a7-c26ac77b9946","Acraea terpsicore","https://biodiversity.org.au/afd/taxa/ba632bea-a7b4-4b60-bf89-d63128cad841",-12.367059,130.908887,2025-01-01 09:19:42,"PRESENT","iNaturalist Australia"
"859","4e3b504f-605e-4ec3-88f9-cb1dcad0bae3","Acraea terpsicore","https://biodiversity.org.au/afd/taxa/ba632bea-a7b4-4b60-bf89-d63128cad841",-24.559852,151.883583,2024-06-21 12:46:00,"PRESENT","iNaturalist Australia"
"860","4e4cf835-164e-4b7c-b9e1-a3a238eb89a8","Acraea terpsicore","https://biodiversity.org.au/afd/taxa/ba632bea-a7b4-4b60-bf89-d63128cad841",-14.438646,132.271238,2024-06-04 18:01:15,"PRESENT","iNaturalist Australia"
"861","4e716cfc-b862-46f4-8ef4-25da88e4cef7","Passiflora edulis","https://id.biodiversity.org.au/node/apni/2902546",-34.198849,150.777065,2025-03-05 06:59:16,"PRESENT","iNaturalist Australia"
"862","4e8b8dea-b176-45e8-8623-4f94200f8703","Passiflora edulis","https://id.biodiversity.org.au/node/apni/2902546",-28.3479,153.1799,2025-06-13 10:52:00,"PRESENT","iNaturalist Australia"
"863","4ef24d1a-1471-4885-aac0-ef9edb5b1d99","Acraea terpsicore","https://biodiversity.org.au/afd/taxa/ba632bea-a7b4-4b60-bf89-d63128cad841",-14.183749,132.188197,2025-05-15 05:06:00,"PRESENT","NatureMapr"
"864","4ef69d28-0e2c-4149-8844-bdd68e40d033","Passiflora edulis","https://id.biodiversity.org.au/node/apni/2902546",-27.350886,152.945938,2022-07-09 16:29:00,"PRESENT","iNaturalist Australia"
"865","4f2ae871-9a1d-4ade-ba40-63cf6343215f","Acraea terpsicore","https://biodiversity.org.au/afd/taxa/ba632bea-a7b4-4b60-bf89-d63128cad841",-19.188598,146.772212,2022-06-23 11:32:00,"PRESENT","iNaturalist Australia"
"866","4f3c3859-dc04-4484-a0ea-e18b2ba2cead","Passiflora foetida","https://id.biodiversity.org.au/name/apni/51741309",-20.253758,148.813355,2021-04-04 07:37:58,"PRESENT","iNaturalist Australia"
"867","4f409bc6-53af-4f05-a12d-1ff86810abb6","Acraea terpsicore","https://biodiversity.org.au/afd/taxa/ba632bea-a7b4-4b60-bf89-d63128cad841",-22.348058,149.522536,2024-09-17 12:25:00,"PRESENT","iNaturalist Australia"
"868","4f580f0f-421a-40b2-b870-1782144bca14","Acraea terpsicore","https://biodiversity.org.au/afd/taxa/ba632bea-a7b4-4b60-bf89-d63128cad841",-14.926073,144.197167,2021-07-22 13:56:00,"PRESENT","iNaturalist Australia"
"869","4f7ebc9f-4b27-4145-b588-7be7213d8ebf","Passiflora edulis","https://id.biodiversity.org.au/node/apni/2902546",-27.85502,153.173707,2025-04-15 11:37:00,"PRESENT","iNaturalist Australia"
"870","4f89165b-3354-47f9-a398-6dc88a68431c","Acraea terpsicore","https://biodiversity.org.au/afd/taxa/ba632bea-a7b4-4b60-bf89-d63128cad841",-15.90152,128.130539,2025-06-25 10:42:42,"PRESENT","iNaturalist Australia"
"871","4f95996a-a013-4f74-8fd7-0e472fbd4516","Passiflora edulis","https://id.biodiversity.org.au/node/apni/2902546",-35.255544,150.419249,2021-02-24,"PRESENT","NSW BioNet Atlas"
"872","4fb8c61a-e008-48b8-b50b-115893b976eb","Acraea terpsicore","https://biodiversity.org.au/afd/taxa/ba632bea-a7b4-4b60-bf89-d63128cad841",-12.347069,130.895929,2024-07-07 10:04:00,"PRESENT","iNaturalist Australia"
"873","4fbdc5d5-4ed8-4d09-8648-bb2c18b2ebb2","Passiflora edulis","https://id.biodiversity.org.au/node/apni/2902546",-30.472534,152.545844,2021-11-14 16:02:00,"PRESENT","iNaturalist Australia"
"874","4fd1b4a3-0645-437f-8740-0b84f4f3b01d","Passiflora edulis","https://id.biodiversity.org.au/node/apni/2902546",-25.365669,152.671276,2024-05-08 13:25:00,"PRESENT","iNaturalist Australia"
"875","4fd72d09-5369-4089-930b-4965a0f1165f","Passiflora foetida","https://id.biodiversity.org.au/taxon/apni/51442118",-19.258225,146.804613,2022-02-27 13:37:54,"PRESENT","iNaturalist Australia"
"876","4ffe7c1f-3619-4398-aca1-f6d89b3362a8","Acraea terpsicore","https://biodiversity.org.au/afd/taxa/ba632bea-a7b4-4b60-bf89-d63128cad841",-12.36608,130.864945,2025-04-30 16:03:27,"PRESENT","iNaturalist Australia"
"877","4ffef314-d5c6-4875-9587-c406a9183d26","Passiflora foetida","https://id.biodiversity.org.au/taxon/apni/51442118",-27.48079,153.082971,2024-12-17 08:50:00,"PRESENT","iNaturalist Australia"
"878","502dff0e-9a89-417a-828c-30e3b9c98966","Acraea terpsicore","https://biodiversity.org.au/afd/taxa/ba632bea-a7b4-4b60-bf89-d63128cad841",-21.476828,149.114656,2025-05-21 13:09:04,"PRESENT","iNaturalist Australia"
"879","503a0ef4-0ea0-431b-8978-abd7def43e8d","Passiflora edulis","https://id.biodiversity.org.au/node/apni/2902546",-33.735942,151.052928,2024-08-16 11:23:00,"PRESENT","iNaturalist Australia"
"880","503ba9cd-a66b-4cf7-b94f-4bb90426d2d8","Passiflora edulis","https://id.biodiversity.org.au/node/apni/2902546",-27.31266,152.937215,2022-06-13 10:52:00,"PRESENT","iNaturalist Australia"
"881","503d7fb7-3251-4ed7-bb55-19bb7afc6048","Passiflora foetida","https://id.biodiversity.org.au/taxon/apni/51442118",-12.375875,130.853789,2025-01-01 16:27:32,"PRESENT","iNaturalist Australia"
"882","5041b61b-572c-4d2b-a58f-cf5d8858ffdb","Passiflora foetida","https://id.biodiversity.org.au/taxon/apni/51442118",-15.905424,128.128209,2024-09-17 23:15:33,"PRESENT","NatureMapr"
"883","50475d90-b429-4ca9-a059-b86bb17d37f1","Passiflora foetida","https://id.biodiversity.org.au/taxon/apni/51442118",-14.478758,132.394556,2021-10-27,"PRESENT","Flora Atlas N.T."
"884","5057ee5e-e090-4cbc-8f12-a602baee7fb3","Passiflora edulis","https://id.biodiversity.org.au/node/apni/2902546",-29.970708,153.007762,2024-04-17 14:05:13,"PRESENT","iNaturalist Australia"
"885","50681b92-6ddf-4139-8cfd-aed7ca2f7322","Passiflora foetida","https://id.biodiversity.org.au/taxon/apni/51442118",-27.434713,153.148991,2023-12-13 17:18:35,"PRESENT","iNaturalist Australia"
"886","507e10c3-7df1-4783-981a-045f406ae38e","Passiflora foetida","https://id.biodiversity.org.au/taxon/apni/51442118",-26.812117,153.107802,2022-06-16 09:15:00,"PRESENT","iNaturalist Australia"
"887","5086b69b-8433-4fe9-b104-0860cdbc5c6e","Passiflora foetida","https://id.biodiversity.org.au/taxon/apni/51442118",-14.22582,143.79084,2021-03-29,"PRESENT","WildNet - Queensland Wildlife Data"
"888","50a8db73-8e01-4af4-9bda-b98785cd33ad","Passiflora foetida","https://id.biodiversity.org.au/node/apni/2905971",-28.560761,153.539436,2021-10-08,"PRESENT","NSW BioNet Atlas"
"889","50abde1e-af48-4923-973d-daf0e6383ca4","Acraea terpsicore","https://biodiversity.org.au/afd/taxa/ba632bea-a7b4-4b60-bf89-d63128cad841",-19.255614,146.789398,2025-10-02 09:24:00,"PRESENT","iNaturalist Australia"
"890","50ec2dba-dcb3-4fb7-913c-cc26a0be6374","Passiflora foetida","https://id.biodiversity.org.au/taxon/apni/51442118",-14.470803,132.263443,2021-11-15,"PRESENT","Flora Atlas N.T."
"891","51199a6f-c6b8-478f-bdd1-ae41d2607e03","Passiflora edulis","https://id.biodiversity.org.au/node/apni/2902546",-30.36019,153.081092,2025-01-03 16:17:47,"PRESENT","iNaturalist Australia"
"892","511b668f-8368-4433-8454-1b3981d48064","Passiflora foetida","https://id.biodiversity.org.au/taxon/apni/51442118",-19.744806,147.492186,2023-11-02 08:54:00,"PRESENT","iNaturalist Australia"
"893","5154a250-9735-4ae1-9f66-bbff62fb74b5","Acraea terpsicore","https://biodiversity.org.au/afd/taxa/ba632bea-a7b4-4b60-bf89-d63128cad841",-27.485642,152.954073,2022-02-05 12:31:00,"PRESENT","iNaturalist Australia"
"894","5162778b-d434-4643-b23c-dfa9561d26d2","Acraea terpsicore","https://biodiversity.org.au/afd/taxa/ba632bea-a7b4-4b60-bf89-d63128cad841",-18.0581,144.0678,2021-03-22 12:00:00,"PRESENT","Butterflies Australia"
"895","51735e17-87cb-4ff0-b451-df2217deb799","Passiflora foetida","https://id.biodiversity.org.au/taxon/apni/51442118",-14.18148,132.188077,2021-06-09 15:59:00,"PRESENT","iNaturalist Australia"
"896","517ad5ac-e7e5-4c30-a153-5d34f430e8e0","Acraea terpsicore","https://biodiversity.org.au/afd/taxa/ba632bea-a7b4-4b60-bf89-d63128cad841",-29.833993,153.063874,2022-01-07 11:06:00,"PRESENT","iNaturalist Australia"
"897","518e5680-9990-4b4d-97d5-8ff938603cdd","Passiflora edulis","https://id.biodiversity.org.au/node/apni/2902546",-16.9,145.7,2022-06-05 15:09:00,"PRESENT","Earth Guardians Weekly Feed"
"898","51c4b147-7dee-4d57-a82e-a64bde69848b","Acraea terpsicore","https://biodiversity.org.au/afd/taxa/ba632bea-a7b4-4b60-bf89-d63128cad841",-18.295548,143.369656,2023-02-16 16:46:00,"PRESENT","iNaturalist Australia"
"899","51ec98a3-c5f0-40f0-ac64-d517b4f54f15","Passiflora foetida","https://id.biodiversity.org.au/taxon/apni/51442118",-19.174045,146.834295,2021-04-18 15:18:16,"PRESENT","iNaturalist Australia"
"900","51f14d17-b5e4-4168-aee6-55bcfd7e6f54","Passiflora edulis","https://id.biodiversity.org.au/node/apni/2902546",-34.848175,150.593522,2024-12-07 17:05:11,"PRESENT","iNaturalist Australia"
"901","51f7686f-f7cb-415f-933a-d60496f8e27f","Acraea terpsicore","https://biodiversity.org.au/afd/taxa/ba632bea-a7b4-4b60-bf89-d63128cad841",-12.233187,141.725941,2021-06-02 13:53:00,"PRESENT","iNaturalist Australia"
"902","51f7c918-8df0-4376-ab25-4d95f09f6ddd","Acraea terpsicore","https://biodiversity.org.au/afd/taxa/ba632bea-a7b4-4b60-bf89-d63128cad841",-20.361867,144.460997,2025-08-13 10:47:06,"PRESENT","iNaturalist Australia"
"903","51fbfddb-32f2-4e14-aa9f-b0e1ffcd5cd3","Passiflora foetida","https://id.biodiversity.org.au/taxon/apni/51442118",-23.255285,150.801101,2024-04-12 09:58:56,"PRESENT","iNaturalist Australia"
"904","520439de-a9ae-4d5c-b859-f9e56e29b04c","Passiflora foetida","https://id.biodiversity.org.au/taxon/apni/51442118",-14.473237,132.261603,2021-06-10,"PRESENT","Flora Atlas N.T."
"905","520fdbc3-1614-4de7-a8e7-a04b2b7bbbd6","Passiflora edulis","https://id.biodiversity.org.au/node/apni/2902546",-30.051165,152.903081,2024-02-14,"PRESENT","NSW BioNet Atlas"
"906","52100fbd-3d43-413e-a4bd-f2a98c75f263","Passiflora foetida","https://id.biodiversity.org.au/taxon/apni/51442118",-24.149659,151.88552,2022-08-17 13:16:00,"PRESENT","iNaturalist Australia"
"907","52122597-f0ad-49c1-b97d-49cd67df0dde","Acraea terpsicore","https://biodiversity.org.au/afd/taxa/ba632bea-a7b4-4b60-bf89-d63128cad841",-19.196075,146.766933,2023-03-20 10:10:00,"PRESENT","iNaturalist Australia"
"908","528c1bea-914d-45db-a28b-ad1b6068500d","Passiflora edulis","https://id.biodiversity.org.au/node/apni/2902546",-30.384609,153.011777,2023-09-16 16:35:00,"PRESENT","iNaturalist Australia"
"909","5294132d-14f6-40e5-b169-b5c6564b30ac","Passiflora edulis","https://id.biodiversity.org.au/node/apni/2902546",-27.379672,152.78812,2023-06-30 20:05:00,"PRESENT","iNaturalist Australia"
"910","52cf3d70-0443-4b8f-8da6-997618c51237","Passiflora edulis","https://id.biodiversity.org.au/node/apni/2902546",-33.637867,151.047435,2025-11-20 09:49:00,"PRESENT","iNaturalist Australia"
"911","52f38a17-ddd1-4909-aecc-7eff650cd7ec","Passiflora edulis","https://id.biodiversity.org.au/node/apni/2902546",-32.3975,152.484722,2023-07-11,"PRESENT","John T. Waterhouse Herbarium (UNSW) AVH data"
"912","52fa2f90-25ac-4de6-a101-37b0ac29a1e6","Acraea terpsicore","https://biodiversity.org.au/afd/taxa/ba632bea-a7b4-4b60-bf89-d63128cad841",-20.345593,144.459786,2025-05-21 17:41:00,"PRESENT","iNaturalist Australia"
"913","52fabcdb-44a9-404a-878f-38235d0401a7","Passiflora edulis","https://id.biodiversity.org.au/node/apni/2902546",-37.825557,145.02241,2025-03-05 19:25:11,"PRESENT","iNaturalist Australia"
"914","530da384-0f65-4e2a-85ba-52b7388bef87","Acraea terpsicore","https://biodiversity.org.au/afd/taxa/ba632bea-a7b4-4b60-bf89-d63128cad841",-24.148103,150.686988,2022-02-27 10:36:51,"PRESENT","iNaturalist Australia"
"915","5314844d-412c-48f0-8369-410a4861d7c0","Acraea terpsicore","https://biodiversity.org.au/afd/taxa/ba632bea-a7b4-4b60-bf89-d63128cad841",-26.5061,153.086582,2024-04-06 15:51:11,"PRESENT","iNaturalist Australia"
"916","53683179-c7c6-4b75-83e4-79ab4a735a7f","Passiflora foetida","https://id.biodiversity.org.au/taxon/apni/51442118",-16.075365,145.468797,2024-10-12 12:40:00,"PRESENT","iNaturalist Australia"
"917","53872a3e-72e8-41de-b654-9d116918a4d3","Acraea terpsicore","https://biodiversity.org.au/afd/taxa/ba632bea-a7b4-4b60-bf89-d63128cad841",-12.670951,141.888428,2022-01-26 10:48:00,"PRESENT","iNaturalist Australia"
"918","5392c0ee-382b-42b0-adac-ebf61b3c1ec4","Acraea terpsicore","https://biodiversity.org.au/afd/taxa/ba632bea-a7b4-4b60-bf89-d63128cad841",-14.917434,133.072102,2023-02-10 15:47:00,"PRESENT","iNaturalist Australia"
"919","539c0025-235e-4c14-b004-8e81be7bd1c3","Passiflora foetida","https://id.biodiversity.org.au/taxon/apni/51442118",-25.341422,152.741782,2023-01-23 15:05:00,"PRESENT","iNaturalist Australia"
"920","542232ef-044f-4848-9da7-cf8af10a0373","Acraea terpsicore","https://biodiversity.org.au/afd/taxa/ba632bea-a7b4-4b60-bf89-d63128cad841",-20.724925,139.49303,2024-06-22 14:25:00,"PRESENT","iNaturalist Australia"
"921","5427aea8-477b-4b39-9d9f-2a575ede50b4","Acraea terpsicore","https://biodiversity.org.au/afd/taxa/ba632bea-a7b4-4b60-bf89-d63128cad841",-26.39023,152.97501,2023-02-18 04:48:00,"PRESENT","Butterflies Australia"
"922","545f70b2-9201-4880-9a80-8426bffad487","Passiflora foetida","https://id.biodiversity.org.au/taxon/apni/51442118",-14.421768,132.318367,2021-12-02,"PRESENT","Flora Atlas N.T."
"923","5468b680-7800-4f7f-9c46-4e8eb7385648","Acraea terpsicore","https://biodiversity.org.au/afd/taxa/ba632bea-a7b4-4b60-bf89-d63128cad841",-12.272818,130.903123,2023-07-28 10:55:37,"PRESENT","iNaturalist Australia"
"924","54711b82-7c5f-468c-b577-102e691bb0f7","Acraea terpsicore","https://biodiversity.org.au/afd/taxa/ba632bea-a7b4-4b60-bf89-d63128cad841",-20.014869,148.266111,2025-09-04 12:06:00,"PRESENT","iNaturalist Australia"
"925","54840194-f05e-4ca8-9590-9d4e9d4359c5","Acraea terpsicore","https://biodiversity.org.au/afd/taxa/ba632bea-a7b4-4b60-bf89-d63128cad841",-19.23129,146.7638,2022-09-04 00:15:00,"PRESENT","Butterflies Australia"
"926","5493c571-83b0-4b8d-984e-67b9068c0e24","Acraea terpsicore","https://biodiversity.org.au/afd/taxa/ba632bea-a7b4-4b60-bf89-d63128cad841",-19.97834,148.25976,2022-09-23 01:45:00,"PRESENT","Butterflies Australia"
"927","549dea22-0fb3-4b3b-bd7b-b53420e78c34","Acraea terpsicore","https://biodiversity.org.au/afd/taxa/ba632bea-a7b4-4b60-bf89-d63128cad841",-15.721436,135.640326,2023-06-15 13:25:00,"PRESENT","iNaturalist Australia"
"928","54af9a75-6759-4cda-acbb-6a66171f7308","Passiflora edulis","https://id.biodiversity.org.au/node/apni/2902546",-26.708423,152.540505,2023-01-26 10:02:43,"PRESENT","iNaturalist Australia"
"929","54c7ad6e-d3d5-4f8e-bfc7-5ef1926a9e42","Acraea terpsicore","https://biodiversity.org.au/afd/taxa/ba632bea-a7b4-4b60-bf89-d63128cad841",-19.190292,146.774028,2025-06-30 19:11:00,"PRESENT","iNaturalist Australia"
"930","54cdd700-02b9-4034-88d3-f46cd1730e25","Acraea terpsicore","https://biodiversity.org.au/afd/taxa/ba632bea-a7b4-4b60-bf89-d63128cad841",-17.877222,140.823056,2021-07-26 14:54:00,"PRESENT","iNaturalist Australia"
"931","54d4f725-65a8-4327-b3b5-e7110b0c9234","Acraea terpsicore","https://biodiversity.org.au/afd/taxa/ba632bea-a7b4-4b60-bf89-d63128cad841",-20.014565,148.266034,2021-10-14 09:52:00,"PRESENT","iNaturalist Australia"
"932","54eb4249-6b5b-4248-b0cd-276f826ec714","Acraea terpsicore","https://biodiversity.org.au/afd/taxa/ba632bea-a7b4-4b60-bf89-d63128cad841",-15.765381,128.742154,2024-04-09 16:49:00,"PRESENT","iNaturalist Australia"
"933","550d0e65-b1cc-47bb-bbd6-47b00173063c","Passiflora edulis","https://id.biodiversity.org.au/node/apni/2902546",-33.067113,151.466216,2022-01-23 18:35:22,"PRESENT","iNaturalist Australia"
"934","55211a60-a7ae-4787-b023-7be12ddabb84","Acraea terpsicore","https://biodiversity.org.au/afd/taxa/ba632bea-a7b4-4b60-bf89-d63128cad841",-14.149075,126.239286,2025-08-03 11:50:00,"PRESENT","iNaturalist Australia"
"935","5562256a-8717-4ad9-a086-7b7d20795607","Passiflora edulis","https://id.biodiversity.org.au/node/apni/2902546",-27.648437,153.072933,2021-09-22 09:05:00,"PRESENT","iNaturalist Australia"
"936","556ddd04-ea3c-48b5-a116-38a32b426100","Passiflora foetida","https://id.biodiversity.org.au/taxon/apni/51442118",-27.345289,153.076392,2024-02-17 09:26:42,"PRESENT","iNaturalist Australia"
"937","557c7032-f78a-4dc4-ba3c-3abe818ce72d","Passiflora foetida","https://id.biodiversity.org.au/taxon/apni/51442118",-27.471137,152.949286,2022-03-05 10:19:00,"PRESENT","iNaturalist Australia"
"938","5590fd2f-e14e-4ae1-a5c0-d37715a6adbc","Passiflora foetida","https://id.biodiversity.org.au/taxon/apni/51442118",-16.79042,145.704925,2021-12-30 17:06:00,"PRESENT","iNaturalist Australia"
"939","55918cce-a462-4863-b27c-13217c801632","Passiflora foetida","https://id.biodiversity.org.au/taxon/apni/51442118",-26.382867,153.095825,2024-09-12 12:32:15,"PRESENT","iNaturalist Australia"
"940","559afb77-b61d-41d5-b859-dda449076b84","Passiflora edulis","https://id.biodiversity.org.au/node/apni/2902546",-26.562925,153.01429,2025-02-01 15:11:57,"PRESENT","iNaturalist Australia"
"941","55b34a56-21fe-472f-a023-0b5e2a1a310e","Passiflora edulis","https://id.biodiversity.org.au/node/apni/2902546",-33.71833,151.148518,2025-02-14,"PRESENT","NSW BioNet Atlas"
"942","56121349-b6e3-4145-ab08-749d53225dc7","Passiflora foetida","https://id.biodiversity.org.au/taxon/apni/51442118",-25.580469,151.661778,2021-07-30 08:54:27,"PRESENT","iNaturalist Australia"
"943","562c90a0-48b5-4f00-a6a2-0657336190ff","Passiflora foetida","https://id.biodiversity.org.au/taxon/apni/51442118",-20.1,146.2,2021-01-03 17:50:00,"PRESENT","Earth Guardians Weekly Feed"
"944","563110fa-ec76-4903-b029-ff1444ef458d","Passiflora edulis","https://id.biodiversity.org.au/node/apni/2902546",-33.662377,151.297014,2025-02-27,"PRESENT","NSW BioNet Atlas"
"945","56331e71-1a79-4833-8a8d-555c79cef493","Passiflora edulis","https://id.biodiversity.org.au/node/apni/2902546",-27.438303,153.015258,2023-01-30 06:30:27,"PRESENT","iNaturalist Australia"
"946","56397303-c3e4-4ba4-bd34-ca7c703296c8","Acraea terpsicore","https://biodiversity.org.au/afd/taxa/ba632bea-a7b4-4b60-bf89-d63128cad841",-21.3,149.2,2023-11-26 06:28:00,"PRESENT","Earth Guardians Weekly Feed"
"947","563aa846-b39f-43a0-8485-522df8b96fb2","Acraea terpsicore","https://biodiversity.org.au/afd/taxa/ba632bea-a7b4-4b60-bf89-d63128cad841",-27.490846,153.186106,2022-03-23 12:30:21,"PRESENT","iNaturalist Australia"
"948","56976d2c-4730-4a10-b66e-5bb2c271516d","Passiflora edulis","https://id.biodiversity.org.au/node/apni/2902546",-37.726573,145.008189,2025-03-31 18:37:00,"PRESENT","iNaturalist Australia"
"949","56ead9bb-7e02-430e-976b-261124717c42","Acraea terpsicore","https://biodiversity.org.au/afd/taxa/ba632bea-a7b4-4b60-bf89-d63128cad841",-19.146791,146.774278,2025-07-13 15:08:00,"PRESENT","Earth Guardians Weekly Feed"
"950","56fb44b7-6a68-424a-9e08-014b50b11160","Acraea terpsicore","https://biodiversity.org.au/afd/taxa/ba632bea-a7b4-4b60-bf89-d63128cad841",-19.19658,146.768639,2025-11-03 09:28:35,"PRESENT","iNaturalist Australia"
"951","5706c394-d792-4740-9376-c9256c280fb3","Acraea terpsicore","https://biodiversity.org.au/afd/taxa/ba632bea-a7b4-4b60-bf89-d63128cad841",-12.64848,131.10952,2023-01-17 10:50:00,"PRESENT","iNaturalist Australia"
"952","573481f5-1462-482d-bacc-b3b59d0a1467","Acraea terpsicore","https://biodiversity.org.au/afd/taxa/ba632bea-a7b4-4b60-bf89-d63128cad841",-17.409631,145.062215,2023-04-21 10:13:00,"PRESENT","iNaturalist Australia"
"953","573fcabe-b00f-4730-97e0-317dc3c5858d","Passiflora edulis","https://id.biodiversity.org.au/node/apni/2902546",-33.729754,151.102384,2024-03-30 15:25:22,"PRESENT","iNaturalist Australia"
"954","5740eaa3-7c97-42f0-aa1e-6aeb838775b3","Passiflora edulis","https://id.biodiversity.org.au/node/apni/2902546",-33.757011,150.607648,2023-05-08 11:22:40,"PRESENT","iNaturalist Australia"
"955","574375c0-0fd4-43b3-b20f-ab8fd1a223f0","Passiflora foetida","https://id.biodiversity.org.au/taxon/apni/51442118",-12.212892,134.282653,2025-03-13 17:09:27,"PRESENT","iNaturalist Australia"
"956","57552d02-03e0-4b76-bdc2-90b2b8f0fb15","Passiflora foetida","https://id.biodiversity.org.au/taxon/apni/51442118",-24.200309,151.900837,2021-10-14 06:23:32,"PRESENT","iNaturalist Australia"
"957","57580197-79f2-47f8-8d5c-c62cd141b31a","Acraea terpsicore","https://biodiversity.org.au/afd/taxa/ba632bea-a7b4-4b60-bf89-d63128cad841",-27.485699,152.951467,2022-03-05 14:52:00,"PRESENT","iNaturalist Australia"
"958","577b4d7f-b345-488a-8ccf-ef4148de9ab7","Passiflora foetida","https://id.biodiversity.org.au/taxon/apni/51442118",-14.469827,132.264038,2021-06-10,"PRESENT","Flora Atlas N.T."
"959","578bcc63-73f5-4928-aafd-9bdfc339f872","Passiflora edulis","https://id.biodiversity.org.au/node/apni/2902546",-33.933972,150.730081,2024-02-15,"PRESENT","NSW BioNet Atlas"
"960","57ad7edf-6079-44e4-9f38-6e8b22cf120f","Acraea terpsicore","https://biodiversity.org.au/afd/taxa/ba632bea-a7b4-4b60-bf89-d63128cad841",-19.198838,146.751162,2024-03-12 07:40:00,"PRESENT","iNaturalist Australia"
"961","57b049d0-8718-4bdc-8dc5-842baa8c4d3d","Passiflora foetida","https://id.biodiversity.org.au/taxon/apni/51442118",-19.197127,146.77049,2022-12-06 06:36:00,"PRESENT","iNaturalist Australia"
"962","580772a9-d2fe-472c-b500-c48bfd00ca31","Passiflora foetida","https://id.biodiversity.org.au/taxon/apni/51442118",-20.1,146.2,2021-01-28 11:09:00,"PRESENT","Earth Guardians Weekly Feed"
"963","581603bb-eb7d-4451-a75f-edfa8915fb96","Passiflora foetida","https://id.biodiversity.org.au/taxon/apni/51442118",-12.17809,136.77084,2022-06-27 15:25:00,"PRESENT","iNaturalist Australia"
"964","582aca4f-ca8f-4c9c-b593-ba978196c440","Passiflora foetida","https://id.biodiversity.org.au/name/apni/51741309",-27.550111,152.508881,2026-01-08 11:35:00,"PRESENT","iNaturalist Australia"
"965","583ce71b-163a-4962-820b-91502356f2f6","Passiflora edulis","https://id.biodiversity.org.au/node/apni/2902546",-33.761987,151.084197,2025-07-20 14:14:12,"PRESENT","iNaturalist Australia"
"966","584f9953-6da3-45d4-bbad-eaaf05f12ef6","Passiflora edulis","https://id.biodiversity.org.au/node/apni/2902546",-27.069395,152.958594,2025-06-16 11:43:11,"PRESENT","iNaturalist Australia"
"967","58598285-9e96-4d7b-8c9b-7addbeec2b4a","Acraea terpsicore","https://biodiversity.org.au/afd/taxa/ba632bea-a7b4-4b60-bf89-d63128cad841",-18.0948,144.0911,2021-03-22 01:00:00,"PRESENT","Butterflies Australia"
"968","585a0170-cc52-44e8-81a2-646712ddff73","Passiflora foetida","https://id.biodiversity.org.au/taxon/apni/51442118",-16.10328,145.451705,2022-09-27 09:43:14,"PRESENT","iNaturalist Australia"
"969","58674a32-2a3e-4518-8db4-1d02432299af","Acraea terpsicore","https://biodiversity.org.au/afd/taxa/ba632bea-a7b4-4b60-bf89-d63128cad841",-21.131792,148.491011,2021-04-12 12:38:06,"PRESENT","iNaturalist Australia"
"970","589249ab-b4fe-44a0-8471-a534001552f6","Passiflora foetida","https://id.biodiversity.org.au/taxon/apni/51442118",-12.398642,130.932047,2023-08-19 14:59:00,"PRESENT","iNaturalist Australia"
"971","589d9c78-24f5-4a67-a4aa-91ce1fe356a5","Passiflora edulis","https://id.biodiversity.org.au/node/apni/2902546",-30.369885,153.063157,2025-11-08 14:00:00,"PRESENT","iNaturalist Australia"
"972","58a951cf-752b-441a-86fd-648b0646c78e","Passiflora foetida","https://id.biodiversity.org.au/taxon/apni/51442118",-24.208363,151.910478,2025-03-31 14:18:24,"PRESENT","iNaturalist Australia"
"973","58c67f45-0634-4dec-92ba-528d2d95d7f8","Acraea terpsicore","https://biodiversity.org.au/afd/taxa/ba632bea-a7b4-4b60-bf89-d63128cad841",-17.26801,145.4847,2021-04-09 15:29:00,"PRESENT","Butterflies Australia"
"974","58d3a023-04ae-4aab-9de9-d9a7253c81b3","Acraea terpsicore","https://biodiversity.org.au/afd/taxa/ba632bea-a7b4-4b60-bf89-d63128cad841",-16.228577,128.739776,2025-10-01 01:38:00,"PRESENT","iNaturalist Australia"
"975","59033606-d1ff-40e7-8f07-c451c1362840","Passiflora foetida","https://id.biodiversity.org.au/taxon/apni/51442118",-14.472062,132.260647,2021-11-15,"PRESENT","Flora Atlas N.T."
"976","593b8ba4-6ba7-4669-b84c-3243592ed166","Passiflora foetida","https://id.biodiversity.org.au/taxon/apni/51442118",-24.905158,152.278028,2025-04-24 13:57:30,"PRESENT","iNaturalist Australia"
"977","593cec12-af01-444f-b1ee-a12e7fafe737","Acraea terpsicore","https://biodiversity.org.au/afd/taxa/ba632bea-a7b4-4b60-bf89-d63128cad841",-20.066874,148.450875,2024-07-24 09:25:00,"PRESENT","iNaturalist Australia"
"978","59577c5a-a092-4ee2-a11a-7bf481f32ee0","Acraea terpsicore","https://biodiversity.org.au/afd/taxa/ba632bea-a7b4-4b60-bf89-d63128cad841",-12.454333,130.947672,2024-04-26 18:06:00,"PRESENT","iNaturalist Australia"
"979","5960bab7-7c27-4ab3-9c5d-dd261f44fdc1","Passiflora foetida","https://id.biodiversity.org.au/taxon/apni/51442118",-18.206794,142.702886,2024-09-12 07:35:08,"PRESENT","iNaturalist Australia"
"980","596bb7b7-d4e9-43ca-8fa3-14a80ac219dc","Passiflora edulis","https://id.biodiversity.org.au/node/apni/2902546",-26.924111,152.94055,2025-12-27 15:37:35,"PRESENT","iNaturalist Australia"
"981","596e11ac-4e34-42b1-9e0c-f64c1bb9f21a","Passiflora edulis","https://id.biodiversity.org.au/node/apni/2902546",-27.966513,152.379097,2022-12-23 09:10:00,"PRESENT","iNaturalist Australia"
"982","597034db-535e-4ed2-b847-5af54f4c1962","Passiflora edulis","https://id.biodiversity.org.au/node/apni/2902546",-31.476298,152.878806,2022-08-04,"PRESENT","NSW BioNet Atlas"
"983","599433e0-f749-4405-bf29-ac143b6290c4","Acraea terpsicore","https://biodiversity.org.au/afd/taxa/ba632bea-a7b4-4b60-bf89-d63128cad841",-14.439257,132.270211,2023-04-08 13:01:00,"PRESENT","iNaturalist Australia"
"984","59b58a45-85c4-4378-973c-f8eb3946f47f","Passiflora foetida","https://id.biodiversity.org.au/name/apni/51741309",-27.459814,152.873861,2022-11-26 10:42:20,"PRESENT","iNaturalist Australia"
"985","59d56642-6d50-4222-ac35-62406fe77d15","Passiflora foetida","https://id.biodiversity.org.au/taxon/apni/51442118",-27.549756,152.509369,2023-05-01 12:28:00,"PRESENT","iNaturalist Australia"
"986","59e7e0fc-56b8-410b-967c-221e7b3dc658","Acraea terpsicore","https://biodiversity.org.au/afd/taxa/ba632bea-a7b4-4b60-bf89-d63128cad841",-19.519116,146.873128,2025-06-12 13:36:00,"PRESENT","iNaturalist Australia"
"987","59f9807d-cf35-41f3-9c5b-d41e17842bd5","Passiflora edulis","https://id.biodiversity.org.au/node/apni/2902546",-31.630941,152.762634,2024-04-13 11:45:00,"PRESENT","iNaturalist Australia"
"988","5a1a1a5e-b0c8-4e11-847f-e9ea008910f4","Acraea terpsicore","https://biodiversity.org.au/afd/taxa/ba632bea-a7b4-4b60-bf89-d63128cad841",-27.33673,153.07953,2021-02-28 11:40:00,"PRESENT","Butterflies Australia"
"989","5a2b26b3-a4bf-4ea4-b043-2f2b5e76ffbc","Passiflora edulis","https://id.biodiversity.org.au/node/apni/2902546",-33.702125,151.308356,2024-04-01 14:54:16,"PRESENT","iNaturalist Australia"
"990","5a42c328-d5ef-4fad-8617-c84599020f47","Passiflora edulis","https://id.biodiversity.org.au/node/apni/2902546",-27.618385,152.940112,2022-12-21 15:51:59,"PRESENT","iNaturalist Australia"
"991","5a7a7056-bd5d-4ce0-b6e1-a32cbd55053f","Acraea terpsicore","https://biodiversity.org.au/afd/taxa/ba632bea-a7b4-4b60-bf89-d63128cad841",-12.369364,130.908814,2025-09-06 11:47:00,"PRESENT","iNaturalist Australia"
"992","5a7a8a14-240f-4f62-9fd1-b948d4ceeded","Passiflora edulis","https://id.biodiversity.org.au/node/apni/2902546",-33.733261,151.086542,2024-11-02 17:46:28,"PRESENT","iNaturalist Australia"
"993","5a807017-0716-46ca-8a03-1c1b72df0762","Acraea terpsicore","https://biodiversity.org.au/afd/taxa/ba632bea-a7b4-4b60-bf89-d63128cad841",-19.207633,146.741807,2021-05-16 14:43:00,"PRESENT","iNaturalist Australia"
"994","5a89790c-2b90-4db5-b48e-62bcd298e541","Passiflora edulis","https://id.biodiversity.org.au/node/apni/2902546",-33.765552,151.095993,2022-08-19,"PRESENT","NSW BioNet Atlas"
"995","5a9faf3d-a62e-4a50-a1ec-f4d51cd9578e","Passiflora edulis","https://id.biodiversity.org.au/node/apni/2902546",-33.79945,151.1534,2021-02-04,"PRESENT","NSW BioNet Atlas"
"996","5ab67335-d08d-4a61-8b99-977413a0a13f","Acraea terpsicore","https://biodiversity.org.au/afd/taxa/ba632bea-a7b4-4b60-bf89-d63128cad841",-18.553579,143.582934,2025-05-17 11:37:00,"PRESENT","iNaturalist Australia"
"997","5acebcab-70f2-4d10-9a8b-6027a39dc6d8","Acraea terpsicore","https://biodiversity.org.au/afd/taxa/ba632bea-a7b4-4b60-bf89-d63128cad841",-17.91649,145.35196,2023-06-11 16:30:00,"PRESENT","Butterflies Australia"
"998","5ade29d5-3089-44fd-b56d-fe8dfb0ebe8a","Acraea terpsicore","https://biodiversity.org.au/afd/taxa/ba632bea-a7b4-4b60-bf89-d63128cad841",-16.818234,124.920597,2021-06-26 14:49:00,"PRESENT","iNaturalist Australia"
"999","5aecc691-c581-40d3-bb09-90f99ff8af19","Passiflora edulis","https://id.biodiversity.org.au/node/apni/2902546",-30.274653,153.072034,2024-10-04 09:15:00,"PRESENT","iNaturalist Australia"
"1000","5aecde73-6d4d-460b-aab4-1fd6cf40c826","Passiflora edulis","https://id.biodiversity.org.au/node/apni/2902546",-33.781645,151.081,2021-05-12,"PRESENT","NSW BioNet Atlas"
"1001","5b03ea19-584c-4c50-b0cb-c7461a9102c9","Acraea terpsicore","https://biodiversity.org.au/afd/taxa/ba632bea-a7b4-4b60-bf89-d63128cad841",-18.201661,142.246293,2022-09-02 13:46:00,"PRESENT","iNaturalist Australia"
"1002","5b0b2345-33b8-4d6c-9f0f-9f381600001c","Acraea terpsicore","https://biodiversity.org.au/afd/taxa/ba632bea-a7b4-4b60-bf89-d63128cad841",-12.236543,141.7165,2023-05-18 12:02:00,"PRESENT","iNaturalist Australia"
"1003","5b277a66-3305-4533-a4e8-6eb2cdc5df6f","Acraea terpsicore","https://biodiversity.org.au/afd/taxa/ba632bea-a7b4-4b60-bf89-d63128cad841",-12.338757,130.89286,2021-02-03 12:47:57,"PRESENT","iNaturalist Australia"
"1004","5b4032ec-b9b3-4c30-a164-71a858515d98","Passiflora foetida","https://id.biodiversity.org.au/taxon/apni/51442118",-12.189669,136.752073,2023-11-30 16:09:37,"PRESENT","iNaturalist Australia"
"1005","5b799966-87c1-45b1-9867-c4b65079ed2f","Passiflora edulis","https://id.biodiversity.org.au/node/apni/2902546",-34.95818,138.57144,2022-11-08,"PRESENT","SA Flora"
"1006","5b7dd78f-2664-41cf-bb2e-23fe7f7c852e","Passiflora foetida","https://id.biodiversity.org.au/name/apni/51741309",-27.459652,152.877569,2022-11-18 10:27:20,"PRESENT","iNaturalist Australia"
"1007","5bbf8471-ffc7-4176-bdf8-1dcda2cc10f1","Acraea terpsicore","https://biodiversity.org.au/afd/taxa/ba632bea-a7b4-4b60-bf89-d63128cad841",-23.867027,148.136532,2022-07-12 14:29:04,"PRESENT","iNaturalist Australia"
"1008","5bc452d4-8de7-424d-804a-43830294c017","Acraea terpsicore","https://biodiversity.org.au/afd/taxa/ba632bea-a7b4-4b60-bf89-d63128cad841",-20.273295,148.715873,2022-11-26 14:42:00,"PRESENT","iNaturalist Australia"
"1009","5bc92d9d-3b95-441f-8039-f1ffe0511d3b","Acraea terpsicore","https://biodiversity.org.au/afd/taxa/ba632bea-a7b4-4b60-bf89-d63128cad841",-19.162405,146.847096,2022-07-09 13:19:00,"PRESENT","iNaturalist Australia"
"1010","5bd18139-4d46-4cdc-954d-a3ead24946e9","Passiflora edulis","https://id.biodiversity.org.au/node/apni/2902546",-27.614025,153.183402,2024-01-21 08:38:34,"PRESENT","iNaturalist Australia"
"1011","5be94234-e129-4d69-8188-d8bfa1a82bac","Acraea terpsicore","https://biodiversity.org.au/afd/taxa/ba632bea-a7b4-4b60-bf89-d63128cad841",-19.257845,146.804003,2025-07-04 15:25:46,"PRESENT","iNaturalist Australia"
"1012","5bebcdbd-43e7-488a-8293-11a569151067","Acraea terpsicore","https://biodiversity.org.au/afd/taxa/ba632bea-a7b4-4b60-bf89-d63128cad841",-30.296087,153.138514,2022-11-02 02:48:00,"PRESENT","NatureMapr"
"1013","5bf9e8e8-5360-48f1-b8d0-cfea020572ab","Passiflora edulis","https://id.biodiversity.org.au/node/apni/2902546",-34.142622,151.032311,2025-06-15 15:27:53,"PRESENT","iNaturalist Australia"
"1014","5c2b73b4-ea67-4682-8aae-85d749240d19","Acraea terpsicore","https://biodiversity.org.au/afd/taxa/ba632bea-a7b4-4b60-bf89-d63128cad841",-25.790273,152.6967,2025-03-06 08:52:00,"PRESENT","iNaturalist Australia"
"1015","5c36922a-3b09-42ae-9922-c197328039a0","Acraea terpsicore","https://biodiversity.org.au/afd/taxa/ba632bea-a7b4-4b60-bf89-d63128cad841",-27.514665,152.844107,2022-03-06 12:08:07,"PRESENT","iNaturalist Australia"
"1016","5c3e3da1-d252-48d1-863f-df37375944e7","Passiflora foetida","https://id.biodiversity.org.au/taxon/apni/51442118",-14.470096,132.261621,2021-06-10,"PRESENT","Flora Atlas N.T."
"1017","5cdf10d4-03fb-46da-8a3c-dc5e63dd1960","Passiflora foetida","https://id.biodiversity.org.au/taxon/apni/51442118",-19.257931,146.803861,2025-11-26 14:26:00,"PRESENT","iNaturalist Australia"
"1018","5d0c821d-530a-4a95-a94b-8c30507318d3","Passiflora edulis","https://id.biodiversity.org.au/node/apni/2902546",-26.703753,153.044052,2023-11-24 12:56:00,"PRESENT","iNaturalist Australia"
"1019","5d0e9f5d-e766-4813-8404-2b384e15c13c","Passiflora edulis","https://id.biodiversity.org.au/node/apni/2902546",-25.353701,152.75444,2024-09-14 12:54:00,"PRESENT","iNaturalist Australia"
"1020","5d4bfaf9-f1ed-4505-922d-b9224e81fdff","Passiflora foetida","https://id.biodiversity.org.au/taxon/apni/51442118",-23.173002,150.78623,2025-05-23 15:30:00,"PRESENT","iNaturalist Australia"
"1021","5d7b2716-8db1-4812-af5d-3e3f18f71aac","Passiflora edulis","https://id.biodiversity.org.au/node/apni/2902546",-30.575019,152.989623,2022-07-27 16:53:00,"PRESENT","iNaturalist Australia"
"1022","5d815d6b-507c-4fce-97c3-6a0990d3e986","Passiflora edulis","https://id.biodiversity.org.au/node/apni/2902546",-33.813761,151.207454,2024-04-27 09:58:53,"PRESENT","iNaturalist Australia"
"1023","5dadeadf-86af-4caf-a3e6-d270cef78b99","Passiflora edulis","https://id.biodiversity.org.au/node/apni/2902546",-33.749641,151.292405,2024-11-10 16:02:30,"PRESENT","iNaturalist Australia"
"1024","5dc4bb60-5810-40ab-8be8-e4c0d058bc67","Passiflora foetida","https://id.biodiversity.org.au/name/apni/51741309",-26.733427,153.095128,2025-01-30 12:03:49,"PRESENT","iNaturalist Australia"
"1025","5dcbb458-c40a-4bed-b602-4a965b5f1091","Acraea terpsicore","https://biodiversity.org.au/afd/taxa/ba632bea-a7b4-4b60-bf89-d63128cad841",-14.5,132.2,2021-02-06 10:17:00,"PRESENT","Earth Guardians Weekly Feed"
"1026","5dfb9f0c-d191-46a6-bd3c-399231e3a605","Passiflora foetida","https://id.biodiversity.org.au/taxon/apni/51442118",-27.341678,153.063842,2024-01-22 10:04:20,"PRESENT","iNaturalist Australia"
"1027","5e54ebf3-4807-4b58-a230-7663540527ec","Passiflora foetida","https://id.biodiversity.org.au/taxon/apni/51442118",-27.488106,153.112031,2022-04-16 07:22:52,"PRESENT","iNaturalist Australia"
"1028","5e91ef3e-e902-457f-ad93-4ac483051bb8","Acraea terpsicore","https://biodiversity.org.au/afd/taxa/ba632bea-a7b4-4b60-bf89-d63128cad841",-20.101328,148.553186,2025-07-23 13:29:00,"PRESENT","iNaturalist Australia"
"1029","5e927db6-c2bc-48d7-bcf9-b25dd7beffb6","Acraea terpsicore","https://biodiversity.org.au/afd/taxa/ba632bea-a7b4-4b60-bf89-d63128cad841",-15.433263,144.982625,2022-06-25 02:00:00,"PRESENT","Butterflies Australia"
"1030","5e9c03f1-c4f7-4d66-8a07-e0cc8d1fa300","Passiflora edulis","https://id.biodiversity.org.au/node/apni/2902546",-33.759029,151.149978,2023-05-12,"PRESENT","NSW BioNet Atlas"
"1031","5eaafa6f-6ac9-449b-a8f6-efe8597296d1","Acraea terpsicore","https://biodiversity.org.au/afd/taxa/ba632bea-a7b4-4b60-bf89-d63128cad841",-17.74008,139.54788,2023-09-09 22:32:00,"PRESENT","Butterflies Australia"
"1032","5ee4df63-223c-48e9-b137-f66d60c81fca","Passiflora edulis","https://id.biodiversity.org.au/node/apni/2902546",-25.46289,152.733285,2023-01-18 15:08:00,"PRESENT","iNaturalist Australia"
"1033","5f2c89d8-de7d-40a9-b49b-500305f6e4b9","Acraea terpsicore","https://biodiversity.org.au/afd/taxa/ba632bea-a7b4-4b60-bf89-d63128cad841",-16.787868,145.693065,2025-08-21 12:33:00,"PRESENT","iNaturalist Australia"
"1034","5f3866b3-f132-49ce-ab79-4ec4c68dcabd","Passiflora foetida","https://id.biodiversity.org.au/taxon/apni/51442118",-20.037958,148.171605,2024-05-21 10:28:00,"PRESENT","iNaturalist Australia"
"1035","5f59d1e7-b0aa-4ec7-bc3c-00c9022f4850","Acraea terpsicore","https://biodiversity.org.au/afd/taxa/ba632bea-a7b4-4b60-bf89-d63128cad841",-18.040031,144.881387,2021-07-04 14:52:00,"PRESENT","iNaturalist Australia"
"1036","5f5c39fc-8e28-4425-ba21-ce72f19febb5","Acraea terpsicore","https://biodiversity.org.au/afd/taxa/ba632bea-a7b4-4b60-bf89-d63128cad841",-19.2583,146.803131,2021-03-02 10:08:00,"PRESENT","iNaturalist Australia"
"1037","5f660daa-2064-4af2-baf4-4699252caa96","Passiflora edulis","https://id.biodiversity.org.au/node/apni/2902546",-26.979427,152.840525,2024-09-28 13:32:43,"PRESENT","iNaturalist Australia"
"1038","5f9d109d-937e-49e1-8589-ec0278e252dc","Acraea terpsicore","https://biodiversity.org.au/afd/taxa/ba632bea-a7b4-4b60-bf89-d63128cad841",-19.177492,146.844085,2022-04-04 09:17:47,"PRESENT","iNaturalist Australia"
"1039","5fb4be97-d53d-4569-a5b5-acd87a273a9b","Passiflora edulis","https://id.biodiversity.org.au/node/apni/2902546",-27.983092,152.356614,2021-03-06 11:24:00,"PRESENT","iNaturalist Australia"
"1040","5fb8f90d-862d-4b4f-944b-6b822ba9ce48","Acraea terpsicore","https://biodiversity.org.au/afd/taxa/ba632bea-a7b4-4b60-bf89-d63128cad841",-12.349239,130.898633,2023-04-24 08:32:00,"PRESENT","iNaturalist Australia"
"1041","5fe45057-8f3c-4d8d-a1ca-aadb6036e6b6","Passiflora edulis","https://id.biodiversity.org.au/node/apni/2902546",-30.231965,153.054345,2022-10-29 11:43:07,"PRESENT","iNaturalist Australia"
"1042","5feb4a96-481f-42d9-99fc-b2b8d2be37b9","Acraea terpsicore","https://biodiversity.org.au/afd/taxa/ba632bea-a7b4-4b60-bf89-d63128cad841",-26.61576,153.063643,2023-04-16 08:25:59,"PRESENT","iNaturalist Australia"
"1043","5ff49fbd-0876-4315-b849-d23fc64e23fe","Acraea terpsicore","https://biodiversity.org.au/afd/taxa/ba632bea-a7b4-4b60-bf89-d63128cad841",-20.000368,148.249079,2024-08-31 10:12:00,"PRESENT","iNaturalist Australia"
"1044","601c4810-30b2-480d-bbc9-5c8529fc846f","Acraea terpsicore","https://biodiversity.org.au/afd/taxa/ba632bea-a7b4-4b60-bf89-d63128cad841",-27.236837,152.92987,2021-06-13 09:46:00,"PRESENT","iNaturalist Australia"
"1045","6024d96e-2b15-41a0-9c13-9095b47faaab","Acraea terpsicore","https://biodiversity.org.au/afd/taxa/ba632bea-a7b4-4b60-bf89-d63128cad841",-22.110775,145.193478,2025-06-26 15:53:36,"PRESENT","iNaturalist Australia"
"1046","602e54ea-4101-42e3-a7fa-5874ce891a93","Acraea terpsicore","https://biodiversity.org.au/afd/taxa/ba632bea-a7b4-4b60-bf89-d63128cad841",-18.300685,143.525216,2023-02-16 12:14:00,"PRESENT","iNaturalist Australia"
"1047","60310872-50ab-4bd8-ab09-0a4dbca2fa6e","Passiflora foetida","https://id.biodiversity.org.au/taxon/apni/51442118",-18.200682,144.658841,2022-06-21 13:25:00,"PRESENT","iNaturalist Australia"
"1048","603e08bd-0aa9-48a4-9550-895b14dddc18","Passiflora foetida","https://id.biodiversity.org.au/taxon/apni/51442118",-27.450952,153.100373,2021-01-17 08:36:00,"PRESENT","iNaturalist Australia"
"1049","603e0915-4971-4df3-9bfe-6f89930fba41","Passiflora foetida","https://id.biodiversity.org.au/taxon/apni/51442118",-20.067037,148.450509,2024-07-24 09:21:00,"PRESENT","iNaturalist Australia"
"1050","6056e4fd-7913-4d1f-8ba5-6c7c025a4c4d","Acraea terpsicore","https://biodiversity.org.au/afd/taxa/ba632bea-a7b4-4b60-bf89-d63128cad841",-29.412722,153.361766,2025-01-03 15:43:12,"PRESENT","iNaturalist Australia"
"1051","6083359f-2ab5-45db-a850-e7dccd76135f","Passiflora edulis","https://id.biodiversity.org.au/node/apni/2902546",-25.337662,153.200775,2021-06-17 16:19:25,"PRESENT","iNaturalist Australia"
"1052","60b0ca67-cc07-4f26-98a4-dfafd37dc1dc","Passiflora edulis","https://id.biodiversity.org.au/node/apni/2902546",-34.856327,150.587105,2024-03-22 15:36:39,"PRESENT","iNaturalist Australia"
"1053","60c5fce3-85d0-4ae5-926b-aa94b7e35427","Passiflora edulis","https://id.biodiversity.org.au/node/apni/2902546",-26.627805,152.866529,2023-04-07 14:48:15,"PRESENT","iNaturalist Australia"
"1054","610e839a-0500-4ce7-8561-a1b8a5982727","Passiflora foetida","https://id.biodiversity.org.au/taxon/apni/51442118",-21.420421,144.998127,2022-10-11 10:09:00,"PRESENT","iNaturalist Australia"
"1055","613726b8-a421-43cc-8525-81049b82da95","Acraea terpsicore","https://biodiversity.org.au/afd/taxa/ba632bea-a7b4-4b60-bf89-d63128cad841",-13.491678,131.04905,2025-11-13 09:29:00,"PRESENT","iNaturalist Australia"
"1056","6164e508-1c4c-4250-a144-c3c90348b389","Acraea terpsicore","https://biodiversity.org.au/afd/taxa/ba632bea-a7b4-4b60-bf89-d63128cad841",-15.517838,128.834925,2025-03-10 08:30:48,"PRESENT","iNaturalist Australia"
"1057","616ae597-cad3-447c-b613-afe94cbf0b75","Acraea terpsicore","https://biodiversity.org.au/afd/taxa/ba632bea-a7b4-4b60-bf89-d63128cad841",-16.787844,145.693086,2022-02-27 15:54:00,"PRESENT","iNaturalist Australia"
"1058","618d9b7a-ee16-4a20-ba1d-b3cd60d3f077","Passiflora edulis","https://id.biodiversity.org.au/node/apni/2902546",-30.280315,153.066287,2024-09-21 08:35:39,"PRESENT","iNaturalist Australia"
"1059","619db8cc-96a7-4682-acd3-7809f3015ba6","Passiflora edulis","https://id.biodiversity.org.au/node/apni/2902546",-30.240016,153.093849,2025-07-31 09:32:50,"PRESENT","iNaturalist Australia"
"1060","61a779b4-d4b8-46e0-b8ae-0543062efa2e","Passiflora edulis","https://id.biodiversity.org.au/node/apni/2902546",-27.489674,153.132248,2022-01-15 09:42:31,"PRESENT","iNaturalist Australia"
"1061","61a8faff-d2f1-4e79-85a0-966bbd2c456e","Passiflora foetida","https://id.biodiversity.org.au/taxon/apni/51442118",-27.594635,153.07837,2025-11-08 18:29:31,"PRESENT","iNaturalist Australia"
"1062","61b265eb-7ec0-4fe5-aa71-6731ef06ace9","Acraea terpsicore","https://biodiversity.org.au/afd/taxa/ba632bea-a7b4-4b60-bf89-d63128cad841",-17.3788,145.38465,2023-04-20 01:15:00,"PRESENT","Butterflies Australia"
"1063","61c7a5e4-fabe-4300-bf6a-3cd208d1e2ba","Passiflora edulis","https://id.biodiversity.org.au/node/apni/2902546",-25.338862,153.20227,2021-10-21 16:02:05,"PRESENT","iNaturalist Australia"
"1064","61d0c09d-445a-4011-b673-7fa7c6c1a2fd","Passiflora edulis","https://id.biodiversity.org.au/node/apni/2902546",-33.835703,151.192061,2022-06-04 14:13:52,"PRESENT","iNaturalist Australia"
"1065","61fdb735-65f1-4bc8-89be-4d10abd92cef","Passiflora edulis","https://id.biodiversity.org.au/node/apni/2902546",-27.977281,152.298723,2024-08-10 12:14:00,"PRESENT","iNaturalist Australia"
"1066","620aad29-abd6-4deb-923d-77697439e1f3","Acraea terpsicore","https://biodiversity.org.au/afd/taxa/ba632bea-a7b4-4b60-bf89-d63128cad841",-27.124051,152.898515,2024-01-14 08:33:00,"PRESENT","iNaturalist Australia"
"1067","6218b2ff-d9fb-42bb-8a5d-f931d189b63c","Passiflora foetida","https://id.biodiversity.org.au/taxon/apni/51442118",-19.97,148.23,2024-02-28,"PRESENT","WeedScan"
"1068","621e01d5-b989-470c-9737-2976a85de6e4","Acraea terpsicore","https://biodiversity.org.au/afd/taxa/ba632bea-a7b4-4b60-bf89-d63128cad841",-19.698288,146.840225,2023-04-12 10:58:48,"PRESENT","iNaturalist Australia"
"1069","623e8fbf-f950-4422-bcb0-825930fc47a3","Passiflora edulis","https://id.biodiversity.org.au/node/apni/2902546",-35.99544,150.04192,2024-05-16 03:22:00,"PRESENT","NatureMapr"
"1070","62910936-5634-458a-9944-499d18c710d7","Passiflora edulis","https://id.biodiversity.org.au/node/apni/2902546",-28.895218,153.465707,2025-11-05 10:44:00,"PRESENT","iNaturalist Australia"
"1071","62917f6d-b72e-4f2f-a5a1-eec53f73b529","Acraea terpsicore","https://biodiversity.org.au/afd/taxa/ba632bea-a7b4-4b60-bf89-d63128cad841",-18.0554,144.9104,2021-04-25 11:45:00,"PRESENT","Butterflies Australia"
"1072","62c5f93e-d405-4e16-bdeb-ea8ae70d8c1b","Passiflora edulis","https://id.biodiversity.org.au/node/apni/2902546",-27.821388,152.824417,2023-08-12 11:48:00,"PRESENT","iNaturalist Australia"
"1073","62ddd1db-0fb4-4d27-9ede-0749affc8095","Passiflora edulis","https://id.biodiversity.org.au/node/apni/2902546",-27.382664,152.211139,2023-01-08 11:12:00,"PRESENT","iNaturalist Australia"
"1074","633c9790-5ec8-4173-bd69-244b90194a50","Passiflora edulis","https://id.biodiversity.org.au/node/apni/2902546",-27.038694,152.802017,2025-07-06 14:10:00,"PRESENT","iNaturalist Australia"
"1075","634972a3-7d91-4042-a24a-ee3d4c92da7b","Passiflora edulis","https://id.biodiversity.org.au/node/apni/2902546",-30.305685,153.11969,2022-06-28 16:18:00,"PRESENT","iNaturalist Australia"
"1076","6358a867-1caf-451e-b2c3-c2c437b71576","Passiflora edulis","https://id.biodiversity.org.au/node/apni/2902546",-30.145831,153.186325,2024-09-20 12:41:00,"PRESENT","iNaturalist Australia"
"1077","63690c78-bacf-440d-a50f-961e99b561ea","Passiflora foetida","https://id.biodiversity.org.au/taxon/apni/51442118",-14.312822,132.423098,2022-08-22 17:02:13,"PRESENT","iNaturalist Australia"
"1078","636a7f7a-5e2a-4111-81eb-1d668e997c74","Passiflora edulis","https://id.biodiversity.org.au/node/apni/2902546",-17.446999,145.802424,2023-11-07 13:57:00,"PRESENT","iNaturalist Australia"
"1079","640fd60b-bfd8-4b8b-acdb-eb14acaf7253","Passiflora foetida","https://id.biodiversity.org.au/taxon/apni/51442118",-19.190037,146.774047,2022-10-28 10:59:30,"PRESENT","iNaturalist Australia"
"1080","6416c036-f956-42a6-aed6-77d4286c9e11","Passiflora edulis","https://id.biodiversity.org.au/node/apni/2902546",-33.551299,151.20603,2025-08-24 10:43:00,"PRESENT","iNaturalist Australia"
"1081","64387fa9-babe-4c88-97f0-37700838d3d8","Passiflora foetida","https://id.biodiversity.org.au/taxon/apni/51442118",-27.622723,153.369685,2023-12-22 10:18:36,"PRESENT","iNaturalist Australia"
"1082","647b3970-bc24-475a-b6eb-33ff6a0b8bc0","Passiflora edulis","https://id.biodiversity.org.au/node/apni/2902546",-28.661373,153.389957,2021-11-18,"PRESENT","NSW BioNet Atlas"
"1083","6491971c-1768-4db0-8236-89f61fd05af2","Passiflora edulis","https://id.biodiversity.org.au/node/apni/2902546",-35.32933,150.468872,2021-07-14,"PRESENT","NSW BioNet Atlas"
"1084","649dd3b9-1184-4754-acca-17a4cc824f6f","Acraea terpsicore","https://biodiversity.org.au/afd/taxa/ba632bea-a7b4-4b60-bf89-d63128cad841",-15.606636,131.079869,2025-04-18 07:56:25,"PRESENT","iNaturalist Australia"
"1085","64e5f633-a8ba-4861-b5d8-1909956dfaa8","Passiflora foetida","https://id.biodiversity.org.au/name/apni/51741309",-20.270386,148.833901,2024-09-08 10:29:03,"PRESENT","iNaturalist Australia"
"1086","654dd3dc-b313-44a6-9ce3-827973a54fe1","Passiflora edulis","https://id.biodiversity.org.au/node/apni/2902546",-33.699239,151.003196,2024-07-10,"PRESENT","NSW BioNet Atlas"
"1087","655bca60-2e31-481b-b84f-c2443e6c9618","Passiflora edulis","https://id.biodiversity.org.au/node/apni/2902546",-38.226579,146.147133,2023-10-24 14:29:00,"PRESENT","iNaturalist Australia"
"1088","6560a054-7a02-46d9-bc4e-3c841f924f65","Passiflora edulis","https://id.biodiversity.org.au/node/apni/2902546",-25.42731,152.919467,2022-04-06 08:05:00,"PRESENT","iNaturalist Australia"
"1089","65b95605-b84b-4287-aebd-791971c0a618","Passiflora edulis","https://id.biodiversity.org.au/node/apni/2902546",-26.751607,152.875753,2025-12-10 10:54:37,"PRESENT","iNaturalist Australia"
"1090","65cb8327-aa07-4d16-8421-ff9cf24ccb89","Passiflora foetida","https://id.biodiversity.org.au/taxon/apni/51442118",-21.947003,148.34973,2025-06-04 09:59:41,"PRESENT","iNaturalist Australia"
"1091","65de4398-cd36-422b-a640-473afc58e5da","Passiflora edulis","https://id.biodiversity.org.au/node/apni/2902546",-35.147902,150.636881,2021-03-25 07:42:00,"PRESENT","iNaturalist Australia"
"1092","65ed7e7e-37f4-406f-9431-6a1233d9d641","Passiflora edulis","https://id.biodiversity.org.au/node/apni/2902546",-16.803228,145.722866,2024-12-27 10:02:09,"PRESENT","iNaturalist Australia"
"1093","660030ec-c538-45f5-a882-af5e2df8357b","Acraea terpsicore","https://biodiversity.org.au/afd/taxa/ba632bea-a7b4-4b60-bf89-d63128cad841",-27.515801,152.844754,2022-03-06 12:01:00,"PRESENT","iNaturalist Australia"
"1094","66048631-fbf1-4b61-a815-e01c5ea1897b","Acraea terpsicore","https://biodiversity.org.au/afd/taxa/ba632bea-a7b4-4b60-bf89-d63128cad841",-12.370347,130.90977,2025-05-01 07:06:27,"PRESENT","iNaturalist Australia"
"1095","6624207c-96bb-4fb9-9927-5503d4cfcccf","Acraea terpsicore","https://biodiversity.org.au/afd/taxa/ba632bea-a7b4-4b60-bf89-d63128cad841",-24.7126,150.987,2022-10-12 23:00:00,"PRESENT","Butterflies Australia"
"1096","662d6108-7ba2-432a-9d45-f32b5f453267","Acraea terpsicore","https://biodiversity.org.au/afd/taxa/ba632bea-a7b4-4b60-bf89-d63128cad841",-19.256757,146.810028,2024-08-02 15:27:00,"PRESENT","iNaturalist Australia"
"1097","663127c5-e8c7-43fa-814f-f4d94c19c27f","Passiflora edulis","https://id.biodiversity.org.au/node/apni/2902546",-25.781715,152.90811,2023-10-07 11:26:00,"PRESENT","iNaturalist Australia"
"1098","6635df8f-fa38-4e74-b0c9-25a7877bb061","Acraea terpsicore","https://biodiversity.org.au/afd/taxa/ba632bea-a7b4-4b60-bf89-d63128cad841",-12.462203,130.834733,2025-07-04 13:40:41,"PRESENT","iNaturalist Australia"
"1099","66369985-df59-40e8-9599-00406c5063d1","Passiflora edulis","https://id.biodiversity.org.au/node/apni/2902546",-29.817862,152.797531,2025-08-24 13:51:00,"PRESENT","iNaturalist Australia"
"1100","6649015b-1320-42ac-9f5f-8e3de87663a7","Acraea terpsicore","https://biodiversity.org.au/afd/taxa/ba632bea-a7b4-4b60-bf89-d63128cad841",-27.131083,152.894883,2024-03-02 12:29:22,"PRESENT","iNaturalist Australia"
"1101","66946d35-1e5a-430e-aeff-9c58268ef6b9","Acraea terpsicore","https://biodiversity.org.au/afd/taxa/ba632bea-a7b4-4b60-bf89-d63128cad841",-12.196622,134.279802,2021-05-14 15:09:00,"PRESENT","iNaturalist Australia"
"1102","669c53d9-5e39-46da-b04a-829e410aa22e","Passiflora edulis","https://id.biodiversity.org.au/node/apni/2902546",-33.297116,151.399785,2023-10-17,"PRESENT","NSW BioNet Atlas"
"1103","66a3b346-8725-4d21-9819-3d48cecd3605","Passiflora edulis","https://id.biodiversity.org.au/node/apni/2902546",-31.686858,152.283492,2024-05-17 12:02:14,"PRESENT","iNaturalist Australia"
"1104","66d6f0be-6788-424a-a3d2-24d2c6a2e219","Acraea terpsicore","https://biodiversity.org.au/afd/taxa/ba632bea-a7b4-4b60-bf89-d63128cad841",-21.53447,148.23757,2022-03-10 02:03:00,"PRESENT","Butterflies Australia"
"1105","66e22ad1-bbba-4e80-a200-ecc4ad3703f1","Passiflora edulis","https://id.biodiversity.org.au/node/apni/2902546",-33.218096,151.53028,2022-06-29,"PRESENT","NSW BioNet Atlas"
"1106","66f3cff4-0f12-43da-93c1-875fa255f9f8","Acraea terpsicore","https://biodiversity.org.au/afd/taxa/ba632bea-a7b4-4b60-bf89-d63128cad841",-19.334278,146.715884,2024-05-11 19:08:00,"PRESENT","iNaturalist Australia"
"1107","66f84c4e-c38d-4fcd-bc87-ae8767c3599d","Passiflora edulis","https://id.biodiversity.org.au/node/apni/2902546",-33.88182,150.617598,2024-03-05 07:29:40,"PRESENT","iNaturalist Australia"
"1108","67025fe7-d9d8-4c59-99b2-a48dd284907b","Passiflora foetida","https://id.biodiversity.org.au/taxon/apni/51442118",-13.826094,136.351336,2022-05-22,"PRESENT","Flora Atlas N.T."
"1109","670fe543-d155-4369-8abb-eaf2a479ce5b","Acraea terpsicore","https://biodiversity.org.au/afd/taxa/ba632bea-a7b4-4b60-bf89-d63128cad841",-12.700545,130.99765,2024-05-10 11:14:14,"PRESENT","iNaturalist Australia"
"1110","671af2b5-a6dd-44fa-a5b7-678f997049b2","Passiflora foetida","https://id.biodiversity.org.au/taxon/apni/51442118",-14.468229,132.262216,2021-12-06,"PRESENT","Flora Atlas N.T."
"1111","671f96f9-9d07-41ee-996c-4e4cb8a9f4cc","Acraea terpsicore","https://biodiversity.org.au/afd/taxa/ba632bea-a7b4-4b60-bf89-d63128cad841",-19.188655,146.772454,2022-07-01 12:31:00,"PRESENT","iNaturalist Australia"
"1112","67205108-08c7-497d-8ff0-9e083d77cc55","Passiflora edulis","https://id.biodiversity.org.au/node/apni/2902546",-28.395055,153.013332,2025-04-09 10:53:00,"PRESENT","iNaturalist Australia"
"1113","672083cd-f3d6-46fa-aae4-ae2e2058c5ee","Passiflora foetida","https://id.biodiversity.org.au/name/apni/51741309",-20.4506,148.054245,2025-04-22 08:22:46,"PRESENT","iNaturalist Australia"
"1114","672cc235-f6a6-4df1-b26b-9f74a3cc75a2","Passiflora edulis","https://id.biodiversity.org.au/node/apni/2902546",-27.538481,153.111886,2023-07-05 10:32:56,"PRESENT","iNaturalist Australia"
"1115","6733c589-d65f-4d53-a907-54bd4ae0ae4a","Passiflora edulis","https://id.biodiversity.org.au/node/apni/2902546",-28.27815,153.329094,2022-08-18,"PRESENT","NSW BioNet Atlas"
"1116","6739eab6-70bd-4789-a0a6-6863970617b8","Passiflora edulis","https://id.biodiversity.org.au/node/apni/2902546",-27.865016,153.342204,2025-08-08 12:57:00,"PRESENT","iNaturalist Australia"
"1117","673eff3b-e4e2-442c-b906-07f54f494f4e","Passiflora edulis","https://id.biodiversity.org.au/node/apni/2902546",-33.963239,151.249892,2024-03-26 12:46:46,"PRESENT","iNaturalist Australia"
"1118","674e054e-143c-4e74-ad16-a140249b4fa6","Passiflora edulis","https://id.biodiversity.org.au/node/apni/2902546",-16.8455,145.6427,2023-12-06 15:07:00,"PRESENT","iNaturalist Australia"
"1119","67763947-f6b2-4293-8fde-c7d1558466e1","Passiflora foetida","https://id.biodiversity.org.au/taxon/apni/51442118",-14.472264,132.2605,2021-11-15,"PRESENT","Flora Atlas N.T."
"1120","67856a77-edf2-4927-8922-07c4111dc160","Passiflora foetida","https://id.biodiversity.org.au/name/apni/51741309",-19.2288,146.7819,2024-12-28 09:11:00,"PRESENT","iNaturalist Australia"
"1121","67917686-c7df-4368-9592-2e022287ce19","Passiflora edulis","https://id.biodiversity.org.au/node/apni/2902546",-27.494373,153.010713,2024-11-28 07:38:13,"PRESENT","iNaturalist Australia"
"1122","67bf678b-82c8-4170-9f84-d8244e6692ba","Acraea terpsicore","https://biodiversity.org.au/afd/taxa/ba632bea-a7b4-4b60-bf89-d63128cad841",-14.314349,132.421975,2025-06-07 13:19:00,"PRESENT","iNaturalist Australia"
"1123","67c822c3-561d-48ae-96d1-f38d4d1a804d","Passiflora foetida","https://id.biodiversity.org.au/taxon/apni/51442118",-23.505484,148.179712,2022-08-25 08:55:00,"PRESENT","iNaturalist Australia"
"1124","67e3c944-da88-4a3c-bf14-b334b2435731","Passiflora edulis","https://id.biodiversity.org.au/node/apni/2902546",-33.203545,151.540614,2022-06-29,"PRESENT","NSW BioNet Atlas"
"1125","68098675-601d-4c7a-b330-fe948b2a5544","Passiflora edulis","https://id.biodiversity.org.au/node/apni/2902546",-33.793552,151.110641,2024-03-04 11:42:00,"PRESENT","iNaturalist Australia"
"1126","681639a0-0593-4a16-9e46-861da55469cf","Passiflora foetida","https://id.biodiversity.org.au/taxon/apni/51442118",-15.10961,131.71391,2022-02-22,"PRESENT","Flora Atlas N.T."
"1127","68173c3f-14ed-41d7-bc76-f99a9e4df84c","Acraea terpsicore","https://biodiversity.org.au/afd/taxa/ba632bea-a7b4-4b60-bf89-d63128cad841",-12.409386,130.824568,2023-03-16 09:30:00,"PRESENT","iNaturalist Australia"
"1128","682a6f57-639f-4a37-a532-c01797b38a59","Acraea terpsicore","https://biodiversity.org.au/afd/taxa/ba632bea-a7b4-4b60-bf89-d63128cad841",-19.174317,146.841386,2022-06-19 12:18:20,"PRESENT","iNaturalist Australia"
"1129","6842822f-d37f-4cb5-bd3d-66884f3e4e4b","Passiflora foetida","https://id.biodiversity.org.au/name/apni/51741309",-24.070733,151.301972,2025-04-01 09:12:19,"PRESENT","iNaturalist Australia"
"1130","6848664e-081c-4736-a92f-ffec49c931d7","Passiflora foetida","https://id.biodiversity.org.au/taxon/apni/51442118",-12.463733,130.844445,2022-09-21 08:47:00,"PRESENT","iNaturalist Australia"
"1131","685083d0-20e6-4604-a923-d2d42ad49292","Passiflora edulis","https://id.biodiversity.org.au/node/apni/2902546",-33.756457,151.104754,2024-01-20 12:33:00,"PRESENT","iNaturalist Australia"
"1132","685c2dde-5d7f-4370-8535-9bce9e765595","Passiflora foetida","https://id.biodiversity.org.au/taxon/apni/51442118",-14.469719,132.263399,2021-11-12,"PRESENT","Flora Atlas N.T."
"1133","687971f2-7052-4f73-9a5b-a8505c8e5755","Acraea terpsicore","https://biodiversity.org.au/afd/taxa/ba632bea-a7b4-4b60-bf89-d63128cad841",-18.01655,139.02888,2023-09-11 00:09:00,"PRESENT","Butterflies Australia"
"1134","68c4accf-9663-4641-b576-6af616e78e79","Acraea terpsicore","https://biodiversity.org.au/afd/taxa/ba632bea-a7b4-4b60-bf89-d63128cad841",-21.979403,146.286603,2025-05-12 17:29:56,"PRESENT","iNaturalist Australia"
"1135","691afe14-5b63-44ed-a989-0be5442af3c7","Passiflora edulis","https://id.biodiversity.org.au/node/apni/2902546",-35.724588,150.192741,2025-08-18 12:54:31,"PRESENT","iNaturalist Australia"
"1136","694fd117-8f46-4268-93af-da31f9c572fd","Acraea terpsicore","https://biodiversity.org.au/afd/taxa/ba632bea-a7b4-4b60-bf89-d63128cad841",-10.5968,142.3136,2023-06-05 01:15:00,"PRESENT","Butterflies Australia"
"1137","698c1a0b-e437-4f38-b551-55343c4b4b60","Passiflora foetida","https://id.biodiversity.org.au/taxon/apni/51442118",-26.161749,152.624598,2022-05-06 10:45:03,"PRESENT","iNaturalist Australia"
"1138","69c8222a-4fe8-4178-ac3b-452facab5a19","Passiflora edulis","https://id.biodiversity.org.au/node/apni/2902546",-27.609411,153.073586,2022-06-16 09:36:00,"PRESENT","iNaturalist Australia"
"1139","69d719b0-8ebf-4af4-bc50-dcbe4c06c5ac","Passiflora edulis","https://id.biodiversity.org.au/node/apni/2902546",-26.774813,153.110947,2024-08-31 06:43:00,"PRESENT","iNaturalist Australia"
"1140","69d95a8d-c27b-4ca4-b22e-92eb849bdf43","Passiflora edulis","https://id.biodiversity.org.au/node/apni/2902546",-27.376248,153.034634,2025-09-22 07:25:08,"PRESENT","iNaturalist Australia"
"1141","69e07547-de08-48d0-b4bb-52c05c8a3116","Passiflora foetida","https://id.biodiversity.org.au/taxon/apni/51442118",-27.100613,152.911052,2025-10-20 07:44:32,"PRESENT","iNaturalist Australia"
"1142","69e118fa-95a9-4953-9567-e1eb2bcb5150","Passiflora foetida","https://id.biodiversity.org.au/taxon/apni/51442118",-12.56595,131.31224,2022-08-14 10:58:00,"PRESENT","iNaturalist Australia"
"1143","69fae921-7eb1-41fb-9d8c-8796bff8b610","Acraea terpsicore","https://biodiversity.org.au/afd/taxa/ba632bea-a7b4-4b60-bf89-d63128cad841",-14.140114,134.474535,2025-09-05 11:50:00,"PRESENT","iNaturalist Australia"
"1144","6a07845d-6ae6-4886-ab00-84578b0c155a","Acraea terpsicore","https://biodiversity.org.au/afd/taxa/ba632bea-a7b4-4b60-bf89-d63128cad841",-12.357338,130.870357,2025-05-19 14:46:00,"PRESENT","iNaturalist Australia"
"1145","6a6bfe0f-9f3d-4a07-8695-154153cc1791","Acraea terpsicore","https://biodiversity.org.au/afd/taxa/ba632bea-a7b4-4b60-bf89-d63128cad841",-21.40362,148.545255,2025-07-14 12:00:00,"PRESENT","iNaturalist Australia"
"1146","6a6ca6d5-6f58-47cc-aa9e-0fc83d5bc9b1","Acraea terpsicore","https://biodiversity.org.au/afd/taxa/ba632bea-a7b4-4b60-bf89-d63128cad841",-26.939126,152.803853,2024-03-02 10:12:11,"PRESENT","iNaturalist Australia"
"1147","6a859698-9dfb-4472-ad00-f815c24849bf","Acraea terpsicore","https://biodiversity.org.au/afd/taxa/ba632bea-a7b4-4b60-bf89-d63128cad841",-25.289327,151.89575,2022-03-29 09:03:00,"PRESENT","iNaturalist Australia"
"1148","6a8aadfa-413b-4a02-aea7-029b7d65791b","Acraea terpsicore","https://biodiversity.org.au/afd/taxa/ba632bea-a7b4-4b60-bf89-d63128cad841",-17.484844,140.840366,2025-08-10 10:04:00,"PRESENT","iNaturalist Australia"
"1149","6aedf0d0-77c2-44aa-a349-32aec2eab664","Passiflora foetida","https://id.biodiversity.org.au/taxon/apni/51442118",-14.83234,132.98759,2022-02-20,"PRESENT","Flora Atlas N.T."
"1150","6afa3cd1-377f-4d0a-a937-cc6a8bf18b6f","Acraea terpsicore","https://biodiversity.org.au/afd/taxa/ba632bea-a7b4-4b60-bf89-d63128cad841",-19.260144,146.809566,2025-06-28 15:29:00,"PRESENT","iNaturalist Australia"
"1151","6b15d9e3-0a41-4d84-a902-25780e54fa2d","Acraea terpsicore","https://biodiversity.org.au/afd/taxa/ba632bea-a7b4-4b60-bf89-d63128cad841",-17.79439,138.53697,2023-09-11 03:46:00,"PRESENT","Butterflies Australia"
"1152","6b23e15b-4d3f-4edd-b0da-d16ef8c3582d","Acraea terpsicore","https://biodiversity.org.au/afd/taxa/ba632bea-a7b4-4b60-bf89-d63128cad841",-12.821332,131.974454,2023-05-14 11:56:00,"PRESENT","iNaturalist Australia"
"1153","6b258c4e-f8c8-43bb-9f8c-cf442d281bdc","Passiflora foetida","https://id.biodiversity.org.au/taxon/apni/51442118",-25.93336,152.623888,2024-04-11 13:18:00,"PRESENT","iNaturalist Australia"
"1154","6b4b227e-b0ed-46a5-b7e8-b4786f286ed5","Passiflora foetida","https://id.biodiversity.org.au/taxon/apni/51442118",-12.477553,130.964819,2023-11-25 16:47:00,"PRESENT","iNaturalist Australia"
"1155","6b9e1094-f9ef-47ec-9036-2fc7ef5d4681","Passiflora foetida","https://id.biodiversity.org.au/taxon/apni/51442118",-25.52792,152.765917,2022-11-23 08:08:00,"PRESENT","iNaturalist Australia"
"1156","6bcc640e-37b2-48b7-973e-ae9e621320d8","Passiflora foetida","https://id.biodiversity.org.au/taxon/apni/51442118",-27.296282,153.042774,2023-06-09 11:28:00,"PRESENT","iNaturalist Australia"
"1157","6bd129bd-dac5-4266-b2a7-fbce96362e9e","Passiflora foetida","https://id.biodiversity.org.au/taxon/apni/51442118",-20.75,116.82,2024-03-13,"PRESENT","WeedScan"
"1158","6bda3627-61bb-4372-96ac-dd6398fd6f98","Passiflora edulis","https://id.biodiversity.org.au/node/apni/2902546",-26.700189,153.083885,2025-01-17 08:09:03,"PRESENT","iNaturalist Australia"
"1159","6bda659b-2bc6-4e3e-829e-86637aea2496","Passiflora edulis","https://id.biodiversity.org.au/node/apni/2902546",-27.149216,152.960851,2023-05-28 14:48:59,"PRESENT","iNaturalist Australia"
"1160","6bdd0b82-d7ae-4c4f-a1ae-4d143ead84af","Passiflora edulis","https://id.biodiversity.org.au/node/apni/2902546",-33.821942,151.178096,2021-12-04,"PRESENT","NSW BioNet Atlas"
"1161","6beba268-b7da-41be-8604-ea11f4d6e88c","Passiflora edulis","https://id.biodiversity.org.au/node/apni/2902546",-33.690042,150.965912,2025-06-13 14:25:19,"PRESENT","iNaturalist Australia"
"1162","6bec1600-279e-4c78-9a77-9cc4223e1bc7","Acraea terpsicore","https://biodiversity.org.au/afd/taxa/ba632bea-a7b4-4b60-bf89-d63128cad841",-19.200719,146.754997,2025-07-03 15:40:36,"PRESENT","iNaturalist Australia"
"1163","6befad06-5f1e-4b08-9cde-cde28b38dcbe","Passiflora edulis","https://id.biodiversity.org.au/node/apni/2902546",-33.682788,151.290348,2022-03-07,"PRESENT","NSW BioNet Atlas"
"1164","6c251c88-6d7e-414f-ad2b-b1e02da10d53","Acraea terpsicore","https://biodiversity.org.au/afd/taxa/ba632bea-a7b4-4b60-bf89-d63128cad841",-20.290279,148.674594,2025-05-04 11:49:20,"PRESENT","iNaturalist Australia"
"1165","6c278e8b-c904-4224-ae9e-3fe1505305a8","Passiflora foetida","https://id.biodiversity.org.au/taxon/apni/51442118",-19.911963,146.72774,2025-06-11 10:02:00,"PRESENT","iNaturalist Australia"
"1166","6c4f59fc-a1b9-45e3-8dab-276f83e02183","Acraea terpsicore","https://biodiversity.org.au/afd/taxa/ba632bea-a7b4-4b60-bf89-d63128cad841",-17.85695,138.62785,2023-09-11 03:08:00,"PRESENT","Butterflies Australia"
"1167","6c7d443f-2c38-4e08-b340-c8433204f4a6","Acraea terpsicore","https://biodiversity.org.au/afd/taxa/ba632bea-a7b4-4b60-bf89-d63128cad841",-28.647421,153.634712,2022-06-01 09:59:57,"PRESENT","iNaturalist Australia"
"1168","6c819b43-13a0-43c9-a4c3-617eb45b5c53","Acraea terpsicore","https://biodiversity.org.au/afd/taxa/ba632bea-a7b4-4b60-bf89-d63128cad841",-15.640635,135.712115,2023-06-16 11:57:00,"PRESENT","iNaturalist Australia"
"1169","6c895142-10f9-409b-987f-0c5de08d528e","Acraea terpsicore","https://biodiversity.org.au/afd/taxa/ba632bea-a7b4-4b60-bf89-d63128cad841",-19.185,146.7677,2025-06-13 14:22:00,"PRESENT","iNaturalist Australia"
"1170","6c8dd21b-d3c8-4342-b395-2702c8ad85bd","Passiflora foetida","https://id.biodiversity.org.au/name/apni/51741309",-27.33549,153.079848,2024-05-12 09:37:00,"PRESENT","iNaturalist Australia"
"1171","6ca6fc95-5b7f-4d0d-be11-afa2aaabfe62","Passiflora edulis","https://id.biodiversity.org.au/node/apni/2902546",-28.636367,153.473272,2025-07-10 11:19:51,"PRESENT","iNaturalist Australia"
"1172","6ccdfbf1-1577-4645-ba5a-27b862f8177e","Acraea terpsicore","https://biodiversity.org.au/afd/taxa/ba632bea-a7b4-4b60-bf89-d63128cad841",-14.190385,132.076264,2023-05-09 10:20:00,"PRESENT","iNaturalist Australia"
"1173","6ce343e5-2fc2-410a-bb57-bc8555d7a7ab","Passiflora edulis","https://id.biodiversity.org.au/node/apni/2902546",-30.117955,153.020963,2025-04-22 14:50:00,"PRESENT","iNaturalist Australia"
"1174","6cfb7aca-3ff2-475d-b57c-545a2f79add4","Acraea terpsicore","https://biodiversity.org.au/afd/taxa/ba632bea-a7b4-4b60-bf89-d63128cad841",-16.747718,145.662126,2021-08-16 12:15:00,"PRESENT","iNaturalist Australia"
"1175","6d334621-b298-4087-b6c6-7f6ad6affc0b","Passiflora foetida","https://id.biodiversity.org.au/taxon/apni/51442118",-15.794593,128.7289,2022-07-13 09:50:43,"PRESENT","iNaturalist Australia"
"1176","6d50641f-5626-40c4-acf2-4134238e2ece","Acraea terpsicore","https://biodiversity.org.au/afd/taxa/ba632bea-a7b4-4b60-bf89-d63128cad841",-25.060275,148.23613,2023-04-13 10:15:33,"PRESENT","iNaturalist Australia"
"1177","6d551edb-fad6-424d-97cf-c02db0e1c5a8","Acraea terpsicore","https://biodiversity.org.au/afd/taxa/ba632bea-a7b4-4b60-bf89-d63128cad841",-16.107193,144.776782,2025-06-27 16:00:00,"PRESENT","iNaturalist Australia"
"1178","6d6fee2e-1e33-49c1-b095-59d5dfe1bb13","Passiflora foetida","https://id.biodiversity.org.au/taxon/apni/51442118",-14.997046,133.109432,2025-11-08 07:26:47,"PRESENT","iNaturalist Australia"
"1179","6d8070b1-eada-495f-9098-44bc2723cbbb","Acraea terpsicore","https://biodiversity.org.au/afd/taxa/ba632bea-a7b4-4b60-bf89-d63128cad841",-27.588278,153.159924,2022-03-12 13:34:00,"PRESENT","iNaturalist Australia"
"1180","6d834458-0b5d-43d1-b408-e60df53cb521","Acraea terpsicore","https://biodiversity.org.au/afd/taxa/ba632bea-a7b4-4b60-bf89-d63128cad841",-19.178037,146.844483,2022-04-03 09:25:06,"PRESENT","iNaturalist Australia"
"1181","6da96012-ca75-47de-88d3-e8abe9aab815","Acraea terpsicore","https://biodiversity.org.au/afd/taxa/ba632bea-a7b4-4b60-bf89-d63128cad841",-16.315965,128.701236,2023-07-13 08:37:44,"PRESENT","iNaturalist Australia"
"1182","6dac4b27-6db2-457f-b756-0e191a006970","Passiflora foetida","https://id.biodiversity.org.au/taxon/apni/51442118",-20.642517,147.142578,2024-04-14 13:49:05,"PRESENT","iNaturalist Australia"
"1183","6db446f0-437a-4aaf-a816-ae8fc69e323a","Acraea terpsicore","https://biodiversity.org.au/afd/taxa/ba632bea-a7b4-4b60-bf89-d63128cad841",-21.170586,148.89989,2022-04-22 12:09:00,"PRESENT","iNaturalist Australia"
"1184","6dbd20f5-a744-4edb-b086-e36b42d6d133","Passiflora edulis","https://id.biodiversity.org.au/node/apni/2902546",-30.276166,153.074373,2024-10-04 12:01:00,"PRESENT","iNaturalist Australia"
"1185","6dbf646f-990e-4323-b38d-997d220548fe","Passiflora foetida","https://id.biodiversity.org.au/taxon/apni/51442118",-19.283366,146.703924,2024-10-04 05:48:06,"PRESENT","iNaturalist Australia"
"1186","6def6eb6-a71e-4f4b-b92c-66d39d916780","Acraea terpsicore","https://biodiversity.org.au/afd/taxa/ba632bea-a7b4-4b60-bf89-d63128cad841",-19.270598,146.724293,2022-04-03 14:07:00,"PRESENT","iNaturalist Australia"
"1187","6e0fd8fb-1496-45d1-b62f-623349caaf0d","Passiflora edulis","https://id.biodiversity.org.au/node/apni/2902546",-16.8158,145.6855,2023-11-07 11:10:00,"PRESENT","iNaturalist Australia"
"1188","6e285a01-24b2-49b8-96f7-404704d4eae3","Acraea terpsicore","https://biodiversity.org.au/afd/taxa/ba632bea-a7b4-4b60-bf89-d63128cad841",-17,145.7,2023-04-15 11:22:00,"PRESENT","Earth Guardians Weekly Feed"
"1189","6e31aee1-cd24-49e8-b14d-d70aa5861106","Acraea terpsicore","https://biodiversity.org.au/afd/taxa/ba632bea-a7b4-4b60-bf89-d63128cad841",-25.197411,152.307633,2023-02-07 14:03:00,"PRESENT","iNaturalist Australia"
"1190","6e598519-8930-43af-a84a-7af42b6ceef2","Passiflora edulis","https://id.biodiversity.org.au/node/apni/2902546",-33.765244,150.624161,2025-12-18 13:13:00,"PRESENT","iNaturalist Australia"
"1191","6e5d7e59-67b1-488d-a63c-3356370f76ee","Passiflora foetida","https://id.biodiversity.org.au/name/apni/51741309",-27.550103,152.508472,2022-02-11 08:53:00,"PRESENT","iNaturalist Australia"
"1192","6e770bd9-3d55-486e-8a81-a087d162d324","Passiflora edulis","https://id.biodiversity.org.au/node/apni/2902546",-16.834734,145.626003,2025-08-04 15:26:18,"PRESENT","iNaturalist Australia"
"1193","6e8a8b24-0e23-46e3-89a8-03dbccad22a5","Acraea terpsicore","https://biodiversity.org.au/afd/taxa/ba632bea-a7b4-4b60-bf89-d63128cad841",-26.50685,153.086564,2023-02-26 12:49:10,"PRESENT","iNaturalist Australia"
"1194","6e97e398-ba91-4006-ad98-654f9045487a","Acraea terpsicore","https://biodiversity.org.au/afd/taxa/ba632bea-a7b4-4b60-bf89-d63128cad841",-19.195883,146.774492,2024-04-13 09:37:55,"PRESENT","iNaturalist Australia"
"1195","6eb04571-75db-4c50-a3b8-0314476964ca","Acraea terpsicore","https://biodiversity.org.au/afd/taxa/ba632bea-a7b4-4b60-bf89-d63128cad841",-15.606494,131.115214,2024-09-11,"PRESENT","iNaturalist Australia"
"1196","6ec0de90-7b75-420a-b512-cd9b83294e5d","Passiflora edulis","https://id.biodiversity.org.au/node/apni/2902546",-31.438569,152.825281,2025-04-08 15:26:03,"PRESENT","iNaturalist Australia"
"1197","6ec9aa72-5147-4abf-8674-6832b3f88336","Passiflora edulis","https://id.biodiversity.org.au/node/apni/2902546",-27.498322,153.005325,2024-03-27 15:12:51,"PRESENT","iNaturalist Australia"
"1198","6edd12f0-ad1b-4890-b84b-eaf958faaebb","Acraea terpsicore","https://biodiversity.org.au/afd/taxa/ba632bea-a7b4-4b60-bf89-d63128cad841",-18.999487,144.982618,2025-06-02 15:35:00,"PRESENT","iNaturalist Australia"
"1199","6ee39969-5367-4695-bd57-9416147e40c3","Passiflora foetida","https://id.biodiversity.org.au/taxon/apni/51442118",-14.22526,143.79501,2021-03-29,"PRESENT","WildNet - Queensland Wildlife Data"
"1200","6f15ca2d-7e91-48a8-96a6-5042d635612a","Acraea terpsicore","https://biodiversity.org.au/afd/taxa/ba632bea-a7b4-4b60-bf89-d63128cad841",-18.0168,144.0233,2021-03-22 09:45:00,"PRESENT","Butterflies Australia"
"1201","6f37dd95-3ecf-4349-afc1-5f5c2cc01264","Passiflora edulis","https://id.biodiversity.org.au/node/apni/2902546",-32.949797,151.736862,2024-07-06 10:54:31,"PRESENT","iNaturalist Australia"
"1202","6f3e3500-a26d-4392-aa2d-d740c1086847","Acraea terpsicore","https://biodiversity.org.au/afd/taxa/ba632bea-a7b4-4b60-bf89-d63128cad841",-19.189257,146.773593,2025-05-10 11:36:58,"PRESENT","iNaturalist Australia"
"1203","6f6dbd48-c079-418a-90e3-d0c8da26a9cb","Acraea terpsicore","https://biodiversity.org.au/afd/taxa/ba632bea-a7b4-4b60-bf89-d63128cad841",-27.490906,153.186239,2022-03-26 10:03:30,"PRESENT","iNaturalist Australia"
"1204","6f78643e-9200-4230-982c-c552d0970994","Passiflora edulis","https://id.biodiversity.org.au/node/apni/2902546",-17.315349,145.457841,2021-05-04 08:54:00,"PRESENT","iNaturalist Australia"
"1205","6fbe9ed3-89e4-4989-b0cb-dd789b878d73","Passiflora foetida","https://id.biodiversity.org.au/taxon/apni/51442118",-14.471535,132.259981,2021-12-06,"PRESENT","Flora Atlas N.T."
"1206","6fe75e06-a5a1-4307-b868-c0c42deb04ac","Acraea terpsicore","https://biodiversity.org.au/afd/taxa/ba632bea-a7b4-4b60-bf89-d63128cad841",-18.0469,144.8846,2021-04-24 12:00:00,"PRESENT","Butterflies Australia"
"1207","6ffbed0b-37cd-4f20-b1c6-b5bdf5cdb15d","Passiflora foetida","https://id.biodiversity.org.au/taxon/apni/51442118",-28.111315,153.448362,2023-09-14 08:56:36,"PRESENT","iNaturalist Australia"
"1208","6ffe6240-8d05-4b98-a6e6-01be7c7a2b93","Passiflora foetida","https://id.biodiversity.org.au/name/apni/51741309",-25.382034,152.601815,2024-03-14 08:05:08,"PRESENT","iNaturalist Australia"
"1209","70056005-b006-419e-a52b-ec1060258603","Acraea terpsicore","https://biodiversity.org.au/afd/taxa/ba632bea-a7b4-4b60-bf89-d63128cad841",-22.10975,145.194722,2021-08-13 16:57:00,"PRESENT","iNaturalist Australia"
"1210","70186e29-3a36-4c82-95fb-5232b95b4141","Passiflora edulis","https://id.biodiversity.org.au/node/apni/2902546",-30.345862,153.026139,2023-09-10 08:40:49,"PRESENT","iNaturalist Australia"
"1211","703f9fa1-364d-4e53-afac-4560fc303fad","Passiflora foetida","https://id.biodiversity.org.au/taxon/apni/51442118",-17.891262,146.097052,2022-01-26 08:46:01,"PRESENT","iNaturalist Australia"
"1212","7046a83d-97b8-499b-a33e-383a5e3a7acf","Passiflora edulis","https://id.biodiversity.org.au/node/apni/2902546",-27.624405,153.031236,2023-02-17 10:19:00,"PRESENT","iNaturalist Australia"
"1213","704cd482-6b40-4c8c-a4d8-dcf374b34e38","Passiflora edulis","https://id.biodiversity.org.au/node/apni/2902546",-27.548311,153.052005,2024-12-12 09:28:19,"PRESENT","iNaturalist Australia"
"1214","704cdcb1-87cd-49c4-bc8c-c44d67a4e887","Acraea terpsicore","https://biodiversity.org.au/afd/taxa/ba632bea-a7b4-4b60-bf89-d63128cad841",-16.785784,145.690812,2023-04-15 09:43:00,"PRESENT","iNaturalist Australia"
"1215","707e1348-2e52-4974-bbaf-3eadef856b93","Passiflora foetida","https://id.biodiversity.org.au/taxon/apni/51442118",-25.524003,152.672461,2025-11-04 09:05:39,"PRESENT","iNaturalist Australia"
"1216","7092865c-04fc-46a1-9fbb-f0918027ed51","Acraea terpsicore","https://biodiversity.org.au/afd/taxa/ba632bea-a7b4-4b60-bf89-d63128cad841",-18.406162,143.510349,2025-05-08 10:12:00,"PRESENT","iNaturalist Australia"
"1217","70beae1c-5368-429b-855f-278a73df28f1","Passiflora edulis","https://id.biodiversity.org.au/node/apni/2902546",-33.805042,151.268548,2024-05-22 13:30:43,"PRESENT","iNaturalist Australia"
"1218","70d8c495-a6be-43a6-ad54-cb1b4de0f420","Acraea terpsicore","https://biodiversity.org.au/afd/taxa/ba632bea-a7b4-4b60-bf89-d63128cad841",-28.181806,153.061889,2024-12-30 10:54:00,"PRESENT","iNaturalist Australia"
"1219","70e0dbdc-fa1f-496c-a595-e769faa6e763","Acraea terpsicore","https://biodiversity.org.au/afd/taxa/ba632bea-a7b4-4b60-bf89-d63128cad841",-19.201291,146.754401,2023-12-08 15:24:20,"PRESENT","iNaturalist Australia"
"1220","70ea4af5-b3d1-4256-ac87-647ab4765e05","Passiflora foetida","https://id.biodiversity.org.au/taxon/apni/51442118",-14.473495,132.259174,2021-06-10,"PRESENT","Flora Atlas N.T."
"1221","710fb102-d458-426d-817d-862863177ff1","Acraea terpsicore","https://biodiversity.org.au/afd/taxa/ba632bea-a7b4-4b60-bf89-d63128cad841",-12.36341,130.904965,2025-07-02 10:15:00,"PRESENT","iNaturalist Australia"
"1222","71139d5d-b1a6-4dac-b678-087c4bcf33b0","Passiflora foetida","https://id.biodiversity.org.au/taxon/apni/51442118",-14.415639,132.386143,2021-11-10,"PRESENT","Flora Atlas N.T."
"1223","7121d04d-9af3-44f2-93e3-2901b97a9a0c","Acraea terpsicore","https://biodiversity.org.au/afd/taxa/ba632bea-a7b4-4b60-bf89-d63128cad841",-27.529592,152.62372,2022-05-15 10:55:20,"PRESENT","iNaturalist Australia"
"1224","712fbab5-bd4a-4323-8da1-eaa028d9b064","Passiflora edulis","https://id.biodiversity.org.au/node/apni/2902546",-33.347722,151.225091,2022-10-29 11:49:00,"PRESENT","iNaturalist Australia"
"1225","7164930a-bcc9-4aa5-a37e-9031d64adecf","Passiflora foetida","https://id.biodiversity.org.au/taxon/apni/51442118",-22.575197,144.084793,2022-08-30 12:15:00,"PRESENT","iNaturalist Australia"
"1226","7180cfb0-4115-49d5-89c6-9b8c6bccfab8","Acraea terpsicore","https://biodiversity.org.au/afd/taxa/ba632bea-a7b4-4b60-bf89-d63128cad841",-21.91049,148.37016,2022-02-15 01:43:00,"PRESENT","Butterflies Australia"
"1227","718d364b-2323-4b98-86dc-cb7c01d534a8","Passiflora edulis","https://id.biodiversity.org.au/node/apni/2902546",-27.489506,152.975557,2023-08-04 12:33:44,"PRESENT","iNaturalist Australia"
"1228","719b282e-b4cf-4c93-9432-50ced322c858","Acraea terpsicore","https://biodiversity.org.au/afd/taxa/ba632bea-a7b4-4b60-bf89-d63128cad841",-18.646634,139.248883,2021-05-11 11:08:00,"PRESENT","iNaturalist Australia"
"1229","71b4015f-da11-47b8-9476-62254050757d","Passiflora foetida","https://id.biodiversity.org.au/taxon/apni/51442118",-27.44798,153.100147,2021-01-17 08:30:00,"PRESENT","iNaturalist Australia"
"1230","71b41ca4-9f04-477a-a110-8333403dbabf","Passiflora foetida","https://id.biodiversity.org.au/taxon/apni/51442118",-14.468087,132.262785,2021-12-06,"PRESENT","Flora Atlas N.T."
"1231","71b929b7-a3ea-4631-8baf-bdab154bed3f","Acraea terpsicore","https://biodiversity.org.au/afd/taxa/ba632bea-a7b4-4b60-bf89-d63128cad841",-24.472825,148.643112,2024-10-12 08:09:30,"PRESENT","iNaturalist Australia"
"1232","71bb1f1d-f535-423c-aa09-d51bee2a45ae","Passiflora foetida","https://id.biodiversity.org.au/taxon/apni/51442118",-19.270836,146.825637,2025-10-25 09:22:00,"PRESENT","iNaturalist Australia"
"1233","71bebf3f-530f-4492-8360-8ef7c9d86393","Passiflora edulis","https://id.biodiversity.org.au/node/apni/2902546",-34.069847,151.111216,2025-04-19 15:37:00,"PRESENT","iNaturalist Australia"
"1234","71cec5c8-7689-402f-9ba9-0bea79561889","Passiflora edulis","https://id.biodiversity.org.au/node/apni/2902546",-28.261349,153.105316,2024-02-29 09:53:00,"PRESENT","iNaturalist Australia"
"1235","71ede5c9-134e-41e1-8b1f-85e3ef7f5aa4","Passiflora foetida","https://id.biodiversity.org.au/taxon/apni/51442118",-27.903029,153.001938,2021-04-16 15:07:00,"PRESENT","iNaturalist Australia"
"1236","722a432b-f472-4fa4-9349-3540d8cc4bfb","Acraea terpsicore","https://biodiversity.org.au/afd/taxa/ba632bea-a7b4-4b60-bf89-d63128cad841",-21.403702,148.544511,2021-07-21 15:03:00,"PRESENT","iNaturalist Australia"
"1237","722f7deb-1a22-4629-8306-ce9f5b750838","Acraea terpsicore","https://biodiversity.org.au/afd/taxa/ba632bea-a7b4-4b60-bf89-d63128cad841",-12.339167,130.892868,2023-06-04 09:06:00,"PRESENT","iNaturalist Australia"
"1238","7241fc78-10a8-45b2-a5fa-dbf93dafcb60","Passiflora foetida","https://id.biodiversity.org.au/taxon/apni/51442118",-23.911975,151.253097,2022-04-24 10:51:02,"PRESENT","iNaturalist Australia"
"1239","724d140b-d874-4003-aea7-976a4d2ad589","Passiflora edulis","https://id.biodiversity.org.au/node/apni/2902546",-30.074048,152.868148,2023-08-26 17:44:00,"PRESENT","iNaturalist Australia"
"1240","726a8657-b459-4fec-ab7e-5fefe61c1126","Acraea terpsicore","https://biodiversity.org.au/afd/taxa/ba632bea-a7b4-4b60-bf89-d63128cad841",-29.779336,151.349267,2024-04-23 13:00:26,"PRESENT","iNaturalist Australia"
"1241","7276dd7d-5173-4c5a-9be3-732e0f489f5e","Passiflora foetida","https://id.biodiversity.org.au/taxon/apni/51442118",-23.701891,151.175732,2023-11-03 10:03:09,"PRESENT","iNaturalist Australia"
"1242","72bada24-3f86-45e0-9ea1-b7afa4e04bb7","Acraea terpsicore","https://biodiversity.org.au/afd/taxa/ba632bea-a7b4-4b60-bf89-d63128cad841",-19.28447,146.804764,2023-09-02 07:27:40,"PRESENT","iNaturalist Australia"
"1243","72bfc62f-6a02-4d88-91c1-a2606bad7757","Acraea terpsicore","https://biodiversity.org.au/afd/taxa/ba632bea-a7b4-4b60-bf89-d63128cad841",-20.71448,140.479146,2025-07-19 15:40:00,"PRESENT","iNaturalist Australia"
"1244","72dbf16b-0319-4fcf-8fc6-cc3aa9d2f2c2","Passiflora foetida","https://id.biodiversity.org.au/taxon/apni/51442118",-12.1962,136.78154,2022-05-29 12:49:00,"PRESENT","iNaturalist Australia"
"1245","72df0bd4-ebe5-4d56-b22c-db0e40e47a6a","Passiflora foetida","https://id.biodiversity.org.au/taxon/apni/51442118",-27.549953,152.5092,2023-09-03 08:40:00,"PRESENT","iNaturalist Australia"
"1246","72edef1b-c01d-4008-8ea5-8205b52c6d9d","Passiflora foetida","https://id.biodiversity.org.au/taxon/apni/51442118",-12.43166,132.971549,2025-11-08 07:14:00,"PRESENT","iNaturalist Australia"
"1247","72f7a15d-b838-4e00-898f-01a71a37e434","Passiflora foetida","https://id.biodiversity.org.au/taxon/apni/51442118",-19.204226,146.742503,2022-05-02 08:45:31,"PRESENT","iNaturalist Australia"
"1248","73331958-63a8-45f8-8731-6c8940c3918f","Passiflora edulis","https://id.biodiversity.org.au/node/apni/2902546",-27.158587,152.952796,2024-05-05 09:26:44,"PRESENT","iNaturalist Australia"
"1249","73352ed1-46c0-4079-b2fc-2633d25e2e29","Acraea terpsicore","https://biodiversity.org.au/afd/taxa/ba632bea-a7b4-4b60-bf89-d63128cad841",-19.189516,146.77393,2025-06-13 12:34:00,"PRESENT","iNaturalist Australia"
"1250","7384021b-3475-419b-b9d2-e7a6df35d7a0","Passiflora foetida","https://id.biodiversity.org.au/taxon/apni/51442118",-16.832427,145.70421,2022-12-01 08:53:56,"PRESENT","iNaturalist Australia"
"1251","73ab38fa-5621-43d9-bddd-a0a8987127b3","Acraea terpsicore","https://biodiversity.org.au/afd/taxa/ba632bea-a7b4-4b60-bf89-d63128cad841",-20.344596,144.462509,2024-06-21 10:45:45,"PRESENT","iNaturalist Australia"
"1252","73bd5ffe-f858-4092-9fb2-d94fc970ee64","Passiflora edulis","https://id.biodiversity.org.au/node/apni/2902546",-33.698878,151.216994,2021-05-26,"PRESENT","NSW BioNet Atlas"
"1253","73bfdc07-5214-4d0e-9831-d32c7a4a9586","Acraea terpsicore","https://biodiversity.org.au/afd/taxa/ba632bea-a7b4-4b60-bf89-d63128cad841",-20.322141,148.61461,2023-01-20 08:37:00,"PRESENT","iNaturalist Australia"
"1254","73d4866b-e1eb-4b05-b091-d4e5198a7431","Passiflora edulis","https://id.biodiversity.org.au/node/apni/2902546",-33.951296,150.981672,2021-08-18,"PRESENT","NSW BioNet Atlas"
"1255","74691d56-ff03-4ac0-b4d8-9ff4b0356773","Passiflora foetida","https://id.biodiversity.org.au/name/apni/51741309",-27.550743,152.509685,2026-01-08 11:40:00,"PRESENT","iNaturalist Australia"
"1256","746b0107-e30d-45f8-9be8-d639e0046309","Passiflora edulis","https://id.biodiversity.org.au/node/apni/2902546",-27.393779,152.920355,2023-05-21 15:58:30,"PRESENT","iNaturalist Australia"
"1257","7481fcb5-8a96-4b35-826a-7fa549f142cc","Acraea terpsicore","https://biodiversity.org.au/afd/taxa/ba632bea-a7b4-4b60-bf89-d63128cad841",-11.759967,130.639819,2025-04-03 18:02:00,"PRESENT","iNaturalist Australia"
"1258","74e92a42-8acb-4e32-9274-261d5bca7832","Acraea terpsicore","https://biodiversity.org.au/afd/taxa/ba632bea-a7b4-4b60-bf89-d63128cad841",-17.6518,145.4722,2022-03-07 22:15:00,"PRESENT","Butterflies Australia"
"1259","74fc94d5-2275-44a2-b13f-4f3b1313034f","Passiflora edulis","https://id.biodiversity.org.au/node/apni/2902546",-26.716943,153.02503,2024-11-03 13:33:27,"PRESENT","iNaturalist Australia"
"1260","7521846d-d154-490c-b9d0-3e044b518ed5","Passiflora edulis","https://id.biodiversity.org.au/node/apni/2902546",-27.362578,152.177094,2021-05-12 09:06:00,"PRESENT","iNaturalist Australia"
"1261","7542c6c0-a34f-40e5-86e6-1bc14f8f6e67","Acraea terpsicore","https://biodiversity.org.au/afd/taxa/ba632bea-a7b4-4b60-bf89-d63128cad841",-19.366524,146.639706,2022-09-19 21:18:00,"PRESENT","iNaturalist Australia"
"1262","75adfa7a-f807-4166-a2aa-f54963362b0e","Acraea terpsicore","https://biodiversity.org.au/afd/taxa/ba632bea-a7b4-4b60-bf89-d63128cad841",-19.979528,148.260972,2025-08-10 09:02:57,"PRESENT","iNaturalist Australia"
"1263","75b3d3d7-d881-4253-820f-5056aaa21366","Passiflora foetida","https://id.biodiversity.org.au/taxon/apni/51442118",-23.586488,149.029664,2022-06-06 12:42:55,"PRESENT","iNaturalist Australia"
"1264","75e1daa4-41dd-4377-9aca-209f30c04f27","Passiflora edulis","https://id.biodiversity.org.au/node/apni/2902546",-33.998553,151.043391,2023-05-03,"PRESENT","NSW BioNet Atlas"
"1265","75e7a8ab-267f-4499-9d28-8bef9d1412c9","Acraea terpsicore","https://biodiversity.org.au/afd/taxa/ba632bea-a7b4-4b60-bf89-d63128cad841",-23.85867,148.159427,2022-07-19 09:39:00,"PRESENT","iNaturalist Australia"
"1266","75f7ed7c-a8c3-419e-accd-a3b3d2f093ee","Acraea terpsicore","https://biodiversity.org.au/afd/taxa/ba632bea-a7b4-4b60-bf89-d63128cad841",-27.50683,153.075454,2023-01-26 09:04:00,"PRESENT","iNaturalist Australia"
"1267","7640e705-75b8-4462-8b78-b768551252a6","Acraea terpsicore","https://biodiversity.org.au/afd/taxa/ba632bea-a7b4-4b60-bf89-d63128cad841",-20.351338,144.466241,2022-08-20 13:40:00,"PRESENT","iNaturalist Australia"
"1268","765c644a-f7f1-4483-9950-b0aa8bdbe7a3","Acraea terpsicore","https://biodiversity.org.au/afd/taxa/ba632bea-a7b4-4b60-bf89-d63128cad841",-19.354473,146.800432,2025-03-08,"PRESENT","iNaturalist Australia"
"1269","7676f72c-3c13-49b0-9263-e11c3fb4b893","Passiflora edulis","https://id.biodiversity.org.au/node/apni/2902546",-27.719044,153.110621,2025-12-26 18:04:16,"PRESENT","iNaturalist Australia"
"1270","768346ad-e98c-4766-bf0e-8502580b9139","Acraea terpsicore","https://biodiversity.org.au/afd/taxa/ba632bea-a7b4-4b60-bf89-d63128cad841",-18.14259,144.328905,2025-05-07 12:18:00,"PRESENT","iNaturalist Australia"
"1271","7688c22f-c7a8-4ee2-ae32-43f8c135640c","Passiflora edulis","https://id.biodiversity.org.au/node/apni/2902546",-36.366358,150.006522,2024-07-24 11:42:20,"PRESENT","iNaturalist Australia"
"1272","76944204-c5fb-4968-9fd4-e9ac4651f187","Passiflora edulis","https://id.biodiversity.org.au/node/apni/2902546",-27.715015,153.120941,2024-09-16 09:40:00,"PRESENT","iNaturalist Australia"
"1273","769880b9-b0de-43b7-9563-bf652c583dcd","Acraea terpsicore","https://biodiversity.org.au/afd/taxa/ba632bea-a7b4-4b60-bf89-d63128cad841",-28.244167,153.01825,2025-04-21 12:36:00,"PRESENT","iNaturalist Australia"
"1274","769ca224-9b4d-49df-acf4-7078b81cb805","Passiflora edulis","https://id.biodiversity.org.au/node/apni/2902546",-33.707369,150.969324,2025-09-24 09:49:25,"PRESENT","iNaturalist Australia"
"1275","76a02653-41dc-4f2f-bb1a-fa3bb39125d5","Passiflora edulis","https://id.biodiversity.org.au/node/apni/2902546",-33.767158,151.008098,2021-05-19,"PRESENT","NSW BioNet Atlas"
"1276","76a0538f-7bf2-4b42-a9b6-4df4af1fe719","Acraea terpsicore","https://biodiversity.org.au/afd/taxa/ba632bea-a7b4-4b60-bf89-d63128cad841",-25.559954,152.681264,2025-12-26 09:00:00,"PRESENT","iNaturalist Australia"
"1277","76b9249e-a475-4f37-b413-1809e87bfddd","Passiflora edulis","https://id.biodiversity.org.au/node/apni/2902546",-33.481892,151.390611,2024-07-24 08:44:35,"PRESENT","iNaturalist Australia"
"1278","76c83f0f-0318-4493-8284-d81b3a61eb88","Passiflora edulis","https://id.biodiversity.org.au/node/apni/2902546",-37.039703,149.915916,2021-09-14,"PRESENT","NSW BioNet Atlas"
"1279","76c954bf-5b18-442f-81e2-15f8b99871b8","Passiflora foetida","https://id.biodiversity.org.au/taxon/apni/51442118",-25.288651,152.724937,2024-11-26 11:03:58,"PRESENT","iNaturalist Australia"
"1280","76dab384-7b5d-4053-9114-a983782822a5","Passiflora edulis","https://id.biodiversity.org.au/node/apni/2902546",-27.524842,153.199919,2024-02-20 16:23:00,"PRESENT","iNaturalist Australia"
"1281","76ecdfbd-39eb-45bd-ac7d-a6e6441710db","Acraea terpsicore","https://biodiversity.org.au/afd/taxa/ba632bea-a7b4-4b60-bf89-d63128cad841",-27.918488,153.37738,2024-03-03 12:02:51,"PRESENT","iNaturalist Australia"
"1282","76f6db6a-3b57-456b-9fc0-1303135d86da","Passiflora edulis","https://id.biodiversity.org.au/node/apni/2902546",-33.762729,151.151836,2021-06-04,"PRESENT","NSW BioNet Atlas"
"1283","76feedaf-a5d6-47b5-873c-9a2259dc53ee","Acraea terpsicore","https://biodiversity.org.au/afd/taxa/ba632bea-a7b4-4b60-bf89-d63128cad841",-15.42599,144.974869,2022-06-24 15:30:00,"PRESENT","Butterflies Australia"
"1284","7705332a-c0d7-46b7-871f-13141abced58","Passiflora edulis","https://id.biodiversity.org.au/node/apni/2902546",-32.96328,151.303437,2025-12-28 11:48:09,"PRESENT","iNaturalist Australia"
"1285","7744c6da-6d5e-427c-a2a3-ea5c2178edc9","Acraea terpsicore","https://biodiversity.org.au/afd/taxa/ba632bea-a7b4-4b60-bf89-d63128cad841",-19.324765,146.762339,2022-07-12 15:17:00,"PRESENT","iNaturalist Australia"
"1286","776327b4-fbe5-4cde-bfbe-3ae21f973d66","Acraea terpsicore","https://biodiversity.org.au/afd/taxa/ba632bea-a7b4-4b60-bf89-d63128cad841",-25.405383,152.906177,2024-03-02 01:51:00,"PRESENT","iNaturalist Australia"
"1287","7775ecdb-5383-4b41-80b7-becadc8615b1","Passiflora foetida","https://id.biodiversity.org.au/taxon/apni/51442118",-31.886389,116.0525,2021-02-12 02:13:45.386,"PRESENT","Pl@ntNet automatically identified occurrences"
"1288","778338c0-1590-44ae-89ed-8cd32cd6ef19","Acraea terpsicore","https://biodiversity.org.au/afd/taxa/ba632bea-a7b4-4b60-bf89-d63128cad841",-19.24039,146.782572,2023-05-10 07:59:00,"PRESENT","iNaturalist Australia"
"1289","7796a6b3-55a7-4dfa-aeb9-08cadfdef50c","Acraea terpsicore","https://biodiversity.org.au/afd/taxa/ba632bea-a7b4-4b60-bf89-d63128cad841",-14.313531,132.423002,2025-05-15 10:18:21,"PRESENT","iNaturalist Australia"
"1290","77b79448-68f8-44fa-8b1c-bf64c3e0027d","Passiflora edulis","https://id.biodiversity.org.au/node/apni/2902546",-28.418749,153.510994,2023-03-01,"PRESENT","NSW BioNet Atlas"
"1291","77c077d2-d613-4537-810a-c0cedbb13456","Acraea terpsicore","https://biodiversity.org.au/afd/taxa/ba632bea-a7b4-4b60-bf89-d63128cad841",-13.230953,131.114075,2023-05-10 12:17:00,"PRESENT","iNaturalist Australia"
"1292","77c96f0c-2518-4aab-b9b7-d6b58a9c62e9","Passiflora foetida","https://id.biodiversity.org.au/taxon/apni/51442118",-24.802798,152.4476,2021-06-06 09:11:00,"PRESENT","iNaturalist Australia"
"1293","7824475c-4d3e-42fb-9503-a9a3cedf0f97","Passiflora foetida","https://id.biodiversity.org.au/taxon/apni/51442118",-15.666983,145.331958,2023-10-09,"PRESENT","BRI AVH Data and Images"
"1294","783651fe-30f4-46ba-a447-45739af80e2c","Acraea terpsicore","https://biodiversity.org.au/afd/taxa/ba632bea-a7b4-4b60-bf89-d63128cad841",-19.5377,144.2055,2022-11-21 22:00:00,"PRESENT","Butterflies Australia"
"1295","78407d58-4c88-417f-8046-b65159ab08d0","Acraea terpsicore","https://biodiversity.org.au/afd/taxa/ba632bea-a7b4-4b60-bf89-d63128cad841",-21.6218,148.10772,2022-03-09 02:32:00,"PRESENT","Butterflies Australia"
"1296","78652d68-d61b-4bd5-8137-d253b1cbee06","Passiflora edulis","https://id.biodiversity.org.au/node/apni/2902546",-27.089624,152.697937,2024-04-01 11:25:00,"PRESENT","iNaturalist Australia"
"1297","787e97c7-c33f-44e7-9e5e-211691524c81","Acraea terpsicore","https://biodiversity.org.au/afd/taxa/ba632bea-a7b4-4b60-bf89-d63128cad841",-27.642623,153.002492,2025-04-26 10:51:00,"PRESENT","iNaturalist Australia"
"1298","7884263d-6a94-4eec-9fdc-1f2403fcb0b1","Acraea terpsicore","https://biodiversity.org.au/afd/taxa/ba632bea-a7b4-4b60-bf89-d63128cad841",-18.203917,144.565735,2025-05-01 15:04:00,"PRESENT","iNaturalist Australia"
"1299","78862f50-77ab-4818-ad59-b343fc040219","Passiflora edulis","https://id.biodiversity.org.au/node/apni/2902546",-33.624211,151.318974,2022-05-19,"PRESENT","NSW BioNet Atlas"
"1300","78e60ad6-f88a-4a01-a7a8-b618aedee5f8","Passiflora edulis","https://id.biodiversity.org.au/node/apni/2902546",-27.682387,153.152736,2025-01-14 13:11:53,"PRESENT","iNaturalist Australia"
"1301","78ec5a3b-d96a-4319-837c-a5f730164ed2","Passiflora edulis","https://id.biodiversity.org.au/node/apni/2902546",-17.505271,145.828822,2023-11-08 11:45:00,"PRESENT","iNaturalist Australia"
"1302","78f0fc4b-1c50-48f7-843b-86e36cfe28f3","Passiflora edulis","https://id.biodiversity.org.au/node/apni/2902546",-27.615107,153.179266,2022-07-16 15:34:37,"PRESENT","iNaturalist Australia"
"1303","790d01a2-9efb-4e17-a5e7-1a7464686f4c","Passiflora edulis","https://id.biodiversity.org.au/node/apni/2902546",-26.589651,152.903397,2024-04-28 07:32:00,"PRESENT","iNaturalist Australia"
"1304","790d88ff-5c76-43b7-b13b-37e88e6ea4f0","Acraea terpsicore","https://biodiversity.org.au/afd/taxa/ba632bea-a7b4-4b60-bf89-d63128cad841",-19.0459,146.3936,2022-12-19 15:15:00,"PRESENT","Butterflies Australia"
"1305","792e432f-0ad8-4b93-9df7-d9946507cbe6","Acraea terpsicore","https://biodiversity.org.au/afd/taxa/ba632bea-a7b4-4b60-bf89-d63128cad841",-18.85554,146.126395,2025-06-14 11:29:00,"PRESENT","iNaturalist Australia"
"1306","7946a54f-e02d-4852-a000-0a00d0fcbbdf","Acraea terpsicore","https://biodiversity.org.au/afd/taxa/ba632bea-a7b4-4b60-bf89-d63128cad841",-16.498273,145.001061,2022-06-13 13:00:00,"PRESENT","iNaturalist Australia"
"1307","79c43590-451d-4bca-9a19-30f3e26cc95e","Acraea terpsicore","https://biodiversity.org.au/afd/taxa/ba632bea-a7b4-4b60-bf89-d63128cad841",-22.34649,149.51844,2021-05-01,"PRESENT","WildNet - Queensland Wildlife Data"
"1308","79dd7d4f-7f3f-4a5a-bc7c-9820c68d7624","Acraea terpsicore","https://biodiversity.org.au/afd/taxa/ba632bea-a7b4-4b60-bf89-d63128cad841",-16.529578,145.136494,2025-06-11 13:47:00,"PRESENT","iNaturalist Australia"
"1309","79e9d10e-1eb1-45d4-aade-28c36ac714b4","Acraea terpsicore","https://biodiversity.org.au/afd/taxa/ba632bea-a7b4-4b60-bf89-d63128cad841",-27.619487,153.169683,2021-02-28 09:30:00,"PRESENT","iNaturalist Australia"
"1310","79f386d0-58dc-4964-b5a6-918f978bca9b","Acraea terpsicore","https://biodiversity.org.au/afd/taxa/ba632bea-a7b4-4b60-bf89-d63128cad841",-13.491678,131.04905,2025-11-13 09:37:00,"PRESENT","iNaturalist Australia"
"1311","7a0cc012-9237-4e80-a9f8-53f9731361a4","Passiflora edulis","https://id.biodiversity.org.au/node/apni/2902546",-27.695467,153.025173,2025-09-21 14:54:11,"PRESENT","iNaturalist Australia"
"1312","7a56f08f-a7ee-4876-a589-4af7f7b26484","Passiflora foetida","https://id.biodiversity.org.au/name/apni/51741309",-27.550289,152.510103,2024-12-16 10:28:00,"PRESENT","iNaturalist Australia"
"1313","7a693321-4b00-44d6-b365-abe29769c6d2","Acraea terpsicore","https://biodiversity.org.au/afd/taxa/ba632bea-a7b4-4b60-bf89-d63128cad841",-16.338945,126.245108,2024-07-09 14:38:08,"PRESENT","iNaturalist Australia"
"1314","7a7b8a8b-4492-4a8f-b873-dba237c100c8","Passiflora edulis","https://id.biodiversity.org.au/node/apni/2902546",-28.265766,153.573287,2023-05-12,"PRESENT","NSW BioNet Atlas"
"1315","7a9602e2-1e58-4010-99f9-d98342f18871","Passiflora edulis","https://id.biodiversity.org.au/node/apni/2902546",-33.782312,151.238461,2023-06-19,"PRESENT","NSW BioNet Atlas"
"1316","7a975eba-3b4b-46d2-a3a9-7457bb627849","Acraea terpsicore","https://biodiversity.org.au/afd/taxa/ba632bea-a7b4-4b60-bf89-d63128cad841",-24.257189,151.736742,2022-04-30 09:10:44,"PRESENT","iNaturalist Australia"
"1317","7ab31f8c-7acf-4ffd-8904-39fa4c5a99a5","Passiflora foetida","https://id.biodiversity.org.au/taxon/apni/51442118",-14.57646,132.265926,2022-03-12 14:37:00,"PRESENT","iNaturalist Australia"
"1318","7ab3c6bd-9e19-4366-aec4-7abda3340cad","Acraea terpsicore","https://biodiversity.org.au/afd/taxa/ba632bea-a7b4-4b60-bf89-d63128cad841",-16.224566,128.750436,2023-07-13 08:32:05,"PRESENT","iNaturalist Australia"
"1319","7b09dce0-0922-49e6-9c3f-5a0fa37704ef","Passiflora foetida","https://id.biodiversity.org.au/taxon/apni/51442118",-20.364706,146.347402,2025-10-15 08:44:48,"PRESENT","iNaturalist Australia"
"1320","7b32a107-bd87-4c95-8f98-ed72aa0debd0","Passiflora edulis","https://id.biodiversity.org.au/node/apni/2902546",-27.617925,153.210178,2022-03-29 20:52:00,"PRESENT","iNaturalist Australia"
"1321","7b4fe92a-1a97-4f71-9308-0b0a51a9469b","Passiflora foetida","https://id.biodiversity.org.au/taxon/apni/51442118",-19.26,146.809444,2022-11-22 09:25:00,"PRESENT","iNaturalist Australia"
"1322","7b9678ba-6d79-4a16-98f8-802544ea1742","Acraea terpsicore","https://biodiversity.org.au/afd/taxa/ba632bea-a7b4-4b60-bf89-d63128cad841",-19.202258,146.750024,2022-09-07 13:50:06,"PRESENT","iNaturalist Australia"
"1323","7bbeae2c-9bde-4f71-9f1a-f5a75e841e69","Passiflora foetida","https://id.biodiversity.org.au/taxon/apni/51442118",-24.23685,151.940247,2025-03-31 12:21:40,"PRESENT","iNaturalist Australia"
"1324","7bcc6954-decc-4c93-94ff-6bc2c9200400","Passiflora edulis","https://id.biodiversity.org.au/node/apni/2902546",-28.106872,153.450265,2024-06-05 10:52:34,"PRESENT","iNaturalist Australia"
"1325","7bd4857a-5ba7-48b2-a128-b85756937d29","Passiflora edulis","https://id.biodiversity.org.au/node/apni/2902546",-27.441965,152.890457,2024-01-08 21:16:00,"PRESENT","iNaturalist Australia"
"1326","7be83151-4598-4bcc-b348-7b39d0801ad3","Passiflora foetida","https://id.biodiversity.org.au/taxon/apni/51442118",-12.378794,130.854842,2025-04-26 10:24:00,"PRESENT","iNaturalist Australia"
"1327","7bea2043-9a5b-42e5-9152-936668632637","Passiflora edulis","https://id.biodiversity.org.au/node/apni/2902546",-33.708684,150.575357,2023-07-26 11:48:55,"PRESENT","iNaturalist Australia"
"1328","7beeadc7-fd60-4d60-b6cf-ca008df792bc","Acraea terpsicore","https://biodiversity.org.au/afd/taxa/ba632bea-a7b4-4b60-bf89-d63128cad841",-12.391829,130.917065,2025-01-24 15:07:00,"PRESENT","iNaturalist Australia"
"1329","7bfcf574-3838-4bad-87f8-fcbbecb03faf","Passiflora edulis","https://id.biodiversity.org.au/node/apni/2902546",-33.800155,151.13938,2025-06-03 13:55:59,"PRESENT","iNaturalist Australia"
"1330","7c06ae90-93bb-486c-8fd5-15c52f07ff08","Acraea terpsicore","https://biodiversity.org.au/afd/taxa/ba632bea-a7b4-4b60-bf89-d63128cad841",-30.356361,153.10645,2024-11-22 11:08:09,"PRESENT","iNaturalist Australia"
"1331","7c2eb37a-d871-4adb-964c-fe93f567a63f","Passiflora foetida","https://id.biodiversity.org.au/taxon/apni/51442118",-26.679802,153.133421,2024-11-25 09:14:00,"PRESENT","iNaturalist Australia"
"1332","7ca7a1af-18aa-41f1-be17-6048309e3e32","Acraea terpsicore","https://biodiversity.org.au/afd/taxa/ba632bea-a7b4-4b60-bf89-d63128cad841",-16.79997,145.35919,2021-07-26 01:08:00,"PRESENT","Butterflies Australia"
"1333","7cacee4b-a292-40c8-8a3f-98781b794995","Passiflora edulis","https://id.biodiversity.org.au/node/apni/2902546",-33.754742,151.106506,2025-05-20 11:40:57,"PRESENT","iNaturalist Australia"
"1334","7cc77249-73e4-4ee1-bd49-e87d856858e2","Passiflora foetida","https://id.biodiversity.org.au/taxon/apni/51442118",-28.394219,153.492519,2022-09-08 04:57:07.618,"PRESENT","NE NSW Grey-headed Flying-fox Habitat Restoration Project"
"1335","7ccddc93-e7c6-4544-a10f-d14804132747","Passiflora foetida","https://id.biodiversity.org.au/taxon/apni/51442118",-26.814208,153.113175,2024-03-02 17:58:51,"PRESENT","iNaturalist Australia"
"1336","7ce84c26-f04c-42a2-a79c-6481fa771b67","Acraea terpsicore","https://biodiversity.org.au/afd/taxa/ba632bea-a7b4-4b60-bf89-d63128cad841",-23.41751,146.41666,2021-08-26 11:23:00,"PRESENT","iNaturalist Australia"
"1337","7d04c6e6-2439-4d04-b3dc-98d0b23605b8","Passiflora foetida","https://id.biodiversity.org.au/taxon/apni/51442118",-14.470204,132.265904,2022-01-27,"PRESENT","Flora Atlas N.T."
"1338","7d0e883d-0dcd-4fe5-a2ec-828d2b1e3374","Acraea terpsicore","https://biodiversity.org.au/afd/taxa/ba632bea-a7b4-4b60-bf89-d63128cad841",-17.485328,140.840342,2025-08-17 09:56:00,"PRESENT","iNaturalist Australia"
"1339","7d1a130b-134a-4a2b-bccf-8d18066d6473","Acraea terpsicore","https://biodiversity.org.au/afd/taxa/ba632bea-a7b4-4b60-bf89-d63128cad841",-18.0199,144.0347,2021-03-22 10:45:00,"PRESENT","Butterflies Australia"
"1340","7d2cf1ec-86c3-44ce-ac64-4297ac6bfae6","Passiflora foetida","https://id.biodiversity.org.au/taxon/apni/51442118",-12.362024,130.872963,2024-09-20 07:11:15,"PRESENT","iNaturalist Australia"
"1341","7d4c528e-9b35-4dba-8c8a-95c99d54f78d","Passiflora foetida","https://id.biodiversity.org.au/taxon/apni/51442118",-25.333963,152.761132,2022-03-27 09:27:00,"PRESENT","iNaturalist Australia"
"1342","7d50553f-56a4-4b91-b813-85781cb81a0d","Acraea terpsicore","https://biodiversity.org.au/afd/taxa/ba632bea-a7b4-4b60-bf89-d63128cad841",-14.155221,126.238676,2025-07-04 09:12:27,"PRESENT","iNaturalist Australia"
"1343","7d50e380-6739-4c3f-9dc5-f2a9ef7f982e","Passiflora edulis","https://id.biodiversity.org.au/node/apni/2902546",-27.540366,153.192455,2026-01-05 17:49:52,"PRESENT","iNaturalist Australia"
"1344","7d59ec36-2668-478c-b504-dd67aa71193d","Acraea terpsicore","https://biodiversity.org.au/afd/taxa/ba632bea-a7b4-4b60-bf89-d63128cad841",-12.435138,130.741028,2025-01-01 03:30:00,"PRESENT","iNaturalist Australia"
"1345","7d661785-f9a5-47ae-930c-5eedb4f89f49","Passiflora foetida","https://id.biodiversity.org.au/taxon/apni/51442118",-16.521961,144.898946,2022-07-12,"PRESENT","iNaturalist Australia"
"1346","7d775ad8-a999-4924-ad12-a0584183f18b","Passiflora foetida","https://id.biodiversity.org.au/taxon/apni/51442118",-25.799938,152.949354,2021-03-15 11:17:40,"PRESENT","iNaturalist Australia"
"1347","7d7c8da6-8010-404d-813c-b0c19afd16d1","Passiflora edulis","https://id.biodiversity.org.au/node/apni/2902546",-33.706188,150.592601,2025-01-21 09:55:02,"PRESENT","iNaturalist Australia"
"1348","7d8ad2db-1e5d-44de-932d-dcb717435efa","Passiflora edulis","https://id.biodiversity.org.au/node/apni/2902546",-28.815077,153.30552,2025-08-18 13:48:53,"PRESENT","iNaturalist Australia"
"1349","7da51b8d-11aa-456b-ba60-dd95d22391ac","Acraea terpsicore","https://biodiversity.org.au/afd/taxa/ba632bea-a7b4-4b60-bf89-d63128cad841",-27.472086,152.958672,2022-02-13 13:00:00,"PRESENT","iNaturalist Australia"
"1350","7dbd5454-6caa-4289-807e-eabc15c0e65a","Acraea terpsicore","https://biodiversity.org.au/afd/taxa/ba632bea-a7b4-4b60-bf89-d63128cad841",-19.24039,146.782572,2023-05-10 08:00:00,"PRESENT","iNaturalist Australia"
"1351","7df1f7b0-2bf2-4221-b07f-9e5610ee0894","Passiflora edulis","https://id.biodiversity.org.au/node/apni/2902546",-27.411455,152.877228,2025-09-24 12:32:57,"PRESENT","iNaturalist Australia"
"1352","7dfa7f5d-4bb5-4ad8-ab43-0717710a4e71","Acraea terpsicore","https://biodiversity.org.au/afd/taxa/ba632bea-a7b4-4b60-bf89-d63128cad841",-14.182983,132.038188,2025-04-26 10:31:00,"PRESENT","iNaturalist Australia"
"1353","7e51cf41-4ee7-46e5-9e58-3e4f39b54008","Passiflora foetida","https://id.biodiversity.org.au/taxon/apni/51442118",-27.340473,153.078443,2022-06-02 14:48:00,"PRESENT","iNaturalist Australia"
"1354","7e60d7c2-46ec-4fbd-a05c-8833ce40f66e","Acraea terpsicore","https://biodiversity.org.au/afd/taxa/ba632bea-a7b4-4b60-bf89-d63128cad841",-12.339818,130.888663,2023-05-31 11:49:00,"PRESENT","iNaturalist Australia"
"1355","7e6b95cc-bc9e-49a7-a6c2-1fa684e932d6","Acraea terpsicore","https://biodiversity.org.au/afd/taxa/ba632bea-a7b4-4b60-bf89-d63128cad841",-12.407303,130.912619,2024-12-25 11:15:00,"PRESENT","iNaturalist Australia"
"1356","7eb90708-6563-4e7a-aaa0-27d8dbfd2c54","Acraea terpsicore","https://biodiversity.org.au/afd/taxa/ba632bea-a7b4-4b60-bf89-d63128cad841",-14.315547,132.420989,2025-06-17 14:19:00,"PRESENT","iNaturalist Australia"
"1357","7ecd8f63-996c-4e56-95f8-c82569d48c0f","Passiflora edulis","https://id.biodiversity.org.au/node/apni/2902546",-27.304634,152.710342,2024-05-05 21:59:00,"PRESENT","iNaturalist Australia"
"1358","7edca7ea-169f-41ed-84a2-704ea18d51b1","Acraea terpsicore","https://biodiversity.org.au/afd/taxa/ba632bea-a7b4-4b60-bf89-d63128cad841",-21.3,149.1,2022-02-19 00:55:00,"PRESENT","Earth Guardians Weekly Feed"
"1359","7eedd0c1-37aa-4cf3-b6ca-82f968bdc4e1","Acraea terpsicore","https://biodiversity.org.au/afd/taxa/ba632bea-a7b4-4b60-bf89-d63128cad841",-18.17095,139.93493,2023-09-14 01:30:00,"PRESENT","Butterflies Australia"
"1360","7f068a74-1d22-414c-914b-0b5041aec752","Passiflora edulis","https://id.biodiversity.org.au/node/apni/2902546",-33.865058,151.070039,2024-02-07 12:41:09,"PRESENT","iNaturalist Australia"
"1361","7f19c0a0-c65e-4f0d-b153-03e25d0e4f9b","Acraea terpsicore","https://biodiversity.org.au/afd/taxa/ba632bea-a7b4-4b60-bf89-d63128cad841",-18.054242,144.061861,2025-04-19 23:16:42,"PRESENT","iNaturalist Australia"
"1362","7f338d4e-6874-4c6f-acae-1b8824d518fd","Passiflora edulis","https://id.biodiversity.org.au/node/apni/2902546",-30.292819,153.114238,2025-02-23 15:32:56,"PRESENT","iNaturalist Australia"
"1363","7f55b5ad-f227-4abf-8100-c8f0a3dc1523","Passiflora foetida","https://id.biodiversity.org.au/taxon/apni/51442118",-26.460275,153.099533,2021-06-03 11:44:27,"PRESENT","iNaturalist Australia"
"1364","7f75d2b4-e491-46ca-be91-fc2f42feba2a","Passiflora edulis","https://id.biodiversity.org.au/node/apni/2902546",-28.305647,152.582985,2023-02-12 10:47:00,"PRESENT","iNaturalist Australia"
"1365","7f7e0bad-5aad-4ccb-83c1-075377b35157","Passiflora edulis","https://id.biodiversity.org.au/node/apni/2902546",-33.792511,151.03411,2021-05-17,"PRESENT","NSW BioNet Atlas"
"1366","7f8592c2-3fac-4060-ba45-d9b25895701c","Acraea terpsicore","https://biodiversity.org.au/afd/taxa/ba632bea-a7b4-4b60-bf89-d63128cad841",-23.545952,145.3095,2021-06-15 12:47:00,"PRESENT","iNaturalist Australia"
"1367","7f9b9eeb-8a66-41bf-8395-ae7a25c7dc38","Acraea terpsicore","https://biodiversity.org.au/afd/taxa/ba632bea-a7b4-4b60-bf89-d63128cad841",-25.521828,152.68428,2024-04-13 12:25:33,"PRESENT","iNaturalist Australia"
"1368","7f9ce539-f52c-458c-9780-bbfe1fac6928","Passiflora edulis","https://id.biodiversity.org.au/node/apni/2902546",-27.665997,153.220699,2026-01-16 18:39:50,"PRESENT","iNaturalist Australia"
"1369","7fd14ec8-eaf8-4a92-bda1-e40c5050697e","Passiflora foetida","https://id.biodiversity.org.au/name/apni/51741309",-27.549547,152.509156,2025-12-26 08:49:00,"PRESENT","iNaturalist Australia"
"1370","7feed952-b0b0-43d5-a6cd-a099c2918b8a","Acraea terpsicore","https://biodiversity.org.au/afd/taxa/ba632bea-a7b4-4b60-bf89-d63128cad841",-19.254912,146.823085,2024-11-23 14:07:00,"PRESENT","iNaturalist Australia"
"1371","801326a9-299a-4466-8436-23e98353de69","Passiflora edulis","https://id.biodiversity.org.au/node/apni/2902546",-30.275751,153.072513,2024-10-04 10:59:00,"PRESENT","iNaturalist Australia"
"1372","801956ac-950d-4cbf-842b-05dc525cc392","Passiflora foetida","https://id.biodiversity.org.au/taxon/apni/51442118",-18.311897,146.273712,2025-07-13 10:08:35,"PRESENT","iNaturalist Australia"
"1373","802c4281-0f53-4a1d-81b3-5742c3adfec3","Passiflora edulis","https://id.biodiversity.org.au/node/apni/2902546",-36.867486,149.916494,2024-11-09 09:43:00,"PRESENT","iNaturalist Australia"
"1374","80584587-08a2-416e-85b1-17fa9f9ec25e","Passiflora edulis","https://id.biodiversity.org.au/node/apni/2902546",-31.638969,152.792817,2022-01-09 11:38:00,"PRESENT","iNaturalist Australia"
"1375","807e3fc7-d690-447e-bb52-3ef149a53969","Acraea terpsicore","https://biodiversity.org.au/afd/taxa/ba632bea-a7b4-4b60-bf89-d63128cad841",-12.346385,130.920983,2025-01-18 06:10:15,"PRESENT","iNaturalist Australia"
"1376","807ed0bb-28d2-41f1-bc3e-a6ce133001b5","Acraea terpsicore","https://biodiversity.org.au/afd/taxa/ba632bea-a7b4-4b60-bf89-d63128cad841",-17.6253,145.5208,2021-04-09 11:00:00,"PRESENT","Butterflies Australia"
"1377","8097b66f-c98d-4166-9d5b-3fdfc4949d36","Acraea terpsicore","https://biodiversity.org.au/afd/taxa/ba632bea-a7b4-4b60-bf89-d63128cad841",-16.522142,145.101925,2025-05-31 12:13:00,"PRESENT","iNaturalist Australia"
"1378","80b7d57e-fd1e-4132-b48b-ae63b482606b","Acraea terpsicore","https://biodiversity.org.au/afd/taxa/ba632bea-a7b4-4b60-bf89-d63128cad841",-15.617765,131.130192,2024-08-29 10:06:00,"PRESENT","iNaturalist Australia"
"1379","8104abc1-edcd-4849-8147-b88b96b718bb","Acraea terpsicore","https://biodiversity.org.au/afd/taxa/ba632bea-a7b4-4b60-bf89-d63128cad841",-18.289869,143.549623,2025-08-28 17:59:00,"PRESENT","iNaturalist Australia"
"1380","8136050e-bced-4e20-b9c2-8f847cbf32ae","Acraea terpsicore","https://biodiversity.org.au/afd/taxa/ba632bea-a7b4-4b60-bf89-d63128cad841",-18.91147,146.3072,2022-12-19 21:45:00,"PRESENT","Butterflies Australia"
"1381","813bf63a-195c-44a2-ad5a-723389d2a4a4","Passiflora edulis","https://id.biodiversity.org.au/node/apni/2902546",-27.734737,152.967823,2025-11-07 12:16:00,"PRESENT","iNaturalist Australia"
"1382","813f7a06-bca3-4e02-bf6b-d7fff48467a3","Passiflora edulis","https://id.biodiversity.org.au/node/apni/2902546",-33.884138,151.174357,2024-04-23,"PRESENT","NSW BioNet Atlas"
"1383","814a4bc4-6bc5-4141-9fa4-6b65f8693155","Passiflora edulis","https://id.biodiversity.org.au/node/apni/2902546",-31.654626,152.41751,2022-06-27,"PRESENT","NSW BioNet Atlas"
"1384","81609093-e3a3-44c5-8c3a-30cad8a502d9","Passiflora foetida","https://id.biodiversity.org.au/taxon/apni/51442118",-28.082002,153.439783,2025-01-08 11:31:20,"PRESENT","iNaturalist Australia"
"1385","8161a841-5218-42c4-a931-7cf744bb2506","Passiflora foetida","https://id.biodiversity.org.au/taxon/apni/51442118",-16.6313,145.3255,2022-09-05 16:55:00,"PRESENT","iNaturalist Australia"
"1386","818e1c66-b0eb-4f61-81e4-f19883c8458e","Acraea terpsicore","https://biodiversity.org.au/afd/taxa/ba632bea-a7b4-4b60-bf89-d63128cad841",-20.081194,146.243958,2025-04-22 07:56:46,"PRESENT","iNaturalist Australia"
"1387","818f52f1-0f3d-4073-b9f5-4e8cee4fbe10","Passiflora edulis","https://id.biodiversity.org.au/node/apni/2902546",-17.802896,146.001334,2022-08-07 12:35:00,"PRESENT","iNaturalist Australia"
"1388","81ad81c8-49d2-48a0-967e-1cc79c2bd6fc","Acraea terpsicore","https://biodiversity.org.au/afd/taxa/ba632bea-a7b4-4b60-bf89-d63128cad841",-17.3809,145.3755,2023-04-07 00:30:00,"PRESENT","Butterflies Australia"
"1389","81aee2a8-a30f-41fd-818c-4d25f0a7733d","Passiflora edulis","https://id.biodiversity.org.au/node/apni/2902546",-33.782352,151.079954,2021-05-12,"PRESENT","NSW BioNet Atlas"
"1390","81aef572-60f3-4035-acc3-e0413a12cd23","Passiflora edulis","https://id.biodiversity.org.au/node/apni/2902546",-27.932455,153.406371,2023-11-29 10:47:00,"PRESENT","iNaturalist Australia"
"1391","81c76224-ef9b-4daf-bf7f-d44e80387440","Acraea terpsicore","https://biodiversity.org.au/afd/taxa/ba632bea-a7b4-4b60-bf89-d63128cad841",-18.147742,144.3167,2025-08-28 11:32:00,"PRESENT","iNaturalist Australia"
"1392","81feb3fc-f345-4201-bf09-9a57a529f081","Acraea terpsicore","https://biodiversity.org.au/afd/taxa/ba632bea-a7b4-4b60-bf89-d63128cad841",-29.117785,153.444773,2023-03-20 13:07:00,"PRESENT","iNaturalist Australia"
"1393","8201e856-481e-4e99-8b76-3929b7296ef7","Passiflora edulis","https://id.biodiversity.org.au/node/apni/2902546",-36.31465,150.05514,2022-11-08 13:41:00,"PRESENT","NatureMapr"
"1394","820d9603-6160-40b7-8496-d68bea1685a4","Acraea terpsicore","https://biodiversity.org.au/afd/taxa/ba632bea-a7b4-4b60-bf89-d63128cad841",-15.764988,127.715363,2025-05-23 08:29:47,"PRESENT","iNaturalist Australia"
"1395","823cc855-cd43-4825-8ff5-3db69c0fdc82","Passiflora foetida","https://id.biodiversity.org.au/taxon/apni/51442118",-27.5756,152.825711,2021-01-07 08:27:00,"PRESENT","iNaturalist Australia"
"1396","828593fd-2478-4abc-96f0-1ab90bcd33a0","Acraea terpsicore","https://biodiversity.org.au/afd/taxa/ba632bea-a7b4-4b60-bf89-d63128cad841",-21.3,149.1,2022-04-17 14:30:00,"PRESENT","Earth Guardians Weekly Feed"
"1397","8299abb4-75db-43b8-9c6d-31623954fa36","Passiflora edulis","https://id.biodiversity.org.au/node/apni/2902546",-36.302179,150.133955,2024-08-08 13:31:00,"PRESENT","iNaturalist Australia"
"1398","82a429cf-4d1c-42ba-b798-af5e91347527","Passiflora foetida","https://id.biodiversity.org.au/taxon/apni/51442118",-14.473058,132.259581,2021-12-06,"PRESENT","Flora Atlas N.T."
"1399","82aae2f4-8f8c-4d2f-8ad1-29912ac07d44","Passiflora edulis","https://id.biodiversity.org.au/node/apni/2902546",-19.0955,146.4397,2025-09-10 13:48:00,"PRESENT","iNaturalist Australia"
"1400","82b65c17-5322-4d98-8795-63573e3e84ac","Acraea terpsicore","https://biodiversity.org.au/afd/taxa/ba632bea-a7b4-4b60-bf89-d63128cad841",-27.235447,152.424834,2025-02-08 15:47:00,"PRESENT","iNaturalist Australia"
"1401","82c2d7f7-54db-4121-96a6-66b317f6f746","Acraea terpsicore","https://biodiversity.org.au/afd/taxa/ba632bea-a7b4-4b60-bf89-d63128cad841",-25.33972,152.751141,2022-02-18 08:48:00,"PRESENT","iNaturalist Australia"
"1402","82c451d3-4911-4d8a-8d75-29aea3045223","Passiflora foetida","https://id.biodiversity.org.au/taxon/apni/51442118",-19.3052,146.640337,2022-11-03 14:47:00,"PRESENT","iNaturalist Australia"
"1403","82eb56ab-1e2b-48fc-b05a-d02add336572","Passiflora foetida","https://id.biodiversity.org.au/taxon/apni/51442118",-21.972953,149.660008,2023-09-02 09:56:00,"PRESENT","iNaturalist Australia"
"1404","831958ce-d69c-48a9-8b31-169f38a7826f","Passiflora foetida","https://id.biodiversity.org.au/name/apni/51741309",-26.790008,152.950455,2022-08-21 11:33:43,"PRESENT","iNaturalist Australia"
"1405","831ebbad-093e-482c-acf1-1524526cb4f1","Passiflora foetida","https://id.biodiversity.org.au/name/apni/51741309",-26.539633,153.09555,2023-09-17 09:03:58,"PRESENT","iNaturalist Australia"
"1406","833222a9-c1f4-4c88-ac7b-7305113f14ae","Passiflora edulis","https://id.biodiversity.org.au/node/apni/2902546",-31.659714,152.795425,2023-09-02 11:30:00,"PRESENT","iNaturalist Australia"
"1407","83356513-fb8e-4f01-a20b-2305595f5dac","Acraea terpsicore","https://biodiversity.org.au/afd/taxa/ba632bea-a7b4-4b60-bf89-d63128cad841",-17.639411,123.741346,2025-08-03 11:55:30,"PRESENT","iNaturalist Australia"
"1408","83534232-a543-48a4-88ec-9b0a737aaab9","Passiflora foetida","https://id.biodiversity.org.au/taxon/apni/51442118",-27.5396,153.036176,2021-08-14 10:13:00,"PRESENT","iNaturalist Australia"
"1409","83611f12-4b1e-4dbf-ae74-99ba84522d92","Passiflora edulis","https://id.biodiversity.org.au/node/apni/2902546",-28.108046,153.450919,2024-04-04 15:04:00,"PRESENT","iNaturalist Australia"
"1410","83b83f86-0760-4a9b-9534-da708ddca3ea","Passiflora edulis","https://id.biodiversity.org.au/node/apni/2902546",-33.733323,151.08654,2023-09-17 13:03:39,"PRESENT","iNaturalist Australia"
"1411","83d9419b-abe0-47e1-9018-167f01992a4e","Passiflora edulis","https://id.biodiversity.org.au/node/apni/2902546",-30.048712,153.07683,2025-10-24 18:08:00,"PRESENT","iNaturalist Australia"
"1412","83e88dbf-2c5e-4edb-b67f-4c4f2ee42dd1","Passiflora edulis","https://id.biodiversity.org.au/node/apni/2902546",-28.665909,114.61795,2025-02-02 21:24:39,"PRESENT","iNaturalist Australia"
"1413","842011bc-cad5-4370-b52a-79e33ee3c236","Passiflora edulis","https://id.biodiversity.org.au/node/apni/2902546",-17.432843,145.837508,2023-11-05 12:31:00,"PRESENT","iNaturalist Australia"
"1414","8437af55-4c68-46ab-a3de-e707314b496e","Acraea terpsicore","https://biodiversity.org.au/afd/taxa/ba632bea-a7b4-4b60-bf89-d63128cad841",-25.789027,152.696488,2025-03-05 14:47:00,"PRESENT","iNaturalist Australia"
"1415","8441473d-3bd5-4b9c-944e-81043f80a7f4","Passiflora foetida","https://id.biodiversity.org.au/taxon/apni/51442118",-26.512404,152.822063,2023-03-30 07:49:08,"PRESENT","iNaturalist Australia"
"1416","8444e374-b209-40cb-baa7-e32524c4f9f9","Passiflora edulis","https://id.biodiversity.org.au/node/apni/2902546",-24.249857,151.839934,2025-08-06 16:04:53,"PRESENT","iNaturalist Australia"
"1417","84474ade-8b31-4d82-b22f-bbd65fe42b88","Passiflora edulis","https://id.biodiversity.org.au/node/apni/2902546",-26.778233,153.108917,2024-05-18 08:31:00,"PRESENT","iNaturalist Australia"
"1418","847b1876-7580-47f4-9c1a-f53e4520f4f8","Passiflora edulis","https://id.biodiversity.org.au/node/apni/2902546",-26.812931,153.11145,2022-06-12 11:08:00,"PRESENT","iNaturalist Australia"
"1419","848e06ab-1526-44e7-a5d3-1a4d8e0b6988","Passiflora edulis","https://id.biodiversity.org.au/node/apni/2902546",-33.765715,151.007014,2022-08-18,"PRESENT","NSW BioNet Atlas"
"1420","84985e90-bd04-46fe-8ece-1d9f3471fc28","Passiflora foetida","https://id.biodiversity.org.au/taxon/apni/51442118",-15.8494,144.7736,2023-06-07 10:35:00,"PRESENT","iNaturalist Australia"
"1421","84b2252e-f30e-4c9b-916b-198e29e2f395","Acraea terpsicore","https://biodiversity.org.au/afd/taxa/ba632bea-a7b4-4b60-bf89-d63128cad841",-13.847353,136.416503,2022-06-18 13:32:24,"PRESENT","iNaturalist Australia"
"1422","84d97974-8b3c-49f4-b3d3-b35e6af3a175","Acraea terpsicore","https://biodiversity.org.au/afd/taxa/ba632bea-a7b4-4b60-bf89-d63128cad841",-14.44537,132.260436,2023-04-08 10:18:00,"PRESENT","iNaturalist Australia"
"1423","85314ab8-7dbd-4085-8001-42085c5a89c4","Passiflora foetida","https://id.biodiversity.org.au/taxon/apni/51442118",-14.472243,132.259396,2021-06-10,"PRESENT","Flora Atlas N.T."
"1424","8540d665-0de6-4a89-ac8e-bda31edde7ee","Passiflora edulis","https://id.biodiversity.org.au/node/apni/2902546",-27.484634,152.943804,2024-05-11 21:18:00,"PRESENT","iNaturalist Australia"
"1425","8565581d-595b-4447-9fa8-2b37b14cc296","Passiflora edulis","https://id.biodiversity.org.au/node/apni/2902546",-34.736492,150.531631,2025-03-20 05:18:33,"PRESENT","NatureMapr"
"1426","85659dc6-0d3b-42ab-9bca-3b314b30bae7","Acraea terpsicore","https://biodiversity.org.au/afd/taxa/ba632bea-a7b4-4b60-bf89-d63128cad841",-18.015,138.85699,2023-09-11 01:03:00,"PRESENT","Butterflies Australia"
"1427","85c4682e-144b-46a1-9efe-212641971df9","Passiflora edulis","https://id.biodiversity.org.au/node/apni/2902546",-26.590597,153.057818,2023-09-27 14:09:40,"PRESENT","iNaturalist Australia"
"1428","85ff0f07-2096-4409-bcd3-41754a90bd1d","Acraea terpsicore","https://biodiversity.org.au/afd/taxa/ba632bea-a7b4-4b60-bf89-d63128cad841",-19.322795,146.76628,2023-03-24 17:12:54,"PRESENT","iNaturalist Australia"
"1429","863b8722-8cfe-4429-a39f-02d446526fb8","Passiflora edulis","https://id.biodiversity.org.au/node/apni/2902546",-27.618337,152.940102,2022-12-21 15:53:07,"PRESENT","iNaturalist Australia"
"1430","863e7ce5-8e92-4a0d-85db-b1a81b81100e","Passiflora foetida","https://id.biodiversity.org.au/taxon/apni/51442118",-18.1155,144.5602,2022-04-06 09:02:00,"PRESENT","iNaturalist Australia"
"1431","8642dc13-4487-44d8-9292-ef03fa3a28cc","Passiflora foetida","https://id.biodiversity.org.au/taxon/apni/51442118",-24.274253,150.584212,2025-11-07 16:23:26,"PRESENT","iNaturalist Australia"
"1432","8644ba09-8cea-477f-9fa4-56b820211421","Acraea terpsicore","https://biodiversity.org.au/afd/taxa/ba632bea-a7b4-4b60-bf89-d63128cad841",-20,148.3,2025-08-10 09:02:00,"PRESENT","Earth Guardians Weekly Feed"
"1433","865e2a45-ace6-46c5-addc-d1b7a40237c2","Passiflora foetida","https://id.biodiversity.org.au/taxon/apni/51442118",-27.542635,152.860456,2023-01-24 11:03:00,"PRESENT","iNaturalist Australia"
"1434","8671d29d-e43c-4a36-9129-96ffeac4e294","Passiflora edulis","https://id.biodiversity.org.au/node/apni/2902546",-27.548306,153.051872,2023-09-08 12:06:00,"PRESENT","iNaturalist Australia"
"1435","86835b8a-ac9a-4163-b020-9dc3bd958ad7","Passiflora edulis","https://id.biodiversity.org.au/node/apni/2902546",-33.980026,151.042296,2024-04-29 13:16:19,"PRESENT","iNaturalist Australia"
"1436","868c0da7-b30f-464e-b81a-c5408ae65b55","Passiflora foetida","https://id.biodiversity.org.au/taxon/apni/51442118",-27.087321,153.415423,2022-10-04 14:54:00,"PRESENT","iNaturalist Australia"
"1437","868c4931-df5f-4632-970d-b6998aa1a730","Passiflora edulis","https://id.biodiversity.org.au/node/apni/2902546",-28.178809,153.535021,2023-04-19,"PRESENT","NSW BioNet Atlas"
"1438","86bd380d-9e1f-45d2-8119-790eca8f54cc","Passiflora edulis","https://id.biodiversity.org.au/node/apni/2902546",-17.298561,145.476578,2023-05-22 10:58:00,"PRESENT","iNaturalist Australia"
"1439","86be2f31-1fee-45ba-8cff-c9a429bed5a9","Passiflora foetida","https://id.biodiversity.org.au/taxon/apni/51442118",-24.93875,152.268417,2024-02-07 13:37:00,"PRESENT","iNaturalist Australia"
"1440","86d72539-71d2-4a68-9aa2-ab1b387c64e9","Passiflora foetida","https://id.biodiversity.org.au/taxon/apni/51442118",-18.657992,146.144883,2024-07-31 11:43:51,"PRESENT","iNaturalist Australia"
"1441","86f7bc5a-d147-4f5e-a7fc-64e931f5fa7f","Acraea terpsicore","https://biodiversity.org.au/afd/taxa/ba632bea-a7b4-4b60-bf89-d63128cad841",-19.203088,146.752351,2025-04-15 10:23:00,"PRESENT","iNaturalist Australia"
"1442","86f8cd55-12aa-4943-b6aa-e3d846206691","Passiflora edulis","https://id.biodiversity.org.au/node/apni/2902546",-33.754847,151.106445,2025-05-20 11:51:33,"PRESENT","iNaturalist Australia"
"1443","86fb9ee6-af83-4160-8163-3153665895cd","Passiflora foetida","https://id.biodiversity.org.au/taxon/apni/51442118",-23.955199,151.371987,2022-08-17 15:52:00,"PRESENT","iNaturalist Australia"
"1444","875569c6-6487-4d9e-bb81-9b7ba718c031","Acraea terpsicore","https://biodiversity.org.au/afd/taxa/ba632bea-a7b4-4b60-bf89-d63128cad841",-27.485029,152.952764,2021-12-30 09:47:00,"PRESENT","iNaturalist Australia"
"1445","8759ee0b-5d3d-43a0-ab29-899c2a11e245","Acraea terpsicore","https://biodiversity.org.au/afd/taxa/ba632bea-a7b4-4b60-bf89-d63128cad841",-19.189458,146.773378,2024-10-29 09:30:29,"PRESENT","iNaturalist Australia"
"1446","876ed48b-a60e-485c-9484-0c249e5d335f","Acraea terpsicore","https://biodiversity.org.au/afd/taxa/ba632bea-a7b4-4b60-bf89-d63128cad841",-17.38,145.37,2021-03-11 02:00:00,"PRESENT","Butterflies Australia"
"1447","879ba0d6-26e3-4f40-adaa-94ee81b8f998","Passiflora foetida","https://id.biodiversity.org.au/name/apni/51741309",-24.222519,151.921615,2024-09-06 08:27:00,"PRESENT","iNaturalist Australia"
"1448","87b32bad-51a8-4f1c-b61a-146aea01edde","Passiflora foetida","https://id.biodiversity.org.au/taxon/apni/51442118",-12.51768,130.97746,2021-11-24,"PRESENT","Northern Territory Herbarium (DNA) AVH data"
"1449","87ef3d13-7115-4ca3-b18f-2a0ebd3efd56","Passiflora edulis","https://id.biodiversity.org.au/node/apni/2902546",-31.633648,152.822388,2022-12-31 16:22:00,"PRESENT","iNaturalist Australia"
"1450","87ef77a5-0488-46eb-bc3f-de8c8b86a885","Acraea terpsicore","https://biodiversity.org.au/afd/taxa/ba632bea-a7b4-4b60-bf89-d63128cad841",-17.378293,145.379378,2023-02-27 14:13:00,"PRESENT","iNaturalist Australia"
"1451","88084c91-a8ce-4c4e-b97c-5bcf438c7559","Acraea terpsicore","https://biodiversity.org.au/afd/taxa/ba632bea-a7b4-4b60-bf89-d63128cad841",-27.482931,152.961122,2022-01-03 10:42:00,"PRESENT","iNaturalist Australia"
"1452","880cbede-3ea5-49b1-b0d9-3a857067cd22","Passiflora edulis","https://id.biodiversity.org.au/node/apni/2902546",-33.532735,150.763195,2023-08-24,"PRESENT","NSW BioNet Atlas"
"1453","882ee4f3-bad3-4c4a-ad10-d26aa899344a","Passiflora foetida","https://id.biodiversity.org.au/taxon/apni/51442118",-14.469853,132.264022,2021-11-15,"PRESENT","Flora Atlas N.T."
"1454","8836ce5c-c0e3-4414-9810-fa6130309484","Passiflora foetida","https://id.biodiversity.org.au/taxon/apni/51442118",-19.706872,146.83888,2022-03-11 10:53:36,"PRESENT","iNaturalist Australia"
"1455","884e8d3e-7610-4077-9182-34a5e98186ce","Acraea terpsicore","https://biodiversity.org.au/afd/taxa/ba632bea-a7b4-4b60-bf89-d63128cad841",-19.94839,147.92311,2021-05-19,"PRESENT","WildNet - Queensland Wildlife Data"
"1456","885ff383-aa9d-45b3-b649-d33209f0c96d","Passiflora foetida","https://id.biodiversity.org.au/taxon/apni/51442118",-27.45682,153.136632,2021-12-28 10:34:18,"PRESENT","iNaturalist Australia"
"1457","88918437-60a4-4cee-9fb9-3b9a6a2f2ce5","Passiflora foetida","https://id.biodiversity.org.au/taxon/apni/51442118",-25.281597,152.696281,2025-02-12 11:23:00,"PRESENT","iNaturalist Australia"
"1458","889d1c9d-1165-450e-85a2-bd53a1b2d875","Passiflora edulis","https://id.biodiversity.org.au/node/apni/2902546",-28.18787,153.268419,2021-04-12 10:51:32,"PRESENT","iNaturalist Australia"
"1459","88b65221-b5f6-44ac-8ac7-cef36ed28bf3","Passiflora edulis","https://id.biodiversity.org.au/node/apni/2902546",-27.867092,153.080586,2025-05-27 10:41:00,"PRESENT","iNaturalist Australia"
"1460","88b9a16e-459c-4a8c-bab5-23181d4621ed","Passiflora edulis","https://id.biodiversity.org.au/node/apni/2902546",-28.386632,153.107568,2023-06-28 14:28:00,"PRESENT","iNaturalist Australia"
"1461","88f91e03-fd46-458b-983a-d1aa79245c64","Passiflora foetida","https://id.biodiversity.org.au/taxon/apni/51442118",-21.3,149.1,2021-09-04 10:33:00,"PRESENT","Earth Guardians Weekly Feed"
"1462","88fd0b74-257d-401e-91a6-75227bcafa4d","Acraea terpsicore","https://biodiversity.org.au/afd/taxa/ba632bea-a7b4-4b60-bf89-d63128cad841",-16.147687,135.631438,2021-05-30 10:49:00,"PRESENT","iNaturalist Australia"
"1463","8900a8a6-0ea3-40be-be6a-07f2c9f854a0","Passiflora edulis","https://id.biodiversity.org.au/node/apni/2902546",-33.729377,151.063304,2024-05-01 11:40:04,"PRESENT","iNaturalist Australia"
"1464","8913c9a7-0177-48bf-8bd7-4753bd4e1a56","Passiflora edulis","https://id.biodiversity.org.au/node/apni/2902546",-27.473618,153.065795,2022-12-25 10:52:58,"PRESENT","iNaturalist Australia"
"1465","8923bdb8-169f-4a55-90e1-3cb156b817eb","Passiflora foetida","https://id.biodiversity.org.au/taxon/apni/51442118",-27.604896,153.141382,2025-06-09 11:08:47,"PRESENT","iNaturalist Australia"
"1466","895f8952-8921-44b8-b322-e08cf21fce5c","Acraea terpsicore","https://biodiversity.org.au/afd/taxa/ba632bea-a7b4-4b60-bf89-d63128cad841",-27.3807,152.909572,2022-02-08 11:04:00,"PRESENT","iNaturalist Australia"
"1467","8971afff-d4a5-4d50-93c8-dc4152080256","Passiflora edulis","https://id.biodiversity.org.au/node/apni/2902546",-16.6,145.4,2023-01-13 18:29:00,"PRESENT","Earth Guardians Weekly Feed"
"1468","89b2f5cf-93ae-42de-aaa3-4356bd54db23","Acraea terpsicore","https://biodiversity.org.au/afd/taxa/ba632bea-a7b4-4b60-bf89-d63128cad841",-19.251163,146.787522,2025-05-18 12:17:26,"PRESENT","iNaturalist Australia"
"1469","89fa79d7-c606-481a-804e-6a0086910c7d","Acraea terpsicore","https://biodiversity.org.au/afd/taxa/ba632bea-a7b4-4b60-bf89-d63128cad841",-30.356304,153.106737,2022-03-18 13:48:19,"PRESENT","iNaturalist Australia"
"1470","8a2778a8-652c-436c-b187-0940654494fb","Passiflora edulis","https://id.biodiversity.org.au/node/apni/2902546",-26.758586,153.124747,2026-01-11 13:18:58,"PRESENT","iNaturalist Australia"
"1471","8a657011-fd78-45ba-ab50-dcb0f2cbbdc4","Acraea terpsicore","https://biodiversity.org.au/afd/taxa/ba632bea-a7b4-4b60-bf89-d63128cad841",-17.67736,141.07029,2023-08-18 01:11:00,"PRESENT","Butterflies Australia"
"1472","8a8b2c8a-14d0-4db7-b198-65c4cb98af67","Passiflora edulis","https://id.biodiversity.org.au/node/apni/2902546",-27.589843,153.154015,2023-04-16 19:49:00,"PRESENT","iNaturalist Australia"
"1473","8a932832-abc0-459f-bb11-8195063db6af","Passiflora edulis","https://id.biodiversity.org.au/node/apni/2902546",-27.751876,153.136221,2023-01-31 10:41:00,"PRESENT","iNaturalist Australia"
"1474","8ac24a38-aaf3-4164-91eb-33cace5bbd8f","Passiflora edulis","https://id.biodiversity.org.au/node/apni/2902546",-27.938648,153.130872,2024-12-17 10:00:00,"PRESENT","iNaturalist Australia"
"1475","8aceb617-6385-4615-9a73-f27644e91e6e","Acraea terpsicore","https://biodiversity.org.au/afd/taxa/ba632bea-a7b4-4b60-bf89-d63128cad841",-14.149073,126.239059,2025-09-07 14:17:00,"PRESENT","iNaturalist Australia"
"1476","8ae73564-5844-4717-aedd-0c04f0ba3a41","Passiflora edulis","https://id.biodiversity.org.au/node/apni/2902546",-32.226138,152.454575,2025-01-27 19:27:23,"PRESENT","iNaturalist Australia"
"1477","8af74a5f-a827-4bee-bcac-38d361f61dd6","Passiflora edulis","https://id.biodiversity.org.au/node/apni/2902546",-33.193368,151.555798,2022-06-29,"PRESENT","NSW BioNet Atlas"
"1478","8b219473-6281-42f5-bd2b-2583bcff4c25","Passiflora edulis","https://id.biodiversity.org.au/node/apni/2902546",-27.61099,152.955844,2021-10-27 09:00:00,"PRESENT","iNaturalist Australia"
"1479","8b2dcef8-1065-423d-8053-0d3392fc98dd","Acraea terpsicore","https://biodiversity.org.au/afd/taxa/ba632bea-a7b4-4b60-bf89-d63128cad841",-18.946981,146.016342,2021-03-15 15:05:00,"PRESENT","iNaturalist Australia"
"1480","8b431c72-e76f-4dc9-ba1c-836caeab7589","Passiflora edulis","https://id.biodiversity.org.au/node/apni/2902546",-29.393236,153.349453,2025-03-28 13:14:30,"PRESENT","iNaturalist Australia"
"1481","8b55b332-b0a6-4a30-8289-854ece8c5889","Passiflora foetida","https://id.biodiversity.org.au/taxon/apni/51442118",-17.9253,146.1364,2023-04-05,"PRESENT","BRI AVH Data and Images"
"1482","8b620659-6993-47d1-be6f-39fba9f16b21","Acraea terpsicore","https://biodiversity.org.au/afd/taxa/ba632bea-a7b4-4b60-bf89-d63128cad841",-20.071375,146.268922,2023-03-31 15:51:59,"PRESENT","iNaturalist Australia"
"1483","8b6d0f60-0933-4e33-84f9-b5692f9081f8","Passiflora edulis","https://id.biodiversity.org.au/node/apni/2902546",-37.583537,144.862696,2024-09-09 17:54:43,"PRESENT","iNaturalist Australia"
"1484","8b724cff-6ce7-493c-8f34-a16a51520542","Passiflora edulis","https://id.biodiversity.org.au/node/apni/2902546",-32.416005,152.222917,2023-05-10 15:45:16,"PRESENT","iNaturalist Australia"
"1485","8b7df72e-192a-4e50-a312-7b6aa063bd4e","Acraea terpsicore","https://biodiversity.org.au/afd/taxa/ba632bea-a7b4-4b60-bf89-d63128cad841",-27.381719,153.005528,2024-12-07 13:39:00,"PRESENT","iNaturalist Australia"
"1486","8b84787d-03be-40b1-884c-e6cabd56e11f","Acraea terpsicore","https://biodiversity.org.au/afd/taxa/ba632bea-a7b4-4b60-bf89-d63128cad841",-12.601985,141.894715,2023-01-21 09:18:00,"PRESENT","iNaturalist Australia"
"1487","8bad62d3-3c26-4dd9-b844-f79eaa240cae","Acraea terpsicore","https://biodiversity.org.au/afd/taxa/ba632bea-a7b4-4b60-bf89-d63128cad841",-17.502572,140.825982,2021-06-01 11:30:00,"PRESENT","iNaturalist Australia"
"1488","8bf84304-f13d-4cdd-bbcd-ca1cc12e2bf6","Passiflora foetida","https://id.biodiversity.org.au/taxon/apni/51442118",-26.686216,153.09969,2024-11-13 14:12:09,"PRESENT","iNaturalist Australia"
"1489","8c1b57c6-cc54-45e8-baf8-064736f20a97","Acraea terpsicore","https://biodiversity.org.au/afd/taxa/ba632bea-a7b4-4b60-bf89-d63128cad841",-17.455079,138.356223,2024-07-30 01:26:00,"PRESENT","iNaturalist Australia"
"1490","8c252601-2b39-49ea-9ad4-cd9e57ee0ac0","Passiflora edulis","https://id.biodiversity.org.au/node/apni/2902546",-28.592147,153.222885,2024-11-27 16:45:41,"PRESENT","iNaturalist Australia"
"1491","8c3c175a-a657-4ece-8934-52bc9e47603e","Passiflora edulis","https://id.biodiversity.org.au/node/apni/2902546",-17.296679,145.477572,2025-02-17 13:42:00,"PRESENT","iNaturalist Australia"
"1492","8c4ef770-7a20-435a-9337-7ad656b3b0b4","Acraea terpsicore","https://biodiversity.org.au/afd/taxa/ba632bea-a7b4-4b60-bf89-d63128cad841",-12.70994,131.090185,2023-04-29 15:34:00,"PRESENT","iNaturalist Australia"
"1493","8c58541e-563e-4007-a423-83c9f04ef192","Passiflora edulis","https://id.biodiversity.org.au/node/apni/2902546",-35.773411,150.186861,2024-12-09 17:59:36,"PRESENT","iNaturalist Australia"
"1494","8c6f6b8d-8bb9-4e5d-ae02-28ad59d175dd","Passiflora edulis","https://id.biodiversity.org.au/node/apni/2902546",-26.560076,152.95622,2022-10-18 08:23:34,"PRESENT","iNaturalist Australia"
"1495","8cdcdc3f-2b6b-4b13-b5af-d8c24e40e0cb","Passiflora edulis","https://id.biodiversity.org.au/node/apni/2902546",-27.495367,153.025192,2021-07-21 12:48:22,"PRESENT","iNaturalist Australia"
"1496","8d001fa1-89db-4d6a-93ab-8fb69f25f1a5","Passiflora foetida","https://id.biodiversity.org.au/taxon/apni/51442118",-16.92425,145.359987,2025-11-24 17:52:17,"PRESENT","iNaturalist Australia"
"1497","8d1f47fd-186a-40a2-9123-d27c1188a50b","Passiflora foetida","https://id.biodiversity.org.au/taxon/apni/51442118",-22.888794,150.350108,2021-01-19 13:16:27,"PRESENT","iNaturalist Australia"
"1498","8d36b9d8-c1bf-4e10-b219-bbf25ac2f700","Passiflora edulis","https://id.biodiversity.org.au/node/apni/2902546",-26.979533,152.840115,2024-09-28 13:32:44,"PRESENT","iNaturalist Australia"
"1499","8d7af73a-7594-47f3-961c-fffaa85509f7","Acraea terpsicore","https://biodiversity.org.au/afd/taxa/ba632bea-a7b4-4b60-bf89-d63128cad841",-10.571913,142.227705,2024-07-24 10:12:01,"PRESENT","iNaturalist Australia"
"1500","8d817902-9525-4278-90c7-9b2862bf9b41","Passiflora edulis","https://id.biodiversity.org.au/node/apni/2902546",-33.761816,150.857435,2021-10-19 10:18:40,"PRESENT","iNaturalist Australia"
"1501","8d820523-7525-4bc3-b625-0f23efe1eb15","Acraea terpsicore","https://biodiversity.org.au/afd/taxa/ba632bea-a7b4-4b60-bf89-d63128cad841",-21.156622,148.232488,2025-06-09 13:26:00,"PRESENT","iNaturalist Australia"
"1502","8d8c2220-79ad-496d-8c80-9bde2026ed53","Passiflora edulis","https://id.biodiversity.org.au/node/apni/2902546",-32.991478,151.716431,2025-06-21 09:55:00,"PRESENT","iNaturalist Australia"
"1503","8d8dcce6-07bd-482b-bed4-50ad26260946","Passiflora foetida","https://id.biodiversity.org.au/taxon/apni/51442118",-14.467211,132.263755,2021-06-10,"PRESENT","Flora Atlas N.T."
"1504","8d998ac8-d372-4ce8-841e-b546d23fec94","Passiflora foetida","https://id.biodiversity.org.au/taxon/apni/51442118",-19.171962,146.828225,2021-04-18 15:26:18,"PRESENT","iNaturalist Australia"
"1505","8dc856b0-4f25-46d9-91b0-f58ae43d8bfe","Passiflora foetida","https://id.biodiversity.org.au/name/apni/51741309",-27.433745,152.99672,2025-01-25 09:35:00,"PRESENT","iNaturalist Australia"
"1506","8dd99154-a251-4001-9f4a-d5a0b9aee650","Passiflora edulis","https://id.biodiversity.org.au/node/apni/2902546",-30.270795,153.09913,2022-05-31 16:11:00,"PRESENT","iNaturalist Australia"
"1507","8e116219-5952-4deb-a7d7-a5e7384fb35c","Passiflora edulis","https://id.biodiversity.org.au/node/apni/2902546",-28.571936,151.814392,2024-07-12 15:46:00,"PRESENT","iNaturalist Australia"
"1508","8e2898f4-8f1d-45fc-b27a-294e99d64df7","Passiflora foetida","https://id.biodiversity.org.au/taxon/apni/51442118",-27.579462,152.659827,2023-02-23 12:11:00,"PRESENT","iNaturalist Australia"
"1509","8e4413c3-549e-4c46-9291-fc293c9c3509","Passiflora edulis","https://id.biodiversity.org.au/node/apni/2902546",-30.357504,152.958093,2022-01-12 12:42:00,"PRESENT","iNaturalist Australia"
"1510","8e5384ce-59f2-4762-babd-ff74b8c69c44","Passiflora foetida","https://id.biodiversity.org.au/name/apni/51741309",-27.549294,152.509064,2025-12-26 08:51:00,"PRESENT","iNaturalist Australia"
"1511","8e69a65f-9858-46a7-9bae-efa174081311","Passiflora foetida","https://id.biodiversity.org.au/taxon/apni/51442118",-25.90151,152.650243,2022-03-28 10:23:00,"PRESENT","iNaturalist Australia"
"1512","8e8798cd-1c8e-4fce-88bb-12b6fe0c93e5","Acraea terpsicore","https://biodiversity.org.au/afd/taxa/ba632bea-a7b4-4b60-bf89-d63128cad841",-12.431503,132.9701,2021-06-20 12:10:00,"PRESENT","iNaturalist Australia"
"1513","8eb906d1-a41f-4057-92f2-84486d950078","Acraea terpsicore","https://biodiversity.org.au/afd/taxa/ba632bea-a7b4-4b60-bf89-d63128cad841",-17.421294,145.801032,2022-10-26 09:39:00,"PRESENT","iNaturalist Australia"
"1514","8ed781a0-e24b-497c-ac5a-88344ea18434","Passiflora foetida","https://id.biodiversity.org.au/taxon/apni/51442118",-20.062354,148.452972,2024-04-22 16:59:00,"PRESENT","iNaturalist Australia"
"1515","8ef74291-849d-4996-bb93-8d9f12864e8e","Passiflora edulis","https://id.biodiversity.org.au/node/apni/2902546",-30.757786,152.993774,2022-05-09,"PRESENT","NSW BioNet Atlas"
"1516","8f16b5fe-760f-4026-b5b4-91b0a56bbde9","Acraea terpsicore","https://biodiversity.org.au/afd/taxa/ba632bea-a7b4-4b60-bf89-d63128cad841",-12.363487,130.904977,2025-07-02 10:23:00,"PRESENT","iNaturalist Australia"
"1517","8f1943b0-ff4b-4ccd-adf8-ccf6a99be847","Acraea terpsicore","https://biodiversity.org.au/afd/taxa/ba632bea-a7b4-4b60-bf89-d63128cad841",-19.601921,146.83893,2025-06-14 12:51:45,"PRESENT","iNaturalist Australia"
"1518","8f1bf9b6-89c5-4ba9-9b33-abbec8b2c8bf","Passiflora edulis","https://id.biodiversity.org.au/node/apni/2902546",-33.206081,151.546314,2022-06-29,"PRESENT","NSW BioNet Atlas"
"1519","8f237094-334c-4520-a25c-0a82180c212b","Passiflora edulis","https://id.biodiversity.org.au/node/apni/2902546",-33.042404,151.419791,2024-10-16 10:55:00,"PRESENT","iNaturalist Australia"
"1520","8f4eba75-79a4-4a09-8393-8fdb7736d2c5","Passiflora edulis","https://id.biodiversity.org.au/node/apni/2902546",-26.680152,152.823006,2025-05-27 09:33:26,"PRESENT","iNaturalist Australia"
"1521","8f5a2b9a-ed15-489f-a79f-f90df6115d25","Passiflora foetida","https://id.biodiversity.org.au/taxon/apni/51442118",-27.34088,153.077793,2024-02-17 09:19:52,"PRESENT","iNaturalist Australia"
"1522","8fc6c10e-d41f-4a93-9517-a5621171b64f","Passiflora edulis","https://id.biodiversity.org.au/node/apni/2902546",-27.753648,152.880853,2024-11-29 09:24:00,"PRESENT","iNaturalist Australia"
"1523","8fd129db-4be4-4716-8a54-40fd5478fc4f","Passiflora foetida","https://id.biodiversity.org.au/name/apni/51741309",-24.1523,151.885702,2025-09-18 07:50:43,"PRESENT","iNaturalist Australia"
"1524","8fe11337-4d6f-433e-b6d5-61752661808c","Passiflora foetida","https://id.biodiversity.org.au/taxon/apni/51442118",-25.263859,152.81415,2021-02-09 02:10:00,"PRESENT","iNaturalist Australia"
"1525","8fe7d75f-853f-48f3-bbde-e353044c0260","Passiflora edulis","https://id.biodiversity.org.au/node/apni/2902546",-27.330839,152.774689,2024-08-16 20:08:00,"PRESENT","iNaturalist Australia"
"1526","9001e8e4-955a-4908-8d72-0e5cafefd6bd","Passiflora foetida","https://id.biodiversity.org.au/taxon/apni/51442118",-27.446767,153.024475,2022-03-05 13:46:25,"PRESENT","iNaturalist Australia"
"1527","900cbea6-c612-4d58-a65d-55f45269d5c0","Passiflora edulis","https://id.biodiversity.org.au/node/apni/2902546",-38.225471,146.145116,2025-04-04 08:41:31,"PRESENT","iNaturalist Australia"
"1528","9039541e-2930-45b2-bee6-a3c786d1c1c8","Passiflora foetida","https://id.biodiversity.org.au/name/apni/51741309",-27.549281,152.509064,2025-12-26 08:51:00,"PRESENT","iNaturalist Australia"
"1529","9044b90f-b293-43ef-b7d4-d26e1ace051c","Passiflora edulis","https://id.biodiversity.org.au/node/apni/2902546",-30.278087,153.134514,2021-10-08,"PRESENT","NSW BioNet Atlas"
"1530","904f6bf4-87c0-43b0-ae66-17190eabe853","Passiflora foetida","https://id.biodiversity.org.au/taxon/apni/51442118",-14.469731,132.265582,2021-11-27,"PRESENT","Flora Atlas N.T."
"1531","9056473f-8130-4562-a793-11b630886eb2","Passiflora edulis","https://id.biodiversity.org.au/node/apni/2902546",-27.968405,153.378131,2024-04-11 16:16:00,"PRESENT","iNaturalist Australia"
"1532","907b56bc-91c1-4595-854e-64cdfd09661e","Acraea terpsicore","https://biodiversity.org.au/afd/taxa/ba632bea-a7b4-4b60-bf89-d63128cad841",-17.485328,140.840342,2025-08-17 10:30:00,"PRESENT","iNaturalist Australia"
"1533","908530ce-a2a0-4a30-93c0-3ca7aee0ec3a","Passiflora edulis","https://id.biodiversity.org.au/node/apni/2902546",-28.122211,153.180435,2025-03-25 09:16:00,"PRESENT","iNaturalist Australia"
"1534","9097bdac-b064-4504-acb0-938e434d6e7a","Acraea terpsicore","https://biodiversity.org.au/afd/taxa/ba632bea-a7b4-4b60-bf89-d63128cad841",-16.889734,145.415146,2025-07-16 14:07:54,"PRESENT","iNaturalist Australia"
"1535","909d2380-8390-460c-b2c4-e0e21f13139c","Acraea terpsicore","https://biodiversity.org.au/afd/taxa/ba632bea-a7b4-4b60-bf89-d63128cad841",-19.257697,146.803232,2024-05-22 15:44:00,"PRESENT","iNaturalist Australia"
"1536","90a8c9d8-f727-4943-a437-f17ae6d7fac9","Passiflora foetida","https://id.biodiversity.org.au/taxon/apni/51442118",-27.60919,152.941809,2023-09-11 12:11:00,"PRESENT","iNaturalist Australia"
"1537","90ea561a-c07c-4b4c-9cab-6d96bff7cade","Passiflora edulis","https://id.biodiversity.org.au/node/apni/2902546",-32.950008,151.724245,2024-03-18 14:48:09,"PRESENT","iNaturalist Australia"
"1538","9103a6e8-0be0-4bf1-9370-203f2f2eebef","Passiflora edulis","https://id.biodiversity.org.au/node/apni/2902546",-28.211053,153.523229,2022-06-21 09:59:00,"PRESENT","iNaturalist Australia"
"1539","91224fb5-cbe5-4214-8671-a1114debf690","Acraea terpsicore","https://biodiversity.org.au/afd/taxa/ba632bea-a7b4-4b60-bf89-d63128cad841",-27.485772,152.954133,2022-01-11 12:23:23,"PRESENT","iNaturalist Australia"
"1540","91351dcf-2b12-4828-add8-c628031a99c1","Passiflora edulis","https://id.biodiversity.org.au/node/apni/2902546",-27.29852,152.978903,2023-07-10 16:06:49,"PRESENT","iNaturalist Australia"
"1541","915d96db-ee11-456a-926f-b95c0bb34145","Passiflora edulis","https://id.biodiversity.org.au/node/apni/2902546",-27.623361,153.092072,2025-01-16 17:18:00,"PRESENT","iNaturalist Australia"
"1542","9173f9a7-d294-46ea-b694-9038b2173745","Acraea terpsicore","https://biodiversity.org.au/afd/taxa/ba632bea-a7b4-4b60-bf89-d63128cad841",-27.380222,152.907469,2024-04-02 11:36:00,"PRESENT","iNaturalist Australia"
"1543","91b8fa9f-c18e-4555-8012-26f08fd18fe8","Passiflora edulis","https://id.biodiversity.org.au/node/apni/2902546",-29.473029,152.333125,2026-01-02 14:48:00,"PRESENT","iNaturalist Australia"
"1544","91ce5150-ff5f-42a2-b887-30c647317b3c","Passiflora foetida","https://id.biodiversity.org.au/taxon/apni/51442118",-14.471117,132.259753,2021-06-10,"PRESENT","Flora Atlas N.T."
"1545","91feeb6f-9d0f-4c56-bee3-2f4e836481fc","Passiflora foetida","https://id.biodiversity.org.au/taxon/apni/51442118",-20.063848,148.452762,2024-04-22 17:26:00,"PRESENT","iNaturalist Australia"
"1546","92210a3a-0aaa-4a53-99ee-86d19062792b","Acraea terpsicore","https://biodiversity.org.au/afd/taxa/ba632bea-a7b4-4b60-bf89-d63128cad841",-15.2899,144.8473,2022-05-26 00:30:00,"PRESENT","Butterflies Australia"
"1547","9239be32-9b85-42ad-ad21-5049ffb51aee","Acraea terpsicore","https://biodiversity.org.au/afd/taxa/ba632bea-a7b4-4b60-bf89-d63128cad841",-21.531951,146.859789,2025-04-11 16:36:00,"PRESENT","iNaturalist Australia"
"1548","9244f649-3a08-4ca2-a1b7-b02dd9a4bba6","Acraea terpsicore","https://biodiversity.org.au/afd/taxa/ba632bea-a7b4-4b60-bf89-d63128cad841",-19.18787,146.771163,2025-06-20 16:23:40,"PRESENT","iNaturalist Australia"
"1549","92605d68-2d30-4b4b-bc5a-fc32ba456e65","Passiflora foetida","https://id.biodiversity.org.au/taxon/apni/51442118",-23.89,151.24,2024-10-30,"PRESENT","WeedScan"
"1550","926318dd-69be-4330-bb25-050319cfba5f","Passiflora foetida","https://id.biodiversity.org.au/taxon/apni/51442118",-24.23685,151.940247,2025-03-31 12:21:40,"PRESENT","iNaturalist Australia"
"1551","926de2a0-6b01-4976-b83d-57ed440e873d","Acraea terpsicore","https://biodiversity.org.au/afd/taxa/ba632bea-a7b4-4b60-bf89-d63128cad841",-12.432945,130.944804,2022-04-10 13:15:00,"PRESENT","iNaturalist Australia"
"1552","927bec5e-4986-4a8e-bf74-20515813b801","Acraea terpsicore","https://biodiversity.org.au/afd/taxa/ba632bea-a7b4-4b60-bf89-d63128cad841",-27.619078,153.174255,2022-01-15 10:27:10,"PRESENT","iNaturalist Australia"
"1553","92861edf-c36b-4f3d-81f5-4673d7e9266e","Acraea terpsicore","https://biodiversity.org.au/afd/taxa/ba632bea-a7b4-4b60-bf89-d63128cad841",-12.762552,130.957798,2021-04-11 11:37:26,"PRESENT","iNaturalist Australia"
"1554","92aac4e6-d8bd-408f-9b2c-f61c9b1d8cd6","Passiflora edulis","https://id.biodiversity.org.au/node/apni/2902546",-32.952495,151.673553,2025-02-09 16:09:22,"PRESENT","iNaturalist Australia"
"1555","92bc45e5-be1c-4553-95e6-98af5c294467","Acraea terpsicore","https://biodiversity.org.au/afd/taxa/ba632bea-a7b4-4b60-bf89-d63128cad841",-14.887423,135.009556,2021-05-30 10:49:00,"PRESENT","iNaturalist Australia"
"1556","9342c8fb-40e1-4096-99e3-0219b1dfd520","Passiflora foetida","https://id.biodiversity.org.au/taxon/apni/51442118",-27.40938,152.998537,2023-01-16 07:53:03,"PRESENT","iNaturalist Australia"
"1557","934aca53-7891-4ab9-a35f-dde11ccfef75","Passiflora foetida","https://id.biodiversity.org.au/taxon/apni/51442118",-25.29302,152.807862,2023-11-12 05:49:13,"PRESENT","iNaturalist Australia"
"1558","93616acb-6a94-491e-9f97-1bafcdaa445f","Passiflora edulis","https://id.biodiversity.org.au/node/apni/2902546",-30.362431,152.961319,2022-05-01 11:26:00,"PRESENT","iNaturalist Australia"
"1559","936f699c-5e03-4b02-b7c0-d7e22e22c374","Acraea terpsicore","https://biodiversity.org.au/afd/taxa/ba632bea-a7b4-4b60-bf89-d63128cad841",-12.454361,130.947589,2024-04-26 18:04:00,"PRESENT","iNaturalist Australia"
"1560","93a00ecc-c72d-4d3e-a867-5e3876ca3b5a","Passiflora edulis","https://id.biodiversity.org.au/node/apni/2902546",-27.335385,152.765143,2025-10-27 09:48:53,"PRESENT","iNaturalist Australia"
"1561","93a2f20c-8489-41d7-b5cb-96fea59bf7e5","Acraea terpsicore","https://biodiversity.org.au/afd/taxa/ba632bea-a7b4-4b60-bf89-d63128cad841",-23.919797,148.215605,2022-07-12 11:29:42,"PRESENT","iNaturalist Australia"
"1562","93ae1951-3d65-4897-b409-c16cbcbec457","Passiflora foetida","https://id.biodiversity.org.au/taxon/apni/51442118",-17.02348,145.740001,2022-02-28 14:14:38,"PRESENT","iNaturalist Australia"
"1563","93bb8a1f-28db-4015-9fc3-a07c465325d2","Acraea terpsicore","https://biodiversity.org.au/afd/taxa/ba632bea-a7b4-4b60-bf89-d63128cad841",-12.70719,130.994054,2025-05-18 11:47:23,"PRESENT","iNaturalist Australia"
"1564","93f384b8-16fc-4ed0-a404-f003247794d2","Passiflora edulis","https://id.biodiversity.org.au/node/apni/2902546",-35.542648,150.133417,2022-10-29 15:53:00,"PRESENT","iNaturalist Australia"
"1565","94241f8c-4267-4f71-9db4-c064bff00029","Acraea terpsicore","https://biodiversity.org.au/afd/taxa/ba632bea-a7b4-4b60-bf89-d63128cad841",-19.24005,146.800628,2022-05-29 14:12:03,"PRESENT","iNaturalist Australia"
"1566","942613c8-83fe-4eae-bc48-d25b1aaa994c","Passiflora edulis","https://id.biodiversity.org.au/node/apni/2902546",-27.745761,153.014741,2025-05-03 11:11:51,"PRESENT","iNaturalist Australia"
"1567","94282735-5851-4493-a584-49e3541ffd0f","Acraea terpsicore","https://biodiversity.org.au/afd/taxa/ba632bea-a7b4-4b60-bf89-d63128cad841",-17.410044,145.061769,2023-04-21 09:40:00,"PRESENT","iNaturalist Australia"
"1568","942b55a6-213e-4c38-a6e2-d749a89cc0fe","Passiflora edulis","https://id.biodiversity.org.au/node/apni/2902546",-27.983566,153.193616,2021-12-17 14:57:00,"PRESENT","iNaturalist Australia"
"1569","942d82ea-143c-4b4a-94e4-ba347492de45","Passiflora foetida","https://id.biodiversity.org.au/taxon/apni/51442118",-12.739684,143.252944,2023-01-12 16:53:21,"PRESENT","iNaturalist Australia"
"1570","9447bb55-bc41-4d8d-a4cb-b125f3c8afc9","Passiflora edulis","https://id.biodiversity.org.au/node/apni/2902546",-33.707268,151.186467,2024-03-20,"PRESENT","NSW BioNet Atlas"
"1571","944c92b9-4084-4888-a252-54d1aceeb76a","Passiflora edulis","https://id.biodiversity.org.au/node/apni/2902546",-28.552551,153.236371,2026-01-20 16:55:34,"PRESENT","iNaturalist Australia"
"1572","94556d51-5cc2-41b3-ae10-dac99422940f","Passiflora edulis","https://id.biodiversity.org.au/node/apni/2902546",-33.71455,151.10621,2023-05-09 09:05:45,"PRESENT","iNaturalist Australia"
"1573","948c51ec-4fd1-49b6-a666-0b0dc46f1481","Passiflora edulis","https://id.biodiversity.org.au/node/apni/2902546",-34.179007,151.021165,2025-11-10 10:09:56,"PRESENT","iNaturalist Australia"
"1574","9491d27e-1d42-422f-8ab5-1fb5ea084a6f","Acraea terpsicore","https://biodiversity.org.au/afd/taxa/ba632bea-a7b4-4b60-bf89-d63128cad841",-27.627306,153.074222,2023-10-28 12:52:00,"PRESENT","iNaturalist Australia"
"1575","94b1461b-af5b-4632-aa54-8035f6cc334e","Passiflora foetida","https://id.biodiversity.org.au/taxon/apni/51442118",-27.676372,152.849419,2021-01-07 13:58:00,"PRESENT","iNaturalist Australia"
"1576","95246c2d-2795-48e6-bfea-c3318a86dcac","Acraea terpsicore","https://biodiversity.org.au/afd/taxa/ba632bea-a7b4-4b60-bf89-d63128cad841",-13.847222,136.423845,2025-03-28 08:17:55,"PRESENT","iNaturalist Australia"
"1577","952cf3ec-932f-4a04-bdc1-1742aca4a188","Passiflora foetida","https://id.biodiversity.org.au/taxon/apni/51442118",-27.896581,153.314992,2023-10-29 12:55:00,"PRESENT","iNaturalist Australia"
"1578","955c9dbd-27d1-4a22-8d54-751fac32d154","Passiflora edulis","https://id.biodiversity.org.au/node/apni/2902546",-34.202695,150.631455,2021-07-01 13:16:13,"PRESENT","iNaturalist Australia"
"1579","9572f730-b274-450b-80f4-cad54815d19b","Acraea terpsicore","https://biodiversity.org.au/afd/taxa/ba632bea-a7b4-4b60-bf89-d63128cad841",-18.48725,143.339997,2021-05-15 09:21:34,"PRESENT","iNaturalist Australia"
"1580","95808a45-ef6e-4dcb-b4f3-32e73f6c67cc","Passiflora edulis","https://id.biodiversity.org.au/node/apni/2902546",-26.484708,153.073592,2026-01-19 08:38:34,"PRESENT","iNaturalist Australia"
"1581","9581b532-14e1-4210-a38a-e864fbd15e73","Acraea terpsicore","https://biodiversity.org.au/afd/taxa/ba632bea-a7b4-4b60-bf89-d63128cad841",-23.453424,146.4146,2025-05-27 11:34:00,"PRESENT","iNaturalist Australia"
"1582","958f1f4e-e3f5-42ea-a0f2-e6c8e7272581","Passiflora edulis","https://id.biodiversity.org.au/node/apni/2902546",-26.537705,152.989737,2024-10-18 17:08:55,"PRESENT","iNaturalist Australia"
"1583","95937d57-3a71-4bc9-9df8-450f8cfd3490","Passiflora edulis","https://id.biodiversity.org.au/node/apni/2902546",-33.694928,150.567275,2025-01-03 12:49:19,"PRESENT","iNaturalist Australia"
"1584","95bcf542-386b-469f-83e4-9fbfc542c0be","Passiflora edulis","https://id.biodiversity.org.au/node/apni/2902546",-32.725992,151.851425,2022-05-19,"PRESENT","NSW BioNet Atlas"
"1585","95cd5936-a114-464a-bb71-fa98e2babc00","Passiflora foetida","https://id.biodiversity.org.au/taxon/apni/51442118",-14.474025,132.258819,2021-12-06,"PRESENT","Flora Atlas N.T."
"1586","95d0042d-a063-4d89-aadb-bcc8e56bbecf","Acraea terpsicore","https://biodiversity.org.au/afd/taxa/ba632bea-a7b4-4b60-bf89-d63128cad841",-17.168748,125.358943,2025-06-04 12:41:02,"PRESENT","iNaturalist Australia"
"1587","95f00eb2-08a6-4f6a-9f8d-db90efdfce5e","Passiflora foetida","https://id.biodiversity.org.au/name/apni/51741309",-24.336634,150.946817,2024-11-16 07:59:57,"PRESENT","iNaturalist Australia"
"1588","95f0164f-be10-4624-bc7a-4c46d19549b8","Passiflora edulis","https://id.biodiversity.org.au/node/apni/2902546",-27.580078,152.8629,2025-01-07 10:34:08,"PRESENT","iNaturalist Australia"
"1589","95fa1e93-2329-4740-ab2d-ac526def2afb","Passiflora edulis","https://id.biodiversity.org.au/node/apni/2902546",-36.048254,150.132105,2022-01-19,"PRESENT","NSW BioNet Atlas"
"1590","962f68ba-aa3b-4ca3-967b-06e43ff55718","Acraea terpsicore","https://biodiversity.org.au/afd/taxa/ba632bea-a7b4-4b60-bf89-d63128cad841",-14.926027,133.064398,2021-06-08 12:48:00,"PRESENT","iNaturalist Australia"
"1591","9634084a-dbae-4ebe-9367-bc594522317d","Passiflora foetida","https://id.biodiversity.org.au/taxon/apni/51442118",-27.434205,153.147477,2023-11-12 08:24:00,"PRESENT","iNaturalist Australia"
"1592","9661d02c-db6a-4977-8dd2-7576cb3a2491","Passiflora edulis","https://id.biodiversity.org.au/node/apni/2902546",-26.77533,153.109238,2024-04-27 07:02:00,"PRESENT","iNaturalist Australia"
"1593","966df599-a620-43e3-991d-00c0c98303d3","Passiflora foetida","https://id.biodiversity.org.au/taxon/apni/51442118",-27.055508,153.14004,2024-05-26 08:40:38,"PRESENT","iNaturalist Australia"
"1594","96a3090c-f43d-4335-a016-c3d255186744","Passiflora foetida","https://id.biodiversity.org.au/taxon/apni/51442118",-26.535641,153.095275,2025-04-04 09:31:27,"PRESENT","iNaturalist Australia"
"1595","96c9d933-ad8e-4203-a4c2-8ffe8631c6f3","Passiflora foetida","https://id.biodiversity.org.au/taxon/apni/51442118",-19.62996,147.469722,2023-06-24 12:18:25,"PRESENT","iNaturalist Australia"
"1596","96ea3f9a-66d0-4759-9bbd-8731e2ad6e59","Passiflora edulis","https://id.biodiversity.org.au/node/apni/2902546",-36.411878,150.055057,2021-12-19 10:25:00,"PRESENT","iNaturalist Australia"
"1597","971d2305-fbee-427c-895d-329e5bc3c667","Acraea terpsicore","https://biodiversity.org.au/afd/taxa/ba632bea-a7b4-4b60-bf89-d63128cad841",-21.498855,145.036924,2025-06-25 12:04:00,"PRESENT","iNaturalist Australia"
"1598","9740405d-9295-4fb7-9a17-1cad0bdf368a","Passiflora edulis","https://id.biodiversity.org.au/node/apni/2902546",-19.24943,146.79048,2025-08-31 14:19:41,"PRESENT","iNaturalist Australia"
"1599","974a2b6a-43b1-483d-8c0d-8d315a293018","Acraea terpsicore","https://biodiversity.org.au/afd/taxa/ba632bea-a7b4-4b60-bf89-d63128cad841",-17.470957,141.180113,2025-05-12 10:05:00,"PRESENT","iNaturalist Australia"
"1600","97a2e454-09e9-4054-9c78-38024775b1f2","Passiflora foetida","https://id.biodiversity.org.au/name/apni/51741309",-22.43608,149.832966,2021-09-08 11:53:00,"PRESENT","iNaturalist Australia"
"1601","97b29404-0992-4084-abd4-3fd27fbcb7c0","Acraea terpsicore","https://biodiversity.org.au/afd/taxa/ba632bea-a7b4-4b60-bf89-d63128cad841",-17.44354,140.84256,2023-08-15 16:55:00,"PRESENT","Butterflies Australia"
"1602","97c00e38-6b87-4880-9315-9f44c7c955e0","Passiflora edulis","https://id.biodiversity.org.au/node/apni/2902546",-33.61595,151.139647,2025-02-27 19:29:05,"PRESENT","iNaturalist Australia"
"1603","97c4ef12-6e08-4df1-b5b2-a46cb11b0efb","Passiflora edulis","https://id.biodiversity.org.au/node/apni/2902546",-27.472888,153.178272,2024-12-23 07:55:16,"PRESENT","iNaturalist Australia"
"1604","97cd786d-b00a-4bd3-8eeb-1c1b03ab2e05","Acraea terpsicore","https://biodiversity.org.au/afd/taxa/ba632bea-a7b4-4b60-bf89-d63128cad841",-18.300726,143.351069,2022-09-04 10:09:00,"PRESENT","iNaturalist Australia"
"1605","97f6e833-79ec-4950-875d-b8f5f4a3bbb8","Acraea terpsicore","https://biodiversity.org.au/afd/taxa/ba632bea-a7b4-4b60-bf89-d63128cad841",-12.338794,130.89286,2025-05-20 14:43:00,"PRESENT","iNaturalist Australia"
"1606","98288102-243b-48d2-b259-30a6cbc671d3","Passiflora edulis","https://id.biodiversity.org.au/node/apni/2902546",-27.483911,152.930877,2023-05-26 14:20:11,"PRESENT","iNaturalist Australia"
"1607","9829e7c2-842d-4c8b-a901-84f883d97d07","Passiflora foetida","https://id.biodiversity.org.au/taxon/apni/51442118",-27.3408,153.06537,2022-10-13 07:47:13,"PRESENT","iNaturalist Australia"
"1608","983b085c-8d52-42b6-8ab5-e2f241bed6c5","Passiflora edulis","https://id.biodiversity.org.au/node/apni/2902546",-26.743249,152.917766,2022-07-07 15:48:13,"PRESENT","iNaturalist Australia"
"1609","983b59a9-a242-4c8a-a8b8-c28e6ee74dba","Acraea terpsicore","https://biodiversity.org.au/afd/taxa/ba632bea-a7b4-4b60-bf89-d63128cad841",-21.3,149.2,2024-02-10 18:00:00,"PRESENT","Earth Guardians Weekly Feed"
"1610","983c730c-804e-40ba-a04c-84901572b527","Passiflora edulis","https://id.biodiversity.org.au/node/apni/2902546",-26.769547,153.134567,2025-01-06 14:12:51,"PRESENT","iNaturalist Australia"
"1611","984d50f6-ce51-4b75-b1d7-5ba29225c6e4","Acraea terpsicore","https://biodiversity.org.au/afd/taxa/ba632bea-a7b4-4b60-bf89-d63128cad841",-13.933928,143.202653,2022-05-15 15:43:25,"PRESENT","iNaturalist Australia"
"1612","98581d3e-7957-45cf-bc84-74c748ded5f5","Acraea terpsicore","https://biodiversity.org.au/afd/taxa/ba632bea-a7b4-4b60-bf89-d63128cad841",-15.80426,128.479632,2023-05-29 14:36:00,"PRESENT","iNaturalist Australia"
"1613","985b4e01-2060-43ac-847d-59e9d5907aa1","Acraea terpsicore","https://biodiversity.org.au/afd/taxa/ba632bea-a7b4-4b60-bf89-d63128cad841",-27.48575,152.951333,2022-02-12 11:38:00,"PRESENT","iNaturalist Australia"
"1614","9891dce4-3bb8-4fd5-8bc7-23a2a944b61e","Acraea terpsicore","https://biodiversity.org.au/afd/taxa/ba632bea-a7b4-4b60-bf89-d63128cad841",-19.987034,148.26354,2025-05-05 12:33:36,"PRESENT","iNaturalist Australia"
"1615","98950491-71a5-41a6-a25f-5d28dcaffbe9","Passiflora edulis","https://id.biodiversity.org.au/node/apni/2902546",-31.464863,152.878555,2021-12-22 18:20:43,"PRESENT","iNaturalist Australia"
"1616","98cf11f3-08b9-40fc-9701-c7e1b71609d4","Passiflora edulis","https://id.biodiversity.org.au/node/apni/2902546",-33.736662,151.221913,2021-11-02,"PRESENT","NSW BioNet Atlas"
"1617","98d2d785-dda6-4cf8-a59c-277cb5f327b8","Passiflora edulis","https://id.biodiversity.org.au/node/apni/2902546",-27.611246,153.091232,2025-09-14 18:50:00,"PRESENT","iNaturalist Australia"
"1618","98dd72d3-3857-441a-95ad-35ecf28f62a0","Passiflora edulis","https://id.biodiversity.org.au/node/apni/2902546",-33.752871,151.092366,2022-11-17,"PRESENT","NSW BioNet Atlas"
"1619","98eabfb3-b2c1-458f-8e6e-709baa543b76","Acraea terpsicore","https://biodiversity.org.au/afd/taxa/ba632bea-a7b4-4b60-bf89-d63128cad841",-20.34185,144.460183,2024-08-22 08:49:00,"PRESENT","iNaturalist Australia"
"1620","99196ecb-2048-46f7-b864-4f83a5f07ddf","Passiflora edulis","https://id.biodiversity.org.au/node/apni/2902546",-28.108288,153.427509,2024-04-29 12:27:37,"PRESENT","iNaturalist Australia"
"1621","991d412e-3a76-4249-a80a-e1fd9f782351","Passiflora edulis","https://id.biodiversity.org.au/node/apni/2902546",-36.910086,149.810211,2022-01-04 20:59:00,"PRESENT","NatureMapr"
"1622","999880ce-afb4-48de-b068-79d27f213b0c","Acraea terpsicore","https://biodiversity.org.au/afd/taxa/ba632bea-a7b4-4b60-bf89-d63128cad841",-21.3,149.2,2022-01-28 18:47:00,"PRESENT","Earth Guardians Weekly Feed"
"1623","99d78da7-49ce-4528-bca9-3b92843ec0e8","Acraea terpsicore","https://biodiversity.org.au/afd/taxa/ba632bea-a7b4-4b60-bf89-d63128cad841",-19.256205,146.793972,2022-04-16 09:52:00,"PRESENT","iNaturalist Australia"
"1624","99f43bad-db92-4901-be31-4032ffe6d3ea","Acraea terpsicore","https://biodiversity.org.au/afd/taxa/ba632bea-a7b4-4b60-bf89-d63128cad841",-23.460556,150.458056,2023-06-24 13:17:00,"PRESENT","iNaturalist Australia"
"1625","99f8f215-7430-442d-9fc7-ffcfef590386","Passiflora edulis","https://id.biodiversity.org.au/node/apni/2902546",-28.009926,153.358852,2025-12-29 12:00:37,"PRESENT","iNaturalist Australia"
"1626","9a123330-2d56-443f-a53f-dc3954b20364","Acraea terpsicore","https://biodiversity.org.au/afd/taxa/ba632bea-a7b4-4b60-bf89-d63128cad841",-19.312739,146.772157,2025-08-19 11:37:00,"PRESENT","iNaturalist Australia"
"1627","9a3b16e4-9f83-44b4-a37c-d0f06536e4b6","Passiflora edulis","https://id.biodiversity.org.au/node/apni/2902546",-33.6928,151.283906,2022-04-29 10:00:00,"PRESENT","iNaturalist Australia"
"1628","9a4e98ca-7337-4c18-ab36-0b709990b204","Acraea terpsicore","https://biodiversity.org.au/afd/taxa/ba632bea-a7b4-4b60-bf89-d63128cad841",-21.4058,148.5448,2022-10-25 22:45:00,"PRESENT","Butterflies Australia"
"1629","9a69914f-6975-49e4-8602-b42586ed424f","Acraea terpsicore","https://biodiversity.org.au/afd/taxa/ba632bea-a7b4-4b60-bf89-d63128cad841",-16.71356,137.418347,2025-07-14 10:35:00,"PRESENT","iNaturalist Australia"
"1630","9ace0cb4-ae76-4c53-a103-a1224193e3b2","Acraea terpsicore","https://biodiversity.org.au/afd/taxa/ba632bea-a7b4-4b60-bf89-d63128cad841",-12.42643,130.937178,2025-06-29 11:41:40,"PRESENT","iNaturalist Australia"
"1631","9ad8cd44-02ca-4697-bbe3-61f1a5ace96b","Passiflora edulis","https://id.biodiversity.org.au/node/apni/2902546",-28.144268,153.234013,2024-10-22 10:38:00,"PRESENT","iNaturalist Australia"
"1632","9ae1073d-ee5c-4cfe-a3c4-510e8e8825f2","Passiflora edulis","https://id.biodiversity.org.au/node/apni/2902546",-31.47066,152.931186,2021-09-09,"PRESENT","NSW BioNet Atlas"
"1633","9ae5a0e9-7ef1-4770-a306-e24d75b7aba7","Passiflora edulis","https://id.biodiversity.org.au/node/apni/2902546",-27.352456,152.1668,2025-09-06 11:54:39,"PRESENT","iNaturalist Australia"
"1634","9b142331-0a9b-4641-b902-6c080d0f2cfb","Passiflora foetida","https://id.biodiversity.org.au/taxon/apni/51442118",-12.535287,131.051538,2021-01-21,"PRESENT","Flora Atlas N.T."
"1635","9b4b3fbe-9165-4642-a38a-35b526b8cf63","Passiflora foetida","https://id.biodiversity.org.au/taxon/apni/51442118",-10.689283,142.53223,2022-07-11 13:04:00,"PRESENT","iNaturalist Australia"
"1636","9bbeda9c-5319-447a-886e-e3887d6332eb","Passiflora edulis","https://id.biodiversity.org.au/node/apni/2902546",-33.64312,151.074485,2024-11-13 12:54:00,"PRESENT","iNaturalist Australia"
"1637","9bcb3f40-d78b-46fe-a003-be8864db84f3","Passiflora edulis","https://id.biodiversity.org.au/node/apni/2902546",-28.342349,153.426832,2021-02-15,"PRESENT","NSW BioNet Atlas"
"1638","9bce10b7-250d-41f9-b89e-51ab9e2460be","Passiflora edulis","https://id.biodiversity.org.au/node/apni/2902546",-36.853636,145.337374,2024-12-27 20:12:55,"PRESENT","iNaturalist Australia"
"1639","9bd34373-3d6b-4154-8141-c9681c708cfb","Passiflora edulis","https://id.biodiversity.org.au/node/apni/2902546",-26.564524,153.008412,2025-04-04 10:48:14,"PRESENT","iNaturalist Australia"
"1640","9bd48cc2-9a43-4e60-9bae-dacb0a41c249","Acraea terpsicore","https://biodiversity.org.au/afd/taxa/ba632bea-a7b4-4b60-bf89-d63128cad841",-18.6122,143.837,2021-01-13 02:00:00,"PRESENT","Butterflies Australia"
"1641","9bf3c970-418f-4cad-8d8e-4b7cd05297c3","Passiflora edulis","https://id.biodiversity.org.au/node/apni/2902546",-27.369485,152.177797,2022-04-09 09:32:00,"PRESENT","iNaturalist Australia"
"1642","9bf9555f-4640-401b-942d-e4a0a1ce1f37","Acraea terpsicore","https://biodiversity.org.au/afd/taxa/ba632bea-a7b4-4b60-bf89-d63128cad841",-19.18944,146.773964,2022-07-01 12:36:00,"PRESENT","iNaturalist Australia"
"1643","9c3468dc-b63e-4397-9283-98bb3279f6c2","Passiflora foetida","https://id.biodiversity.org.au/taxon/apni/51442118",-18.95082,146.28584,2022-05-04,"PRESENT","WildNet - Queensland Wildlife Data"
"1644","9c7eb0fa-a877-48e6-8bcc-a843d3df1acc","Passiflora edulis","https://id.biodiversity.org.au/node/apni/2902546",-33.863792,151.013336,2025-10-27 12:05:00,"PRESENT","iNaturalist Australia"
"1645","9caca73b-a6ee-416c-bf3d-72cf4f98a460","Passiflora edulis","https://id.biodiversity.org.au/node/apni/2902546",-34.917838,150.605625,2022-04-04,"PRESENT","NSW BioNet Atlas"
"1646","9cbc2959-a228-46dd-9a40-8d6f5f32f026","Passiflora edulis","https://id.biodiversity.org.au/node/apni/2902546",-28.165703,153.218635,2022-11-25 17:48:00,"PRESENT","iNaturalist Australia"
"1647","9cd01b39-0104-4a7a-bf4d-8244a06f88ef","Passiflora edulis","https://id.biodiversity.org.au/node/apni/2902546",-27.932103,153.175247,2023-06-10 11:55:00,"PRESENT","iNaturalist Australia"
"1648","9cfbc823-65d0-4daf-9888-d7244cc1b590","Passiflora edulis","https://id.biodiversity.org.au/node/apni/2902546",-29.117272,152.455477,2024-09-11 12:37:18,"PRESENT","iNaturalist Australia"
"1649","9d172a4b-a622-4537-8197-d4a3bf204ffb","Acraea terpsicore","https://biodiversity.org.au/afd/taxa/ba632bea-a7b4-4b60-bf89-d63128cad841",-22.4204,148.697,2022-10-25 01:15:00,"PRESENT","Butterflies Australia"
"1650","9d21405b-ff33-482a-bf10-fe30ed7d12f5","Passiflora foetida","https://id.biodiversity.org.au/taxon/apni/51442118",-27.381158,152.958285,2022-05-22 13:50:00,"PRESENT","iNaturalist Australia"
"1651","9d24b7dd-a204-48de-942e-3efe029ccb8d","Acraea terpsicore","https://biodiversity.org.au/afd/taxa/ba632bea-a7b4-4b60-bf89-d63128cad841",-14.316143,132.42125,2024-09-06 13:37:00,"PRESENT","iNaturalist Australia"
"1652","9d7462ea-8041-483c-b17e-826ca34d39bd","Passiflora edulis","https://id.biodiversity.org.au/node/apni/2902546",-27.331569,152.211089,2022-03-27 11:24:00,"PRESENT","iNaturalist Australia"
"1653","9d8cf8d8-cf3c-40d1-b2b0-0bbc39598e5b","Acraea terpsicore","https://biodiversity.org.au/afd/taxa/ba632bea-a7b4-4b60-bf89-d63128cad841",-18.0425,144.8982,2021-04-25 01:45:00,"PRESENT","Butterflies Australia"
"1654","9d8fc2c9-de98-4650-aa34-df55a551e246","Passiflora edulis","https://id.biodiversity.org.au/node/apni/2902546",-34.045942,151.005169,2025-11-16 19:25:43,"PRESENT","iNaturalist Australia"
"1655","9d900b26-61c4-4561-b4b9-50314f1d007c","Acraea terpsicore","https://biodiversity.org.au/afd/taxa/ba632bea-a7b4-4b60-bf89-d63128cad841",-19.404261,146.815524,2021-08-10 11:35:00,"PRESENT","iNaturalist Australia"
"1656","9d930bf4-99a6-4776-8a26-01e76d17b01c","Passiflora foetida","https://id.biodiversity.org.au/taxon/apni/51442118",-22.345983,149.518587,2025-04-02 17:46:39,"PRESENT","iNaturalist Australia"
"1657","9dd4dd01-823e-4676-9eeb-2ff46fcc9bc6","Acraea terpsicore","https://biodiversity.org.au/afd/taxa/ba632bea-a7b4-4b60-bf89-d63128cad841",-25.887934,152.629341,2022-03-17 13:31:00,"PRESENT","iNaturalist Australia"
"1658","9e44c5c4-5333-4336-8515-3e84fca94f1f","Passiflora foetida","https://id.biodiversity.org.au/taxon/apni/51442118",-23.131278,150.742926,2021-12-04 09:36:19,"PRESENT","iNaturalist Australia"
"1659","9e51e33a-d00b-4a90-9f75-1f3b0b98a34d","Passiflora edulis","https://id.biodiversity.org.au/node/apni/2902546",-30.147931,153.107966,2025-10-25 12:34:00,"PRESENT","iNaturalist Australia"
"1660","9e7fe894-f472-4652-9617-83e8694eaddf","Acraea terpsicore","https://biodiversity.org.au/afd/taxa/ba632bea-a7b4-4b60-bf89-d63128cad841",-17.92329,138.75086,2023-09-11 02:49:00,"PRESENT","Butterflies Australia"
"1661","9e83e4a2-9a77-463f-a75e-f25fc1b294b0","Passiflora foetida","https://id.biodiversity.org.au/name/apni/51741309",-20.094636,148.954314,2021-07-13 07:10:37,"PRESENT","iNaturalist Australia"
"1662","9e846efc-31c0-42cd-87f6-c97811db5a60","Passiflora edulis","https://id.biodiversity.org.au/node/apni/2902546",-33.757717,151.059254,2021-05-12,"PRESENT","NSW BioNet Atlas"
"1663","9e8e5437-760b-4479-95ef-64e5a2dde740","Passiflora foetida","https://id.biodiversity.org.au/taxon/apni/51442118",-27.566934,153.280429,2026-01-28 08:48:19,"PRESENT","iNaturalist Australia"
"1664","9eb1bddb-9e2d-40cb-8c73-76d88a22cf79","Acraea terpsicore","https://biodiversity.org.au/afd/taxa/ba632bea-a7b4-4b60-bf89-d63128cad841",-26.61881,153.0658,2024-03-02 09:59:00,"PRESENT","iNaturalist Australia"
"1665","9f087728-0610-4d5e-8665-b3b60b8cf62b","Acraea terpsicore","https://biodiversity.org.au/afd/taxa/ba632bea-a7b4-4b60-bf89-d63128cad841",-20.714972,140.477208,2025-06-23 12:03:00,"PRESENT","iNaturalist Australia"
"1666","9f0d0e24-f72e-4a9e-b243-88ee1f5fa5b1","Passiflora edulis","https://id.biodiversity.org.au/node/apni/2902546",-30.340828,153.087006,2024-03-10 15:14:41,"PRESENT","iNaturalist Australia"
"1667","9f1804a0-3bc5-4e5e-8a85-647c528b937d","Acraea terpsicore","https://biodiversity.org.au/afd/taxa/ba632bea-a7b4-4b60-bf89-d63128cad841",-19.191259,146.771706,2021-03-05 08:33:00,"PRESENT","iNaturalist Australia"
"1668","9f2d3eea-79b7-4f5e-b80f-5c6ba53c4691","Acraea terpsicore","https://biodiversity.org.au/afd/taxa/ba632bea-a7b4-4b60-bf89-d63128cad841",-15.814888,144.858505,2021-05-24 15:55:00,"PRESENT","Earth Guardians Weekly Feed"
"1669","9f32b1bc-7cf8-44b4-88b9-17e1238004e3","Acraea terpsicore","https://biodiversity.org.au/afd/taxa/ba632bea-a7b4-4b60-bf89-d63128cad841",-12.022536,135.571253,2022-02-03 11:17:58,"PRESENT","iNaturalist Australia"
"1670","9f33e554-f8cb-44c9-a867-d1bffbcdef27","Acraea terpsicore","https://biodiversity.org.au/afd/taxa/ba632bea-a7b4-4b60-bf89-d63128cad841",-20.589702,139.493803,2022-10-02 12:36:27,"PRESENT","iNaturalist Australia"
"1671","9f5cfe52-86b0-4063-9fee-744b91f87417","Acraea terpsicore","https://biodiversity.org.au/afd/taxa/ba632bea-a7b4-4b60-bf89-d63128cad841",-20.8408,144.2046,2022-09-24 00:15:00,"PRESENT","Butterflies Australia"
"1672","9f68151e-f8e0-4e0a-aafe-bda705fb7679","Acraea terpsicore","https://biodiversity.org.au/afd/taxa/ba632bea-a7b4-4b60-bf89-d63128cad841",-16.833987,145.699694,2021-09-17 11:05:00,"PRESENT","iNaturalist Australia"
"1673","9f7b0d3f-c0bc-4b08-bfd4-4a3ee24e7d71","Acraea terpsicore","https://biodiversity.org.au/afd/taxa/ba632bea-a7b4-4b60-bf89-d63128cad841",-23.737819,133.855233,2023-02-27 18:12:00,"PRESENT","iNaturalist Australia"
"1674","9f7f2b4b-6d61-4ad8-a335-9b46613a9f6e","Passiflora edulis","https://id.biodiversity.org.au/node/apni/2902546",-25.26188,152.69571,2024-12-10 13:17:00,"PRESENT","iNaturalist Australia"
"1675","9f857f3a-de9e-4ba7-8133-0924e1948746","Passiflora edulis","https://id.biodiversity.org.au/node/apni/2902546",-29.015858,167.937058,2026-01-22 10:53:30,"PRESENT","iNaturalist Australia"
"1676","9f904061-5330-43c8-9440-3080053f15be","Passiflora edulis","https://id.biodiversity.org.au/node/apni/2902546",-30.33033,153.045364,2022-04-17 10:11:00,"PRESENT","iNaturalist Australia"
"1677","9f989824-2d67-45d6-9c85-5a96d8f9c0d5","Passiflora foetida","https://id.biodiversity.org.au/taxon/apni/51442118",-25.278592,152.694225,2025-02-11 14:35:00,"PRESENT","iNaturalist Australia"
"1678","9fa2c26e-b386-483e-9baf-197c5cbca2f7","Passiflora edulis","https://id.biodiversity.org.au/node/apni/2902546",-27.436056,152.92329,2024-04-27 11:04:00,"PRESENT","iNaturalist Australia"
"1679","9fc8de1a-2b36-437b-9f5f-f9722fe9f1db","Passiflora edulis","https://id.biodiversity.org.au/node/apni/2902546",-27.452555,152.782487,2026-01-31 12:35:17,"PRESENT","iNaturalist Australia"
"1680","9ffa52e6-aeef-4ddd-82a4-52328f8d1331","Acraea terpsicore","https://biodiversity.org.au/afd/taxa/ba632bea-a7b4-4b60-bf89-d63128cad841",-26.929556,152.932319,2025-02-09 12:32:04,"PRESENT","iNaturalist Australia"
"1681","a015eb84-c839-4990-91d4-2a841a525ec5","Passiflora edulis","https://id.biodiversity.org.au/node/apni/2902546",-36.418347,150.061083,2022-02-03,"PRESENT","NSW BioNet Atlas"
"1682","a01a4298-1994-4602-abc7-601589912a74","Acraea terpsicore","https://biodiversity.org.au/afd/taxa/ba632bea-a7b4-4b60-bf89-d63128cad841",-23.398416,150.48917,2025-04-05 14:05:42,"PRESENT","iNaturalist Australia"
"1683","a01ff6e0-b9a8-4d60-b618-f52676344f07","Passiflora edulis","https://id.biodiversity.org.au/node/apni/2902546",-33.176847,151.572393,2021-10-21,"PRESENT","NSW BioNet Atlas"
"1684","a02cb493-93b0-4f02-854e-ea08849cd37c","Acraea terpsicore","https://biodiversity.org.au/afd/taxa/ba632bea-a7b4-4b60-bf89-d63128cad841",-16.786864,145.690612,2022-04-11 09:42:00,"PRESENT","iNaturalist Australia"
"1685","a03c41df-8547-49c1-b1ef-bb8c96578ad4","Passiflora edulis","https://id.biodiversity.org.au/node/apni/2902546",-27.672303,153.155167,2025-05-14 10:48:00,"PRESENT","iNaturalist Australia"
"1686","a046165c-75d0-44d0-9bb4-f13e1cb26250","Passiflora foetida","https://id.biodiversity.org.au/taxon/apni/51442118",-27.958975,153.387358,2023-11-23 15:09:08,"PRESENT","iNaturalist Australia"
"1687","a085e949-8f06-4643-9c7d-c4206cd15042","Passiflora edulis","https://id.biodiversity.org.au/node/apni/2902546",-31.71877,152.233343,2021-03-02 12:51:00,"PRESENT","iNaturalist Australia"
"1688","a08a6dd7-42bb-46e9-abb7-87c00942e880","Passiflora edulis","https://id.biodiversity.org.au/node/apni/2902546",-27.070657,152.956461,2025-05-20 13:59:05,"PRESENT","iNaturalist Australia"
"1689","a096be69-4562-4829-afdc-3ac4b8ec3e83","Passiflora edulis","https://id.biodiversity.org.au/node/apni/2902546",-38.171064,145.114749,2022-11-09 19:09:19,"PRESENT","iNaturalist Australia"
"1690","a09b333c-b06f-4dba-929e-c260281c0b71","Acraea terpsicore","https://biodiversity.org.au/afd/taxa/ba632bea-a7b4-4b60-bf89-d63128cad841",-18.646488,139.250488,2025-07-04 14:59:00,"PRESENT","iNaturalist Australia"
"1691","a0b1aae5-c4a1-4aca-823c-7f8b090413eb","Acraea terpsicore","https://biodiversity.org.au/afd/taxa/ba632bea-a7b4-4b60-bf89-d63128cad841",-19.261825,146.810547,2024-02-25 16:36:08,"PRESENT","iNaturalist Australia"
"1692","a0bd689f-d7b0-4e1e-92e7-c9671884ddcf","Acraea terpsicore","https://biodiversity.org.au/afd/taxa/ba632bea-a7b4-4b60-bf89-d63128cad841",-12.411528,132.957519,2025-06-15 15:48:00,"PRESENT","iNaturalist Australia"
"1693","a0fca4e1-253a-4bd0-9c7f-a1e1d29847a7","Passiflora foetida","https://id.biodiversity.org.au/taxon/apni/51442118",-12.614918,143.386825,2021-06-29 11:12:00,"PRESENT","iNaturalist Australia"
"1694","a1120587-8cd8-40fb-8ef3-43ce30fd906a","Acraea terpsicore","https://biodiversity.org.au/afd/taxa/ba632bea-a7b4-4b60-bf89-d63128cad841",-19.258522,146.802262,2023-04-24 13:35:09,"PRESENT","iNaturalist Australia"
"1695","a1226ef2-b4a9-4151-9d2f-09c813362504","Passiflora edulis","https://id.biodiversity.org.au/node/apni/2902546",-34.050869,151.053436,2024-08-07 14:18:00,"PRESENT","iNaturalist Australia"
"1696","a135c464-1d82-4f56-b248-b0f6f9c19a3b","Acraea terpsicore","https://biodiversity.org.au/afd/taxa/ba632bea-a7b4-4b60-bf89-d63128cad841",-18.688224,138.531548,2025-06-25 15:24:00,"PRESENT","iNaturalist Australia"
"1697","a1361526-47ee-4399-97c1-8509118d6c49","Acraea terpsicore","https://biodiversity.org.au/afd/taxa/ba632bea-a7b4-4b60-bf89-d63128cad841",-19.279092,146.725991,2026-01-03 12:47:00,"PRESENT","iNaturalist Australia"
"1698","a150bb56-c627-48ee-84b3-7d70d9a603ae","Passiflora edulis","https://id.biodiversity.org.au/node/apni/2902546",-33.971779,151.037479,2023-04-07 15:10:00,"PRESENT","iNaturalist Australia"
"1699","a1762a4d-7437-4c8e-9dc4-75a9f9009c97","Passiflora edulis","https://id.biodiversity.org.au/node/apni/2902546",-28.067868,152.424837,2023-04-15 08:22:00,"PRESENT","iNaturalist Australia"
"1700","a176cc15-e3a4-476d-8ac2-b57b675be05e","Acraea terpsicore","https://biodiversity.org.au/afd/taxa/ba632bea-a7b4-4b60-bf89-d63128cad841",-17.365211,145.420383,2025-05-28 10:33:50,"PRESENT","iNaturalist Australia"
"1701","a180dd0b-27ae-446d-b273-cc8886531141","Acraea terpsicore","https://biodiversity.org.au/afd/taxa/ba632bea-a7b4-4b60-bf89-d63128cad841",-20.364578,144.460328,2025-08-13 12:16:10,"PRESENT","iNaturalist Australia"
"1702","a18a815a-2e83-43ee-9798-b99b94acad33","Acraea terpsicore","https://biodiversity.org.au/afd/taxa/ba632bea-a7b4-4b60-bf89-d63128cad841",-17.408804,124.945046,2021-06-25 14:57:00,"PRESENT","iNaturalist Australia"
"1703","a1a2393d-2f65-4458-b05a-5e0426ce14d2","Passiflora edulis","https://id.biodiversity.org.au/node/apni/2902546",-28.234347,153.509009,2023-11-01 08:34:48,"PRESENT","iNaturalist Australia"
"1704","a1a7a33f-59e5-4a51-9395-eaafdd569551","Passiflora foetida","https://id.biodiversity.org.au/taxon/apni/51442118",-19.3311,146.7455,2024-04-11 15:51:00,"PRESENT","iNaturalist Australia"
"1705","a1c3f626-8e58-467b-ab5d-9b45c7a5a059","Passiflora edulis","https://id.biodiversity.org.au/node/apni/2902546",-28.387681,152.595526,2025-01-07 16:22:00,"PRESENT","iNaturalist Australia"
"1706","a1c5919e-b025-49e5-9101-40a203751fd4","Acraea terpsicore","https://biodiversity.org.au/afd/taxa/ba632bea-a7b4-4b60-bf89-d63128cad841",-17.465432,140.828973,2025-05-24 12:35:50,"PRESENT","iNaturalist Australia"
"1707","a1cb8e7d-fedf-40ac-8143-32bd677bb20b","Passiflora foetida","https://id.biodiversity.org.au/taxon/apni/51442118",-27.245915,153.036242,2021-05-07 16:36:00,"PRESENT","iNaturalist Australia"
"1708","a1cdcdea-0a84-4e1c-9b7f-afe740121f55","Passiflora edulis","https://id.biodiversity.org.au/node/apni/2902546",-28.193066,153.189399,2023-11-21 09:53:12,"PRESENT","iNaturalist Australia"
"1709","a244a910-77a7-4556-b238-25efd795d4a7","Acraea terpsicore","https://biodiversity.org.au/afd/taxa/ba632bea-a7b4-4b60-bf89-d63128cad841",-18.656193,146.148165,2021-09-28 15:08:00,"PRESENT","iNaturalist Australia"
"1710","a24d4a06-fe16-4438-9dce-17ba03b140eb","Passiflora edulis","https://id.biodiversity.org.au/node/apni/2902546",-27.086378,152.68831,2023-05-07 12:12:00,"PRESENT","iNaturalist Australia"
"1711","a24e7af0-0930-401c-99e2-a746eafa617d","Passiflora edulis","https://id.biodiversity.org.au/node/apni/2902546",-32.990713,151.716104,2025-06-21 10:56:38,"PRESENT","iNaturalist Australia"
"1712","a27b2176-221e-4622-b683-8ca6009a26b6","Acraea terpsicore","https://biodiversity.org.au/afd/taxa/ba632bea-a7b4-4b60-bf89-d63128cad841",-18.135885,144.339635,2022-09-11 15:15:00,"PRESENT","Butterflies Australia"
"1713","a27d71df-1dc4-4f77-aa06-98882bce55b8","Passiflora edulis","https://id.biodiversity.org.au/node/apni/2902546",-16.920295,145.770953,2025-08-01 15:16:27,"PRESENT","iNaturalist Australia"
"1714","a28c027f-de14-4f1c-99ed-01e769ae6219","Acraea terpsicore","https://biodiversity.org.au/afd/taxa/ba632bea-a7b4-4b60-bf89-d63128cad841",-17.38664,145.37717,2022-03-10 08:12:00,"PRESENT","iNaturalist Australia"
"1715","a29edfaf-ae56-4d19-9fe2-63ff53c1bcd2","Passiflora foetida","https://id.biodiversity.org.au/taxon/apni/51442118",-27.074905,153.2063,2024-04-04 07:29:28,"PRESENT","iNaturalist Australia"
"1716","a2ab62d5-b2a1-4e12-9ea8-23b5f09f81af","Acraea terpsicore","https://biodiversity.org.au/afd/taxa/ba632bea-a7b4-4b60-bf89-d63128cad841",-19.28934,146.723325,2023-05-31 13:12:24,"PRESENT","iNaturalist Australia"
"1717","a2ea6455-4845-48e9-ae11-ebd8c7e57548","Passiflora edulis","https://id.biodiversity.org.au/node/apni/2902546",-28.193103,153.507583,2024-02-29 16:05:13,"PRESENT","iNaturalist Australia"
"1718","a2f2f726-d784-4a96-8b2e-019f11e74015","Passiflora edulis","https://id.biodiversity.org.au/node/apni/2902546",-28.261305,153.105774,2025-06-09 09:12:00,"PRESENT","iNaturalist Australia"
"1719","a30f8c8a-33fc-42fd-a161-8005fa5516aa","Acraea terpsicore","https://biodiversity.org.au/afd/taxa/ba632bea-a7b4-4b60-bf89-d63128cad841",-17.214841,145.642617,2023-04-16,"PRESENT","iNaturalist Australia"
"1720","a345ad10-087f-4338-a36e-a9d4f04d57a3","Acraea terpsicore","https://biodiversity.org.au/afd/taxa/ba632bea-a7b4-4b60-bf89-d63128cad841",-20.494273,147.967184,2023-04-04 12:34:00,"PRESENT","iNaturalist Australia"
"1721","a35a8c4d-f418-4135-ab2b-ba9b4a7cf382","Passiflora foetida","https://id.biodiversity.org.au/taxon/apni/51442118",-27.434125,153.145144,2023-11-12 08:52:16,"PRESENT","iNaturalist Australia"
"1722","a36822e3-9636-4ce1-bbcd-28733425b1e2","Passiflora foetida","https://id.biodiversity.org.au/name/apni/51741309",-27.549489,152.509294,2024-09-15 10:15:00,"PRESENT","iNaturalist Australia"
"1723","a36a3fa3-10e6-40df-87a9-df623a4c2c13","Passiflora edulis","https://id.biodiversity.org.au/node/apni/2902546",-27.473677,153.063186,2025-11-10 08:52:37,"PRESENT","iNaturalist Australia"
"1724","a36bb5d0-7e25-4822-978c-8aabe5133d89","Acraea terpsicore","https://biodiversity.org.au/afd/taxa/ba632bea-a7b4-4b60-bf89-d63128cad841",-21.983692,146.37387,2022-03-23 08:51:56,"PRESENT","iNaturalist Australia"
"1725","a36e54e6-c556-4414-bf2c-701a6645132a","Passiflora foetida","https://id.biodiversity.org.au/taxon/apni/51442118",-27.884567,153.023066,2021-04-22 13:40:45,"PRESENT","iNaturalist Australia"
"1726","a3871f9f-71c9-4ed1-b676-2c9b1a0e903e","Acraea terpsicore","https://biodiversity.org.au/afd/taxa/ba632bea-a7b4-4b60-bf89-d63128cad841",-12.453936,130.950125,2024-05-18 13:54:00,"PRESENT","iNaturalist Australia"
"1727","a3a5ff11-c90c-43e7-a22d-6bc31650ce67","Passiflora edulis","https://id.biodiversity.org.au/node/apni/2902546",-27.566419,153.043384,2023-07-29 09:41:00,"PRESENT","iNaturalist Australia"
"1728","a3b129e4-096a-4f79-89b2-b6d0d480ed26","Passiflora edulis","https://id.biodiversity.org.au/node/apni/2902546",-28.389651,153.554092,2022-08-26,"PRESENT","NSW BioNet Atlas"
"1729","a3b7a2dc-15ee-4281-91ae-4fd13db6ce62","Passiflora edulis","https://id.biodiversity.org.au/node/apni/2902546",-27.737906,153.088868,2022-11-04 14:42:00,"PRESENT","iNaturalist Australia"
"1730","a3d30656-174e-458f-b5b8-903a1b3b606e","Acraea terpsicore","https://biodiversity.org.au/afd/taxa/ba632bea-a7b4-4b60-bf89-d63128cad841",-17.26412,145.448831,2022-04-10 14:42:15,"PRESENT","iNaturalist Australia"
"1731","a3d632cb-8a6e-4c1f-9a0a-74e5d726ed9b","Passiflora edulis","https://id.biodiversity.org.au/node/apni/2902546",-27.403413,152.781933,2023-01-06 20:42:00,"PRESENT","iNaturalist Australia"
"1732","a404d7af-f28c-4119-a9ff-92c956d0ed7a","Passiflora foetida","https://id.biodiversity.org.au/taxon/apni/51442118",-19.25825,146.804683,2022-08-04 10:13:00,"PRESENT","iNaturalist Australia"
"1733","a4372c81-2878-422b-b852-f55c411b6a6d","Passiflora foetida","https://id.biodiversity.org.au/taxon/apni/51442118",-27.523369,152.809917,2025-01-16 12:45:00,"PRESENT","iNaturalist Australia"
"1734","a43eae70-595c-444c-bc91-ced737479a37","Passiflora edulis","https://id.biodiversity.org.au/node/apni/2902546",-27.996618,153.127846,2025-07-16 15:42:00,"PRESENT","iNaturalist Australia"
"1735","a45972ee-ac22-4f6a-84f9-05dfe7649476","Acraea terpsicore","https://biodiversity.org.au/afd/taxa/ba632bea-a7b4-4b60-bf89-d63128cad841",-12.395571,130.933739,2025-07-08 14:09:00,"PRESENT","iNaturalist Australia"
"1736","a48bfce0-7d93-4581-a8ac-152200d48917","Acraea terpsicore","https://biodiversity.org.au/afd/taxa/ba632bea-a7b4-4b60-bf89-d63128cad841",-21.025654,148.425124,2023-04-05 17:08:03,"PRESENT","iNaturalist Australia"
"1737","a4f3f3b1-d063-48da-a816-503301900328","Passiflora foetida","https://id.biodiversity.org.au/taxon/apni/51442118",-18.2994,143.5369,2022-03-25 17:02:00,"PRESENT","iNaturalist Australia"
"1738","a4f48489-9e63-4c6c-bed3-87e50bd2d8b6","Passiflora foetida","https://id.biodiversity.org.au/taxon/apni/51442118",-30.109116,153.205539,2025-04-20 12:18:00,"PRESENT","iNaturalist Australia"
"1739","a5024f4f-652c-4acb-96b5-541b01200a0e","Passiflora foetida","https://id.biodiversity.org.au/taxon/apni/51442118",-12.480054,130.996283,2022-05-06 09:39:00,"PRESENT","iNaturalist Australia"
"1740","a51a820a-34c3-49e9-956c-887129bf2f8e","Passiflora edulis","https://id.biodiversity.org.au/node/apni/2902546",-33.835825,150.662663,2024-05-01 10:06:24,"PRESENT","iNaturalist Australia"
"1741","a534a49a-1eac-486b-843c-9c7cd6d5d465","Passiflora foetida","https://id.biodiversity.org.au/taxon/apni/51442118",-16.857192,145.739533,2022-01-01 09:21:29,"PRESENT","iNaturalist Australia"
"1742","a53e8bed-d802-453b-8073-f29a2bd186a0","Passiflora edulis","https://id.biodiversity.org.au/node/apni/2902546",-28.79975,153.461371,2024-06-22 12:43:00,"PRESENT","iNaturalist Australia"
"1743","a575116c-4b39-42c7-9c88-38b7e49ff22a","Passiflora foetida","https://id.biodiversity.org.au/taxon/apni/51442118",-27.447707,153.471117,2023-04-12 09:25:44,"PRESENT","iNaturalist Australia"
"1744","a592aa4c-2c90-42a7-9b15-9bca4afdc90e","Acraea terpsicore","https://biodiversity.org.au/afd/taxa/ba632bea-a7b4-4b60-bf89-d63128cad841",-19.24039,146.782572,2023-05-10 08:23:00,"PRESENT","iNaturalist Australia"
"1745","a59c4e08-0881-4f2e-8ff9-e201cc896102","Acraea terpsicore","https://biodiversity.org.au/afd/taxa/ba632bea-a7b4-4b60-bf89-d63128cad841",-20.066911,148.450878,2024-07-24 09:25:42,"PRESENT","iNaturalist Australia"
"1746","a5aaadc4-6c91-48be-ab2a-721c1ae717df","Passiflora edulis","https://id.biodiversity.org.au/node/apni/2902546",-33.694203,150.573425,2021-10-25 11:38:00,"PRESENT","iNaturalist Australia"
"1747","a5b529b9-472a-494b-ab04-d77109ecf34d","Acraea terpsicore","https://biodiversity.org.au/afd/taxa/ba632bea-a7b4-4b60-bf89-d63128cad841",-21.63841,149.351126,2025-05-31 15:59:45,"PRESENT","iNaturalist Australia"
"1748","a5c47c35-6669-4c58-813a-b834a04f5993","Acraea terpsicore","https://biodiversity.org.au/afd/taxa/ba632bea-a7b4-4b60-bf89-d63128cad841",-17.485552,140.840042,2025-06-22 08:54:00,"PRESENT","iNaturalist Australia"
"1749","a5c5a864-6115-43d5-bec0-7050baf757c1","Acraea terpsicore","https://biodiversity.org.au/afd/taxa/ba632bea-a7b4-4b60-bf89-d63128cad841",-22.60323,145.674147,2025-07-09 13:20:10,"PRESENT","iNaturalist Australia"
"1750","a5d75463-bf62-45ca-8040-189541f91d2e","Acraea terpsicore","https://biodiversity.org.au/afd/taxa/ba632bea-a7b4-4b60-bf89-d63128cad841",-27.485661,152.951986,2026-01-07 13:38:00,"PRESENT","iNaturalist Australia"
"1751","a60f48c4-3440-48ef-bd1b-dece09d94ca2","Passiflora edulis","https://id.biodiversity.org.au/node/apni/2902546",-37.068262,149.900545,2021-09-14,"PRESENT","NSW BioNet Atlas"
"1752","a638be38-0769-4a46-a07f-07db3007d6cd","Acraea terpsicore","https://biodiversity.org.au/afd/taxa/ba632bea-a7b4-4b60-bf89-d63128cad841",-21.3,149.2,2021-01-01,"PRESENT","Earth Guardians Weekly Feed"
"1753","a6598ce7-d3d0-49dc-bdaf-121f4b108358","Acraea terpsicore","https://biodiversity.org.au/afd/taxa/ba632bea-a7b4-4b60-bf89-d63128cad841",-15.687301,145.022725,2022-06-26 23:45:00,"PRESENT","Butterflies Australia"
"1754","a664f69c-3bb9-4807-8101-e225e62a4d6f","Passiflora foetida","https://id.biodiversity.org.au/taxon/apni/51442118",-27.434275,153.143739,2025-05-05 08:40:29,"PRESENT","iNaturalist Australia"
"1755","a6b86a5d-76e3-496f-8910-2768eefed807","Acraea terpsicore","https://biodiversity.org.au/afd/taxa/ba632bea-a7b4-4b60-bf89-d63128cad841",-16.785291,145.690609,2023-04-15 09:38:00,"PRESENT","iNaturalist Australia"
"1756","a6d44512-7fe2-4507-a199-6668e16d7d7c","Passiflora foetida","https://id.biodiversity.org.au/taxon/apni/51442118",-26.08804,152.784415,2024-08-18 10:56:00,"PRESENT","iNaturalist Australia"
"1757","a700e2aa-6eef-4715-9d52-167d50b7e5e1","Passiflora foetida","https://id.biodiversity.org.au/taxon/apni/51442118",-25.29316,152.821718,2024-02-14 08:29:33,"PRESENT","iNaturalist Australia"
"1758","a7089c96-7235-4890-8d46-c03f9aad8679","Passiflora edulis","https://id.biodiversity.org.au/node/apni/2902546",-27.695642,153.025236,2025-12-21 08:28:31,"PRESENT","iNaturalist Australia"
"1759","a70a96c3-67ab-437e-bf6a-73b3e3c8236d","Acraea terpsicore","https://biodiversity.org.au/afd/taxa/ba632bea-a7b4-4b60-bf89-d63128cad841",-20.014005,148.266109,2023-06-08 12:02:00,"PRESENT","iNaturalist Australia"
"1760","a73494e9-151b-4368-b614-9f5ae3416b6f","Acraea terpsicore","https://biodiversity.org.au/afd/taxa/ba632bea-a7b4-4b60-bf89-d63128cad841",-23.658439,148.077906,2025-04-04 16:11:07,"PRESENT","iNaturalist Australia"
"1761","a76799c1-d1bd-4456-ae47-1f38285508d4","Acraea terpsicore","https://biodiversity.org.au/afd/taxa/ba632bea-a7b4-4b60-bf89-d63128cad841",-18.1112,144.255,2021-03-22 08:15:00,"PRESENT","Butterflies Australia"
"1762","a768d5a9-562d-456f-beda-46f2e5c57459","Passiflora edulis","https://id.biodiversity.org.au/node/apni/2902546",-29.441093,153.353011,2024-08-28,"PRESENT","NSW BioNet Atlas"
"1763","a76dbf93-6a21-4bb6-9c47-aa5e5c174d0e","Acraea terpsicore","https://biodiversity.org.au/afd/taxa/ba632bea-a7b4-4b60-bf89-d63128cad841",-19.816116,139.145628,2025-05-10 11:36:38,"PRESENT","iNaturalist Australia"
"1764","a776d35e-511e-4f1a-bdb2-e27773c33c27","Passiflora foetida","https://id.biodiversity.org.au/name/apni/51741309",-25.356236,152.805152,2024-12-04 08:26:59,"PRESENT","iNaturalist Australia"
"1765","a7961e10-7e4b-4c3c-ba86-3edb0efe6aa9","Acraea terpsicore","https://biodiversity.org.au/afd/taxa/ba632bea-a7b4-4b60-bf89-d63128cad841",-18.2224,144.667601,2023-03-06 16:31:00,"PRESENT","iNaturalist Australia"
"1766","a79db113-28bf-45da-b4e4-bae6009d2418","Passiflora foetida","https://id.biodiversity.org.au/taxon/apni/51442118",-27.559932,153.243638,2024-06-08 12:36:55,"PRESENT","iNaturalist Australia"
"1767","a7bc8b55-f235-4ec1-9b06-1d26f9b4dc63","Acraea terpsicore","https://biodiversity.org.au/afd/taxa/ba632bea-a7b4-4b60-bf89-d63128cad841",-16.478311,145.462444,2021-12-22 10:12:46,"PRESENT","iNaturalist Australia"
"1768","a7d72f77-fa34-481d-8532-0a8e080ce9fb","Passiflora edulis","https://id.biodiversity.org.au/node/apni/2902546",-33.791572,151.005722,2022-05-01 12:10:00,"PRESENT","iNaturalist Australia"
"1769","a7e27048-e0dc-4028-9041-8cb3faff3865","Passiflora edulis","https://id.biodiversity.org.au/node/apni/2902546",-26.738562,152.820759,2023-08-26 13:01:10,"PRESENT","iNaturalist Australia"
"1770","a7e50096-6474-4d95-a332-35fff30a31d1","Acraea terpsicore","https://biodiversity.org.au/afd/taxa/ba632bea-a7b4-4b60-bf89-d63128cad841",-12.580967,131.129625,2022-11-20 17:54:28,"PRESENT","iNaturalist Australia"
"1771","a7e7c062-2c87-49ef-9ff9-1d9f4a0dfd56","Passiflora foetida","https://id.biodiversity.org.au/taxon/apni/51442118",-25.39893,153.175362,2023-06-25 08:12:00,"PRESENT","iNaturalist Australia"
"1772","a800a6e5-c47e-4553-9ca3-f34ef3129c5e","Acraea terpsicore","https://biodiversity.org.au/afd/taxa/ba632bea-a7b4-4b60-bf89-d63128cad841",-24.839347,152.204907,2025-05-08 11:21:41,"PRESENT","iNaturalist Australia"
"1773","a812f4d4-12f8-42cd-ade5-00e9e4c9aad3","Passiflora edulis","https://id.biodiversity.org.au/node/apni/2902546",-27.850555,153.185413,2024-03-11 10:53:00,"PRESENT","iNaturalist Australia"
"1774","a8174aaf-915c-456e-944b-0338e8996217","Passiflora edulis","https://id.biodiversity.org.au/node/apni/2902546",-31.695513,152.417149,2024-02-28,"PRESENT","NSW BioNet Atlas"
"1775","a82fcca9-0053-4b50-875f-91775a7bfb3c","Acraea terpsicore","https://biodiversity.org.au/afd/taxa/ba632bea-a7b4-4b60-bf89-d63128cad841",-30.645985,153.016257,2022-10-31 01:07:00,"PRESENT","NatureMapr"
"1776","a830457f-51b8-4b71-aa7a-12c8c036f1f3","Passiflora edulis","https://id.biodiversity.org.au/node/apni/2902546",-27.489862,152.945267,2025-02-12 18:08:26,"PRESENT","iNaturalist Australia"
"1777","a854e214-2de2-4209-adfd-8a257b8cafc9","Passiflora foetida","https://id.biodiversity.org.au/taxon/apni/51442118",-14.469792,132.264959,2021-11-14,"PRESENT","Flora Atlas N.T."
"1778","a85f4a1c-6cc4-4884-931f-96cfb0393d29","Passiflora foetida","https://id.biodiversity.org.au/taxon/apni/51442118",-27.318178,153.054978,2022-04-13 12:19:00,"PRESENT","iNaturalist Australia"
"1779","a8a138df-144c-474a-a756-751514d36c47","Acraea terpsicore","https://biodiversity.org.au/afd/taxa/ba632bea-a7b4-4b60-bf89-d63128cad841",-27.915588,153.358428,2024-04-18 13:56:06,"PRESENT","iNaturalist Australia"
"1780","a8b49e3d-597b-4163-8145-3a40d71cb206","Acraea terpsicore","https://biodiversity.org.au/afd/taxa/ba632bea-a7b4-4b60-bf89-d63128cad841",-28.493204,153.5506,2022-02-10 06:56:00,"PRESENT","iNaturalist Australia"
"1781","a8b6bf9d-58c5-40cf-9da1-f55f56519c75","Passiflora foetida","https://id.biodiversity.org.au/taxon/apni/51442118",-25.36002,152.865365,2023-12-12 16:19:03,"PRESENT","iNaturalist Australia"
"1782","a8c68437-2be2-4ecd-b3e0-b64b351a7ade","Acraea terpsicore","https://biodiversity.org.au/afd/taxa/ba632bea-a7b4-4b60-bf89-d63128cad841",-20.049733,148.239947,2023-06-06 11:13:00,"PRESENT","iNaturalist Australia"
"1783","a905d146-900d-46fe-b938-bd150fc16911","Acraea terpsicore","https://biodiversity.org.au/afd/taxa/ba632bea-a7b4-4b60-bf89-d63128cad841",-19.258451,146.802212,2025-06-12 15:16:41,"PRESENT","iNaturalist Australia"
"1784","a90e6d19-0cc9-4b8a-b18f-88ce72ce6c1f","Acraea terpsicore","https://biodiversity.org.au/afd/taxa/ba632bea-a7b4-4b60-bf89-d63128cad841",-19.248515,146.813781,2021-12-31 08:29:20,"PRESENT","iNaturalist Australia"
"1785","a90f42ed-c3ee-40c5-8041-a80dc50ae9a1","Acraea terpsicore","https://biodiversity.org.au/afd/taxa/ba632bea-a7b4-4b60-bf89-d63128cad841",-27.481705,152.938019,2023-01-27 11:01:02,"PRESENT","iNaturalist Australia"
"1786","a91662a1-a5dd-4b80-b731-5700939cabce","Passiflora foetida","https://id.biodiversity.org.au/taxon/apni/51442118",-19.164844,146.817658,2021-04-18 15:44:35,"PRESENT","iNaturalist Australia"
"1787","a918dca0-272a-465c-a949-a62faa04ab80","Acraea terpsicore","https://biodiversity.org.au/afd/taxa/ba632bea-a7b4-4b60-bf89-d63128cad841",-27.48445,152.95545,2022-01-11 01:06:00,"PRESENT","Butterflies Australia"
"1788","a9279aa5-560f-49a2-a569-d2e5445d3aa2","Passiflora foetida","https://id.biodiversity.org.au/name/apni/51741309",-25.300383,152.769456,2021-05-20 11:42:00,"PRESENT","iNaturalist Australia"
"1789","a940ed90-7e1e-4894-aa81-ccc9b6408bf2","Passiflora edulis","https://id.biodiversity.org.au/node/apni/2902546",-24.871575,152.366929,2025-08-27 07:41:01,"PRESENT","iNaturalist Australia"
"1790","a9762537-e47e-47fb-af43-d129796c2ab2","Passiflora edulis","https://id.biodiversity.org.au/node/apni/2902546",-33.756853,151.234938,2023-09-02 09:18:34,"PRESENT","iNaturalist Australia"
"1791","a9a94f2e-3a1c-4664-9355-3e5f828cb8ca","Acraea terpsicore","https://biodiversity.org.au/afd/taxa/ba632bea-a7b4-4b60-bf89-d63128cad841",-18.201104,144.571917,2025-08-21 12:59:00,"PRESENT","iNaturalist Australia"
"1792","a9b71c24-6476-4ffb-ae2c-9232a3bade8c","Acraea terpsicore","https://biodiversity.org.au/afd/taxa/ba632bea-a7b4-4b60-bf89-d63128cad841",-17.485143,140.840213,2025-08-03 09:42:00,"PRESENT","iNaturalist Australia"
"1793","a9bf55ab-b2d4-4952-8c5e-fef123ade650","Acraea terpsicore","https://biodiversity.org.au/afd/taxa/ba632bea-a7b4-4b60-bf89-d63128cad841",-18.650028,139.254067,2025-07-04 11:04:00,"PRESENT","iNaturalist Australia"
"1794","a9c9cc64-f02c-44e7-a9ee-216465c6d398","Passiflora foetida","https://id.biodiversity.org.au/taxon/apni/51442118",-18.652956,146.153606,2022-09-25 11:11:00,"PRESENT","iNaturalist Australia"
"1795","a9e8c01d-5b7b-4334-aef0-98546b7c79be","Passiflora foetida","https://id.biodiversity.org.au/taxon/apni/51442118",-14.470015,132.263165,2021-11-12,"PRESENT","Flora Atlas N.T."
"1796","aa0da386-63fe-4f20-8cd3-e52c2fcbcd15","Acraea terpsicore","https://biodiversity.org.au/afd/taxa/ba632bea-a7b4-4b60-bf89-d63128cad841",-19.601979,146.840663,2025-05-25 12:29:00,"PRESENT","iNaturalist Australia"
"1797","aa1c82e3-1b93-4f04-98f8-d669d8dc48a1","Passiflora edulis","https://id.biodiversity.org.au/node/apni/2902546",-26.827938,152.716446,2025-01-03 08:27:00,"PRESENT","iNaturalist Australia"
"1798","aa1ee1d6-00cb-4965-a28e-1e0c8074a849","Passiflora foetida","https://id.biodiversity.org.au/name/apni/51741309",-27.566859,153.280389,2026-01-28 06:30:48,"PRESENT","iNaturalist Australia"
"1799","aa2a90c3-554e-4a5b-8b37-3f297d631d13","Passiflora edulis","https://id.biodiversity.org.au/node/apni/2902546",-16.8,145.7,2022-05-05 16:40:00,"PRESENT","Earth Guardians Weekly Feed"
"1800","aa728551-e5fd-4336-8291-089353eaa826","Acraea terpsicore","https://biodiversity.org.au/afd/taxa/ba632bea-a7b4-4b60-bf89-d63128cad841",-17.505563,140.82187,2023-07-31 11:34:30,"PRESENT","iNaturalist Australia"
"1801","aa85eea1-5235-482f-92d5-6d85c34c33fa","Acraea terpsicore","https://biodiversity.org.au/afd/taxa/ba632bea-a7b4-4b60-bf89-d63128cad841",-19.312944,146.724154,2025-09-12 12:12:00,"PRESENT","iNaturalist Australia"
"1802","aaa602a3-1bc2-484f-b455-e478e8ee7433","Passiflora edulis","https://id.biodiversity.org.au/node/apni/2902546",-27.775583,153.048159,2023-06-21 11:42:00,"PRESENT","iNaturalist Australia"
"1803","aabe5994-e799-47b6-98ef-28bfa4e867f9","Acraea terpsicore","https://biodiversity.org.au/afd/taxa/ba632bea-a7b4-4b60-bf89-d63128cad841",-20.611291,139.593505,2025-09-12 11:22:00,"PRESENT","iNaturalist Australia"
"1804","aae2d761-38a9-4668-8db2-6ab44790f0dd","Acraea terpsicore","https://biodiversity.org.au/afd/taxa/ba632bea-a7b4-4b60-bf89-d63128cad841",-16.1076,144.776466,2022-06-27 02:15:00,"PRESENT","Butterflies Australia"
"1805","aaec8589-e9f1-4fc1-ab72-7f6c0a8d55f6","Passiflora foetida","https://id.biodiversity.org.au/taxon/apni/51442118",-27.21,152.99,2024-10-09,"PRESENT","WeedScan"
"1806","ab233dbd-45a1-426b-bd6a-a3b912fef33c","Passiflora foetida","https://id.biodiversity.org.au/taxon/apni/51442118",-24.807701,152.438133,2022-04-27 07:35:27,"PRESENT","iNaturalist Australia"
"1807","ab40f3b8-523b-4521-bbcc-3d3387c103e9","Passiflora edulis","https://id.biodiversity.org.au/node/apni/2902546",-33.863908,151.0134,2025-04-28 13:07:00,"PRESENT","iNaturalist Australia"
"1808","ab429665-3ce2-4f88-bd12-6c0f595344cc","Passiflora foetida","https://id.biodiversity.org.au/taxon/apni/51442118",-28.108595,153.45087,2025-10-05 08:43:00,"PRESENT","iNaturalist Australia"
"1809","ab549c96-f36f-465a-8dc1-e9082affd458","Acraea terpsicore","https://biodiversity.org.au/afd/taxa/ba632bea-a7b4-4b60-bf89-d63128cad841",-26.621175,153.065247,2024-03-02 08:52:00,"PRESENT","iNaturalist Australia"
"1810","ab795638-fdfe-479d-8394-ebb02dbb9393","Passiflora foetida","https://id.biodiversity.org.au/taxon/apni/51442118",-14.472883,132.263832,2021-11-15,"PRESENT","Flora Atlas N.T."
"1811","ab7dd9d4-2960-44b2-b5d0-3c7da680768f","Passiflora foetida","https://id.biodiversity.org.au/name/apni/51741309",-27.550286,152.508497,2025-02-26 09:05:00,"PRESENT","iNaturalist Australia"
"1812","abc00c69-7f04-42db-8a98-cece52cb3505","Acraea terpsicore","https://biodiversity.org.au/afd/taxa/ba632bea-a7b4-4b60-bf89-d63128cad841",-16.742664,137.487504,2025-07-20 11:37:00,"PRESENT","iNaturalist Australia"
"1813","abc0527b-b236-45fa-9eb9-c063e2eb17fd","Passiflora foetida","https://id.biodiversity.org.au/taxon/apni/51442118",-12.463733,130.844445,2022-09-21 08:47:00,"PRESENT","iNaturalist Australia"
"1814","abf58fd8-bc97-4a7f-8a8b-b253d514593c","Passiflora edulis","https://id.biodiversity.org.au/node/apni/2902546",-33.597609,151.009999,2025-04-28 07:17:11,"PRESENT","iNaturalist Australia"
"1815","ac61d9bc-fc7d-4be3-b5d5-1d90088d4c4c","Acraea terpsicore","https://biodiversity.org.au/afd/taxa/ba632bea-a7b4-4b60-bf89-d63128cad841",-21.161211,148.884187,2024-03-08 11:47:37,"PRESENT","iNaturalist Australia"
"1816","ac63d65e-e5b8-41d1-a9e8-e27e1ceaa5cb","Acraea terpsicore","https://biodiversity.org.au/afd/taxa/ba632bea-a7b4-4b60-bf89-d63128cad841",-14.4,132.4,2021-01-02 17:24:00,"PRESENT","Earth Guardians Weekly Feed"
"1817","ac8e705b-ca14-4417-ba14-2d33ac0fdfe0","Passiflora edulis","https://id.biodiversity.org.au/node/apni/2902546",-33.243683,151.364395,2024-03-02 10:25:00,"PRESENT","iNaturalist Australia"
"1818","ac939479-1fc7-4dc3-8059-8dc1d0250cb8","Passiflora edulis","https://id.biodiversity.org.au/node/apni/2902546",-34.794578,150.488752,2022-01-19,"PRESENT","NSW BioNet Atlas"
"1819","ac93d9fa-4f31-4605-8792-87db95b65a9f","Acraea terpsicore","https://biodiversity.org.au/afd/taxa/ba632bea-a7b4-4b60-bf89-d63128cad841",-27.902728,153.299028,2025-02-13 12:49:38,"PRESENT","iNaturalist Australia"
"1820","aca2b87d-bde3-4003-86da-1bd7d4586051","Acraea terpsicore","https://biodiversity.org.au/afd/taxa/ba632bea-a7b4-4b60-bf89-d63128cad841",-18.182647,142.265142,2025-05-16 11:43:00,"PRESENT","iNaturalist Australia"
"1821","acddfca1-1196-42d4-b7f6-8626827863a2","Passiflora edulis","https://id.biodiversity.org.au/node/apni/2902546",-33.761988,150.860245,2023-08-19 17:09:14,"PRESENT","iNaturalist Australia"
"1822","ad13ca3e-6a75-4e28-a992-c46e00cf8285","Passiflora foetida","https://id.biodiversity.org.au/taxon/apni/51442118",-17.764167,140.687778,2021-05-23,"PRESENT","BRI AVH Data and Images"
"1823","ad33a735-7cf4-4c77-b058-19b00a65af73","Passiflora edulis","https://id.biodiversity.org.au/node/apni/2902546",-27.936957,153.177496,2025-05-05 14:56:00,"PRESENT","iNaturalist Australia"
"1824","ad45aa8e-e117-4b23-a7bf-5aabf81331ae","Acraea terpsicore","https://biodiversity.org.au/afd/taxa/ba632bea-a7b4-4b60-bf89-d63128cad841",-19.192381,146.769276,2022-01-01 04:07:00,"PRESENT","iNaturalist Australia"
"1825","ad7bf140-db53-4ad0-bf20-89096ef4d348","Passiflora foetida","https://id.biodiversity.org.au/taxon/apni/51442118",-14.468282,132.264586,2021-06-10,"PRESENT","Flora Atlas N.T."
"1826","ad809b47-8eb9-416d-a154-867f47992508","Acraea terpsicore","https://biodiversity.org.au/afd/taxa/ba632bea-a7b4-4b60-bf89-d63128cad841",-12.376485,130.852151,2025-06-29 11:43:00,"PRESENT","iNaturalist Australia"
"1827","ad88708c-9eb2-4514-a570-5c432f18428f","Passiflora foetida","https://id.biodiversity.org.au/taxon/apni/51442118",-24.150848,151.884979,2024-04-10 10:49:45,"PRESENT","iNaturalist Australia"
"1828","ad9285fe-977b-4450-b269-80cf9d6f9648","Passiflora edulis","https://id.biodiversity.org.au/node/apni/2902546",-36.297176,150.132202,2024-08-18 08:01:00,"PRESENT","iNaturalist Australia"
"1829","ada062d7-d50a-4c95-bb47-dca4e086740e","Acraea terpsicore","https://biodiversity.org.au/afd/taxa/ba632bea-a7b4-4b60-bf89-d63128cad841",-28.493208,153.5507,2022-02-16 13:07:00,"PRESENT","iNaturalist Australia"
"1830","ada64aed-ffc3-448d-8b08-f9946e4696cb","Passiflora foetida","https://id.biodiversity.org.au/taxon/apni/51442118",-25.292665,152.822945,2024-03-19 10:07:00,"PRESENT","iNaturalist Australia"
"1831","ada73e4e-d166-4d7e-a0ac-69b1172ba684","Passiflora foetida","https://id.biodiversity.org.au/name/apni/51741309",-24.160487,151.885715,2024-09-06 10:54:00,"PRESENT","iNaturalist Australia"
"1832","adb72256-7db7-4a94-b202-c1ae19f4ddd4","Acraea terpsicore","https://biodiversity.org.au/afd/taxa/ba632bea-a7b4-4b60-bf89-d63128cad841",-22.480569,143.171093,2025-09-30 13:21:34,"PRESENT","iNaturalist Australia"
"1833","adb739f1-6b61-4409-ba7d-ae4798ab6a17","Passiflora edulis","https://id.biodiversity.org.au/node/apni/2902546",-27.3635,152.768325,2025-09-09 11:51:21,"PRESENT","iNaturalist Australia"
"1834","adc2339b-91e0-4d03-8676-c7bd7317add7","Passiflora foetida","https://id.biodiversity.org.au/taxon/apni/51442118",-12.615384,143.430676,2022-10-05 10:24:17,"PRESENT","iNaturalist Australia"
"1835","adf616ff-5925-41a0-895d-2b90d1d80aa8","Passiflora edulis","https://id.biodiversity.org.au/node/apni/2902546",-33.899355,151.180983,2025-12-15 13:55:41,"PRESENT","iNaturalist Australia"
"1836","ae023676-ef2b-4ea8-8e78-bd9b9b198c76","Passiflora edulis","https://id.biodiversity.org.au/node/apni/2902546",-27.294531,152.2836,2025-03-30 09:24:00,"PRESENT","iNaturalist Australia"
"1837","ae2813a6-ee70-49f3-a572-fd9860389936","Passiflora edulis","https://id.biodiversity.org.au/node/apni/2902546",-30.33023,153.04512,2022-04-17 10:13:44,"PRESENT","iNaturalist Australia"
"1838","ae8859c5-6145-4975-aa2f-d2c4a8d7bcaf","Passiflora edulis","https://id.biodiversity.org.au/node/apni/2902546",-26.578753,153.010392,2021-08-10 13:40:06,"PRESENT","iNaturalist Australia"
"1839","ae9c91ed-dc29-457e-b12c-f72ee4e86633","Passiflora foetida","https://id.biodiversity.org.au/taxon/apni/51442118",-14.472157,132.260862,2021-11-05,"PRESENT","Flora Atlas N.T."
"1840","aea3042c-d8a6-42a9-b9a1-9e93442ebdf9","Passiflora foetida","https://id.biodiversity.org.au/name/apni/51741309",-27.550503,152.508881,2025-01-02 13:54:00,"PRESENT","iNaturalist Australia"
"1841","aec36a22-d51b-4f08-9bea-1e8335a7a29a","Passiflora edulis","https://id.biodiversity.org.au/node/apni/2902546",-17.427196,145.485758,2024-05-23 11:27:00,"PRESENT","iNaturalist Australia"
"1842","aecd483b-5ede-4a0e-bd0a-b2969f15f3bf","Passiflora edulis","https://id.biodiversity.org.au/node/apni/2902546",-27.493288,152.939968,2026-01-15 09:32:26,"PRESENT","iNaturalist Australia"
"1843","aeeb40f1-c203-4c4a-a79c-cc0461eba101","Passiflora foetida","https://id.biodiversity.org.au/taxon/apni/51442118",-27.749039,153.028001,2022-04-28 09:43:14,"PRESENT","iNaturalist Australia"
"1844","aeee0d78-a8da-47ee-b36b-72cf09e71972","Acraea terpsicore","https://biodiversity.org.au/afd/taxa/ba632bea-a7b4-4b60-bf89-d63128cad841",-12.565753,131.305724,2025-06-27 10:49:00,"PRESENT","iNaturalist Australia"
"1845","af769eb2-76d7-41eb-a09c-0e30290ca845","Passiflora edulis","https://id.biodiversity.org.au/node/apni/2902546",-27.975538,153.281105,2024-12-02 10:17:00,"PRESENT","iNaturalist Australia"
"1846","af86d0f2-346d-4516-9ec9-9547ad0d7a1d","Acraea terpsicore","https://biodiversity.org.au/afd/taxa/ba632bea-a7b4-4b60-bf89-d63128cad841",-26.593439,153.139979,2023-04-29 17:10:32,"PRESENT","iNaturalist Australia"
"1847","af8d3a63-aa16-43ff-82d1-9a039daafc3b","Passiflora foetida","https://id.biodiversity.org.au/taxon/apni/51442118",-27.549642,152.5093,2023-11-19 15:41:23,"PRESENT","iNaturalist Australia"
"1848","af911219-3b0c-46af-a606-cb3c3ace3ea8","Acraea terpsicore","https://biodiversity.org.au/afd/taxa/ba632bea-a7b4-4b60-bf89-d63128cad841",-16.727888,125.46473,2025-01-29 18:57:05,"PRESENT","iNaturalist Australia"
"1849","af957722-653c-4cf5-a2ad-37c5963dbb30","Passiflora foetida","https://id.biodiversity.org.au/taxon/apni/51442118",-27.637763,152.048166,2023-05-29 16:25:15,"PRESENT","iNaturalist Australia"
"1850","afa1eeb0-f871-42c6-9983-0d061e765b2e","Passiflora edulis","https://id.biodiversity.org.au/node/apni/2902546",-26.7174,153.0637,2022-04-03 12:55:00,"PRESENT","iNaturalist Australia"
"1851","afdcdefc-cdcb-4496-b6a6-8c177d3676e9","Passiflora edulis","https://id.biodiversity.org.au/node/apni/2902546",-31.572178,152.810516,2024-05-14 11:56:00,"PRESENT","iNaturalist Australia"
"1852","afe77421-cb99-41f8-bf94-423c009d4eef","Passiflora edulis","https://id.biodiversity.org.au/node/apni/2902546",-31.626768,152.736988,2024-08-06,"PRESENT","NSW BioNet Atlas"
"1853","aff3ac65-2034-4f61-9e0d-dd2f66ea33fc","Passiflora edulis","https://id.biodiversity.org.au/node/apni/2902546",-34.137434,150.995366,2024-09-29 14:41:00,"PRESENT","iNaturalist Australia"
"1854","b021337c-db65-44f2-9e39-7df65b489688","Passiflora edulis","https://id.biodiversity.org.au/node/apni/2902546",-33.067931,151.545502,2025-08-12 11:13:50,"PRESENT","iNaturalist Australia"
"1855","b03faf57-d600-4bf2-885e-451dc0775346","Passiflora edulis","https://id.biodiversity.org.au/node/apni/2902546",-17.210638,145.478806,2025-11-03 15:00:35,"PRESENT","iNaturalist Australia"
"1856","b05202be-08a3-4319-b185-674d55435d48","Acraea terpsicore","https://biodiversity.org.au/afd/taxa/ba632bea-a7b4-4b60-bf89-d63128cad841",-27.4847,152.95529,2023-02-11 23:13:00,"PRESENT","Butterflies Australia"
"1857","b05309a7-1c15-44f4-8a48-02d39f8086e2","Acraea terpsicore","https://biodiversity.org.au/afd/taxa/ba632bea-a7b4-4b60-bf89-d63128cad841",-14.178925,132.189158,2024-05-16 16:36:00,"PRESENT","iNaturalist Australia"
"1858","b05532e9-bdae-4204-b044-74921822f8da","Passiflora edulis","https://id.biodiversity.org.au/node/apni/2902546",-27.422598,152.903275,2025-07-26 13:20:04,"PRESENT","iNaturalist Australia"
"1859","b07faa2c-efb9-41a7-ae54-4597a5740eda","Passiflora foetida","https://id.biodiversity.org.au/taxon/apni/51442118",-14.470895,132.259976,2021-07-05,"PRESENT","Flora Atlas N.T."
"1860","b0862801-9ae3-4841-878d-ccaa89dc8622","Passiflora foetida","https://id.biodiversity.org.au/taxon/apni/51442118",-23.78988,151.1675,2024-10-22 11:41:00,"PRESENT","iNaturalist Australia"
"1861","b08e4a19-7ef6-40a1-bef5-ffa96346fd25","Acraea terpsicore","https://biodiversity.org.au/afd/taxa/ba632bea-a7b4-4b60-bf89-d63128cad841",-12.410993,130.831478,2025-05-24 13:42:00,"PRESENT","iNaturalist Australia"
"1862","b0aef9bf-5f78-4324-85c5-9a0e1392dd14","Acraea terpsicore","https://biodiversity.org.au/afd/taxa/ba632bea-a7b4-4b60-bf89-d63128cad841",-19.23924,146.805329,2024-05-23 12:31:00,"PRESENT","iNaturalist Australia"
"1863","b0b17403-38bf-411c-b1ca-743c8a86f2b0","Passiflora edulis","https://id.biodiversity.org.au/node/apni/2902546",-26.778229,153.108719,2024-05-18 08:54:00,"PRESENT","iNaturalist Australia"
"1864","b0c837a6-0287-4df9-8bcf-c123a8931ed1","Passiflora edulis","https://id.biodiversity.org.au/node/apni/2902546",-33.86955,151.013961,2023-02-12 10:32:36,"PRESENT","iNaturalist Australia"
"1865","b0cf9f7f-dd6a-4602-a91b-86e541b6ac6d","Acraea terpsicore","https://biodiversity.org.au/afd/taxa/ba632bea-a7b4-4b60-bf89-d63128cad841",-21.161211,148.884187,2024-03-08 11:47:37,"PRESENT","iNaturalist Australia"
"1866","b0db8763-2ccc-4150-9686-7c56510be6c4","Passiflora foetida","https://id.biodiversity.org.au/taxon/apni/51442118",-16.756386,145.672122,2021-07-19 15:16:00,"PRESENT","iNaturalist Australia"
"1867","b0eac935-9a1a-49ea-959a-6bfe3a68e31e","Acraea terpsicore","https://biodiversity.org.au/afd/taxa/ba632bea-a7b4-4b60-bf89-d63128cad841",-12.432945,130.944804,2022-04-10 13:21:00,"PRESENT","iNaturalist Australia"
"1868","b1148b50-c7ad-4850-a973-df5382172429","Acraea terpsicore","https://biodiversity.org.au/afd/taxa/ba632bea-a7b4-4b60-bf89-d63128cad841",-19.17215,146.82803,2022-07-14 14:14:00,"PRESENT","iNaturalist Australia"
"1869","b114981c-e03b-42aa-b6a0-9153788d329d","Acraea terpsicore","https://biodiversity.org.au/afd/taxa/ba632bea-a7b4-4b60-bf89-d63128cad841",-10.5792,142.21488,2023-06-04,"PRESENT","Butterflies Australia"
"1870","b11cfe9d-88bb-4e1e-843b-0efb12afe04c","Passiflora edulis","https://id.biodiversity.org.au/node/apni/2902546",-28.29158,153.06398,2025-11-30 09:49:00,"PRESENT","iNaturalist Australia"
"1871","b1211158-ad5d-4132-9d76-c4bb48e1864c","Acraea terpsicore","https://biodiversity.org.au/afd/taxa/ba632bea-a7b4-4b60-bf89-d63128cad841",-15.524453,145.271731,2025-07-20 12:22:00,"PRESENT","iNaturalist Australia"
"1872","b126805e-2eb3-40e0-8d4a-eda9a90dfb5b","Passiflora foetida","https://id.biodiversity.org.au/taxon/apni/51442118",-27.70118,152.827948,2025-04-14 09:07:19,"PRESENT","iNaturalist Australia"
"1873","b12ec922-50b6-43b3-9410-bb58f123c582","Acraea terpsicore","https://biodiversity.org.au/afd/taxa/ba632bea-a7b4-4b60-bf89-d63128cad841",-23.843791,151.102896,2023-04-21 10:16:00,"PRESENT","iNaturalist Australia"
"1874","b1342a82-58e3-4fe8-b30d-647fa56a4aa9","Acraea terpsicore","https://biodiversity.org.au/afd/taxa/ba632bea-a7b4-4b60-bf89-d63128cad841",-19.56895,138.81176,2023-09-07 02:01:00,"PRESENT","Butterflies Australia"
"1875","b13da304-c8bb-4951-9836-ad2c1d65b105","Acraea terpsicore","https://biodiversity.org.au/afd/taxa/ba632bea-a7b4-4b60-bf89-d63128cad841",-20.014916,148.266059,2023-10-08 11:49:00,"PRESENT","iNaturalist Australia"
"1876","b14165ba-039c-4c73-abcd-a49346c260f1","Acraea terpsicore","https://biodiversity.org.au/afd/taxa/ba632bea-a7b4-4b60-bf89-d63128cad841",-14.193259,129.453193,2024-09-15 11:10:00,"PRESENT","iNaturalist Australia"
"1877","b14c342f-a8f5-40f0-b9df-b75cf45e7b53","Passiflora foetida","https://id.biodiversity.org.au/taxon/apni/51442118",-27.538852,152.772809,2025-05-09 11:49:37,"PRESENT","iNaturalist Australia"
"1878","b1697baf-40d2-4899-ac64-5d959186ad26","Acraea terpsicore","https://biodiversity.org.au/afd/taxa/ba632bea-a7b4-4b60-bf89-d63128cad841",-15.974562,144.82883,2021-06-03 12:40:00,"PRESENT","iNaturalist Australia"
"1879","b172ec1c-a53b-4181-8f0d-4fe9b2d64ca3","Passiflora edulis","https://id.biodiversity.org.au/node/apni/2902546",-26.380197,153.028965,2024-04-28 10:51:56,"PRESENT","iNaturalist Australia"
"1880","b1814f3d-60cf-452a-ab42-9e44b94411a3","Passiflora edulis","https://id.biodiversity.org.au/node/apni/2902546",-31.592392,151.721663,2024-06-03 14:03:37,"PRESENT","iNaturalist Australia"
"1881","b1b37f62-0579-4afc-a1d8-d8c75fed23b6","Acraea terpsicore","https://biodiversity.org.au/afd/taxa/ba632bea-a7b4-4b60-bf89-d63128cad841",-26.612577,153.064414,2023-06-09 13:55:00,"PRESENT","iNaturalist Australia"
"1882","b1bddc14-d1cf-4706-9ac1-317e7edbf671","Acraea terpsicore","https://biodiversity.org.au/afd/taxa/ba632bea-a7b4-4b60-bf89-d63128cad841",-12.378683,130.848405,2025-06-01 17:23:00,"PRESENT","iNaturalist Australia"
"1883","b1d83f88-7871-4e65-8fe8-17de117b4a3d","Acraea terpsicore","https://biodiversity.org.au/afd/taxa/ba632bea-a7b4-4b60-bf89-d63128cad841",-27.48585,152.95141,2022-01-14 02:15:00,"PRESENT","Butterflies Australia"
"1884","b1ed0ba8-d74e-4943-bd9e-e3a30d43ccd3","Passiflora foetida","https://id.biodiversity.org.au/name/apni/51741309",-26.010292,152.753412,2025-01-26 07:59:47,"PRESENT","iNaturalist Australia"
"1885","b1fe1d59-5e4d-480a-812f-e6f5283c7ceb","Passiflora edulis","https://id.biodiversity.org.au/node/apni/2902546",-27.668046,152.922229,2025-05-04 11:29:21,"PRESENT","iNaturalist Australia"
"1886","b216ca9b-03ad-4446-8dc4-ef284e720564","Passiflora foetida","https://id.biodiversity.org.au/taxon/apni/51442118",-27.470628,152.545644,2024-05-19 12:13:48,"PRESENT","iNaturalist Australia"
"1887","b224307a-e57b-4697-bd91-38011b60f742","Passiflora edulis","https://id.biodiversity.org.au/node/apni/2902546",-33.489037,151.184478,2024-11-08 18:56:44,"PRESENT","iNaturalist Australia"
"1888","b2246c5d-700a-4126-a1ef-d2988b6f6d55","Passiflora foetida","https://id.biodiversity.org.au/taxon/apni/51442118",-22.109944,146.330527,2025-07-27 13:43:32,"PRESENT","iNaturalist Australia"
"1889","b2314bdb-39e1-4821-8b76-81b48c903fd2","Acraea terpsicore","https://biodiversity.org.au/afd/taxa/ba632bea-a7b4-4b60-bf89-d63128cad841",-21.778503,148.933989,2025-07-09 13:30:00,"PRESENT","iNaturalist Australia"
"1890","b2407ef2-80eb-4764-91a0-cbe6a1de3cee","Acraea terpsicore","https://biodiversity.org.au/afd/taxa/ba632bea-a7b4-4b60-bf89-d63128cad841",-27.45527,152.89127,2022-02-16 22:54:00,"PRESENT","Butterflies Australia"
"1891","b2423edc-bf9c-45a7-b489-ec1fcc8cfa77","Acraea terpsicore","https://biodiversity.org.au/afd/taxa/ba632bea-a7b4-4b60-bf89-d63128cad841",-16.160978,136.754338,2024-07-22 08:24:16,"PRESENT","iNaturalist Australia"
"1892","b2630549-c6d3-4870-a257-493e6d765152","Passiflora foetida","https://id.biodiversity.org.au/name/apni/51741309",-15.751978,145.291197,2023-11-23 17:12:18,"PRESENT","iNaturalist Australia"
"1893","b2795ecf-3ea5-4002-9353-d49a8345bc45","Acraea terpsicore","https://biodiversity.org.au/afd/taxa/ba632bea-a7b4-4b60-bf89-d63128cad841",-27.485256,152.954423,2022-01-21 14:05:30,"PRESENT","iNaturalist Australia"
"1894","b27baacd-911d-4d94-8de8-c9e17b8ea818","Passiflora foetida","https://id.biodiversity.org.au/taxon/apni/51442118",-12.438313,130.87759,2021-05-29 13:23:00,"PRESENT","iNaturalist Australia"
"1895","b2a50219-1ae7-487d-a9a2-47202d321399","Acraea terpsicore","https://biodiversity.org.au/afd/taxa/ba632bea-a7b4-4b60-bf89-d63128cad841",-17.155436,144.521359,2023-07-04 17:16:32,"PRESENT","iNaturalist Australia"
"1896","b2a8cc08-7098-4bc2-a148-5874982c2825","Acraea terpsicore","https://biodiversity.org.au/afd/taxa/ba632bea-a7b4-4b60-bf89-d63128cad841",-10.602,142.2551,2023-06-03 01:30:00,"PRESENT","Butterflies Australia"
"1897","b2b4b8ab-1ebd-4c51-bd39-741f662b1108","Passiflora foetida","https://id.biodiversity.org.au/taxon/apni/51442118",-25.501105,152.73756,2024-06-27 14:59:43,"PRESENT","iNaturalist Australia"
"1898","b2cad398-6677-4eb6-9171-2d4403c556af","Passiflora edulis","https://id.biodiversity.org.au/node/apni/2902546",-16.798,145.7011,2023-10-23 16:36:00,"PRESENT","iNaturalist Australia"
"1899","b2d3ca47-2fea-48a5-a428-c38fab5c3b8c","Acraea terpsicore","https://biodiversity.org.au/afd/taxa/ba632bea-a7b4-4b60-bf89-d63128cad841",-19.1877,146.7708,2025-04-24 14:22:00,"PRESENT","iNaturalist Australia"
"1900","b2eacf9d-a82a-4aac-a621-cdfa46d8555a","Acraea terpsicore","https://biodiversity.org.au/afd/taxa/ba632bea-a7b4-4b60-bf89-d63128cad841",-19.324537,146.75145,2025-05-14,"PRESENT","iNaturalist Australia"
"1901","b2f8171c-24c0-43eb-8b75-e546bc098143","Passiflora edulis","https://id.biodiversity.org.au/node/apni/2902546",-28.328444,153.024246,2025-10-21 13:58:00,"PRESENT","iNaturalist Australia"
"1902","b3467f95-68d5-40ea-b07b-85697536f52f","Acraea terpsicore","https://biodiversity.org.au/afd/taxa/ba632bea-a7b4-4b60-bf89-d63128cad841",-19.002622,146.396853,2023-06-12 16:45:00,"PRESENT","iNaturalist Australia"
"1903","b36b7d8a-ae9c-4384-893c-910456f7dbef","Acraea terpsicore","https://biodiversity.org.au/afd/taxa/ba632bea-a7b4-4b60-bf89-d63128cad841",-12.642959,141.864026,2021-05-01 09:10:00,"PRESENT","iNaturalist Australia"
"1904","b36fd908-64bb-49be-ae14-651c0f751dfd","Passiflora foetida","https://id.biodiversity.org.au/taxon/apni/51442118",-27.556019,153.276058,2025-02-22,"PRESENT","iNaturalist Australia"
"1905","b372d671-eaa3-46ee-863f-6f07ac32041c","Passiflora foetida","https://id.biodiversity.org.au/taxon/apni/51442118",-25.358163,152.806972,2023-03-04 08:15:00,"PRESENT","iNaturalist Australia"
"1906","b387782c-4486-45ad-9b56-1dc590dbf7b8","Acraea terpsicore","https://biodiversity.org.au/afd/taxa/ba632bea-a7b4-4b60-bf89-d63128cad841",-17.413423,145.067651,2023-04-21 12:15:00,"PRESENT","iNaturalist Australia"
"1907","b39d12a4-67e9-412f-b72c-4b4b220b562c","Passiflora edulis","https://id.biodiversity.org.au/node/apni/2902546",-27.573632,153.159273,2022-12-13 19:37:00,"PRESENT","iNaturalist Australia"
"1908","b3b531fe-341e-4a08-bc63-7ffefd6417da","Passiflora edulis","https://id.biodiversity.org.au/node/apni/2902546",-27.905081,153.394082,2025-03-02 10:06:00,"PRESENT","iNaturalist Australia"
"1909","b3c03bfe-8582-4558-b350-0ad03fda2430","Passiflora edulis","https://id.biodiversity.org.au/node/apni/2902546",-33.548557,151.014522,2026-01-14 08:05:41,"PRESENT","iNaturalist Australia"
"1910","b473a450-2051-4b05-8f77-ea6b4a0296fb","Acraea terpsicore","https://biodiversity.org.au/afd/taxa/ba632bea-a7b4-4b60-bf89-d63128cad841",-17.075493,145.740984,2021-02-18 12:55:00,"PRESENT","iNaturalist Australia"
"1911","b4866f1b-98c4-468f-aac6-a6fdc817f53f","Acraea terpsicore","https://biodiversity.org.au/afd/taxa/ba632bea-a7b4-4b60-bf89-d63128cad841",-20.014923,148.266064,2023-10-08 11:50:00,"PRESENT","iNaturalist Australia"
"1912","b48fd6c1-2807-455c-9418-038d7cc360dc","Passiflora foetida","https://id.biodiversity.org.au/taxon/apni/51442118",-21.97296,149.661123,2023-09-03 09:12:00,"PRESENT","iNaturalist Australia"
"1913","b4b8b9e0-150f-44ad-b112-7d5a308ce8d6","Passiflora foetida","https://id.biodiversity.org.au/name/apni/51741309",-24.951792,152.247588,2025-03-09 07:41:56,"PRESENT","iNaturalist Australia"
"1914","b4bb4a54-2484-4aef-99af-6e9e501deced","Passiflora foetida","https://id.biodiversity.org.au/taxon/apni/51442118",-27.538797,153.037858,2022-05-20 20:25:00,"PRESENT","iNaturalist Australia"
"1915","b4db0be3-007b-4477-9053-61469ef3e827","Acraea terpsicore","https://biodiversity.org.au/afd/taxa/ba632bea-a7b4-4b60-bf89-d63128cad841",-12.409526,130.831972,2025-05-11 11:32:00,"PRESENT","iNaturalist Australia"
"1916","b4f44566-8cc9-4c97-9f06-451011809a2d","Acraea terpsicore","https://biodiversity.org.au/afd/taxa/ba632bea-a7b4-4b60-bf89-d63128cad841",-17.4861,128.376205,2025-05-16 13:53:29,"PRESENT","iNaturalist Australia"
"1917","b4f64337-6b96-4f70-afd3-2c9afd6249e2","Passiflora edulis","https://id.biodiversity.org.au/node/apni/2902546",-25.337528,153.201142,2021-06-06 15:45:51,"PRESENT","iNaturalist Australia"
"1918","b4fdabed-e5aa-4b32-bf2c-5d1733459359","Acraea terpsicore","https://biodiversity.org.au/afd/taxa/ba632bea-a7b4-4b60-bf89-d63128cad841",-17.412684,124.942986,2021-06-11 15:28:00,"PRESENT","iNaturalist Australia"
"1919","b51565c9-ae02-475b-b1bd-da84d3f19878","Acraea terpsicore","https://biodiversity.org.au/afd/taxa/ba632bea-a7b4-4b60-bf89-d63128cad841",-19.283184,146.814061,2023-09-08 16:55:00,"PRESENT","iNaturalist Australia"
"1920","b55a0ede-654e-40b4-9e3c-cbb25eb0083b","Acraea terpsicore","https://biodiversity.org.au/afd/taxa/ba632bea-a7b4-4b60-bf89-d63128cad841",-14.315565,132.421121,2024-08-06 15:58:52,"PRESENT","iNaturalist Australia"
"1921","b56870a0-057f-427a-92ce-d6520f01209d","Passiflora foetida","https://id.biodiversity.org.au/taxon/apni/51442118",-27.448278,152.928403,2025-01-18 10:55:37,"PRESENT","iNaturalist Australia"
"1922","b56eb2c9-a31b-4d03-9f1e-f0c95011a103","Passiflora foetida","https://id.biodiversity.org.au/taxon/apni/51442118",-24.865463,152.366684,2022-03-17 16:09:41,"PRESENT","iNaturalist Australia"
"1923","b5797b11-fc05-4f16-958e-7d1178d529ed","Acraea terpsicore","https://biodiversity.org.au/afd/taxa/ba632bea-a7b4-4b60-bf89-d63128cad841",-19.1903,146.774033,2025-06-18 11:12:00,"PRESENT","iNaturalist Australia"
"1924","b58e6e04-0f98-4a83-9f86-c3105e7320dd","Acraea terpsicore","https://biodiversity.org.au/afd/taxa/ba632bea-a7b4-4b60-bf89-d63128cad841",-19.752313,147.595742,2023-07-19 07:51:00,"PRESENT","iNaturalist Australia"
"1925","b5938e95-4eff-481c-ae11-f6de6e5f5fc0","Acraea terpsicore","https://biodiversity.org.au/afd/taxa/ba632bea-a7b4-4b60-bf89-d63128cad841",-30.64678,153.018004,2022-10-30 01:10:00,"PRESENT","NatureMapr"
"1926","b5a131b9-78be-4a85-b269-17040de4b28d","Passiflora edulis","https://id.biodiversity.org.au/node/apni/2902546",-33.781637,151.022168,2021-05-18,"PRESENT","NSW BioNet Atlas"
"1927","b5ae713a-d4ea-4c3e-94a9-852f8b01cf82","Acraea terpsicore","https://biodiversity.org.au/afd/taxa/ba632bea-a7b4-4b60-bf89-d63128cad841",-12.362282,130.866445,2023-05-21 13:30:00,"PRESENT","iNaturalist Australia"
"1928","b5cc3ee9-49b2-406f-990b-2d382c08b844","Passiflora foetida","https://id.biodiversity.org.au/node/apni/2905971",-29.428496,153.171214,2021-02-09,"PRESENT","NSW BioNet Atlas"
"1929","b5de09b7-e1d6-4880-bf8c-8b71e3b62b24","Acraea terpsicore","https://biodiversity.org.au/afd/taxa/ba632bea-a7b4-4b60-bf89-d63128cad841",-19.31658,146.74739,2021-04-02 12:19:00,"PRESENT","iNaturalist Australia"
"1930","b5e0d8d1-fb79-410a-98d1-9613071c08f6","Acraea terpsicore","https://biodiversity.org.au/afd/taxa/ba632bea-a7b4-4b60-bf89-d63128cad841",-19.25825,146.802445,2022-10-28 11:45:38,"PRESENT","iNaturalist Australia"
"1931","b5f0ab11-e7f6-4c33-af0c-8dced6688c73","Passiflora foetida","https://id.biodiversity.org.au/taxon/apni/51442118",-27.087321,153.415423,2022-10-04 07:44:00,"PRESENT","iNaturalist Australia"
"1932","b62a40da-5f86-4d3f-b209-3e85a3c38f6a","Passiflora foetida","https://id.biodiversity.org.au/taxon/apni/51442118",-25.473213,152.72003,2025-03-19 10:17:18,"PRESENT","iNaturalist Australia"
"1933","b62d30fa-d37c-4803-84b7-0011dbb6f6f0","Passiflora edulis","https://id.biodiversity.org.au/node/apni/2902546",-27.846233,153.222002,2022-12-10 08:59:00,"PRESENT","iNaturalist Australia"
"1934","b63d411e-deea-41a5-9e9f-e0631c3c206d","Acraea terpsicore","https://biodiversity.org.au/afd/taxa/ba632bea-a7b4-4b60-bf89-d63128cad841",-17.368,145.4261,2021-03-29 11:00:00,"PRESENT","Butterflies Australia"
"1935","b648d3f2-49b3-4e89-8387-0c0b822622c7","Acraea terpsicore","https://biodiversity.org.au/afd/taxa/ba632bea-a7b4-4b60-bf89-d63128cad841",-17.410611,145.061419,2021-05-25 09:43:00,"PRESENT","iNaturalist Australia"
"1936","b64ffebe-8355-47dc-941b-598a2ffc914a","Passiflora foetida","https://id.biodiversity.org.au/taxon/apni/51442118",-14.47074,132.260088,2021-11-12,"PRESENT","Flora Atlas N.T."
"1937","b65090bf-d8d7-4a4e-821f-3c765665e512","Acraea terpsicore","https://biodiversity.org.au/afd/taxa/ba632bea-a7b4-4b60-bf89-d63128cad841",-18.0283,144.0487,2021-03-22 09:15:00,"PRESENT","Butterflies Australia"
"1938","b6522583-cbe6-4202-98c9-fc23de20af03","Passiflora edulis","https://id.biodiversity.org.au/node/apni/2902546",-33.739708,151.139327,2023-11-12,"PRESENT","NSW BioNet Atlas"
"1939","b6575eea-0fcd-49e1-9e3d-6d5a61e340f2","Acraea terpsicore","https://biodiversity.org.au/afd/taxa/ba632bea-a7b4-4b60-bf89-d63128cad841",-16.757736,145.669579,2021-08-03 10:57:00,"PRESENT","iNaturalist Australia"
"1940","b6576915-6377-40f6-89f2-ec8842b7e920","Passiflora edulis","https://id.biodiversity.org.au/node/apni/2902546",-34.142862,151.03347,2026-01-06 10:03:40,"PRESENT","iNaturalist Australia"
"1941","b66ba3a2-3de6-4555-86a5-82452d85d0c3","Acraea terpsicore","https://biodiversity.org.au/afd/taxa/ba632bea-a7b4-4b60-bf89-d63128cad841",-27.905122,153.375223,2024-05-08,"PRESENT","iNaturalist Australia"
"1942","b6763cc2-fe61-4ae1-a36c-72e4974d559b","Acraea terpsicore","https://biodiversity.org.au/afd/taxa/ba632bea-a7b4-4b60-bf89-d63128cad841",-12.772178,130.409549,2025-05-26 11:10:00,"PRESENT","iNaturalist Australia"
"1943","b6a455eb-ccee-4aaa-8611-bffbb6ee29ad","Passiflora edulis","https://id.biodiversity.org.au/node/apni/2902546",-34.013609,150.977284,2025-10-01 12:00:52,"PRESENT","iNaturalist Australia"
"1944","b6cda26b-0871-489e-8e85-641b944e5b50","Acraea terpsicore","https://biodiversity.org.au/afd/taxa/ba632bea-a7b4-4b60-bf89-d63128cad841",-19.195407,146.763193,2024-04-23 09:17:47,"PRESENT","iNaturalist Australia"
"1945","b6d8477c-cd00-4c9a-99e5-819e0ad00c01","Passiflora edulis","https://id.biodiversity.org.au/node/apni/2902546",-37.780531,145.117763,2023-07-07 13:41:00,"PRESENT","iNaturalist Australia"
"1946","b6dba204-d7bc-47e6-b32b-f1ca4067a185","Passiflora edulis","https://id.biodiversity.org.au/node/apni/2902546",-33.677848,151.187801,2025-03-04 14:57:59,"PRESENT","iNaturalist Australia"
"1947","b6f60046-e84b-4d74-8d75-ebf80d3cd6df","Passiflora edulis","https://id.biodiversity.org.au/node/apni/2902546",-28.226245,152.483628,2021-10-24 08:54:00,"PRESENT","iNaturalist Australia"
"1948","b705046a-b2fb-4521-b650-638607886b46","Acraea terpsicore","https://biodiversity.org.au/afd/taxa/ba632bea-a7b4-4b60-bf89-d63128cad841",-16.903263,145.413749,2025-07-16 14:08:33,"PRESENT","iNaturalist Australia"
"1949","b717e2d8-52c2-41f0-a7cd-8a14a522d09f","Passiflora foetida","https://id.biodiversity.org.au/taxon/apni/51442118",-27.090569,153.086965,2023-09-18 11:39:42,"PRESENT","iNaturalist Australia"
"1950","b73872c9-90e9-43b9-a0a5-9d9f7e6b9dd8","Passiflora edulis","https://id.biodiversity.org.au/node/apni/2902546",-31.706102,152.697708,2024-05-18 10:37:00,"PRESENT","iNaturalist Australia"
"1951","b7438ab4-bf29-4d29-b367-735c3a47ca17","Acraea terpsicore","https://biodiversity.org.au/afd/taxa/ba632bea-a7b4-4b60-bf89-d63128cad841",-14.314842,132.42278,2021-06-01 10:37:00,"PRESENT","iNaturalist Australia"
"1952","b744ffd9-2da5-4695-b3e9-43798a7dc78a","Passiflora edulis","https://id.biodiversity.org.au/node/apni/2902546",-27.369539,152.177781,2022-04-09 09:34:00,"PRESENT","iNaturalist Australia"
"1953","b76a0e51-6569-4b2f-bc2f-456243c7c165","Acraea terpsicore","https://biodiversity.org.au/afd/taxa/ba632bea-a7b4-4b60-bf89-d63128cad841",-17.767642,139.540237,2022-06-11 11:06:05,"PRESENT","iNaturalist Australia"
"1954","b77b33c1-d06f-4e24-971f-2cc7c3ee5419","Passiflora foetida","https://id.biodiversity.org.au/taxon/apni/51442118",-19.234353,146.771988,2025-03-03 10:24:43,"PRESENT","iNaturalist Australia"
"1955","b77d03c4-434f-4a52-86ea-70962bd7e28d","Passiflora foetida","https://id.biodiversity.org.au/taxon/apni/51442118",-30.109687,153.209688,2025-08-01 16:00:07,"PRESENT","iNaturalist Australia"
"1956","b7b18650-7144-4a11-bcba-eb45be2bbf58","Acraea terpsicore","https://biodiversity.org.au/afd/taxa/ba632bea-a7b4-4b60-bf89-d63128cad841",-12.360513,130.869971,2022-04-25 15:56:00,"PRESENT","iNaturalist Australia"
"1957","b7e08938-1198-4da2-a0eb-d0256278c5e2","Passiflora edulis","https://id.biodiversity.org.au/node/apni/2902546",-27.777574,153.108366,2021-05-16 10:29:47,"PRESENT","iNaturalist Australia"
"1958","b7fda94b-29ba-43c2-b79b-c289d85e7898","Acraea terpsicore","https://biodiversity.org.au/afd/taxa/ba632bea-a7b4-4b60-bf89-d63128cad841",-16.912185,145.703615,2022-03-01 12:29:00,"PRESENT","iNaturalist Australia"
"1959","b80f6879-d22f-4658-be39-a757ac89edcb","Acraea terpsicore","https://biodiversity.org.au/afd/taxa/ba632bea-a7b4-4b60-bf89-d63128cad841",-17.36004,144.8754,2021-02-11 10:45:00,"PRESENT","Butterflies Australia"
"1960","b82e4fe7-4a4a-4286-89cf-c2b4e1697dfd","Passiflora foetida","https://id.biodiversity.org.au/name/apni/51741309",-27.550754,152.509656,2026-01-08 11:40:00,"PRESENT","iNaturalist Australia"
"1961","b869083f-1499-4e0a-8171-beaea7b1f5ef","Passiflora edulis","https://id.biodiversity.org.au/node/apni/2902546",-26.886403,152.099625,2021-06-12 10:12:00,"PRESENT","iNaturalist Australia"
"1962","b899154b-8b57-47e5-8f54-a0c4296ee24c","Passiflora edulis","https://id.biodiversity.org.au/node/apni/2902546",-27.467219,152.947128,2025-08-16 15:34:00,"PRESENT","iNaturalist Australia"
"1963","b8ceeecb-1c21-4e40-b4b2-d5504f99eb4c","Passiflora edulis","https://id.biodiversity.org.au/node/apni/2902546",-27.605046,153.095648,2025-02-12 10:09:58,"PRESENT","iNaturalist Australia"
"1964","b8e148d4-0ab4-4095-afae-8a0ccea28e8c","Passiflora edulis","https://id.biodiversity.org.au/node/apni/2902546",-16.104075,145.449753,2023-09-26 16:26:00,"PRESENT","iNaturalist Australia"
"1965","b8f5c936-2e4d-4938-a28a-aa31b9c60987","Passiflora foetida","https://id.biodiversity.org.au/taxon/apni/51442118",-26.787631,152.80984,2025-10-27 17:09:02,"PRESENT","iNaturalist Australia"
"1966","b946de30-28c4-40f6-bb33-62c2fff15c13","Acraea terpsicore","https://biodiversity.org.au/afd/taxa/ba632bea-a7b4-4b60-bf89-d63128cad841",-19.243469,146.786754,2025-05-22 14:01:00,"PRESENT","iNaturalist Australia"
"1967","b95834af-15f7-4615-aae5-2a4b3f49cbc8","Passiflora edulis","https://id.biodiversity.org.au/node/apni/2902546",-30.279167,153.133056,2024-08-27,"PRESENT","NSW BioNet Atlas"
"1968","b9583e65-a888-46df-9ed7-8e850e168097","Passiflora edulis","https://id.biodiversity.org.au/node/apni/2902546",-27.633015,153.200115,2021-10-16 11:14:00,"PRESENT","iNaturalist Australia"
"1969","b9585054-3527-4eaf-bb0d-29454731a56b","Passiflora foetida","https://id.biodiversity.org.au/name/apni/51741309",-17.467514,145.014229,2025-09-13 17:03:33,"PRESENT","iNaturalist Australia"
"1970","b9589584-d1f7-4b13-a7ba-6c1db15eee30","Acraea terpsicore","https://biodiversity.org.au/afd/taxa/ba632bea-a7b4-4b60-bf89-d63128cad841",-16.529578,145.136494,2025-11-07 09:00:00,"PRESENT","iNaturalist Australia"
"1971","b95ace62-2003-4a7e-914c-50c0301b61b1","Acraea terpsicore","https://biodiversity.org.au/afd/taxa/ba632bea-a7b4-4b60-bf89-d63128cad841",-17.977101,122.343947,2023-04-23 11:48:32,"PRESENT","iNaturalist Australia"
"1972","b95c58db-d4d0-4c6a-aaac-451023847e4c","Acraea terpsicore","https://biodiversity.org.au/afd/taxa/ba632bea-a7b4-4b60-bf89-d63128cad841",-19.25845,146.802859,2022-10-28 23:30:00,"PRESENT","Butterflies Australia"
"1973","b960d53c-932a-4e2f-881d-38cce5454721","Acraea terpsicore","https://biodiversity.org.au/afd/taxa/ba632bea-a7b4-4b60-bf89-d63128cad841",-28.01958,153.33863,2021-03-16 17:43:00,"PRESENT","Butterflies Australia"
"1974","b967015c-9ea7-4cfd-81c6-cdc403621870","Acraea terpsicore","https://biodiversity.org.au/afd/taxa/ba632bea-a7b4-4b60-bf89-d63128cad841",-17.154665,125.279835,2023-07-10 10:46:03,"PRESENT","iNaturalist Australia"
"1975","b9796d43-b093-4c3d-be67-e18fac6b771c","Passiflora foetida","https://id.biodiversity.org.au/taxon/apni/51442118",-20.491867,147.067039,2025-05-03 09:51:00,"PRESENT","iNaturalist Australia"
"1976","b9918839-28e1-49a0-a35c-cefdf2a9750a","Passiflora foetida","https://id.biodiversity.org.au/taxon/apni/51442118",-14.468532,132.263703,2021-06-10,"PRESENT","Flora Atlas N.T."
"1977","b9ad59dc-d32d-498a-acd8-d001b926f7fa","Passiflora edulis","https://id.biodiversity.org.au/node/apni/2902546",-28.220708,153.287075,2025-08-02 11:13:00,"PRESENT","iNaturalist Australia"
"1978","b9b17236-138e-45bb-a987-3f03c957cab5","Acraea terpsicore","https://biodiversity.org.au/afd/taxa/ba632bea-a7b4-4b60-bf89-d63128cad841",-17.931482,124.784465,2023-05-21 10:05:00,"PRESENT","iNaturalist Australia"
"1979","b9cebd32-0eb7-49a4-8bae-db94a4df4dce","Passiflora edulis","https://id.biodiversity.org.au/node/apni/2902546",-32.377402,152.506199,2024-07-24 12:45:00,"PRESENT","iNaturalist Australia"
"1980","b9ddf2f8-1016-4c8e-b675-b7bc5000f12a","Passiflora edulis","https://id.biodiversity.org.au/node/apni/2902546",-35.080894,138.643263,2024-11-21 09:16:29,"PRESENT","iNaturalist Australia"
"1981","b9ffced9-78ad-4594-8a65-316456fa0c2c","Acraea terpsicore","https://biodiversity.org.au/afd/taxa/ba632bea-a7b4-4b60-bf89-d63128cad841",-19.271009,146.753217,2021-04-03 23:05:00,"PRESENT","NatureMapr"
"1982","ba050caf-4a5f-4884-be2a-5615067b9210","Passiflora foetida","https://id.biodiversity.org.au/taxon/apni/51442118",-21.938513,114.130009,2022-07-31 02:34:58.173,"PRESENT","Pl@ntNet automatically identified occurrences"
"1983","ba142d39-b75d-4c91-8cff-bc76b8646ff6","Passiflora edulis","https://id.biodiversity.org.au/node/apni/2902546",-28.375552,153.017828,2025-11-12 08:45:00,"PRESENT","iNaturalist Australia"
"1984","ba3b2b32-b46d-4553-9946-eeb37ff3032f","Passiflora edulis","https://id.biodiversity.org.au/node/apni/2902546",-28.236855,152.640148,2023-09-08 09:01:00,"PRESENT","iNaturalist Australia"
"1985","ba3f413b-1b67-4dcd-97c5-c62570ae9af6","Acraea terpsicore","https://biodiversity.org.au/afd/taxa/ba632bea-a7b4-4b60-bf89-d63128cad841",-20.103687,146.883151,2022-10-01 10:55:00,"PRESENT","iNaturalist Australia"
"1986","ba477e88-afb4-42e4-b54e-30946217fbc7","Acraea terpsicore","https://biodiversity.org.au/afd/taxa/ba632bea-a7b4-4b60-bf89-d63128cad841",-14.633667,143.978903,2021-07-22 08:33:00,"PRESENT","iNaturalist Australia"
"1987","ba85c5e9-1f9d-40b9-b05b-e54bed1116e8","Acraea terpsicore","https://biodiversity.org.au/afd/taxa/ba632bea-a7b4-4b60-bf89-d63128cad841",-19.439963,146.732543,2024-04-21 12:38:00,"PRESENT","iNaturalist Australia"
"1988","ba8a65f0-7633-479f-9aae-e2c819ec9583","Acraea terpsicore","https://biodiversity.org.au/afd/taxa/ba632bea-a7b4-4b60-bf89-d63128cad841",-15.72389,135.642893,2023-06-15 16:05:00,"PRESENT","iNaturalist Australia"
"1989","ba8f1c07-6d6f-4035-8ac7-47d5e77bd444","Passiflora foetida","https://id.biodiversity.org.au/taxon/apni/51442118",-27.573768,153.284692,2024-02-15 14:24:39,"PRESENT","iNaturalist Australia"
"1990","ba9f5f04-34f2-4f74-acfd-e18ace415c53","Passiflora foetida","https://id.biodiversity.org.au/taxon/apni/51442118",-25.28169,152.69631,2025-02-12 11:17:00,"PRESENT","iNaturalist Australia"
"1991","bac46e66-b095-4eb8-a2e7-83393398fe1f","Passiflora edulis","https://id.biodiversity.org.au/node/apni/2902546",-33.900124,151.249669,2024-03-05 17:09:53,"PRESENT","iNaturalist Australia"
"1992","badf31bf-0dee-422e-b077-02606a488b44","Acraea terpsicore","https://biodiversity.org.au/afd/taxa/ba632bea-a7b4-4b60-bf89-d63128cad841",-17.3853,145.3826,2021-04-08 11:00:00,"PRESENT","Butterflies Australia"
"1993","bb03caa5-fc03-4f36-8a66-9fa877dae3e4","Passiflora foetida","https://id.biodiversity.org.au/taxon/apni/51442118",-25.360634,152.865925,2023-12-12 16:01:12,"PRESENT","iNaturalist Australia"
"1994","bb13f996-b525-4741-adaf-89f3de24ec08","Passiflora edulis","https://id.biodiversity.org.au/node/apni/2902546",-32.759083,151.8609,2024-08-07 10:37:51,"PRESENT","iNaturalist Australia"
"1995","bb3b2ff0-0bce-4fad-bcee-79de6c993e40","Passiflora edulis","https://id.biodiversity.org.au/node/apni/2902546",-33.71126,150.973206,2024-09-18 12:28:00,"PRESENT","iNaturalist Australia"
"1996","bb56c340-932b-4f90-ad4f-fccadef3abe2","Passiflora foetida","https://id.biodiversity.org.au/taxon/apni/51442118",-27.14584,152.925339,2021-05-13 10:23:49,"PRESENT","iNaturalist Australia"
"1997","bbcc0f1a-2238-4e19-828e-1c0293c4a21f","Acraea terpsicore","https://biodiversity.org.au/afd/taxa/ba632bea-a7b4-4b60-bf89-d63128cad841",-12.332978,130.893963,2023-05-08 11:43:28,"PRESENT","iNaturalist Australia"
"1998","bbce677a-fb81-4af5-9d42-69ebab8a30b2","Acraea terpsicore","https://biodiversity.org.au/afd/taxa/ba632bea-a7b4-4b60-bf89-d63128cad841",-12.453966,130.949789,2024-05-18 13:36:00,"PRESENT","iNaturalist Australia"
"1999","bbd06759-430b-4c5b-95f9-58be03dbc24d","Acraea terpsicore","https://biodiversity.org.au/afd/taxa/ba632bea-a7b4-4b60-bf89-d63128cad841",-22.900189,149.475843,2022-09-22 13:19:04,"PRESENT","iNaturalist Australia"
"2000","bc1b3829-f057-4105-9a7d-36b40a8d6e4d","Passiflora foetida","https://id.biodiversity.org.au/taxon/apni/51442118",-27.44,153.12,2024-02-19,"PRESENT","WeedScan"
"2001","bc202af6-3e62-4773-85df-c445ae7ceaae","Acraea terpsicore","https://biodiversity.org.au/afd/taxa/ba632bea-a7b4-4b60-bf89-d63128cad841",-16.468963,137.048283,2023-06-17 13:08:00,"PRESENT","iNaturalist Australia"
"2002","bc4194d4-5fa4-44e7-bff6-76c0f69bee1c","Passiflora edulis","https://id.biodiversity.org.au/node/apni/2902546",-18.9705,146.2819,2025-07-15 14:58:00,"PRESENT","iNaturalist Australia"
"2003","bc433c8c-85bc-4047-b38f-c4ed99bee904","Passiflora edulis","https://id.biodiversity.org.au/node/apni/2902546",-34.125981,151.038258,2026-01-27 15:18:00,"PRESENT","iNaturalist Australia"
"2004","bc7c30d9-1986-4474-a959-ef3bab2d1f7b","Acraea terpsicore","https://biodiversity.org.au/afd/taxa/ba632bea-a7b4-4b60-bf89-d63128cad841",-17.408858,145.062822,2021-05-25 09:46:00,"PRESENT","iNaturalist Australia"
"2005","bc8e9df7-201b-42f6-b0c1-d5a78a6bdbf5","Passiflora edulis","https://id.biodiversity.org.au/node/apni/2902546",-26.902986,152.934981,2025-08-30 11:26:00,"PRESENT","iNaturalist Australia"
"2006","bc9f7b93-2ef6-47aa-9ce0-bce00589c946","Acraea terpsicore","https://biodiversity.org.au/afd/taxa/ba632bea-a7b4-4b60-bf89-d63128cad841",-23.841239,151.079631,2023-05-16 12:08:22,"PRESENT","iNaturalist Australia"
"2007","bcba374e-1008-440e-ad49-0b8d793ef288","Passiflora edulis","https://id.biodiversity.org.au/node/apni/2902546",-33.931534,150.974108,2024-03-12,"PRESENT","NSW BioNet Atlas"
"2008","bcc18e69-ac0e-49ee-90ef-3e3f984dd7fd","Passiflora edulis","https://id.biodiversity.org.au/node/apni/2902546",-30.278304,153.134361,2021-10-08,"PRESENT","NSW BioNet Atlas"
"2009","bcc5683d-d338-462e-a3bf-ce08830095f9","Passiflora edulis","https://id.biodiversity.org.au/node/apni/2902546",-27.982247,153.334583,2025-10-24 10:52:00,"PRESENT","iNaturalist Australia"
"2010","bd08dd8e-d96f-4e43-aeaf-9a2cb8ed7bf4","Passiflora foetida","https://id.biodiversity.org.au/taxon/apni/51442118",-23.330138,150.51777,2023-11-02 17:29:10,"PRESENT","iNaturalist Australia"
"2011","bd1c5e03-e018-4cf6-bbb2-37c8316f89d3","Passiflora edulis","https://id.biodiversity.org.au/node/apni/2902546",-33.788655,151.237402,2023-04-17,"PRESENT","NSW BioNet Atlas"
"2012","bd53e062-b320-4572-8d2a-512d8b5318af","Passiflora foetida","https://id.biodiversity.org.au/taxon/apni/51442118",-14.837383,133.090517,2021-08-12,"PRESENT","Flora Atlas N.T."
"2013","bd742df1-9f1c-44d3-83e5-54a1565aa77c","Acraea terpsicore","https://biodiversity.org.au/afd/taxa/ba632bea-a7b4-4b60-bf89-d63128cad841",-19.267834,146.704426,2021-04-25 08:43:05,"PRESENT","iNaturalist Australia"
"2014","bddd2ca5-cbdc-480e-9e13-eac55899448a","Passiflora edulis","https://id.biodiversity.org.au/node/apni/2902546",-34.901669,150.60159,2022-09-05 14:05:03,"PRESENT","iNaturalist Australia"
"2015","be155c15-64a2-49e2-a0e3-bc3a871aa014","Passiflora foetida","https://id.biodiversity.org.au/taxon/apni/51442118",-18.035141,142.269829,2024-02-07 09:46:32,"PRESENT","iNaturalist Australia"
"2016","be1ef957-9516-4c2c-b21c-af7d4accc26b","Acraea terpsicore","https://biodiversity.org.au/afd/taxa/ba632bea-a7b4-4b60-bf89-d63128cad841",-18.0496,144.905,2021-04-25 10:15:00,"PRESENT","Butterflies Australia"
"2017","be2a8f95-e41a-4d8f-bcec-4d9496961367","Passiflora foetida","https://id.biodiversity.org.au/taxon/apni/51442118",-14.483386,132.398887,2021-10-27,"PRESENT","Flora Atlas N.T."
"2018","be2cde36-1f66-4969-bed2-534c802d9d51","Passiflora edulis","https://id.biodiversity.org.au/node/apni/2902546",-34.010286,151.050477,2022-12-20 18:00:00,"PRESENT","iNaturalist Australia"
"2019","be3e1e22-8f2e-4eda-ad72-62a94e622a44","Passiflora foetida","https://id.biodiversity.org.au/taxon/apni/51442118",-21.134817,148.528842,2024-03-23 17:35:00,"PRESENT","iNaturalist Australia"
"2020","be3e65e3-5a2b-426d-8e1e-a42de237d371","Passiflora edulis","https://id.biodiversity.org.au/node/apni/2902546",-32.666495,151.287367,2022-07-04,"PRESENT","NSW BioNet Atlas"
"2021","be9a9ba1-7658-4459-bb54-f69c8770800d","Passiflora edulis","https://id.biodiversity.org.au/node/apni/2902546",-33.772671,151.186115,2023-09-29,"PRESENT","NSW BioNet Atlas"
"2022","bea00b82-e161-4ffc-9ac6-52045680d456","Acraea terpsicore","https://biodiversity.org.au/afd/taxa/ba632bea-a7b4-4b60-bf89-d63128cad841",-13.29373,132.335158,2025-01-26 13:31:59,"PRESENT","iNaturalist Australia"
"2023","bea3b280-6306-4186-9f8a-6818249c1dc8","Passiflora edulis","https://id.biodiversity.org.au/node/apni/2902546",-27.580259,152.862991,2024-11-21 10:49:43,"PRESENT","iNaturalist Australia"
"2024","bea91926-4c4f-42f3-8a9c-834213b820d1","Acraea terpsicore","https://biodiversity.org.au/afd/taxa/ba632bea-a7b4-4b60-bf89-d63128cad841",-16.070278,136.307222,2025-05-23 14:37:00,"PRESENT","iNaturalist Australia"
"2025","bebab10f-8246-4845-a2f6-682c430c6b72","Passiflora edulis","https://id.biodiversity.org.au/node/apni/2902546",-34.055765,150.839582,2022-08-31 14:18:26,"PRESENT","iNaturalist Australia"
"2026","bed4d102-4b74-4639-98a6-765df01bdd5e","Passiflora foetida","https://id.biodiversity.org.au/taxon/apni/51442118",-27.853762,153.343597,2025-02-12 08:03:24,"PRESENT","iNaturalist Australia"
"2027","bf0c272e-d49c-466b-9a8f-95a7c9c51597","Passiflora edulis","https://id.biodiversity.org.au/node/apni/2902546",-37.896095,145.36728,2021-10-16 13:59:00,"PRESENT","iNaturalist Australia"
"2028","bf0f4d1b-57aa-4813-a821-8b49e334d9c5","Acraea terpsicore","https://biodiversity.org.au/afd/taxa/ba632bea-a7b4-4b60-bf89-d63128cad841",-26.619618,153.065605,2023-04-17 12:25:34,"PRESENT","iNaturalist Australia"
"2029","bf1a5a7b-4b6e-43dd-8b2b-df3e89c6124f","Passiflora edulis","https://id.biodiversity.org.au/node/apni/2902546",-26.698715,153.064711,2024-11-27 08:26:57,"PRESENT","iNaturalist Australia"
"2030","bf2dbad6-31b2-4e9c-89de-aebe8671feb8","Passiflora foetida","https://id.biodiversity.org.au/taxon/apni/51442118",-27.427587,153.16981,2021-02-26 07:28:19,"PRESENT","iNaturalist Australia"
"2031","bf2e33ad-c2a5-46ee-835e-d9e7d4effe7c","Passiflora edulis","https://id.biodiversity.org.au/node/apni/2902546",-33.698878,151.216994,2021-05-26,"PRESENT","NSW BioNet Atlas"
"2032","bf30b072-f3ab-400e-85a8-3882c36f40c9","Passiflora edulis","https://id.biodiversity.org.au/node/apni/2902546",-33.376478,151.323088,2025-06-29 15:26:00,"PRESENT","iNaturalist Australia"
"2033","bf443186-9b2c-401b-838a-9d14cc3fb889","Acraea terpsicore","https://biodiversity.org.au/afd/taxa/ba632bea-a7b4-4b60-bf89-d63128cad841",-19.251638,146.798644,2023-12-17 14:17:00,"PRESENT","iNaturalist Australia"
"2034","bf551c1b-6e24-488a-83da-84516dcd5bcf","Acraea terpsicore","https://biodiversity.org.au/afd/taxa/ba632bea-a7b4-4b60-bf89-d63128cad841",-14.314736,132.42192,2023-02-14 16:11:00,"PRESENT","iNaturalist Australia"
"2035","bf556155-60a3-498a-8306-a063457a21be","Passiflora foetida","https://id.biodiversity.org.au/name/apni/51741309",-27.805488,153.340676,2025-04-16 09:24:00,"PRESENT","iNaturalist Australia"
"2036","bf5a94de-af4c-47d6-a171-08a6e7f74b8a","Acraea terpsicore","https://biodiversity.org.au/afd/taxa/ba632bea-a7b4-4b60-bf89-d63128cad841",-19.506628,140.281239,2023-05-01 12:14:59,"PRESENT","iNaturalist Australia"
"2037","bf88422a-22c3-4e3a-a777-f73f8c3f2e90","Acraea terpsicore","https://biodiversity.org.au/afd/taxa/ba632bea-a7b4-4b60-bf89-d63128cad841",-18.9994,146.0748,2022-12-19,"PRESENT","Butterflies Australia"
"2038","bfb78dd4-b1c3-413b-8255-c8c963eb6c83","Passiflora edulis","https://id.biodiversity.org.au/node/apni/2902546",-33.706248,151.036194,2023-02-14,"PRESENT","NSW BioNet Atlas"
"2039","bfceb10b-7af8-4cc8-842b-e6825ebbacf4","Acraea terpsicore","https://biodiversity.org.au/afd/taxa/ba632bea-a7b4-4b60-bf89-d63128cad841",-19.325058,146.608945,2023-05-20 16:17:00,"PRESENT","iNaturalist Australia"
"2040","bfd930f1-366c-4878-95d1-e47001b54346","Passiflora foetida","https://id.biodiversity.org.au/taxon/apni/51442118",-14.479863,132.384279,2021-10-27,"PRESENT","Flora Atlas N.T."
"2041","c0020349-3f6b-4147-bf08-74862a845ab1","Acraea terpsicore","https://biodiversity.org.au/afd/taxa/ba632bea-a7b4-4b60-bf89-d63128cad841",-19.20149,146.75151,2021-03-21,"PRESENT","WildNet - Queensland Wildlife Data"
"2042","c004fa7b-730e-471f-98b8-d96fef206c39","Acraea terpsicore","https://biodiversity.org.au/afd/taxa/ba632bea-a7b4-4b60-bf89-d63128cad841",-21.3,149.2,2021-01-14 08:34:00,"PRESENT","Earth Guardians Weekly Feed"
"2043","c00aa5a4-a363-4c57-95e2-04322cfb5d72","Passiflora edulis","https://id.biodiversity.org.au/node/apni/2902546",-27.069453,152.959488,2025-06-02 08:06:31,"PRESENT","iNaturalist Australia"
"2044","c0201d4f-5679-4aff-8bbe-facaa6912554","Acraea terpsicore","https://biodiversity.org.au/afd/taxa/ba632bea-a7b4-4b60-bf89-d63128cad841",-12.858945,132.818437,2023-04-30 09:35:00,"PRESENT","iNaturalist Australia"
"2045","c03c5c42-c609-4df7-bdc2-6ab21d1c865d","Passiflora foetida","https://id.biodiversity.org.au/taxon/apni/51442118",-14.470109,132.264981,2021-11-24,"PRESENT","Flora Atlas N.T."
"2046","c042bb18-4a47-4a5f-b58e-7e6e7e61d6c0","Passiflora edulis","https://id.biodiversity.org.au/node/apni/2902546",-27.450875,152.981019,2023-07-11 16:10:31,"PRESENT","iNaturalist Australia"
"2047","c06403ba-00c5-4800-b5fa-becf3bd88675","Passiflora foetida","https://id.biodiversity.org.au/taxon/apni/51442118",-16.446532,123.00593,2025-06-19 08:09:02,"PRESENT","iNaturalist Australia"
"2048","c06d2c12-dad0-4fe3-b7a4-2ea1bc18ac22","Passiflora edulis","https://id.biodiversity.org.au/node/apni/2902546",-31.657299,152.423874,2022-06-27,"PRESENT","NSW BioNet Atlas"
"2049","c072d705-4d82-4022-be07-65505704e3fd","Acraea terpsicore","https://biodiversity.org.au/afd/taxa/ba632bea-a7b4-4b60-bf89-d63128cad841",-12.336417,130.897088,2025-05-23 17:10:00,"PRESENT","iNaturalist Australia"
"2050","c07d2245-3fa8-42bb-be30-d7c4f4be43d3","Passiflora edulis","https://id.biodiversity.org.au/node/apni/2902546",-35.586135,150.318944,2021-04-26,"PRESENT","NSW BioNet Atlas"
"2051","c0858458-613a-4be2-9715-4df369ce218c","Acraea terpsicore","https://biodiversity.org.au/afd/taxa/ba632bea-a7b4-4b60-bf89-d63128cad841",-14.180143,132.188026,2023-05-09 11:53:00,"PRESENT","iNaturalist Australia"
"2052","c0a9e9d2-28a0-4b95-b3f9-7a8330ebc1aa","Passiflora edulis","https://id.biodiversity.org.au/node/apni/2902546",-33.717018,151.126404,2021-10-01,"PRESENT","NSW BioNet Atlas"
"2053","c0b39cc7-41da-4d37-b8bd-e006a4674ffe","Passiflora edulis","https://id.biodiversity.org.au/node/apni/2902546",-32.591349,151.904322,2021-07-22,"PRESENT","NSW BioNet Atlas"
"2054","c0c2e980-2a37-46b2-b8d8-027b6f85c71a","Acraea terpsicore","https://biodiversity.org.au/afd/taxa/ba632bea-a7b4-4b60-bf89-d63128cad841",-19.4702,144.2571,2022-11-23 23:45:00,"PRESENT","Butterflies Australia"
"2055","c0caf221-5f53-4fe2-a2de-1fd370caeefe","Passiflora foetida","https://id.biodiversity.org.au/taxon/apni/51442118",-27.464108,152.935438,2023-01-21 06:18:22,"PRESENT","iNaturalist Australia"
"2056","c0db34d6-25c7-45ec-bb8f-5a20084c3c7d","Passiflora foetida","https://id.biodiversity.org.au/taxon/apni/51442118",-27.551888,152.859658,2023-07-14 14:27:18,"PRESENT","iNaturalist Australia"
"2057","c0e9b02e-9792-421f-b127-7e578fd3cb7a","Passiflora foetida","https://id.biodiversity.org.au/taxon/apni/51442118",-23.907088,151.252175,2022-04-24 11:20:44,"PRESENT","iNaturalist Australia"
"2058","c1099235-273e-48f1-9674-3e8cc5ecbf3f","Passiflora edulis","https://id.biodiversity.org.au/node/apni/2902546",-27.686717,153.132871,2021-12-10 15:14:00,"PRESENT","iNaturalist Australia"
"2059","c1191c0f-93db-4811-83c3-1ad6ef902222","Acraea terpsicore","https://biodiversity.org.au/afd/taxa/ba632bea-a7b4-4b60-bf89-d63128cad841",-19.97861,148.25969,2022-09-21 01:00:00,"PRESENT","Butterflies Australia"
"2060","c144f765-435d-4b26-8666-dbd0f0987762","Acraea terpsicore","https://biodiversity.org.au/afd/taxa/ba632bea-a7b4-4b60-bf89-d63128cad841",-14.452114,132.271515,2023-05-15 15:35:00,"PRESENT","iNaturalist Australia"
"2061","c155b185-6095-4bff-bc9b-12a03a5f9a7d","Passiflora foetida","https://id.biodiversity.org.au/taxon/apni/51442118",-23.894459,151.220736,2024-11-20 09:01:34,"PRESENT","iNaturalist Australia"
"2062","c15d37f5-17b9-4423-be0d-2e99c209c71e","Acraea terpsicore","https://biodiversity.org.au/afd/taxa/ba632bea-a7b4-4b60-bf89-d63128cad841",-19.3,146.8,2025-08-03 18:13:00,"PRESENT","Earth Guardians Weekly Feed"
"2063","c166c606-ec65-4c41-b997-28590185df7a","Passiflora foetida","https://id.biodiversity.org.au/taxon/apni/51442118",-15.985528,127.93231,2022-09-14 09:48:00,"PRESENT","iNaturalist Australia"
"2064","c16d256e-a0df-4693-b053-dcd188548883","Passiflora foetida","https://id.biodiversity.org.au/taxon/apni/51442118",-30.10947,153.210367,2025-08-02 13:37:01,"PRESENT","iNaturalist Australia"
"2065","c1855771-ca37-4903-ab42-bad179447c2f","Passiflora edulis","https://id.biodiversity.org.au/node/apni/2902546",-36.948283,149.911178,2023-01-02 17:45:48,"PRESENT","iNaturalist Australia"
"2066","c1a93695-2062-4e62-8348-e870d8a07cdc","Passiflora foetida","https://id.biodiversity.org.au/taxon/apni/51442118",-12.784791,143.308001,2022-06-18 16:17:00,"PRESENT","iNaturalist Australia"
"2067","c1d6b098-6f9a-464e-9471-2ca23a0b1d2b","Passiflora edulis","https://id.biodiversity.org.au/node/apni/2902546",-19.0772,146.4469,2025-07-06 14:10:00,"PRESENT","iNaturalist Australia"
"2068","c1da97fe-7ad7-4ef5-97d0-fb3977b740a0","Passiflora edulis","https://id.biodiversity.org.au/node/apni/2902546",-27.280313,152.759822,2025-11-02 11:02:35,"PRESENT","iNaturalist Australia"
"2069","c1dac33e-6c20-4c1b-9302-a9b09d61e047","Passiflora edulis","https://id.biodiversity.org.au/node/apni/2902546",-27.894967,153.184158,2025-03-26 16:22:13,"PRESENT","iNaturalist Australia"
"2070","c20038f2-aec9-432d-b008-4c3c06ab2589","Passiflora edulis","https://id.biodiversity.org.au/node/apni/2902546",-31.637846,152.686157,2023-01-04 10:57:00,"PRESENT","iNaturalist Australia"
"2071","c2083252-1b63-48ef-a52f-635e91dfd90d","Passiflora edulis","https://id.biodiversity.org.au/node/apni/2902546",-30.119797,153.019978,2025-10-25 10:31:29,"PRESENT","iNaturalist Australia"
"2072","c22a5eb1-eb52-494c-8fc9-ff949d2f0d20","Acraea terpsicore","https://biodiversity.org.au/afd/taxa/ba632bea-a7b4-4b60-bf89-d63128cad841",-16.992753,145.422517,2023-03-23 18:21:42,"PRESENT","iNaturalist Australia"
"2073","c244508e-d2c3-4021-afd7-704f4bf3dcee","Passiflora foetida","https://id.biodiversity.org.au/taxon/apni/51442118",-27.477853,153.165478,2025-11-20 08:21:08,"PRESENT","iNaturalist Australia"
"2074","c25fc858-d995-4e49-9a57-a59664204139","Passiflora edulis","https://id.biodiversity.org.au/node/apni/2902546",-33.186949,151.535248,2024-08-23 08:09:06,"PRESENT","iNaturalist Australia"
"2075","c26c0828-0dae-47ca-b793-95605d8a1acb","Acraea terpsicore","https://biodiversity.org.au/afd/taxa/ba632bea-a7b4-4b60-bf89-d63128cad841",-15.425,145.0592,2022-06-23 16:00:00,"PRESENT","Butterflies Australia"
"2076","c277b0bb-8959-4117-8705-796452fb3c7d","Passiflora foetida","https://id.biodiversity.org.au/name/apni/51741309",-19.2894,146.8427,2025-11-09 17:04:00,"PRESENT","iNaturalist Australia"
"2077","c27ac12b-eda3-4c31-a328-e69b9d849261","Acraea terpsicore","https://biodiversity.org.au/afd/taxa/ba632bea-a7b4-4b60-bf89-d63128cad841",-12.371995,130.868864,2021-04-26 08:40:00,"PRESENT","iNaturalist Australia"
"2078","c28343ba-c3c6-402f-adcd-b31378eb2a0e","Passiflora foetida","https://id.biodiversity.org.au/taxon/apni/51442118",-14.469092,132.26422,2021-06-10,"PRESENT","Flora Atlas N.T."
"2079","c2b43a8a-34b7-4a0b-879b-6e714d99f59b","Passiflora edulis","https://id.biodiversity.org.au/node/apni/2902546",-36.643683,150.013261,2025-10-22 06:40:24,"PRESENT","iNaturalist Australia"
"2080","c2b89c65-4cd4-49db-a3b5-b17efd1ca48e","Passiflora edulis","https://id.biodiversity.org.au/node/apni/2902546",-30.375019,153.093338,2022-03-18 20:28:00,"PRESENT","iNaturalist Australia"
"2081","c2de3c77-10b2-4cc2-a921-384f4baffb9a","Passiflora foetida","https://id.biodiversity.org.au/taxon/apni/51442118",-27.93748,153.351325,2024-03-03 07:18:00,"PRESENT","iNaturalist Australia"
"2082","c2e897c0-6387-4d12-8234-e5f15c962b4e","Passiflora edulis","https://id.biodiversity.org.au/node/apni/2902546",-31.659299,152.421204,2022-06-27,"PRESENT","NSW BioNet Atlas"
"2083","c2f9d9d8-f23f-499b-98cf-2f235ca70e7e","Acraea terpsicore","https://biodiversity.org.au/afd/taxa/ba632bea-a7b4-4b60-bf89-d63128cad841",-22.019996,146.488007,2022-11-08 08:04:22,"PRESENT","iNaturalist Australia"
"2084","c2fbae9f-4fc0-42bf-bf02-8f03fa43a944","Acraea terpsicore","https://biodiversity.org.au/afd/taxa/ba632bea-a7b4-4b60-bf89-d63128cad841",-19.258013,146.803889,2021-02-17 13:21:00,"PRESENT","iNaturalist Australia"
"2085","c3065e6d-197c-4a4f-a9b8-7e3e2c5a4670","Acraea terpsicore","https://biodiversity.org.au/afd/taxa/ba632bea-a7b4-4b60-bf89-d63128cad841",-17.379722,144.959722,2025-08-23 11:54:00,"PRESENT","iNaturalist Australia"
"2086","c35e4619-3709-4e3a-8e36-c2372302b65d","Passiflora edulis","https://id.biodiversity.org.au/node/apni/2902546",-33.769239,150.615951,2023-07-15 14:40:23,"PRESENT","iNaturalist Australia"
"2087","c3799295-1d90-498c-a7b8-c7d88dab5f77","Passiflora foetida","https://id.biodiversity.org.au/name/apni/51741309",-27.550272,152.508744,2024-11-27 08:07:00,"PRESENT","iNaturalist Australia"
"2088","c3812ae6-f78e-493a-bd70-4afc999286c4","Passiflora foetida","https://id.biodiversity.org.au/taxon/apni/51442118",-25.330809,152.758873,2022-02-20 09:11:00,"PRESENT","iNaturalist Australia"
"2089","c3b5cc2d-3ae6-42ac-967a-19d81fe92a51","Acraea terpsicore","https://biodiversity.org.au/afd/taxa/ba632bea-a7b4-4b60-bf89-d63128cad841",-17.3,123.6,2021-02-20 08:28:00,"PRESENT","Earth Guardians Weekly Feed"
"2090","c3d2e834-8fa8-44d8-b57b-8b5f94ea35ff","Passiflora foetida","https://id.biodiversity.org.au/taxon/apni/51442118",-12.252745,136.889179,2022-10-29 13:32:00,"PRESENT","iNaturalist Australia"
"2091","c3d56ae7-3aa1-4ae5-868a-61423c3eaa70","Acraea terpsicore","https://biodiversity.org.au/afd/taxa/ba632bea-a7b4-4b60-bf89-d63128cad841",-17.46543,140.828975,2025-05-24 12:36:31,"PRESENT","iNaturalist Australia"
"2092","c3d97c7b-84c0-4ae7-8964-bb6222532e0b","Acraea terpsicore","https://biodiversity.org.au/afd/taxa/ba632bea-a7b4-4b60-bf89-d63128cad841",-16.456757,145.372074,2023-07-08 12:33:00,"PRESENT","iNaturalist Australia"
"2093","c3ec759a-3bf7-486e-b996-3d6973313588","Passiflora edulis","https://id.biodiversity.org.au/node/apni/2902546",-32.954005,151.73697,2024-12-24 15:31:34,"PRESENT","iNaturalist Australia"
"2094","c3edf57e-ebeb-4550-82f1-495cd17a9b53","Acraea terpsicore","https://biodiversity.org.au/afd/taxa/ba632bea-a7b4-4b60-bf89-d63128cad841",-12.337059,130.907797,2024-06-22 12:49:00,"PRESENT","iNaturalist Australia"
"2095","c3f6ea48-2382-4e02-9341-62a86d2f9384","Passiflora edulis","https://id.biodiversity.org.au/node/apni/2902546",-27.627692,153.126811,2025-05-23 16:17:11,"PRESENT","iNaturalist Australia"
"2096","c4155d81-e741-4364-89e9-de07ffd84cff","Acraea terpsicore","https://biodiversity.org.au/afd/taxa/ba632bea-a7b4-4b60-bf89-d63128cad841",-17.379089,145.378185,2023-02-27 14:36:00,"PRESENT","iNaturalist Australia"
"2097","c4310087-23fd-49ae-b343-4e1e3e169a68","Acraea terpsicore","https://biodiversity.org.au/afd/taxa/ba632bea-a7b4-4b60-bf89-d63128cad841",-13.8475,136.417,2022-06-17 15:45:00,"PRESENT","Butterflies Australia"
"2098","c43ec431-4aa1-4fa7-9852-268676c2ce30","Acraea terpsicore","https://biodiversity.org.au/afd/taxa/ba632bea-a7b4-4b60-bf89-d63128cad841",-21.42133,144.998139,2022-10-11 10:16:00,"PRESENT","iNaturalist Australia"
"2099","c43fa127-e0d7-4102-81e4-6d960b6d9a2b","Passiflora edulis","https://id.biodiversity.org.au/node/apni/2902546",-36.378174,150.060944,2023-02-12 09:55:35,"PRESENT","iNaturalist Australia"
"2100","c44898a7-7761-4630-aff8-1a3e6d47582b","Passiflora edulis","https://id.biodiversity.org.au/node/apni/2902546",-33.727944,151.177597,2023-12-28 10:47:00,"PRESENT","iNaturalist Australia"
"2101","c4490458-ba0d-4a6d-89a3-7cce9803a12d","Acraea terpsicore","https://biodiversity.org.au/afd/taxa/ba632bea-a7b4-4b60-bf89-d63128cad841",-19.201536,146.753593,2024-10-31 09:50:00,"PRESENT","iNaturalist Australia"
"2102","c4602645-869b-4188-8585-72c8daca40f5","Passiflora edulis","https://id.biodiversity.org.au/node/apni/2902546",-33.777042,150.621962,2023-05-12 16:40:28,"PRESENT","iNaturalist Australia"
"2103","c49932fb-57d3-4a2b-8090-d1dab68664ca","Acraea terpsicore","https://biodiversity.org.au/afd/taxa/ba632bea-a7b4-4b60-bf89-d63128cad841",-19.276405,146.804589,2023-11-01 21:01:00,"PRESENT","iNaturalist Australia"
"2104","c4a7a923-9074-4286-ba9b-b8811bd2ac2a","Acraea terpsicore","https://biodiversity.org.au/afd/taxa/ba632bea-a7b4-4b60-bf89-d63128cad841",-16.532975,145.13132,2025-06-28 13:00:00,"PRESENT","iNaturalist Australia"
"2105","c4aed5ba-0cc6-4f6c-a73a-200a1fd83279","Passiflora edulis","https://id.biodiversity.org.au/node/apni/2902546",-26.913793,152.759551,2025-10-13 08:58:16,"PRESENT","iNaturalist Australia"
"2106","c4b5d81c-04ec-421e-8612-d8654ad7c289","Passiflora foetida","https://id.biodiversity.org.au/taxon/apni/51442118",-25.37062,152.606831,2024-03-14 08:05:08,"PRESENT","iNaturalist Australia"
"2107","c4d18ff3-96d9-4a4b-b183-3affbd506314","Acraea terpsicore","https://biodiversity.org.au/afd/taxa/ba632bea-a7b4-4b60-bf89-d63128cad841",-14.324489,132.425355,2025-06-07 14:59:00,"PRESENT","iNaturalist Australia"
"2108","c4d791a3-a07e-475f-946a-0ddc5dd2cbc1","Acraea terpsicore","https://biodiversity.org.au/afd/taxa/ba632bea-a7b4-4b60-bf89-d63128cad841",-27.377139,152.90713,2023-10-25 12:28:00,"PRESENT","iNaturalist Australia"
"2109","c4e0c3af-8c27-4ece-b65f-763a53fa0f2e","Passiflora foetida","https://id.biodiversity.org.au/taxon/apni/51442118",-14.501168,132.336402,2022-10-20,"PRESENT","Flora Atlas N.T."
"2110","c505129f-f1d6-45a3-a7a7-cfc59308aa1f","Acraea terpsicore","https://biodiversity.org.au/afd/taxa/ba632bea-a7b4-4b60-bf89-d63128cad841",-20.588619,139.574461,2025-09-12 14:02:00,"PRESENT","iNaturalist Australia"
"2111","c5602697-191c-4824-b44a-c6b4a89613fa","Acraea terpsicore","https://biodiversity.org.au/afd/taxa/ba632bea-a7b4-4b60-bf89-d63128cad841",-19.451644,146.9796,2025-05-31 11:15:00,"PRESENT","iNaturalist Australia"
"2112","c5a883cb-9ce1-432a-9a53-5198dd90a802","Acraea terpsicore","https://biodiversity.org.au/afd/taxa/ba632bea-a7b4-4b60-bf89-d63128cad841",-19.7,147.5,2021-04-06 07:48:00,"PRESENT","Earth Guardians Weekly Feed"
"2113","c5e8d83f-9a1b-43b7-8b4f-04fe554f741b","Passiflora foetida","https://id.biodiversity.org.au/taxon/apni/51442118",-25.329891,152.759179,2024-10-13 09:12:29,"PRESENT","iNaturalist Australia"
"2114","c60b003c-8461-4ade-8b03-4d6d1a1a3d2c","Acraea terpsicore","https://biodiversity.org.au/afd/taxa/ba632bea-a7b4-4b60-bf89-d63128cad841",-26.679345,153.138502,2024-03-20 09:18:00,"PRESENT","iNaturalist Australia"
"2115","c6238d23-92fd-4418-a1f4-0f9e19ad2752","Acraea terpsicore","https://biodiversity.org.au/afd/taxa/ba632bea-a7b4-4b60-bf89-d63128cad841",-19.206778,146.745295,2021-07-21 14:54:00,"PRESENT","iNaturalist Australia"
"2116","c66ebfad-4b7a-4ff6-8f90-a2ec492e4dc3","Passiflora foetida","https://id.biodiversity.org.au/name/apni/51741309",-24.222396,151.440018,2024-09-28 07:42:44,"PRESENT","iNaturalist Australia"
"2117","c66f5756-2bb5-4ab5-9bb6-7d0c25e6db4c","Passiflora foetida","https://id.biodiversity.org.au/taxon/apni/51442118",-19.252962,146.809971,2025-01-02 15:37:40,"PRESENT","iNaturalist Australia"
"2118","c671a77b-d971-4d20-bb2d-a47a01259052","Acraea terpsicore","https://biodiversity.org.au/afd/taxa/ba632bea-a7b4-4b60-bf89-d63128cad841",-20.370143,148.377419,2022-07-09 12:26:00,"PRESENT","iNaturalist Australia"
"2119","c67e1264-5785-4394-b128-1a6d6a0a8004","Passiflora edulis","https://id.biodiversity.org.au/node/apni/2902546",-28.517853,153.538522,2023-12-13,"PRESENT","NSW BioNet Atlas"
"2120","c6a376df-2922-408e-b234-a537f7db17ab","Passiflora foetida","https://id.biodiversity.org.au/taxon/apni/51442118",-27.540386,153.05186,2022-01-09 09:05:00,"PRESENT","iNaturalist Australia"
"2121","c6cba51d-4783-44c1-837c-a8f668d847ad","Passiflora edulis","https://id.biodiversity.org.au/node/apni/2902546",-33.728283,151.117539,2024-03-08,"PRESENT","NSW BioNet Atlas"
"2122","c6da0e7f-6f9b-405f-9bc6-33ef467b6856","Passiflora edulis","https://id.biodiversity.org.au/node/apni/2902546",-27.334772,152.749437,2025-09-17 12:48:47,"PRESENT","iNaturalist Australia"
"2123","c716a047-7fd2-4832-8e25-a475ec22842d","Passiflora foetida","https://id.biodiversity.org.au/taxon/apni/51442118",-26.813432,153.110427,2022-02-19 07:33:00,"PRESENT","iNaturalist Australia"
"2124","c71d441f-864d-442d-aa2b-a4e1cc9b9f63","Acraea terpsicore","https://biodiversity.org.au/afd/taxa/ba632bea-a7b4-4b60-bf89-d63128cad841",-19.207633,146.741807,2021-05-16 14:43:00,"PRESENT","iNaturalist Australia"
"2125","c756fd6f-f9a1-461a-927c-170a0cf19d7d","Passiflora edulis","https://id.biodiversity.org.au/node/apni/2902546",-36.281005,150.125397,2023-12-28 17:34:04,"PRESENT","iNaturalist Australia"
"2126","c76c9c21-522a-4afa-9b16-02fdd531878d","Acraea terpsicore","https://biodiversity.org.au/afd/taxa/ba632bea-a7b4-4b60-bf89-d63128cad841",-18.9307,144.4932,2022-09-20 16:15:00,"PRESENT","Butterflies Australia"
"2127","c770ac43-ec4f-4625-aeba-eab1366e7aa9","Passiflora foetida","https://id.biodiversity.org.au/taxon/apni/51442118",-25.69,152.6,2024-06-02,"PRESENT","WeedScan"
"2128","c7713357-4098-43b2-92b4-5b9ebaa08789","Acraea terpsicore","https://biodiversity.org.au/afd/taxa/ba632bea-a7b4-4b60-bf89-d63128cad841",-14.314736,132.42192,2023-02-14 16:31:00,"PRESENT","iNaturalist Australia"
"2129","c7746a19-3ed4-46ce-b938-bf4d8a484404","Passiflora foetida","https://id.biodiversity.org.au/taxon/apni/51442118",-14.470411,132.263727,2021-11-15,"PRESENT","Flora Atlas N.T."
"2130","c774bff4-6f6b-4320-9030-9c315183b366","Passiflora edulis","https://id.biodiversity.org.au/node/apni/2902546",-26.302083,152.793243,2021-01-05 12:44:00,"PRESENT","iNaturalist Australia"
"2131","c777c830-7702-4e98-abfb-1ab8667a5fc8","Passiflora edulis","https://id.biodiversity.org.au/node/apni/2902546",-28.774735,153.168844,2026-01-04 10:01:37,"PRESENT","iNaturalist Australia"
"2132","c7796612-d81b-4103-a200-0d6b0b403e6c","Passiflora edulis","https://id.biodiversity.org.au/node/apni/2902546",-33.612793,151.049463,2025-06-24 07:40:00,"PRESENT","iNaturalist Australia"
"2133","c78ec5c0-cf49-444f-9ab0-5c5ca4a20b48","Acraea terpsicore","https://biodiversity.org.au/afd/taxa/ba632bea-a7b4-4b60-bf89-d63128cad841",-21.693716,146.944605,2025-02-10 10:56:00,"PRESENT","iNaturalist Australia"
"2134","c7970c52-8ac6-404f-a8d7-9a72d294d0aa","Acraea terpsicore","https://biodiversity.org.au/afd/taxa/ba632bea-a7b4-4b60-bf89-d63128cad841",-12.207471,130.891905,2025-05-21 18:37:13,"PRESENT","iNaturalist Australia"
"2135","c7bf4ed6-e2b7-49a1-b561-77d6298263ed","Passiflora edulis","https://id.biodiversity.org.au/node/apni/2902546",-27.486059,152.866918,2021-03-04 16:20:12,"PRESENT","iNaturalist Australia"
"2136","c7e5709c-bebd-4a28-b380-a30e02f8ac27","Passiflora foetida","https://id.biodiversity.org.au/taxon/apni/51442118",-25.33595,153.200792,2022-02-04 10:16:22,"PRESENT","iNaturalist Australia"
"2137","c7f427d7-55c5-4d7c-bd9e-bc32d32d1004","Acraea terpsicore","https://biodiversity.org.au/afd/taxa/ba632bea-a7b4-4b60-bf89-d63128cad841",-17.338119,145.517411,2025-08-05 15:37:00,"PRESENT","iNaturalist Australia"
"2138","c7f44f24-9e77-4e25-937f-9203c4f9be36","Passiflora edulis","https://id.biodiversity.org.au/node/apni/2902546",-30.325064,152.797677,2021-01-10 10:10:00,"PRESENT","iNaturalist Australia"
"2139","c80b22d8-b1f3-4582-bee5-7485a980e122","Passiflora foetida","https://id.biodiversity.org.au/taxon/apni/51442118",-14.468604,132.265487,2021-06-10,"PRESENT","Flora Atlas N.T."
"2140","c80f57e0-4a77-4bc2-8374-dcbd1b1745a9","Passiflora edulis","https://id.biodiversity.org.au/node/apni/2902546",-33.357108,151.447108,2024-06-28 11:32:35,"PRESENT","iNaturalist Australia"
"2141","c8367e60-754d-45a3-a427-814ddebba4db","Acraea terpsicore","https://biodiversity.org.au/afd/taxa/ba632bea-a7b4-4b60-bf89-d63128cad841",-19.282002,146.811803,2021-09-01 11:49:00,"PRESENT","iNaturalist Australia"
"2142","c838af5e-acf7-4e88-974e-afcd340dc42b","Passiflora edulis","https://id.biodiversity.org.au/node/apni/2902546",-26.784757,152.95889,2023-04-01 14:59:00,"PRESENT","iNaturalist Australia"
"2143","c8495b50-854a-48ed-adee-163177099406","Passiflora foetida","https://id.biodiversity.org.au/taxon/apni/51442118",-18.695975,146.338184,2025-06-02 15:02:00,"PRESENT","iNaturalist Australia"
"2144","c87b2fc0-2590-43c4-924b-b10b3b22690c","Passiflora foetida","https://id.biodiversity.org.au/taxon/apni/51442118",-14.469878,132.265877,2022-01-27,"PRESENT","Flora Atlas N.T."
"2145","c87d99c1-5dd8-404c-8ff5-1eafc0a30d95","Acraea terpsicore","https://biodiversity.org.au/afd/taxa/ba632bea-a7b4-4b60-bf89-d63128cad841",-19.207633,146.741807,2021-05-16 14:58:00,"PRESENT","iNaturalist Australia"
"2146","c87df909-e922-4c5a-bd6c-d14d9bc6979a","Passiflora edulis","https://id.biodiversity.org.au/node/apni/2902546",-27.440488,152.890398,2022-09-01 22:09:00,"PRESENT","iNaturalist Australia"
"2147","c8b5a992-ad08-480b-a0da-94349bc7ea39","Acraea terpsicore","https://biodiversity.org.au/afd/taxa/ba632bea-a7b4-4b60-bf89-d63128cad841",-20.709263,140.502309,2025-07-05 16:00:00,"PRESENT","iNaturalist Australia"
"2148","c8f01611-8e4e-4cac-b71e-bb1ff886c6f0","Acraea terpsicore","https://biodiversity.org.au/afd/taxa/ba632bea-a7b4-4b60-bf89-d63128cad841",-16.9,145.4,2023-06-03 11:20:00,"PRESENT","Earth Guardians Weekly Feed"
"2149","c900b14a-547b-4bd8-bb59-e01d903a089a","Passiflora edulis","https://id.biodiversity.org.au/node/apni/2902546",-33.700813,150.956863,2024-10-09 13:46:26,"PRESENT","iNaturalist Australia"
"2150","c911f2ab-dea0-40ac-9f81-feba99259bb0","Passiflora edulis","https://id.biodiversity.org.au/node/apni/2902546",-33.784593,150.979286,2025-11-18 07:40:03,"PRESENT","iNaturalist Australia"
"2151","c94ce97b-9596-4b3f-aa2d-5ebe7da63958","Acraea terpsicore","https://biodiversity.org.au/afd/taxa/ba632bea-a7b4-4b60-bf89-d63128cad841",-21.3,149.2,2021-12-20 11:38:00,"PRESENT","Earth Guardians Weekly Feed"
"2152","c973f244-c653-4558-b7d7-c77abce8c3c6","Acraea terpsicore","https://biodiversity.org.au/afd/taxa/ba632bea-a7b4-4b60-bf89-d63128cad841",-25.68278,152.214093,2025-06-01 07:47:35,"PRESENT","iNaturalist Australia"
"2153","c979d0a4-7f03-44ff-b2d5-79384dfcf2b8","Acraea terpsicore","https://biodiversity.org.au/afd/taxa/ba632bea-a7b4-4b60-bf89-d63128cad841",-15.7,128.7,2021-01-30 09:09:00,"PRESENT","Earth Guardians Weekly Feed"
"2154","c9a80c8e-9eb1-4bf8-bee7-5b4d172d7eaf","Acraea terpsicore","https://biodiversity.org.au/afd/taxa/ba632bea-a7b4-4b60-bf89-d63128cad841",-14.15535,136.42044,2021-06-17,"PRESENT","Northern Territory Museum and Art Gallery provider for OZCAM"
"2155","c9b300b8-e9cf-4803-af76-901c7d94411b","Passiflora foetida","https://id.biodiversity.org.au/taxon/apni/51442118",-14.469653,132.265157,2021-06-10,"PRESENT","Flora Atlas N.T."
"2156","c9c95e58-5c0e-41dd-9b18-51452b7eb8e0","Passiflora foetida","https://id.biodiversity.org.au/taxon/apni/51442118",-27.477558,152.951875,2022-02-24 07:51:24,"PRESENT","iNaturalist Australia"
"2157","c9dd011e-5532-4f1d-9577-b3ecdbc9586f","Passiflora foetida","https://id.biodiversity.org.au/name/apni/51741309",-25.563402,152.695506,2024-12-05 06:45:46,"PRESENT","iNaturalist Australia"
"2158","c9ea17c7-0f4d-406f-b00e-49c7bd988142","Passiflora edulis","https://id.biodiversity.org.au/node/apni/2902546",-33.793289,150.986423,2025-02-01 10:24:07,"PRESENT","iNaturalist Australia"
"2159","c9efb272-0b67-4508-99f6-c13c0a8e7781","Passiflora foetida","https://id.biodiversity.org.au/name/apni/51741309",-27.550357,152.509205,2024-11-22 14:23:00,"PRESENT","iNaturalist Australia"
"2160","c9f08661-b6b5-47e9-a52c-5c4ad00e9e6a","Acraea terpsicore","https://biodiversity.org.au/afd/taxa/ba632bea-a7b4-4b60-bf89-d63128cad841",-17.111672,145.683266,2021-03-26 12:22:00,"PRESENT","iNaturalist Australia"
"2161","c9f785fc-73b8-4a7c-8294-d3e22ce1cc62","Passiflora foetida","https://id.biodiversity.org.au/taxon/apni/51442118",-28.335275,153.574307,2025-10-14 13:33:00,"PRESENT","iNaturalist Australia"
"2162","ca18cc64-da2a-417b-91fd-ebd86775c2b5","Passiflora edulis","https://id.biodiversity.org.au/node/apni/2902546",-34.756,150.336,2025-05-04 23:45:00,"PRESENT","NatureMapr"
"2163","ca1b0f48-cbf3-4ec9-a9c1-b1d84e431048","Passiflora foetida","https://id.biodiversity.org.au/taxon/apni/51442118",-28.193626,153.527721,2022-06-21 08:55:00,"PRESENT","iNaturalist Australia"
"2164","ca2ad051-7bc3-47ff-ae9a-c3133ad10af5","Passiflora edulis","https://id.biodiversity.org.au/node/apni/2902546",-35.328071,150.379097,2022-02-10,"PRESENT","NSW BioNet Atlas"
"2165","ca3f25a1-16e5-43c5-ae0d-b30d2a251c7f","Passiflora edulis","https://id.biodiversity.org.au/node/apni/2902546",-27.769303,153.08696,2022-09-06 09:16:00,"PRESENT","iNaturalist Australia"
"2166","ca605041-b33d-4965-834b-2cfb40477f37","Acraea terpsicore","https://biodiversity.org.au/afd/taxa/ba632bea-a7b4-4b60-bf89-d63128cad841",-16.521826,144.898614,2022-07-12,"PRESENT","iNaturalist Australia"
"2167","ca75cfbf-b362-493e-b9c2-4f5e0423aa35","Acraea terpsicore","https://biodiversity.org.au/afd/taxa/ba632bea-a7b4-4b60-bf89-d63128cad841",-21.134643,148.528218,2024-10-06 09:10:00,"PRESENT","iNaturalist Australia"
"2168","ca7aa655-d825-4415-bbd0-4a2c5d2056b2","Passiflora foetida","https://id.biodiversity.org.au/taxon/apni/51442118",-19.188,146.7719,2022-02-18 12:12:00,"PRESENT","iNaturalist Australia"
"2169","ca7afe68-68db-468a-8bfb-c2473f053805","Acraea terpsicore","https://biodiversity.org.au/afd/taxa/ba632bea-a7b4-4b60-bf89-d63128cad841",-16.747602,145.66216,2021-09-21 10:50:00,"PRESENT","iNaturalist Australia"
"2170","ca9e4a9c-79fc-4b69-a3f0-92c52b278650","Passiflora edulis","https://id.biodiversity.org.au/node/apni/2902546",-26.845542,152.179942,2023-06-03 14:02:00,"PRESENT","iNaturalist Australia"
"2171","ca9f4082-39e2-4eb5-9465-c708debf5d88","Passiflora foetida","https://id.biodiversity.org.au/name/apni/51741309",-24.159697,151.88322,2024-10-15 10:46:35,"PRESENT","iNaturalist Australia"
"2172","cac5a771-0593-4f8e-b315-349e7a7bff80","Passiflora edulis","https://id.biodiversity.org.au/node/apni/2902546",-26.764402,152.981012,2022-12-29 21:21:00,"PRESENT","iNaturalist Australia"
"2173","cae41f1d-f101-4604-bca1-ea4fbf44d4a6","Acraea terpsicore","https://biodiversity.org.au/afd/taxa/ba632bea-a7b4-4b60-bf89-d63128cad841",-22.345367,149.517778,2025-05-04 13:09:00,"PRESENT","iNaturalist Australia"
"2174","caef3904-ac25-4440-84c0-fbeba1ea3d3b","Acraea terpsicore","https://biodiversity.org.au/afd/taxa/ba632bea-a7b4-4b60-bf89-d63128cad841",-19.320461,146.759065,2021-06-18 12:39:19,"PRESENT","iNaturalist Australia"
"2175","cb557fc9-b0e5-4eb4-9fff-163b488add32","Acraea terpsicore","https://biodiversity.org.au/afd/taxa/ba632bea-a7b4-4b60-bf89-d63128cad841",-17.73836,141.03753,2023-08-18 01:49:00,"PRESENT","Butterflies Australia"
"2176","cb8e8566-3629-4d06-97e3-9e769d071806","Acraea terpsicore","https://biodiversity.org.au/afd/taxa/ba632bea-a7b4-4b60-bf89-d63128cad841",-18.496958,143.32048,2025-06-10 17:25:13,"PRESENT","iNaturalist Australia"
"2177","cbe51700-a0d9-4e25-b24a-b597b25f9d6a","Acraea terpsicore","https://biodiversity.org.au/afd/taxa/ba632bea-a7b4-4b60-bf89-d63128cad841",-30.176903,153.191928,2022-05-03 15:57:00,"PRESENT","iNaturalist Australia"
"2178","cc3d5c24-fd0c-47fd-b0ac-7280553de3a2","Passiflora edulis","https://id.biodiversity.org.au/node/apni/2902546",-27.677938,153.040567,2025-08-16 15:04:00,"PRESENT","iNaturalist Australia"
"2179","cc3f1ddb-e4d9-4ce9-b3fb-09f757459b6e","Passiflora edulis","https://id.biodiversity.org.au/node/apni/2902546",-33.22616,151.45863,2023-09-11,"PRESENT","NSW BioNet Atlas"
"2180","cc3fa5fe-ddfd-4ec9-9d2d-413d89f9130b","Passiflora foetida","https://id.biodiversity.org.au/taxon/apni/51442118",-16.727097,144.277542,2025-07-20 16:02:00,"PRESENT","iNaturalist Australia"
"2181","cc4a5480-b581-4ec0-a911-566c2b95ed95","Acraea terpsicore","https://biodiversity.org.au/afd/taxa/ba632bea-a7b4-4b60-bf89-d63128cad841",-14.182983,132.038188,2025-04-26 14:14:00,"PRESENT","iNaturalist Australia"
"2182","cc5e42b5-abfb-4814-aecc-3ac63b566fbe","Passiflora edulis","https://id.biodiversity.org.au/node/apni/2902546",-28.107278,153.450476,2025-04-06 09:28:35,"PRESENT","iNaturalist Australia"
"2183","cc7484a2-18c3-4964-a4a0-7c3105835db4","Passiflora edulis","https://id.biodiversity.org.au/node/apni/2902546",-27.494354,153.009754,2024-10-16 16:08:17,"PRESENT","iNaturalist Australia"
"2184","cc9e37df-cb3f-4552-aedb-9cf0be4f6a65","Acraea terpsicore","https://biodiversity.org.au/afd/taxa/ba632bea-a7b4-4b60-bf89-d63128cad841",-19.259557,146.806312,2023-09-08 11:51:00,"PRESENT","iNaturalist Australia"
"2185","cca41f80-efaa-428f-98b4-20aa01b42c07","Acraea terpsicore","https://biodiversity.org.au/afd/taxa/ba632bea-a7b4-4b60-bf89-d63128cad841",-27.530788,153.141358,2022-12-25 14:35:59,"PRESENT","iNaturalist Australia"
"2186","cca70719-f445-48ab-8ccf-de13f2e27bf4","Acraea terpsicore","https://biodiversity.org.au/afd/taxa/ba632bea-a7b4-4b60-bf89-d63128cad841",-27.483194,152.955723,2025-04-06 11:18:00,"PRESENT","iNaturalist Australia"
"2187","ccb7bae8-932b-43f7-97c9-100b8a2a7b40","Acraea terpsicore","https://biodiversity.org.au/afd/taxa/ba632bea-a7b4-4b60-bf89-d63128cad841",-17.74992,138.4816,2023-09-11 04:04:00,"PRESENT","Butterflies Australia"
"2188","ccba7e04-21c6-412e-9ab4-cfbf2312e3d8","Passiflora foetida","https://id.biodiversity.org.au/taxon/apni/51442118",-14.468494,132.261816,2021-12-06,"PRESENT","Flora Atlas N.T."
"2189","ccc295b2-fe92-4e6e-aeac-1973b28cd867","Acraea terpsicore","https://biodiversity.org.au/afd/taxa/ba632bea-a7b4-4b60-bf89-d63128cad841",-20.701987,139.496667,2023-01-14 16:20:42,"PRESENT","iNaturalist Australia"
"2190","ccc66fec-baba-4585-9859-dcdb113337d6","Passiflora edulis","https://id.biodiversity.org.au/node/apni/2902546",-27.706095,153.086673,2023-05-11 13:44:00,"PRESENT","iNaturalist Australia"
"2191","cccc1dad-cd20-40ad-85d3-f78d5439590f","Acraea terpsicore","https://biodiversity.org.au/afd/taxa/ba632bea-a7b4-4b60-bf89-d63128cad841",-22.349479,149.521256,2024-11-27 07:46:00,"PRESENT","iNaturalist Australia"
"2192","ccd67397-afca-48a2-8ace-bc44caa724be","Passiflora foetida","https://id.biodiversity.org.au/taxon/apni/51442118",-19.456546,147.483404,2023-06-29 16:19:14,"PRESENT","iNaturalist Australia"
"2193","cd05c801-4033-47be-a3f5-d55991bb9de3","Passiflora edulis","https://id.biodiversity.org.au/node/apni/2902546",-27.14245,152.965204,2025-06-02 12:06:39,"PRESENT","iNaturalist Australia"
"2194","cd27667a-1293-4160-a106-aa54f3cbd64f","Passiflora foetida","https://id.biodiversity.org.au/taxon/apni/51442118",-27.543423,152.860936,2022-03-19 09:55:19,"PRESENT","iNaturalist Australia"
"2195","cd8290d8-58c7-4a6c-be0f-9ce5cbc6d653","Passiflora foetida","https://id.biodiversity.org.au/name/apni/51741309",-24.552013,150.009294,2024-04-21 12:38:37,"PRESENT","iNaturalist Australia"
"2196","cd8802e7-52a0-4e21-a4f2-1859d3a04983","Passiflora edulis","https://id.biodiversity.org.au/node/apni/2902546",-32.416176,152.223251,2023-05-10 15:45:00,"PRESENT","iNaturalist Australia"
"2197","cda05b5d-1ebe-456b-be9f-916a98bf6b43","Passiflora edulis","https://id.biodiversity.org.au/node/apni/2902546",-33.700314,150.556348,2024-10-31 12:21:16,"PRESENT","iNaturalist Australia"
"2198","cda8a8d3-c02d-40d9-83b7-70370ebba539","Passiflora edulis","https://id.biodiversity.org.au/node/apni/2902546",-27.426905,153.16911,2025-01-14 10:58:00,"PRESENT","iNaturalist Australia"
"2199","cdac28ce-d5b5-419e-964c-efec03ea6034","Passiflora foetida","https://id.biodiversity.org.au/taxon/apni/51442118",-16.010947,145.442763,2025-11-12 09:31:02,"PRESENT","iNaturalist Australia"
"2200","cdd3a8ca-24c7-4c8c-b007-6b7a0dd1c2c8","Passiflora edulis","https://id.biodiversity.org.au/node/apni/2902546",-28.121478,153.128779,2025-05-13 08:47:00,"PRESENT","iNaturalist Australia"
"2201","ce1968c1-ddef-4953-a68e-8bca1331082e","Passiflora edulis","https://id.biodiversity.org.au/node/apni/2902546",-28.245528,153.402919,2023-01-12,"PRESENT","NSW BioNet Atlas"
"2202","ce19e52c-c995-4a22-a3f1-ebf421674cc8","Passiflora foetida","https://id.biodiversity.org.au/name/apni/51741309",-21.146018,149.207048,2025-03-26 06:49:54,"PRESENT","iNaturalist Australia"
"2203","ce2a12ce-8f79-4c38-8c8f-ae271729b896","Acraea terpsicore","https://biodiversity.org.au/afd/taxa/ba632bea-a7b4-4b60-bf89-d63128cad841",-19.240336,146.799416,2024-05-24 09:59:00,"PRESENT","iNaturalist Australia"
"2204","ce32ca63-2d1b-46ba-9e80-2fb1e45ba6f6","Passiflora edulis","https://id.biodiversity.org.au/node/apni/2902546",-35.065559,150.674284,2022-08-16,"PRESENT","NSW BioNet Atlas"
"2205","ce341e32-ec4e-4c03-856c-29c60bce18db","Passiflora edulis","https://id.biodiversity.org.au/node/apni/2902546",-26.783035,153.110336,2024-07-07 10:36:00,"PRESENT","iNaturalist Australia"
"2206","ce3b03a8-dd6e-4db2-92b9-26181e4f3ed1","Acraea terpsicore","https://biodiversity.org.au/afd/taxa/ba632bea-a7b4-4b60-bf89-d63128cad841",-19.327605,146.751591,2023-02-21 15:19:00,"PRESENT","iNaturalist Australia"
"2207","ce5d4b65-dd69-4d4f-88c9-ee5cb21fb0ce","Passiflora foetida","https://id.biodiversity.org.au/taxon/apni/51442118",-14.472692,132.259795,2021-06-10,"PRESENT","Flora Atlas N.T."
"2208","ce6a307a-4325-4eec-a547-a39ebc4daf36","Passiflora edulis","https://id.biodiversity.org.au/node/apni/2902546",-35.596819,150.338916,2023-12-27 12:31:34,"PRESENT","iNaturalist Australia"
"2209","ce75bf8b-f59e-4fe0-aa1a-495de372c0d0","Acraea terpsicore","https://biodiversity.org.au/afd/taxa/ba632bea-a7b4-4b60-bf89-d63128cad841",-27.100348,152.930979,2022-01-04 10:54:00,"PRESENT","iNaturalist Australia"
"2210","ce9b1a64-e483-40b4-bec8-5221a42c32bd","Passiflora foetida","https://id.biodiversity.org.au/name/apni/51741309",-16.16798,145.411434,2025-02-06 11:06:00,"PRESENT","iNaturalist Australia"
"2211","cefbc6ef-af7d-44ad-bb10-844c674b6680","Passiflora foetida","https://id.biodiversity.org.au/taxon/apni/51442118",-14.470557,132.260955,2021-06-10,"PRESENT","Flora Atlas N.T."
"2212","cf0103d5-7e19-4c53-86bc-ab7152cb3e44","Passiflora foetida","https://id.biodiversity.org.au/taxon/apni/51442118",-14.469797,132.265783,2021-06-10,"PRESENT","Flora Atlas N.T."
"2213","cf0bf82d-572e-47fb-b91d-6d0937597cea","Acraea terpsicore","https://biodiversity.org.au/afd/taxa/ba632bea-a7b4-4b60-bf89-d63128cad841",-17.415091,145.059267,2021-06-06 11:02:00,"PRESENT","iNaturalist Australia"
"2214","cf259049-0850-4cdd-a8c7-5d5ba9bfd41d","Passiflora edulis","https://id.biodiversity.org.au/node/apni/2902546",-27.62988,152.735352,2025-12-15 15:55:57,"PRESENT","iNaturalist Australia"
"2215","cf29e69a-fa5e-470b-bcbe-a8aad2c6c089","Passiflora edulis","https://id.biodiversity.org.au/node/apni/2902546",-27.394008,152.918376,2025-04-13 13:45:00,"PRESENT","iNaturalist Australia"
"2216","cf340507-ab0f-4115-b76f-b95b171127cc","Passiflora foetida","https://id.biodiversity.org.au/taxon/apni/51442118",-25.523251,152.670039,2022-02-22 10:11:00,"PRESENT","iNaturalist Australia"
"2217","cf4232a8-56d6-47c1-9421-b1ba96c5e716","Passiflora foetida","https://id.biodiversity.org.au/taxon/apni/51442118",-15.43502,131.64072,2022-02-16,"PRESENT","Flora Atlas N.T."
"2218","cf47c9df-a27a-4198-96cf-c213dc387498","Acraea terpsicore","https://biodiversity.org.au/afd/taxa/ba632bea-a7b4-4b60-bf89-d63128cad841",-16.9,145.7,2023-03-27 13:00:00,"PRESENT","Earth Guardians Weekly Feed"
"2219","cf513404-04e4-4516-9f71-24ad202ebae2","Passiflora edulis","https://id.biodiversity.org.au/node/apni/2902546",-34.565212,150.659163,2024-04-07 16:16:20,"PRESENT","iNaturalist Australia"
"2220","cf532d59-8b3a-4e4b-adac-59ba52adabcb","Passiflora edulis","https://id.biodiversity.org.au/node/apni/2902546",-30.169762,153.094246,2025-10-25 10:41:00,"PRESENT","iNaturalist Australia"
"2221","cf537df7-3636-4997-8c36-d85727b434e9","Acraea terpsicore","https://biodiversity.org.au/afd/taxa/ba632bea-a7b4-4b60-bf89-d63128cad841",-12.432945,130.944804,2023-02-11 07:24:00,"PRESENT","iNaturalist Australia"
"2222","cf7cfa84-f0fa-44bc-99d9-013ba9819184","Passiflora edulis","https://id.biodiversity.org.au/node/apni/2902546",-25.290569,152.820221,2024-09-16 08:18:00,"PRESENT","iNaturalist Australia"
"2223","cfcc1db0-4f04-422d-924f-c34ae8a1a277","Acraea terpsicore","https://biodiversity.org.au/afd/taxa/ba632bea-a7b4-4b60-bf89-d63128cad841",-16.446255,123.027981,2025-02-07 15:54:58,"PRESENT","iNaturalist Australia"
"2224","cfd1869d-f451-43db-92d0-c4106cbfeaef","Acraea terpsicore","https://biodiversity.org.au/afd/taxa/ba632bea-a7b4-4b60-bf89-d63128cad841",-14.08263,136.4314,2021-06-17,"PRESENT","Northern Territory Museum and Art Gallery provider for OZCAM"
"2225","d0092ee9-2f8c-4985-84e5-4bc413877ae7","Passiflora foetida","https://id.biodiversity.org.au/taxon/apni/51442118",-13.852488,136.417388,2021-09-20 13:29:00,"PRESENT","iNaturalist Australia"
"2226","d02f4ef2-bae8-4666-83da-b8176132cc90","Passiflora edulis","https://id.biodiversity.org.au/node/apni/2902546",-28.247863,153.372009,2022-08-16,"PRESENT","NSW BioNet Atlas"
"2227","d0370511-c4e5-4683-809a-c839a95b0119","Passiflora edulis","https://id.biodiversity.org.au/node/apni/2902546",-35.029094,138.549973,2025-05-11 11:21:39,"PRESENT","iNaturalist Australia"
"2228","d0519b60-50ed-49ac-9075-bec0aa529b0a","Passiflora foetida","https://id.biodiversity.org.au/taxon/apni/51442118",-24.249426,151.937577,2024-09-06 10:01:00,"PRESENT","iNaturalist Australia"
"2229","d07007e4-b59a-4bd4-834c-fda39693db2c","Acraea terpsicore","https://biodiversity.org.au/afd/taxa/ba632bea-a7b4-4b60-bf89-d63128cad841",-20.925833,149.015055,2021-06-21 11:01:00,"PRESENT","iNaturalist Australia"
"2230","d0a709e3-b870-4647-9563-e3df6820d43f","Acraea terpsicore","https://biodiversity.org.au/afd/taxa/ba632bea-a7b4-4b60-bf89-d63128cad841",-18.131857,144.426191,2025-05-19 08:58:26,"PRESENT","iNaturalist Australia"
"2231","d0bdc270-4088-4041-8a74-b8ec40e1af23","Acraea terpsicore","https://biodiversity.org.au/afd/taxa/ba632bea-a7b4-4b60-bf89-d63128cad841",-19.263338,146.805633,2025-04-11 12:14:31,"PRESENT","iNaturalist Australia"
"2232","d0d6ad51-56ad-4958-b1c2-16cd7fe83b6b","Passiflora foetida","https://id.biodiversity.org.au/taxon/apni/51442118",-24.778313,152.425857,2021-01-07 06:27:44,"PRESENT","iNaturalist Australia"
"2233","d0e15d0f-dc87-47a1-8ff2-12f1f2998502","Passiflora foetida","https://id.biodiversity.org.au/node/apni/2905971",-29.451326,153.20622,2021-11-16,"PRESENT","NSW BioNet Atlas"
"2234","d0e3c304-e651-4db8-acdf-30bde1c35077","Passiflora edulis","https://id.biodiversity.org.au/node/apni/2902546",-36.864304,149.924575,2024-06-07,"PRESENT","NSW BioNet Atlas"
"2235","d0fb45e5-2173-4be2-a7f1-27c8e5801f81","Passiflora foetida","https://id.biodiversity.org.au/taxon/apni/51442118",-14.473209,132.262971,2021-06-10,"PRESENT","Flora Atlas N.T."
"2236","d12338b5-f36b-4572-adac-44dcd0ebb2e1","Acraea terpsicore","https://biodiversity.org.au/afd/taxa/ba632bea-a7b4-4b60-bf89-d63128cad841",-19.333853,146.74388,2024-07-25 13:50:07,"PRESENT","iNaturalist Australia"
"2237","d12be6d0-1d19-496d-8324-438c4cc785b4","Passiflora foetida","https://id.biodiversity.org.au/taxon/apni/51442118",-14.322432,132.421552,2021-06-11 16:44:00,"PRESENT","iNaturalist Australia"
"2238","d14b62b9-9f46-4111-bd65-bba15292f4e0","Passiflora edulis","https://id.biodiversity.org.au/node/apni/2902546",-35.06054,138.68842,2022-11-05,"PRESENT","SA Flora"
"2239","d1521c41-14bb-41f2-a23b-3d672a7af7af","Passiflora edulis","https://id.biodiversity.org.au/node/apni/2902546",-27.534839,153.125769,2022-11-22 16:27:57,"PRESENT","iNaturalist Australia"
"2240","d155c9dc-98c3-4ec8-8db4-b5bcec491a0e","Passiflora foetida","https://id.biodiversity.org.au/taxon/apni/51442118",-28.643847,153.62378,2024-12-07 10:33:58,"PRESENT","iNaturalist Australia"
"2241","d17b3636-b143-4db0-a720-523ac5a5f624","Passiflora edulis","https://id.biodiversity.org.au/node/apni/2902546",-33.706062,151.186762,2024-03-20,"PRESENT","NSW BioNet Atlas"
"2242","d1a56513-369a-4b47-8df2-6572005a94bb","Passiflora edulis","https://id.biodiversity.org.au/node/apni/2902546",-33.652613,151.136033,2023-07-08 12:32:10,"PRESENT","iNaturalist Australia"
"2243","d1a784f0-e582-42d2-b8f6-ee1333624ef5","Acraea terpsicore","https://biodiversity.org.au/afd/taxa/ba632bea-a7b4-4b60-bf89-d63128cad841",-19.27602,147.03438,2023-05-08,"PRESENT","WildNet - Queensland Wildlife Data"
"2244","d1c2c73e-b770-4e01-b697-6671ecbd2db8","Passiflora edulis","https://id.biodiversity.org.au/node/apni/2902546",-35.760385,150.194878,2023-08-07,"PRESENT","NSW BioNet Atlas"
"2245","d1c7ece5-1826-48dc-8e40-bb022ce08d3f","Acraea terpsicore","https://biodiversity.org.au/afd/taxa/ba632bea-a7b4-4b60-bf89-d63128cad841",-25.403763,152.903694,2024-02-24 08:27:00,"PRESENT","iNaturalist Australia"
"2246","d1cd9b76-106e-43b8-b888-f9de510a2477","Passiflora foetida","https://id.biodiversity.org.au/taxon/apni/51442118",-23.13805,150.722369,2023-12-31 17:36:07,"PRESENT","iNaturalist Australia"
"2247","d1e5a97e-3dd7-4c08-8edb-edf619b41df7","Acraea terpsicore","https://biodiversity.org.au/afd/taxa/ba632bea-a7b4-4b60-bf89-d63128cad841",-16.658,145.263,2021-04-18 10:15:00,"PRESENT","Butterflies Australia"
"2248","d1eec4b2-a203-41ea-9d15-a48647a8e531","Passiflora edulis","https://id.biodiversity.org.au/node/apni/2902546",-28.847409,153.409645,2024-05-14,"PRESENT","NSW BioNet Atlas"
"2249","d2039865-7cec-4241-b48c-6d0e67f79aef","Passiflora foetida","https://id.biodiversity.org.au/taxon/apni/51442118",-12.449877,130.826116,2021-08-30 08:31:27,"PRESENT","iNaturalist Australia"
"2250","d22a4f91-2b6f-4543-9ba7-1af7c9841588","Passiflora foetida","https://id.biodiversity.org.au/taxon/apni/51442118",-21.153317,149.202776,2022-06-11 18:05:00,"PRESENT","iNaturalist Australia"
"2251","d25c3e9f-721c-4830-b3ea-850dc3a9f39c","Passiflora edulis","https://id.biodiversity.org.au/node/apni/2902546",-28.19195,153.484023,2024-01-31,"PRESENT","NSW BioNet Atlas"
"2252","d264d740-100a-47dc-bf06-d135dd4db6c2","Acraea terpsicore","https://biodiversity.org.au/afd/taxa/ba632bea-a7b4-4b60-bf89-d63128cad841",-19.168645,146.84745,2022-07-11 12:44:00,"PRESENT","iNaturalist Australia"
"2253","d2658cae-43c4-4f8f-b56f-91ac291acedc","Acraea terpsicore","https://biodiversity.org.au/afd/taxa/ba632bea-a7b4-4b60-bf89-d63128cad841",-20.638308,147.856047,2025-07-23 11:55:53,"PRESENT","iNaturalist Australia"
"2254","d272999e-6a89-41e9-aa03-8b7cb90f15c7","Passiflora edulis","https://id.biodiversity.org.au/node/apni/2902546",-34.11443,151.046386,2025-12-30 12:14:21,"PRESENT","iNaturalist Australia"
"2255","d288e4aa-6b1f-4ab8-be92-801a6496f43c","Passiflora foetida","https://id.biodiversity.org.au/taxon/apni/51442118",-27.4266,153.169248,2022-04-02 13:06:00,"PRESENT","iNaturalist Australia"
"2256","d28d4a63-1ed8-431a-acca-931cbced9ce6","Passiflora foetida","https://id.biodiversity.org.au/taxon/apni/51442118",-10.688378,142.531797,2022-07-11 13:20:00,"PRESENT","iNaturalist Australia"
"2257","d31808d2-9f1a-43ef-a935-0b958c7a9a0f","Passiflora edulis","https://id.biodiversity.org.au/node/apni/2902546",-28.194074,153.188903,2023-09-21 15:09:00,"PRESENT","iNaturalist Australia"
"2258","d31ab104-93c2-42dc-a56e-6eb6838c2edb","Passiflora foetida","https://id.biodiversity.org.au/taxon/apni/51442118",-27.311408,152.970587,2024-11-02 17:07:08,"PRESENT","iNaturalist Australia"
"2259","d33335a9-4fe4-4537-8107-a8a710fb3f58","Passiflora edulis","https://id.biodiversity.org.au/node/apni/2902546",-34.853734,138.609527,2023-12-24 16:37:43,"PRESENT","iNaturalist Australia"
"2260","d34a7bc4-f799-4ec2-a755-f2fd47e7e64a","Passiflora edulis","https://id.biodiversity.org.au/node/apni/2902546",-32.782436,151.73288,2025-12-16 10:37:56,"PRESENT","iNaturalist Australia"
"2261","d34b85ed-cad6-42ed-a559-86b6b9dcab61","Passiflora foetida","https://id.biodiversity.org.au/taxon/apni/51442118",-19.259158,146.804736,2024-03-05 17:48:17,"PRESENT","iNaturalist Australia"
"2262","d35af019-3250-45a8-9cbd-114dfb7a2095","Acraea terpsicore","https://biodiversity.org.au/afd/taxa/ba632bea-a7b4-4b60-bf89-d63128cad841",-19.260124,146.809458,2025-06-28 14:21:00,"PRESENT","iNaturalist Australia"
"2263","d368e2e6-505d-4664-ba4f-50943e386610","Acraea terpsicore","https://biodiversity.org.au/afd/taxa/ba632bea-a7b4-4b60-bf89-d63128cad841",-19.29395,147.02626,2023-05-08,"PRESENT","WildNet - Queensland Wildlife Data"
"2264","d3818959-7c8f-4589-a84c-302329fdefe6","Acraea terpsicore","https://biodiversity.org.au/afd/taxa/ba632bea-a7b4-4b60-bf89-d63128cad841",-13.293694,132.335175,2024-12-24 10:41:00,"PRESENT","iNaturalist Australia"
"2265","d38de3d9-dc7d-41f0-9464-3588f147b31f","Passiflora foetida","https://id.biodiversity.org.au/taxon/apni/51442118",-27.623372,152.991174,2025-07-10 10:40:59,"PRESENT","iNaturalist Australia"
"2266","d38fd3ab-8878-409e-90af-f78aca932463","Acraea terpsicore","https://biodiversity.org.au/afd/taxa/ba632bea-a7b4-4b60-bf89-d63128cad841",-22.481254,143.172076,2025-09-30 13:56:50,"PRESENT","iNaturalist Australia"
"2267","d39df117-5ae0-4ce0-825b-0ae8102b84f1","Acraea terpsicore","https://biodiversity.org.au/afd/taxa/ba632bea-a7b4-4b60-bf89-d63128cad841",-19.203,146.7394,2025-06-06 09:47:00,"PRESENT","iNaturalist Australia"
"2268","d3a282f5-e28c-45cd-89da-0f27713f149a","Passiflora edulis","https://id.biodiversity.org.au/node/apni/2902546",-27.109028,152.963613,2025-08-13 13:23:24,"PRESENT","iNaturalist Australia"
"2269","d3a5f96f-e7ea-4dfa-824d-a23edd6facc6","Passiflora edulis","https://id.biodiversity.org.au/node/apni/2902546",-28.318232,152.932114,2025-05-25 09:14:00,"PRESENT","iNaturalist Australia"
"2270","d3a703b6-be0e-41d1-8a7d-0f8e72470574","Passiflora foetida","https://id.biodiversity.org.au/taxon/apni/51442118",-12.718303,130.350005,2022-05-04 11:44:00,"PRESENT","iNaturalist Australia"
"2271","d3a89cc8-ea9a-45f6-bb14-60f7076f9601","Passiflora edulis","https://id.biodiversity.org.au/node/apni/2902546",-34.373424,150.86484,2022-03-20 10:00:00,"PRESENT","iNaturalist Australia"
"2272","d3cdecab-14c6-47f8-9ce3-25f76f21c72a","Acraea terpsicore","https://biodiversity.org.au/afd/taxa/ba632bea-a7b4-4b60-bf89-d63128cad841",-19.19019,146.773595,2025-04-16 16:32:00,"PRESENT","iNaturalist Australia"
"2273","d3e59a2d-11c4-4584-a868-a1d3e630cc5c","Passiflora foetida","https://id.biodiversity.org.au/taxon/apni/51442118",-12.36243,130.866893,2022-05-05 09:20:00,"PRESENT","iNaturalist Australia"
"2274","d3f8bf5b-8cca-44ac-855f-307d04205542","Passiflora edulis","https://id.biodiversity.org.au/node/apni/2902546",-26.433168,152.674171,2025-06-26 08:07:58,"PRESENT","iNaturalist Australia"
"2275","d4168de0-cd78-4299-abaf-5fbbc465c5e6","Acraea terpsicore","https://biodiversity.org.au/afd/taxa/ba632bea-a7b4-4b60-bf89-d63128cad841",-17.44326,140.84228,2023-08-15 17:03:00,"PRESENT","Butterflies Australia"
"2276","d4246a2f-ecfa-4bc1-b106-cf04baa82700","Passiflora foetida","https://id.biodiversity.org.au/taxon/apni/51442118",-26.356406,153.051459,2022-03-29 16:50:53,"PRESENT","iNaturalist Australia"
"2277","d42687ef-4682-4e70-81b7-710fd6df256a","Acraea terpsicore","https://biodiversity.org.au/afd/taxa/ba632bea-a7b4-4b60-bf89-d63128cad841",-13.822692,131.834423,2023-05-13 10:53:00,"PRESENT","iNaturalist Australia"
"2278","d42f0da0-bbef-49d4-9a96-a2b5382908ea","Acraea terpsicore","https://biodiversity.org.au/afd/taxa/ba632bea-a7b4-4b60-bf89-d63128cad841",-18.5943,143.5978,2021-01-14 08:45:00,"PRESENT","Butterflies Australia"
"2279","d42f4fc7-9e5c-475f-b7eb-ba35f3aba2cb","Passiflora edulis","https://id.biodiversity.org.au/node/apni/2902546",-34.438303,150.450766,2024-12-26 04:39:00,"PRESENT","iNaturalist Australia"
"2280","d4313886-c6b5-44b1-a737-f88ad06b79e0","Passiflora foetida","https://id.biodiversity.org.au/taxon/apni/51442118",-26.679586,153.138302,2023-04-10 08:56:00,"PRESENT","iNaturalist Australia"
"2281","d4405c0b-f7b6-4f84-ab0f-2556f2b28723","Passiflora edulis","https://id.biodiversity.org.au/node/apni/2902546",-36.223765,150.130432,2021-11-18 08:19:00,"PRESENT","iNaturalist Australia"
"2282","d448c16f-543c-4db2-ad89-84b1bc1a4d7a","Acraea terpsicore","https://biodiversity.org.au/afd/taxa/ba632bea-a7b4-4b60-bf89-d63128cad841",-17.3721,145.3159,2023-05-01 01:00:00,"PRESENT","Butterflies Australia"
"2283","d45377fa-a5e0-4633-b847-fb00a926187f","Acraea terpsicore","https://biodiversity.org.au/afd/taxa/ba632bea-a7b4-4b60-bf89-d63128cad841",-16.84192,145.73999,2022-02-28 02:14:00,"PRESENT","Butterflies Australia"
"2284","d45fdcaa-2773-455e-8622-0e68e5b75c51","Passiflora foetida","https://id.biodiversity.org.au/taxon/apni/51442118",-26.919949,152.75675,2025-12-27 18:18:09,"PRESENT","iNaturalist Australia"
"2285","d4702b6c-036c-4b9a-8bda-f6e0eb730cb9","Passiflora edulis","https://id.biodiversity.org.au/node/apni/2902546",-33.869575,151.013886,2021-06-11 12:18:00,"PRESENT","iNaturalist Australia"
"2286","d496026e-a46c-496e-84e2-ccfbe75b9502","Passiflora foetida","https://id.biodiversity.org.au/taxon/apni/51442118",-27.428382,153.168168,2021-12-04 09:08:00,"PRESENT","iNaturalist Australia"
"2287","d4dd9cb2-ae24-4375-9849-278c870c3a51","Acraea terpsicore","https://biodiversity.org.au/afd/taxa/ba632bea-a7b4-4b60-bf89-d63128cad841",-19.203138,146.739638,2025-05-11 14:22:37,"PRESENT","iNaturalist Australia"
"2288","d5916c2c-3f9e-4738-aa2e-c17223e87bf6","Passiflora foetida","https://id.biodiversity.org.au/taxon/apni/51442118",-26.378914,153.117944,2021-02-13 09:21:16,"PRESENT","iNaturalist Australia"
"2289","d599166b-8777-4bdb-857f-eb9179c3d00c","Passiflora foetida","https://id.biodiversity.org.au/taxon/apni/51442118",-14.469998,132.261427,2021-06-10,"PRESENT","Flora Atlas N.T."
"2290","d59b99a9-a353-4444-8c3c-2b1ad7c5b1e7","Passiflora foetida","https://id.biodiversity.org.au/taxon/apni/51442118",-25.272095,152.724012,2022-05-10 09:22:00,"PRESENT","iNaturalist Australia"
"2291","d59fc54f-592c-474a-9091-bebac419f736","Passiflora foetida","https://id.biodiversity.org.au/taxon/apni/51442118",-27.339441,153.077407,2025-12-05 13:26:24,"PRESENT","iNaturalist Australia"
"2292","d5a4d924-33d0-4f2d-b37d-f8b740423fe0","Passiflora foetida","https://id.biodiversity.org.au/taxon/apni/51442118",-23.222149,150.663533,2021-01-20 07:53:00,"PRESENT","iNaturalist Australia"
"2293","d5f9c1c1-7aea-4452-8f6a-21300648c5a9","Passiflora foetida","https://id.biodiversity.org.au/taxon/apni/51442118",-25.548032,152.695209,2023-06-24 07:51:52,"PRESENT","iNaturalist Australia"
"2294","d6416f0b-dd7c-4216-884a-4e5855a27fe9","Passiflora foetida","https://id.biodiversity.org.au/taxon/apni/51442118",-23.048859,150.648786,2025-11-13 06:50:08,"PRESENT","iNaturalist Australia"
"2295","d6543313-b401-47ab-b7ae-50a5eb1c0795","Passiflora foetida","https://id.biodiversity.org.au/taxon/apni/51442118",-19.269327,146.687374,2024-08-14,"PRESENT","iNaturalist Australia"
"2296","d65c7d6e-8ebe-4037-8540-8dda6396ef19","Passiflora edulis","https://id.biodiversity.org.au/node/apni/2902546",-33.792793,151.284411,2023-02-11 12:37:41,"PRESENT","iNaturalist Australia"
"2297","d666e515-0882-4ecf-9d60-91109e5a0164","Acraea terpsicore","https://biodiversity.org.au/afd/taxa/ba632bea-a7b4-4b60-bf89-d63128cad841",-27.48562,152.95412,2022-01-09 02:07:00,"PRESENT","Butterflies Australia"
"2298","d6c4e131-6889-4b66-a97b-080938cb7bc6","Passiflora edulis","https://id.biodiversity.org.au/node/apni/2902546",-33.791215,151.049662,2023-06-01 11:08:29,"PRESENT","iNaturalist Australia"
"2299","d706e7d2-7fee-4926-a749-a59862a65d7a","Acraea terpsicore","https://biodiversity.org.au/afd/taxa/ba632bea-a7b4-4b60-bf89-d63128cad841",-14.5,132.2,2021-02-21 00:43:00,"PRESENT","Earth Guardians Weekly Feed"
"2300","d7491feb-92a5-4de1-bcfe-e1ede823d473","Acraea terpsicore","https://biodiversity.org.au/afd/taxa/ba632bea-a7b4-4b60-bf89-d63128cad841",-10.578713,142.226696,2025-04-27 20:43:54,"PRESENT","iNaturalist Australia"
"2301","d7606254-96d1-4090-8dc6-f45163b6fee3","Passiflora edulis","https://id.biodiversity.org.au/node/apni/2902546",-27.471036,153.178772,2022-11-28 16:28:03,"PRESENT","iNaturalist Australia"
"2302","d76f6b60-a2dc-48a7-9d2e-7095a3c718f5","Passiflora foetida","https://id.biodiversity.org.au/name/apni/51741309",-27.318854,153.055125,2025-11-16 07:32:37,"PRESENT","iNaturalist Australia"
"2303","d784fc22-c427-43fb-aa12-f12b36fe5b7d","Acraea terpsicore","https://biodiversity.org.au/afd/taxa/ba632bea-a7b4-4b60-bf89-d63128cad841",-17.45122,140.8384,2023-08-14 17:30:00,"PRESENT","Butterflies Australia"
"2304","d79acba1-f54b-4b59-a4e4-1964fed4f6f6","Acraea terpsicore","https://biodiversity.org.au/afd/taxa/ba632bea-a7b4-4b60-bf89-d63128cad841",-12.35098,130.904277,2022-07-07 02:59:00,"PRESENT","Butterflies Australia"
"2305","d7bd801b-06df-49d7-b152-696681ca77af","Passiflora edulis","https://id.biodiversity.org.au/node/apni/2902546",-37.526544,149.678389,2024-06-27 12:42:00,"PRESENT","iNaturalist Australia"
"2306","d7c48d90-cd6d-406c-a763-c81c488b7c2e","Passiflora edulis","https://id.biodiversity.org.au/node/apni/2902546",-28.197627,153.196118,2023-01-29 10:10:00,"PRESENT","iNaturalist Australia"
"2307","d7e25400-5cb5-4d43-a4df-744b36d067d4","Acraea terpsicore","https://biodiversity.org.au/afd/taxa/ba632bea-a7b4-4b60-bf89-d63128cad841",-17.671814,141.072546,2023-06-22 14:14:00,"PRESENT","iNaturalist Australia"
"2308","d7e294eb-7f04-47ef-b0c0-68de49fef6d5","Passiflora edulis","https://id.biodiversity.org.au/node/apni/2902546",-28.584867,153.216922,2025-06-27 12:04:25,"PRESENT","iNaturalist Australia"
"2309","d7ff218c-3432-4622-ba7f-71c40073baa4","Passiflora edulis","https://id.biodiversity.org.au/node/apni/2902546",-26.485096,152.904892,2025-11-09 08:23:00,"PRESENT","iNaturalist Australia"
"2310","d8007e89-bf64-4054-9721-916437157b90","Acraea terpsicore","https://biodiversity.org.au/afd/taxa/ba632bea-a7b4-4b60-bf89-d63128cad841",-16.8,137,2022-08-15 14:42:00,"PRESENT","Earth Guardians Weekly Feed"
"2311","d811f2cc-8558-49e5-ac69-124c85cb4ebe","Passiflora edulis","https://id.biodiversity.org.au/node/apni/2902546",-27.702023,153.191153,2023-05-13 08:08:10,"PRESENT","iNaturalist Australia"
"2312","d8273968-b3e1-4cf1-b724-6608a848dee2","Acraea terpsicore","https://biodiversity.org.au/afd/taxa/ba632bea-a7b4-4b60-bf89-d63128cad841",-26.62041,153.065417,2023-04-20 00:30:00,"PRESENT","Butterflies Australia"
"2313","d829791a-78df-4970-a337-b6e4f21fc4de","Acraea terpsicore","https://biodiversity.org.au/afd/taxa/ba632bea-a7b4-4b60-bf89-d63128cad841",-12.395397,130.930794,2025-01-08 13:21:00,"PRESENT","iNaturalist Australia"
"2314","d83013dc-1a22-4f47-a7eb-9c2027b60e9f","Acraea terpsicore","https://biodiversity.org.au/afd/taxa/ba632bea-a7b4-4b60-bf89-d63128cad841",-17.149917,144.522797,2025-07-12 09:05:40,"PRESENT","iNaturalist Australia"
"2315","d854c114-5ded-457a-8390-76631d7a8601","Passiflora foetida","https://id.biodiversity.org.au/taxon/apni/51442118",-19.194567,146.73468,2021-12-12 09:27:31,"PRESENT","iNaturalist Australia"
"2316","d885b449-c8ed-4bd4-b04a-9a150cf8e485","Acraea terpsicore","https://biodiversity.org.au/afd/taxa/ba632bea-a7b4-4b60-bf89-d63128cad841",-19.196357,146.768698,2024-04-23 08:47:31,"PRESENT","iNaturalist Australia"
"2317","d8e51e77-14ea-4ec7-b80a-a2d1ce7527c9","Passiflora foetida","https://id.biodiversity.org.au/taxon/apni/51442118",-13.861688,136.81173,2022-05-13 11:05:00,"PRESENT","iNaturalist Australia"
"2318","d8f3c2b4-854f-4cc2-9a60-a4eb6d407384","Acraea terpsicore","https://biodiversity.org.au/afd/taxa/ba632bea-a7b4-4b60-bf89-d63128cad841",-12.451297,130.825372,2025-04-26 16:15:00,"PRESENT","iNaturalist Australia"
"2319","d8f6bfc2-4621-473f-936d-53c5dace79fa","Acraea terpsicore","https://biodiversity.org.au/afd/taxa/ba632bea-a7b4-4b60-bf89-d63128cad841",-21.3,149.1,2023-01-25 10:31:46,"PRESENT","Earth Guardians Weekly Feed"
"2320","d921c862-180e-4f73-94f3-77f5118545e8","Passiflora edulis","https://id.biodiversity.org.au/node/apni/2902546",-33.978603,151.04135,2025-12-17 12:40:37,"PRESENT","iNaturalist Australia"
"2321","d93f10a6-ddd4-4594-84d3-91410730a918","Acraea terpsicore","https://biodiversity.org.au/afd/taxa/ba632bea-a7b4-4b60-bf89-d63128cad841",-21.3,149.2,2023-12-14 06:49:00,"PRESENT","Earth Guardians Weekly Feed"
"2322","d94ffd8c-a219-486c-a7c6-8cbbf4232b21","Acraea terpsicore","https://biodiversity.org.au/afd/taxa/ba632bea-a7b4-4b60-bf89-d63128cad841",-24.153899,151.88562,2025-08-05 09:15:00,"PRESENT","iNaturalist Australia"
"2323","d95c9551-262c-4c9b-8d1a-608480fbf6c1","Acraea terpsicore","https://biodiversity.org.au/afd/taxa/ba632bea-a7b4-4b60-bf89-d63128cad841",-17.975116,122.344946,2025-04-27 13:04:00,"PRESENT","iNaturalist Australia"
"2324","d962a0ca-7dfa-4a31-8dd8-1928b2388d41","Passiflora foetida","https://id.biodiversity.org.au/taxon/apni/51442118",-14.428134,132.208367,2021-12-08,"PRESENT","Flora Atlas N.T."
"2325","d9908074-7d15-4372-a124-2635ea205a4d","Acraea terpsicore","https://biodiversity.org.au/afd/taxa/ba632bea-a7b4-4b60-bf89-d63128cad841",-19.259872,146.8078,2022-07-17 11:39:32,"PRESENT","iNaturalist Australia"
"2326","d99624aa-90c1-413b-bfa3-201bc06001c3","Passiflora edulis","https://id.biodiversity.org.au/node/apni/2902546",-26.682468,153.070099,2025-02-23 12:16:01,"PRESENT","iNaturalist Australia"
"2327","d9ae0f3e-f5ea-46d7-ac8c-750d8fdbb18b","Passiflora edulis","https://id.biodiversity.org.au/node/apni/2902546",-17.27095,145.584808,2024-01-10 18:05:35,"PRESENT","iNaturalist Australia"
"2328","d9cfe769-4957-428c-b1e0-5ed60c6ca957","Acraea terpsicore","https://biodiversity.org.au/afd/taxa/ba632bea-a7b4-4b60-bf89-d63128cad841",-14.84944,144.167807,2022-07-08 10:18:00,"PRESENT","iNaturalist Australia"
"2329","d9d03a3a-b5f9-4dee-9760-689c9d32e175","Passiflora edulis","https://id.biodiversity.org.au/node/apni/2902546",-32.955295,151.679893,2025-11-19 10:21:47,"PRESENT","iNaturalist Australia"
"2330","d9febacb-8160-48b7-bef3-4988699e6d3c","Passiflora edulis","https://id.biodiversity.org.au/node/apni/2902546",-33.29774,151.432466,2024-10-12 11:29:54,"PRESENT","iNaturalist Australia"
"2331","da0c6620-d8d4-41b5-8886-4845c96d65b3","Acraea terpsicore","https://biodiversity.org.au/afd/taxa/ba632bea-a7b4-4b60-bf89-d63128cad841",-17.050606,145.540475,2021-07-04 12:32:00,"PRESENT","iNaturalist Australia"
"2332","da20e09a-ab83-4297-afa7-f38dbfeb8ae7","Acraea terpsicore","https://biodiversity.org.au/afd/taxa/ba632bea-a7b4-4b60-bf89-d63128cad841",-18.183458,142.265047,2022-07-18 12:45:00,"PRESENT","iNaturalist Australia"
"2333","da2de76f-8846-4635-adef-d57d1bbe16b4","Passiflora foetida","https://id.biodiversity.org.au/taxon/apni/51442118",-26.790047,153.122056,2024-03-29 06:37:00,"PRESENT","iNaturalist Australia"
"2334","da43ff6f-653c-460d-b83e-857a36a4b5bb","Passiflora foetida","https://id.biodiversity.org.au/taxon/apni/51442118",-27.540107,153.048887,2022-08-07 20:16:00,"PRESENT","iNaturalist Australia"
"2335","da62d932-f75f-4109-8121-47aae1c1e26a","Passiflora foetida","https://id.biodiversity.org.au/taxon/apni/51442118",-16.776258,145.6694,2023-10-22 14:36:38,"PRESENT","iNaturalist Australia"
"2336","da70c7bc-6f3b-4a3b-a9bf-5a711aa9e149","Passiflora edulis","https://id.biodiversity.org.au/node/apni/2902546",-27.928122,153.310318,2023-04-13 08:01:07,"PRESENT","iNaturalist Australia"
"2337","da866a47-dff9-499e-85eb-55db2d0621ff","Passiflora foetida","https://id.biodiversity.org.au/taxon/apni/51442118",-26.733461,153.095192,2025-01-30 12:03:03,"PRESENT","iNaturalist Australia"
"2338","dab7780a-7fb1-4612-92fe-0acee2cf8e32","Passiflora foetida","https://id.biodiversity.org.au/taxon/apni/51442118",-28.841661,153.289318,2025-05-09,"PRESENT","iNaturalist Australia"
"2339","dabc5351-b833-4934-8c52-afcd95374c5a","Acraea terpsicore","https://biodiversity.org.au/afd/taxa/ba632bea-a7b4-4b60-bf89-d63128cad841",-18.14259,144.328905,2025-05-22 12:58:00,"PRESENT","iNaturalist Australia"
"2340","dad1322a-8a99-4d51-9a7b-112411c794c4","Passiflora edulis","https://id.biodiversity.org.au/node/apni/2902546",-35.255038,150.417057,2021-02-24,"PRESENT","NSW BioNet Atlas"
"2341","db08c4ba-2e6f-44f9-9982-e0bea0736662","Passiflora edulis","https://id.biodiversity.org.au/node/apni/2902546",-33.78004,151.03259,2025-12-08 08:08:50,"PRESENT","iNaturalist Australia"
"2342","db0f6eb2-54af-4afa-9bf9-2b43dcea7daf","Acraea terpsicore","https://biodiversity.org.au/afd/taxa/ba632bea-a7b4-4b60-bf89-d63128cad841",-19.217936,146.755049,2022-01-25 09:01:00,"PRESENT","iNaturalist Australia"
"2343","db450931-93e7-48ca-bcba-adde534703fa","Passiflora foetida","https://id.biodiversity.org.au/taxon/apni/51442118",-24.797084,152.440134,2024-01-31 10:12:28,"PRESENT","iNaturalist Australia"
"2344","db49dbb7-91da-46e8-8a03-68ba54c2038b","Acraea terpsicore","https://biodiversity.org.au/afd/taxa/ba632bea-a7b4-4b60-bf89-d63128cad841",-19.335125,146.754562,2021-06-20 18:19:00,"PRESENT","iNaturalist Australia"
"2345","db7dbb3e-753d-4c43-914a-27766db9ccfb","Passiflora edulis","https://id.biodiversity.org.au/node/apni/2902546",-33.721952,151.132012,2021-06-03,"PRESENT","NSW BioNet Atlas"
"2346","db89d758-0fd4-4c30-8b93-a5554984787c","Passiflora foetida","https://id.biodiversity.org.au/taxon/apni/51442118",-27.479606,152.96512,2021-12-25 11:33:00,"PRESENT","iNaturalist Australia"
"2347","db99a9c9-aa9e-4334-b98e-54a63351f2bd","Acraea terpsicore","https://biodiversity.org.au/afd/taxa/ba632bea-a7b4-4b60-bf89-d63128cad841",-19.210512,146.768448,2025-06-16 10:50:00,"PRESENT","iNaturalist Australia"
"2348","dbd5a5e3-a209-47c8-8a31-278c5656c567","Passiflora edulis","https://id.biodiversity.org.au/node/apni/2902546",-27.60521,153.197849,2022-11-01 13:53:00,"PRESENT","iNaturalist Australia"
"2349","dbe7931c-09fb-4f87-b213-deb00640bad5","Passiflora edulis","https://id.biodiversity.org.au/node/apni/2902546",-32.666495,151.287367,2021-12-08,"PRESENT","NSW BioNet Atlas"
"2350","dc0c405e-d315-403b-abb5-ed2122cf817c","Passiflora edulis","https://id.biodiversity.org.au/node/apni/2902546",-27.917123,153.220337,2023-05-20 12:17:00,"PRESENT","iNaturalist Australia"
"2351","dc0e786e-7e83-43d2-a0bd-3570500616b0","Passiflora edulis","https://id.biodiversity.org.au/node/apni/2902546",-33.886198,151.250135,2021-12-03,"PRESENT","NSW BioNet Atlas"
"2352","dc36dc78-a503-444e-8550-303e7fbc27e9","Passiflora foetida","https://id.biodiversity.org.au/taxon/apni/51442118",-14.47256,132.260337,2021-12-06,"PRESENT","Flora Atlas N.T."
"2353","dc48f054-06c4-4670-ba73-eaf52108b28a","Acraea terpsicore","https://biodiversity.org.au/afd/taxa/ba632bea-a7b4-4b60-bf89-d63128cad841",-23.155325,150.457318,2025-05-22 09:41:14,"PRESENT","iNaturalist Australia"
"2354","dc4e5fca-e688-4a06-aeb4-0fe4a8907ff5","Acraea terpsicore","https://biodiversity.org.au/afd/taxa/ba632bea-a7b4-4b60-bf89-d63128cad841",-19.344316,146.598896,2023-05-23 09:23:00,"PRESENT","iNaturalist Australia"
"2355","dc561c81-04e6-4030-b02d-70c347fc71eb","Passiflora foetida","https://id.biodiversity.org.au/taxon/apni/51442118",-27.550136,152.50885,2025-04-23 13:41:00,"PRESENT","iNaturalist Australia"
"2356","dc5ff46c-c637-4c4e-a83f-e76888c431e6","Acraea terpsicore","https://biodiversity.org.au/afd/taxa/ba632bea-a7b4-4b60-bf89-d63128cad841",-12.367463,130.909894,2021-06-24 09:36:00,"PRESENT","iNaturalist Australia"
"2357","dc719b4f-8bf4-43d2-a686-29edeee22e78","Acraea terpsicore","https://biodiversity.org.au/afd/taxa/ba632bea-a7b4-4b60-bf89-d63128cad841",-21.132188,148.525623,2024-10-07 10:49:00,"PRESENT","iNaturalist Australia"
"2358","dca93406-913b-4788-a306-ac0976fba743","Acraea terpsicore","https://biodiversity.org.au/afd/taxa/ba632bea-a7b4-4b60-bf89-d63128cad841",-19.23506,146.76599,2023-11-05 07:23:00,"PRESENT","iNaturalist Australia"
"2359","dcbf48d7-92e0-4e87-b3ba-523500a49d6a","Passiflora foetida","https://id.biodiversity.org.au/name/apni/51741309",-24.071436,151.299362,2025-04-01 09:25:04,"PRESENT","iNaturalist Australia"
"2360","dcd3a85b-1bb5-4a4f-8868-75a37c7ac9fe","Passiflora foetida","https://id.biodiversity.org.au/taxon/apni/51442118",-20.284485,146.24147,2025-10-13 15:23:43,"PRESENT","iNaturalist Australia"
"2361","dcf407fc-a9c3-4057-a1b6-79586cc7c5f1","Passiflora foetida","https://id.biodiversity.org.au/taxon/apni/51442118",-26.563586,153.057219,2024-09-17 09:19:14,"PRESENT","iNaturalist Australia"
"2362","dd038807-8cfd-4d8b-b005-d82f71925f5e","Acraea terpsicore","https://biodiversity.org.au/afd/taxa/ba632bea-a7b4-4b60-bf89-d63128cad841",-16.80624,145.725301,2021-02-19 11:23:00,"PRESENT","iNaturalist Australia"
"2363","dd5981fe-c23c-4782-a425-9bd1b82e4f0f","Passiflora edulis","https://id.biodiversity.org.au/node/apni/2902546",-28.24545,153.539123,2023-01-03 05:17:00,"PRESENT","iNaturalist Australia"
"2364","dd84c792-beb8-42a8-affc-1daaf33e6fea","Acraea terpsicore","https://biodiversity.org.au/afd/taxa/ba632bea-a7b4-4b60-bf89-d63128cad841",-17.415091,145.059267,2021-06-06 11:10:00,"PRESENT","iNaturalist Australia"
"2365","dd8e36cf-feb3-4519-8222-f7ff6e060307","Passiflora edulis","https://id.biodiversity.org.au/node/apni/2902546",-33.726624,150.413903,2021-10-19 13:26:00,"PRESENT","iNaturalist Australia"
"2366","dda23875-22c5-4fbb-9082-044fc429a9a9","Acraea terpsicore","https://biodiversity.org.au/afd/taxa/ba632bea-a7b4-4b60-bf89-d63128cad841",-19.331778,146.759322,2025-05-06 18:01:52,"PRESENT","iNaturalist Australia"
"2367","ddb7ac16-cfd3-432d-b2d9-cfa26bb1d4cc","Passiflora edulis","https://id.biodiversity.org.au/node/apni/2902546",-33.616323,151.051884,2025-08-28 08:15:00,"PRESENT","iNaturalist Australia"
"2368","ddbf4905-e0f8-45fe-bcc5-b1cd56629472","Passiflora foetida","https://id.biodiversity.org.au/taxon/apni/51442118",-17.856987,146.116903,2023-09-08 09:59:00,"PRESENT","iNaturalist Australia"
"2369","ddc31070-5ce1-4b8e-afbb-cdc3904562c9","Passiflora edulis","https://id.biodiversity.org.au/node/apni/2902546",-34.102605,150.994926,2025-06-27 14:31:22,"PRESENT","iNaturalist Australia"
"2370","de1b7281-b1d5-49ca-8ece-9f0ddab0a1b0","Acraea terpsicore","https://biodiversity.org.au/afd/taxa/ba632bea-a7b4-4b60-bf89-d63128cad841",-20.768882,148.349065,2024-05-17 12:11:43,"PRESENT","iNaturalist Australia"
"2371","de2dbe49-bf4c-41d4-bee3-01f1fedd46bc","Passiflora foetida","https://id.biodiversity.org.au/taxon/apni/51442118",-26.824455,152.94252,2025-02-19 07:26:10,"PRESENT","iNaturalist Australia"
"2372","de62a9b9-d675-488e-994c-b657afedd5a2","Passiflora edulis","https://id.biodiversity.org.au/node/apni/2902546",-30.278431,153.133996,2021-10-08,"PRESENT","NSW BioNet Atlas"
"2373","de633b68-fb6f-45fd-a2fd-921fe97580d3","Passiflora foetida","https://id.biodiversity.org.au/taxon/apni/51442118",-16.8,145.6,2023-06-22 16:08:00,"PRESENT","Earth Guardians Weekly Feed"
"2374","de839940-25f9-4b8c-a3d1-f58dbf81e768","Passiflora edulis","https://id.biodiversity.org.au/node/apni/2902546",-17.264357,145.565673,2025-04-02 10:31:25,"PRESENT","iNaturalist Australia"
"2375","de9a306e-d313-4fa3-aeb2-42b66f92a3fc","Passiflora foetida","https://id.biodiversity.org.au/name/apni/51741309",-24.804883,152.447037,2024-09-08 10:11:16,"PRESENT","iNaturalist Australia"
"2376","dec4dd2a-2e62-42ec-9577-336828027f96","Passiflora edulis","https://id.biodiversity.org.au/node/apni/2902546",-29.368829,153.052508,2025-07-18,"PRESENT","NSW BioNet Atlas"
"2377","df15f620-26f0-42d2-a0f1-82280eb54335","Acraea terpsicore","https://biodiversity.org.au/afd/taxa/ba632bea-a7b4-4b60-bf89-d63128cad841",-18.655476,146.148739,2022-10-03 08:09:00,"PRESENT","iNaturalist Australia"
"2378","df19ab1c-8770-4691-b2a1-3b02c18c1c10","Passiflora foetida","https://id.biodiversity.org.au/taxon/apni/51442118",-24.234046,151.937274,2023-06-07 10:23:03,"PRESENT","iNaturalist Australia"
"2379","df5e9de2-8c8c-4ab7-9f43-c01aa3be2dcc","Acraea terpsicore","https://biodiversity.org.au/afd/taxa/ba632bea-a7b4-4b60-bf89-d63128cad841",-20.592282,139.544548,2025-07-26 13:01:00,"PRESENT","iNaturalist Australia"
"2380","df62831f-c1f5-45d8-a27a-4a4e693c6df9","Passiflora foetida","https://id.biodiversity.org.au/taxon/apni/51442118",-11.66253,133.31732,2021-04-13,"PRESENT","Northern Territory Herbarium (DNA) AVH data"
"2381","dfa3f64a-aecf-4fed-9704-a779080c4349","Passiflora edulis","https://id.biodiversity.org.au/node/apni/2902546",-28.344843,153.074897,2026-01-16 15:40:00,"PRESENT","iNaturalist Australia"
"2382","dfb1101e-9267-4a11-9d1f-d77fb63f08fa","Passiflora edulis","https://id.biodiversity.org.au/node/apni/2902546",-33.6717,150.635136,2025-03-11,"PRESENT","NSW BioNet Atlas"
"2383","dfd09a65-f4ff-4fc8-ab16-2b2df8e37c4c","Acraea terpsicore","https://biodiversity.org.au/afd/taxa/ba632bea-a7b4-4b60-bf89-d63128cad841",-30.256864,153.139868,2021-04-27 09:30:00,"PRESENT","iNaturalist Australia"
"2384","dff8987f-7097-4019-9fcf-7d48d8963b96","Passiflora edulis","https://id.biodiversity.org.au/node/apni/2902546",-30.562538,153.014586,2025-11-16 10:29:10,"PRESENT","iNaturalist Australia"
"2385","e01b0340-25ec-4d39-9707-b99061071625","Passiflora edulis","https://id.biodiversity.org.au/node/apni/2902546",-27.474333,152.946251,2025-06-01 09:08:06,"PRESENT","iNaturalist Australia"
"2386","e02d3c90-79b6-4b18-8636-ca173a410f6a","Acraea terpsicore","https://biodiversity.org.au/afd/taxa/ba632bea-a7b4-4b60-bf89-d63128cad841",-18.182647,142.265142,2025-05-16 11:02:00,"PRESENT","iNaturalist Australia"
"2387","e03bc31f-df73-40a4-98ff-343c7dff73f3","Passiflora foetida","https://id.biodiversity.org.au/taxon/apni/51442118",-27.464637,153.137495,2022-05-31 20:03:00,"PRESENT","iNaturalist Australia"
"2388","e0564d43-90b0-4c6e-b45e-cf506e819263","Passiflora edulis","https://id.biodiversity.org.au/node/apni/2902546",-33.828349,151.256596,2023-12-18 13:21:46,"PRESENT","iNaturalist Australia"
"2389","e0682309-12d0-4bba-b72e-a7c9543d1e3e","Passiflora edulis","https://id.biodiversity.org.au/node/apni/2902546",-34.996675,116.653595,2025-10-05 09:55:01,"PRESENT","iNaturalist Australia"
"2390","e06a9120-1c5c-473a-bfbe-7e506f5c519f","Passiflora foetida","https://id.biodiversity.org.au/taxon/apni/51442118",-25.282711,152.700572,2025-02-13 11:25:00,"PRESENT","iNaturalist Australia"
"2391","e070b71e-1ff8-4b99-a8e9-c1d6cdb14615","Acraea terpsicore","https://biodiversity.org.au/afd/taxa/ba632bea-a7b4-4b60-bf89-d63128cad841",-25.187114,149.971476,2025-04-18 13:05:00,"PRESENT","iNaturalist Australia"
"2392","e07bca54-bd8a-4c1c-a8c7-7b5eb8166ee1","Passiflora foetida","https://id.biodiversity.org.au/taxon/apni/51442118",-23.484684,150.34442,2022-06-15 09:16:06,"PRESENT","iNaturalist Australia"
"2393","e07d2ec9-d3d4-4c16-91e6-cbf7ee853232","Passiflora edulis","https://id.biodiversity.org.au/node/apni/2902546",-37.731384,145.183155,2025-03-24 09:51:00,"PRESENT","iNaturalist Australia"
"2394","e0c4d225-4049-47e4-a1c8-eb42f4157522","Passiflora edulis","https://id.biodiversity.org.au/node/apni/2902546",-33.837404,151.227955,2021-10-09 07:38:51,"PRESENT","iNaturalist Australia"
"2395","e0cf51c9-0350-4c82-b5f0-c5791a2ccd60","Passiflora foetida","https://id.biodiversity.org.au/name/apni/51741309",-21.404913,148.54544,2023-09-07 08:40:00,"PRESENT","iNaturalist Australia"
"2396","e0eeb5c1-63af-4293-9d90-f9565916bb6d","Passiflora foetida","https://id.biodiversity.org.au/taxon/apni/51442118",-14.469789,132.264057,2022-01-27,"PRESENT","Flora Atlas N.T."
"2397","e1004065-eeb7-4bd8-b345-8c4b7cea54ac","Passiflora edulis","https://id.biodiversity.org.au/node/apni/2902546",-30.17858,153.095754,2025-07-08 09:31:14,"PRESENT","iNaturalist Australia"
"2398","e100a742-ff73-4d4b-b101-128c9ec531dd","Acraea terpsicore","https://biodiversity.org.au/afd/taxa/ba632bea-a7b4-4b60-bf89-d63128cad841",-19.20311,146.748952,2021-05-01 22:40:00,"PRESENT","NatureMapr"
"2399","e1275e2f-9196-4c8d-b79f-1e313005f61c","Acraea terpsicore","https://biodiversity.org.au/afd/taxa/ba632bea-a7b4-4b60-bf89-d63128cad841",-29.573857,152.849076,2022-03-02 14:31:00,"PRESENT","iNaturalist Australia"
"2400","e136c6bc-d7f3-4c46-98af-b97bf2d62ced","Acraea terpsicore","https://biodiversity.org.au/afd/taxa/ba632bea-a7b4-4b60-bf89-d63128cad841",-26.610082,153.067419,2023-08-15 13:24:00,"PRESENT","iNaturalist Australia"
"2401","e14bced2-0bde-4cca-9215-5cf85668ef51","Acraea terpsicore","https://biodiversity.org.au/afd/taxa/ba632bea-a7b4-4b60-bf89-d63128cad841",-15.615394,131.12163,2024-08-29 10:26:00,"PRESENT","iNaturalist Australia"
"2402","e163d78d-8926-4c12-8787-d84f2091d00f","Passiflora foetida","https://id.biodiversity.org.au/taxon/apni/51442118",-23.89,151.25,2024-10-23,"PRESENT","WeedScan"
"2403","e1726c13-5f63-4064-b5fd-22293d22a04f","Acraea terpsicore","https://biodiversity.org.au/afd/taxa/ba632bea-a7b4-4b60-bf89-d63128cad841",-12.731422,130.361849,2021-04-03 21:28:24,"PRESENT","iNaturalist Australia"
"2404","e1836edb-6469-44e2-9633-3c13f7ec4595","Acraea terpsicore","https://biodiversity.org.au/afd/taxa/ba632bea-a7b4-4b60-bf89-d63128cad841",-12.333793,130.893571,2025-04-25 12:01:14,"PRESENT","iNaturalist Australia"
"2405","e185097f-6edf-438d-b840-0645fc2a4bf5","Passiflora edulis","https://id.biodiversity.org.au/node/apni/2902546",-28.112966,152.698017,2025-01-23 12:09:00,"PRESENT","iNaturalist Australia"
"2406","e1b076ad-3d97-4603-8d97-b104f6bec389","Acraea terpsicore","https://biodiversity.org.au/afd/taxa/ba632bea-a7b4-4b60-bf89-d63128cad841",-19.23895,146.805169,2022-10-03 09:44:22,"PRESENT","iNaturalist Australia"
"2407","e1d273f1-bc88-4b1f-9ae6-0a9142302f2b","Acraea terpsicore","https://biodiversity.org.au/afd/taxa/ba632bea-a7b4-4b60-bf89-d63128cad841",-20.942483,144.197717,2024-08-21 15:32:00,"PRESENT","iNaturalist Australia"
"2408","e1e74b24-f094-467b-b09c-481dfbd07c7a","Passiflora foetida","https://id.biodiversity.org.au/taxon/apni/51442118",-14.468042,132.262836,2021-06-10,"PRESENT","Flora Atlas N.T."
"2409","e24ee915-b91f-4e43-85e1-f4b4eeeca5be","Acraea terpsicore","https://biodiversity.org.au/afd/taxa/ba632bea-a7b4-4b60-bf89-d63128cad841",-19.211034,146.510989,2021-03-28 10:23:30,"PRESENT","iNaturalist Australia"
"2410","e2525298-5d6b-42a0-9966-62cb0b5a74ed","Acraea terpsicore","https://biodiversity.org.au/afd/taxa/ba632bea-a7b4-4b60-bf89-d63128cad841",-23.083317,148.012228,2025-06-05 09:42:00,"PRESENT","iNaturalist Australia"
"2411","e28088ed-22ca-487b-9bd7-a977f08bdb53","Acraea terpsicore","https://biodiversity.org.au/afd/taxa/ba632bea-a7b4-4b60-bf89-d63128cad841",-20.339078,144.462012,2025-05-19 10:45:00,"PRESENT","iNaturalist Australia"
"2412","e3127eac-3f62-4dd9-b27d-3e897d388e59","Acraea terpsicore","https://biodiversity.org.au/afd/taxa/ba632bea-a7b4-4b60-bf89-d63128cad841",-17.454586,138.358619,2023-06-20 10:09:00,"PRESENT","iNaturalist Australia"
"2413","e33cc015-d625-43e3-9ec1-3d33d018cfc4","Acraea terpsicore","https://biodiversity.org.au/afd/taxa/ba632bea-a7b4-4b60-bf89-d63128cad841",-12.09638,133.185959,2021-07-27 11:03:25,"PRESENT","iNaturalist Australia"
"2414","e33d674d-9e36-4ad8-b430-50c14d18089a","Acraea terpsicore","https://biodiversity.org.au/afd/taxa/ba632bea-a7b4-4b60-bf89-d63128cad841",-14.18174,144.231487,2022-08-06 09:23:00,"PRESENT","iNaturalist Australia"
"2415","e35a98de-4603-4a77-9e04-d2b69bcf51b4","Acraea terpsicore","https://biodiversity.org.au/afd/taxa/ba632bea-a7b4-4b60-bf89-d63128cad841",-18.194339,144.606938,2021-07-05 13:50:00,"PRESENT","iNaturalist Australia"
"2416","e36333fe-b40f-450e-8c1b-4c0414b90d0f","Passiflora edulis","https://id.biodiversity.org.au/node/apni/2902546",-25.294602,152.832732,2025-03-25 11:00:00,"PRESENT","iNaturalist Australia"
"2417","e3847e25-6d8e-41be-8b07-ef82a0f8a767","Passiflora foetida","https://id.biodiversity.org.au/taxon/apni/51442118",-12.535735,131.049158,2021-01-21,"PRESENT","Flora Atlas N.T."
"2418","e39185ac-3e91-4b23-a1c0-91114d551934","Acraea terpsicore","https://biodiversity.org.au/afd/taxa/ba632bea-a7b4-4b60-bf89-d63128cad841",-18.589563,145.805241,2021-06-20 22:38:00,"PRESENT","iNaturalist Australia"
"2419","e3937258-fbfd-446f-8141-f7b0aca7e927","Passiflora edulis","https://id.biodiversity.org.au/node/apni/2902546",-17.532087,145.806245,2021-03-15 17:31:00,"PRESENT","iNaturalist Australia"
"2420","e3b3046d-9907-44a4-a759-29b110409924","Acraea terpsicore","https://biodiversity.org.au/afd/taxa/ba632bea-a7b4-4b60-bf89-d63128cad841",-19.318265,140.52681,2025-07-03 16:37:00,"PRESENT","iNaturalist Australia"
"2421","e3b4ebbc-3dc2-43cb-b581-bfe2700ab0e1","Acraea terpsicore","https://biodiversity.org.au/afd/taxa/ba632bea-a7b4-4b60-bf89-d63128cad841",-12.357417,130.88575,2025-05-29 12:42:00,"PRESENT","iNaturalist Australia"
"2422","e3b67b08-63ed-4184-8ea6-2a010a186b5a","Acraea terpsicore","https://biodiversity.org.au/afd/taxa/ba632bea-a7b4-4b60-bf89-d63128cad841",-30.35656,153.10465,2023-01-08 00:22:00,"PRESENT","Butterflies Australia"
"2423","e3b77614-2245-40d1-8bfd-e3b1d436cf97","Passiflora edulis","https://id.biodiversity.org.au/node/apni/2902546",-30.413059,152.887555,2022-02-07,"PRESENT","NSW BioNet Atlas"
"2424","e3c6b74c-120b-45bc-8948-afe0310bdc3b","Passiflora edulis","https://id.biodiversity.org.au/node/apni/2902546",-27.916986,153.220536,2023-05-20 12:21:00,"PRESENT","iNaturalist Australia"
"2425","e3d11415-bead-4cf1-9c48-c355074142a0","Acraea terpsicore","https://biodiversity.org.au/afd/taxa/ba632bea-a7b4-4b60-bf89-d63128cad841",-18.300686,143.352218,2024-07-14 13:11:00,"PRESENT","iNaturalist Australia"
"2426","e3d9ae22-9d47-41b9-a6b6-47001cd97442","Passiflora edulis","https://id.biodiversity.org.au/node/apni/2902546",-30.36494,153.079579,2025-07-17 16:55:00,"PRESENT","iNaturalist Australia"
"2427","e3f218f1-8975-4010-8d64-6a23ce39cc35","Passiflora edulis","https://id.biodiversity.org.au/node/apni/2902546",-27.740547,153.180786,2025-04-14 08:32:00,"PRESENT","iNaturalist Australia"
"2428","e40c57cf-5ff3-4e99-9019-923bd9f18ce6","Acraea terpsicore","https://biodiversity.org.au/afd/taxa/ba632bea-a7b4-4b60-bf89-d63128cad841",-17.15757,144.52297,2022-08-31 04:41:00,"PRESENT","Butterflies Australia"
"2429","e40ec964-1056-4aa7-a3c9-3ed0f0429ac0","Acraea terpsicore","https://biodiversity.org.au/afd/taxa/ba632bea-a7b4-4b60-bf89-d63128cad841",-20.001656,148.241641,2022-09-24 17:30:00,"PRESENT","Butterflies Australia"
"2430","e43e3113-7f8d-40ac-91e0-61199064b2c4","Acraea terpsicore","https://biodiversity.org.au/afd/taxa/ba632bea-a7b4-4b60-bf89-d63128cad841",-19.326298,146.754616,2024-04-22,"PRESENT","iNaturalist Australia"
"2431","e4a1bbdf-36a4-4b03-89d8-4fa904634fd0","Acraea terpsicore","https://biodiversity.org.au/afd/taxa/ba632bea-a7b4-4b60-bf89-d63128cad841",-12.347399,130.899014,2025-01-25 17:12:29,"PRESENT","iNaturalist Australia"
"2432","e4b743a3-3952-46fc-a9bd-9ea806eade15","Acraea terpsicore","https://biodiversity.org.au/afd/taxa/ba632bea-a7b4-4b60-bf89-d63128cad841",-15.9748,144.8289,2022-05-25 01:30:00,"PRESENT","Butterflies Australia"
"2433","e4fd24f1-86d0-4c5f-a3a5-54432bd5183f","Acraea terpsicore","https://biodiversity.org.au/afd/taxa/ba632bea-a7b4-4b60-bf89-d63128cad841",-16.271011,128.664625,2022-10-06 09:52:00,"PRESENT","iNaturalist Australia"
"2434","e510ae74-338a-4cca-8c92-f0dfc35ca00e","Acraea terpsicore","https://biodiversity.org.au/afd/taxa/ba632bea-a7b4-4b60-bf89-d63128cad841",-15.630572,131.135467,2021-08-24 15:17:00,"PRESENT","iNaturalist Australia"
"2435","e57a4c69-9339-45ee-8cf9-23af8c10279f","Passiflora edulis","https://id.biodiversity.org.au/node/apni/2902546",-37.498147,149.725061,2024-06-27 12:42:00,"PRESENT","iNaturalist Australia"
"2436","e596c808-4e2c-4f12-a38b-b22feb00c8e7","Passiflora edulis","https://id.biodiversity.org.au/node/apni/2902546",-27.366513,152.184867,2021-01-10 09:37:00,"PRESENT","iNaturalist Australia"
"2437","e5975661-197a-4feb-8a93-f06f706d461a","Passiflora foetida","https://id.biodiversity.org.au/name/apni/51741309",-27.364709,153.101596,2025-05-07 11:16:16,"PRESENT","iNaturalist Australia"
"2438","e5a0c97b-f9a5-4ec1-b915-7209c0867369","Passiflora edulis","https://id.biodiversity.org.au/node/apni/2902546",-28.056152,153.437286,2024-05-23 10:41:11,"PRESENT","iNaturalist Australia"
"2439","e5c24251-2829-4f7e-9954-58ed6d451a11","Passiflora edulis","https://id.biodiversity.org.au/node/apni/2902546",-33.711643,151.190765,2025-04-06 14:32:00,"PRESENT","iNaturalist Australia"
"2440","e5c823ef-706d-40f4-94f7-1a33498a57be","Passiflora edulis","https://id.biodiversity.org.au/node/apni/2902546",-27.839347,153.295228,2025-04-11 13:30:57,"PRESENT","iNaturalist Australia"
"2441","e5e08443-a982-41f6-906a-0e7a2d352aae","Acraea terpsicore","https://biodiversity.org.au/afd/taxa/ba632bea-a7b4-4b60-bf89-d63128cad841",-12.395267,130.932954,2024-12-24 09:55:00,"PRESENT","iNaturalist Australia"
"2442","e5fd14ce-0b87-4873-8d34-7217924d482d","Acraea terpsicore","https://biodiversity.org.au/afd/taxa/ba632bea-a7b4-4b60-bf89-d63128cad841",-19.25807,146.802475,2025-04-17 10:16:00,"PRESENT","iNaturalist Australia"
"2443","e616e513-6179-4876-b198-c97c99ac61d4","Passiflora edulis","https://id.biodiversity.org.au/node/apni/2902546",-30.435919,153.012296,2023-11-24 10:55:00,"PRESENT","iNaturalist Australia"
"2444","e65e268d-a79a-49e0-8e0f-c59e204a0310","Acraea terpsicore","https://biodiversity.org.au/afd/taxa/ba632bea-a7b4-4b60-bf89-d63128cad841",-20.090541,148.509071,2021-09-29 01:00:00,"PRESENT","Butterflies Australia"
"2445","e676b090-78f7-4769-881e-2defbb0e325a","Passiflora edulis","https://id.biodiversity.org.au/node/apni/2902546",-36.314697,150.055283,2023-06-28 12:02:23,"PRESENT","iNaturalist Australia"
"2446","e677fd3b-ba87-4b9e-85f5-f12e4491fce3","Passiflora edulis","https://id.biodiversity.org.au/node/apni/2902546",-27.90261,153.391307,2022-08-28 10:15:00,"PRESENT","iNaturalist Australia"
"2447","e67de48b-e5cc-4996-95cb-0237a40095d2","Passiflora edulis","https://id.biodiversity.org.au/node/apni/2902546",-27.77993,153.125633,2025-05-21 07:23:00,"PRESENT","iNaturalist Australia"
"2448","e6a33d1a-3d74-4eda-8448-8917c5563703","Passiflora edulis","https://id.biodiversity.org.au/node/apni/2902546",-27.410119,153.039787,2022-06-01 10:08:07,"PRESENT","iNaturalist Australia"
"2449","e6b5d528-1f1d-43ee-9798-250b43c6f95b","Passiflora edulis","https://id.biodiversity.org.au/node/apni/2902546",-34.504432,150.878905,2024-08-01,"PRESENT","NSW BioNet Atlas"
"2450","e6d233e6-8318-4e0c-89dc-ba1fd48a8ecf","Acraea terpsicore","https://biodiversity.org.au/afd/taxa/ba632bea-a7b4-4b60-bf89-d63128cad841",-20.071144,148.260142,2022-08-18 14:37:00,"PRESENT","iNaturalist Australia"
"2451","e6e1f0ea-cd8a-4393-a14b-0e30bf7a8531","Passiflora edulis","https://id.biodiversity.org.au/node/apni/2902546",-27.468488,152.946487,2023-11-18 09:49:43,"PRESENT","iNaturalist Australia"
"2452","e6f7b341-fc7a-4362-9e8e-a8274895f8a8","Passiflora foetida","https://id.biodiversity.org.au/taxon/apni/51442118",-27.48486,152.75299,2021-01-17,"PRESENT","WildNet - Queensland Wildlife Data"
"2453","e70105d2-f7d5-4c5e-906c-5ae85f0838a7","Acraea terpsicore","https://biodiversity.org.au/afd/taxa/ba632bea-a7b4-4b60-bf89-d63128cad841",-16.478226,145.011524,2025-06-28 13:54:00,"PRESENT","iNaturalist Australia"
"2454","e72b31f2-8208-49d5-9a74-60fbacd6612a","Passiflora edulis","https://id.biodiversity.org.au/node/apni/2902546",-33.967658,150.872225,2022-10-24,"PRESENT","NSW BioNet Atlas"
"2455","e74ce9ce-bbd0-45e0-b17c-8dcaa81daca4","Passiflora foetida","https://id.biodiversity.org.au/taxon/apni/51442118",-27.543728,153.061931,2023-10-13 12:53:00,"PRESENT","iNaturalist Australia"
"2456","e75750a1-e0e8-49d5-9313-c2c9ff63005f","Passiflora edulis","https://id.biodiversity.org.au/node/apni/2902546",-27.536956,153.215642,2023-09-14 07:37:00,"PRESENT","iNaturalist Australia"
"2457","e7a61827-ee17-4d6b-87af-988c2043e028","Passiflora edulis","https://id.biodiversity.org.au/node/apni/2902546",-33.664276,151.029411,2023-08-01,"PRESENT","NSW BioNet Atlas"
"2458","e7ac2961-c9a0-4adf-b8b4-5a338392c8ad","Acraea terpsicore","https://biodiversity.org.au/afd/taxa/ba632bea-a7b4-4b60-bf89-d63128cad841",-21.4408,148.5343,2022-10-25 22:15:00,"PRESENT","Butterflies Australia"
"2459","e7d222d4-c840-4c03-b91f-1b9e44182f5d","Passiflora edulis","https://id.biodiversity.org.au/node/apni/2902546",-33.05192,151.133369,2022-01-09 11:41:00,"PRESENT","iNaturalist Australia"
"2460","e7f7b7c3-76d1-4eb4-a6e4-0e11a1086e1e","Passiflora foetida","https://id.biodiversity.org.au/name/apni/51741309",-23.346769,150.936566,2023-11-26 10:10:25,"PRESENT","iNaturalist Australia"
"2461","e80272e6-818e-4f16-8055-f7c883e692b5","Acraea terpsicore","https://biodiversity.org.au/afd/taxa/ba632bea-a7b4-4b60-bf89-d63128cad841",-17.150938,145.179857,2023-08-31 12:13:00,"PRESENT","iNaturalist Australia"
"2462","e80a4b38-e215-4d5a-9715-9ac6ff602fc3","Passiflora foetida","https://id.biodiversity.org.au/taxon/apni/51442118",-12.670622,141.88817,2022-01-26 10:52:05,"PRESENT","iNaturalist Australia"
"2463","e80f5ced-003b-4b6c-bae3-82b207e4399c","Passiflora edulis","https://id.biodiversity.org.au/node/apni/2902546",-35.424502,150.235353,2025-10-27 12:41:00,"PRESENT","iNaturalist Australia"
"2464","e83544ab-8a72-4518-ac82-f0b0a29a6c8c","Passiflora foetida","https://id.biodiversity.org.au/taxon/apni/51442118",-14.471881,132.260714,2021-11-15,"PRESENT","Flora Atlas N.T."
"2465","e8378362-f784-4a6f-ac61-4a63273d510a","Passiflora foetida","https://id.biodiversity.org.au/taxon/apni/51442118",-12.33088,130.89774,2021-02-23 15:07:00,"PRESENT","iNaturalist Australia"
"2466","e841b7d4-07a1-4b15-8108-5811ffbe9550","Passiflora foetida","https://id.biodiversity.org.au/taxon/apni/51442118",-14.469767,132.265676,2022-01-27,"PRESENT","Flora Atlas N.T."
"2467","e84356a0-8b3e-4edc-84f6-1a7f03a56fa6","Acraea terpsicore","https://biodiversity.org.au/afd/taxa/ba632bea-a7b4-4b60-bf89-d63128cad841",-19.163847,146.84708,2021-03-07 14:36:00,"PRESENT","iNaturalist Australia"
"2468","e8485f8b-7645-49a8-a46d-59960e44dc9d","Passiflora foetida","https://id.biodiversity.org.au/name/apni/51741309",-27.454688,152.92585,2024-11-05 07:02:00,"PRESENT","iNaturalist Australia"
"2469","e860f7c9-d360-4f92-86e5-bfb8c37b8196","Acraea terpsicore","https://biodiversity.org.au/afd/taxa/ba632bea-a7b4-4b60-bf89-d63128cad841",-27.384271,152.914538,2022-02-08 15:28:00,"PRESENT","iNaturalist Australia"
"2470","e864cabc-384b-4729-b091-c4224bb1d297","Acraea terpsicore","https://biodiversity.org.au/afd/taxa/ba632bea-a7b4-4b60-bf89-d63128cad841",-23.078948,148.026937,2025-08-04 11:36:03,"PRESENT","iNaturalist Australia"
"2471","e86917b2-92b4-4368-af2b-50f195741100","Acraea terpsicore","https://biodiversity.org.au/afd/taxa/ba632bea-a7b4-4b60-bf89-d63128cad841",-10.5784,142.2267,2021-03-17 11:00:00,"PRESENT","Butterflies Australia"
"2472","e86ccb2e-22a9-4ca7-b19a-07b45540fded","Acraea terpsicore","https://biodiversity.org.au/afd/taxa/ba632bea-a7b4-4b60-bf89-d63128cad841",-20.1,146.2,2021-02-05 11:44:00,"PRESENT","Earth Guardians Weekly Feed"
"2473","e88c16f1-4013-460b-8511-ea5fde9d05fc","Acraea terpsicore","https://biodiversity.org.au/afd/taxa/ba632bea-a7b4-4b60-bf89-d63128cad841",-18.09,144.4322,2021-03-23 03:00:00,"PRESENT","Butterflies Australia"
"2474","e896586b-82da-48c3-a5ee-0f1912e81da1","Passiflora foetida","https://id.biodiversity.org.au/name/apni/51741309",-21.967469,149.6577,2024-12-07 05:15:00,"PRESENT","iNaturalist Australia"
"2475","e898d274-439b-4617-a817-1827d34d4144","Acraea terpsicore","https://biodiversity.org.au/afd/taxa/ba632bea-a7b4-4b60-bf89-d63128cad841",-26.66613,153.139686,2024-02-21 13:13:48,"PRESENT","iNaturalist Australia"
"2476","e8c301b1-cd72-4f86-b57e-8f6658925471","Acraea terpsicore","https://biodiversity.org.au/afd/taxa/ba632bea-a7b4-4b60-bf89-d63128cad841",-16.4986,145.0022,2021-03-31 02:00:00,"PRESENT","Butterflies Australia"
"2477","e8e19b21-52eb-4784-b433-3b20ffb045b0","Passiflora edulis","https://id.biodiversity.org.au/node/apni/2902546",-33.516766,150.75843,2022-06-13,"PRESENT","NSW BioNet Atlas"
"2478","e8ebe4ea-f590-4bfc-9083-f40101cd704c","Passiflora foetida","https://id.biodiversity.org.au/taxon/apni/51442118",-20.29362,146.26661,2025-10-13 15:24:02,"PRESENT","iNaturalist Australia"
"2479","e8fe948a-65d1-4e93-9549-dffafdafb418","Passiflora foetida","https://id.biodiversity.org.au/taxon/apni/51442118",-27.550881,152.511903,2025-06-08 11:30:00,"PRESENT","iNaturalist Australia"
"2480","e8ffd0bf-705f-4633-bb29-f9157d5c75bb","Acraea terpsicore","https://biodiversity.org.au/afd/taxa/ba632bea-a7b4-4b60-bf89-d63128cad841",-17.38,144.954167,2021-06-04 13:31:00,"PRESENT","iNaturalist Australia"
"2481","e9140586-084d-4edd-a04b-13bef07c934c","Acraea terpsicore","https://biodiversity.org.au/afd/taxa/ba632bea-a7b4-4b60-bf89-d63128cad841",-16.6544,145.5671,2022-05-05 01:15:00,"PRESENT","Butterflies Australia"
"2482","e92dd62b-841f-40e6-9abb-c6d1aca316b1","Acraea terpsicore","https://biodiversity.org.au/afd/taxa/ba632bea-a7b4-4b60-bf89-d63128cad841",-12.428442,132.965317,2025-06-03 11:59:00,"PRESENT","iNaturalist Australia"
"2483","e9390f42-94fa-4611-aa89-fed896455286","Passiflora edulis","https://id.biodiversity.org.au/node/apni/2902546",-27.632687,153.201436,2022-07-23 12:28:21,"PRESENT","iNaturalist Australia"
"2484","e95f3da7-ce2b-484a-9dc0-0dffd06d7ae0","Passiflora edulis","https://id.biodiversity.org.au/node/apni/2902546",-30.19233,153.151245,2021-02-15,"PRESENT","NSW BioNet Atlas"
"2485","e960a34d-faf6-4d7a-864e-fd4e41d37ac2","Passiflora edulis","https://id.biodiversity.org.au/node/apni/2902546",-35.648378,150.138961,2021-10-24 16:12:12,"PRESENT","iNaturalist Australia"
"2486","e96564e3-482e-4ad8-9f06-b046b54bc578","Passiflora foetida","https://id.biodiversity.org.au/taxon/apni/51442118",-27.145853,152.925491,2021-05-13 10:25:24,"PRESENT","iNaturalist Australia"
"2487","e988ce3a-d29b-4f86-a0d0-c19704c91c9b","Acraea terpsicore","https://biodiversity.org.au/afd/taxa/ba632bea-a7b4-4b60-bf89-d63128cad841",-17.975116,122.344946,2023-04-23 11:38:00,"PRESENT","iNaturalist Australia"
"2488","e9b0afb5-31ee-4bb6-a16e-db2b37fd23ab","Passiflora edulis","https://id.biodiversity.org.au/node/apni/2902546",-27.501422,152.153044,2023-06-11 11:27:00,"PRESENT","iNaturalist Australia"
"2489","e9d05600-4d33-4bc5-90a1-40641d9f127c","Acraea terpsicore","https://biodiversity.org.au/afd/taxa/ba632bea-a7b4-4b60-bf89-d63128cad841",-17.338003,144.679753,2025-09-15 13:27:00,"PRESENT","iNaturalist Australia"
"2490","e9d3e7a4-6b85-4c48-86c6-c11f778eed6d","Acraea terpsicore","https://biodiversity.org.au/afd/taxa/ba632bea-a7b4-4b60-bf89-d63128cad841",-16.816345,145.370312,2022-03-06 11:57:00,"PRESENT","iNaturalist Australia"
"2491","e9ed9fc0-d008-461d-a205-7e158c0f87b1","Acraea terpsicore","https://biodiversity.org.au/afd/taxa/ba632bea-a7b4-4b60-bf89-d63128cad841",-23.164882,150.77555,2025-12-31 11:39:00,"PRESENT","iNaturalist Australia"
"2492","ea084246-54f0-4f42-a0b2-3307b7a2c3cb","Acraea terpsicore","https://biodiversity.org.au/afd/taxa/ba632bea-a7b4-4b60-bf89-d63128cad841",-23.644664,149.331094,2025-04-30 13:43:20,"PRESENT","iNaturalist Australia"
"2493","ea209cf7-d40b-4154-859b-b85e9d9209ea","Passiflora foetida","https://id.biodiversity.org.au/taxon/apni/51442118",-27.54,152.99,2024-04-01,"PRESENT","WeedScan"
"2494","ea234991-0a1b-4d6b-9737-0c8dafcfe70a","Passiflora edulis","https://id.biodiversity.org.au/node/apni/2902546",-27.400767,152.805756,2024-02-18 08:48:00,"PRESENT","iNaturalist Australia"
"2495","ea29746d-30e2-49c4-8d0a-b96a7aa941a5","Acraea terpsicore","https://biodiversity.org.au/afd/taxa/ba632bea-a7b4-4b60-bf89-d63128cad841",-19.24039,146.782572,2023-05-10 08:22:00,"PRESENT","iNaturalist Australia"
"2496","ea321b04-d4b7-414b-a0df-9e62ffbdefc8","Passiflora foetida","https://id.biodiversity.org.au/name/apni/51741309",-21.174464,149.194205,2023-06-05 21:36:00,"PRESENT","iNaturalist Australia"
"2497","ea3a75ff-59b1-438d-a377-dc00ec13ccaa","Acraea terpsicore","https://biodiversity.org.au/afd/taxa/ba632bea-a7b4-4b60-bf89-d63128cad841",-17.3585,145.3281,2021-03-06 08:45:00,"PRESENT","Butterflies Australia"
"2498","ea3bc106-a757-45b0-912d-95ae04674104","Passiflora foetida","https://id.biodiversity.org.au/name/apni/51741309",-27.549662,152.508732,2025-01-18 14:50:00,"PRESENT","iNaturalist Australia"
"2499","ea454d3e-a1ec-42fd-8a75-f827cfa594b1","Passiflora edulis","https://id.biodiversity.org.au/node/apni/2902546",-28.579808,152.588732,2025-11-14 09:13:57,"PRESENT","iNaturalist Australia"
"2500","ea7e5b14-1e72-4f68-93b2-54d90b445d27","Acraea terpsicore","https://biodiversity.org.au/afd/taxa/ba632bea-a7b4-4b60-bf89-d63128cad841",-12.429047,130.747965,2021-05-26 13:30:00,"PRESENT","iNaturalist Australia"
"2501","ea85beea-a845-4e7e-b929-3a058a8e3ad6","Acraea terpsicore","https://biodiversity.org.au/afd/taxa/ba632bea-a7b4-4b60-bf89-d63128cad841",-10.576429,142.231033,2025-08-26 02:59:30,"PRESENT","iNaturalist Australia"
"2502","ea86f56f-905d-4de9-b50f-5234fe21c8d9","Acraea terpsicore","https://biodiversity.org.au/afd/taxa/ba632bea-a7b4-4b60-bf89-d63128cad841",-17.706253,133.638319,2025-06-30 14:28:00,"PRESENT","iNaturalist Australia"
"2503","eaacb986-b1f3-48cf-bc1a-8548427864d2","Passiflora foetida","https://id.biodiversity.org.au/name/apni/51741309",-27.549539,152.509169,2025-12-26 08:49:00,"PRESENT","iNaturalist Australia"
"2504","eab58b45-2e2f-41c5-ae70-0decdc5bc73f","Acraea terpsicore","https://biodiversity.org.au/afd/taxa/ba632bea-a7b4-4b60-bf89-d63128cad841",-19.406396,146.732254,2022-10-15 08:40:35,"PRESENT","iNaturalist Australia"
"2505","eabe6d37-c3f7-42a8-b187-2e97b80e5214","Acraea terpsicore","https://biodiversity.org.au/afd/taxa/ba632bea-a7b4-4b60-bf89-d63128cad841",-19.017354,146.108929,2025-05-27 15:41:57,"PRESENT","iNaturalist Australia"
"2506","ead734b3-562a-4b23-b146-b53e486e6138","Acraea terpsicore","https://biodiversity.org.au/afd/taxa/ba632bea-a7b4-4b60-bf89-d63128cad841",-19.034724,146.421737,2024-07-26 16:11:00,"PRESENT","iNaturalist Australia"
"2507","eb15b62c-8f09-407b-99c1-cf47d2ffa6a9","Passiflora foetida","https://id.biodiversity.org.au/taxon/apni/51442118",-18.96721,146.29529,2022-05-03,"PRESENT","WildNet - Queensland Wildlife Data"
"2508","eb19648b-4d2a-4ac6-8e4c-5398bb5e7f0e","Acraea terpsicore","https://biodiversity.org.au/afd/taxa/ba632bea-a7b4-4b60-bf89-d63128cad841",-12.39096,130.845915,2021-10-09 14:57:00,"PRESENT","iNaturalist Australia"
"2509","eb3a1de7-2e8e-49b6-8b32-88d921b6ed2f","Passiflora foetida","https://id.biodiversity.org.au/taxon/apni/51442118",-12.565902,131.312265,2021-06-22 12:26:00,"PRESENT","iNaturalist Australia"
"2510","eb40dfee-bbe4-40d8-a648-5b8da3190f2f","Acraea terpsicore","https://biodiversity.org.au/afd/taxa/ba632bea-a7b4-4b60-bf89-d63128cad841",-13.345287,131.132981,2024-05-14 13:46:00,"PRESENT","iNaturalist Australia"
"2511","eb5e0d3d-d8a4-43c3-bd40-1751e1542994","Passiflora edulis","https://id.biodiversity.org.au/node/apni/2902546",-34.4889,150.88639,2024-10-30,"PRESENT","NSW BioNet Atlas"
"2512","eb6df2c4-9408-4aa8-98cf-5f23879d0ea8","Acraea terpsicore","https://biodiversity.org.au/afd/taxa/ba632bea-a7b4-4b60-bf89-d63128cad841",-12.660516,131.77279,2022-05-01 16:24:00,"PRESENT","iNaturalist Australia"
"2513","eb82c5fb-5425-4fe2-97e5-f16e12caedfb","Passiflora edulis","https://id.biodiversity.org.au/node/apni/2902546",-28.053019,153.412912,2023-09-02 15:48:37,"PRESENT","iNaturalist Australia"
"2514","eb8d216c-ac1e-40db-a9e3-7f49a925ca23","Acraea terpsicore","https://biodiversity.org.au/afd/taxa/ba632bea-a7b4-4b60-bf89-d63128cad841",-12.650938,132.573927,2023-05-06 14:18:00,"PRESENT","iNaturalist Australia"
"2515","eb91b55e-b0c1-4c6e-8dcd-029683fdd412","Acraea terpsicore","https://biodiversity.org.au/afd/taxa/ba632bea-a7b4-4b60-bf89-d63128cad841",-14.3,132.4,2021-01-24 10:49:00,"PRESENT","Earth Guardians Weekly Feed"
"2516","ebac54af-2714-401a-bf8e-f9cea0d3effa","Passiflora edulis","https://id.biodiversity.org.au/node/apni/2902546",-27.42783,152.874695,2025-02-08 09:33:45,"PRESENT","iNaturalist Australia"
"2517","ebaecf0d-fce1-4744-928a-171a7caac67b","Passiflora edulis","https://id.biodiversity.org.au/node/apni/2902546",-27.839481,153.182997,2021-07-23 11:05:00,"PRESENT","iNaturalist Australia"
"2518","ebc4da0e-90f8-4e44-9f7a-f700fc8ac47f","Acraea terpsicore","https://biodiversity.org.au/afd/taxa/ba632bea-a7b4-4b60-bf89-d63128cad841",-27.485728,152.951375,2022-01-02 10:59:00,"PRESENT","iNaturalist Australia"
"2519","ebf0f06f-4c5f-47eb-baa6-7e4762097814","Acraea terpsicore","https://biodiversity.org.au/afd/taxa/ba632bea-a7b4-4b60-bf89-d63128cad841",-20.272255,148.714606,2023-07-10 09:36:00,"PRESENT","iNaturalist Australia"
"2520","ec09cd41-d3d7-4d1b-9f55-02801d2955d3","Passiflora edulis","https://id.biodiversity.org.au/node/apni/2902546",-27.491617,153.12056,2024-11-10 07:20:00,"PRESENT","iNaturalist Australia"
"2521","ec0efa4b-3c6e-4fe8-ac54-fa5e1be8391f","Passiflora edulis","https://id.biodiversity.org.au/node/apni/2902546",-27.446221,152.335913,2022-07-25 06:55:00,"PRESENT","iNaturalist Australia"
"2522","ec407008-32ea-4e69-bd69-b34169e02184","Passiflora foetida","https://id.biodiversity.org.au/taxon/apni/51442118",-12.572421,131.306343,2025-08-31 08:27:04,"PRESENT","iNaturalist Australia"
"2523","ec52e41d-2081-4c4c-82b0-d775ec3ce8c6","Passiflora foetida","https://id.biodiversity.org.au/taxon/apni/51442118",-12.359337,130.87746,2022-05-05 12:13:00,"PRESENT","iNaturalist Australia"
"2524","ec7ea2b1-66a8-41bf-8c42-2350cb361862","Passiflora edulis","https://id.biodiversity.org.au/node/apni/2902546",-32.959039,151.721122,2025-04-23 11:26:18,"PRESENT","iNaturalist Australia"
"2525","ec95d43b-a30d-4789-b9a5-c0d0817f007d","Passiflora foetida","https://id.biodiversity.org.au/taxon/apni/51442118",-12.408291,132.956542,2025-07-08 04:47:19,"PRESENT","NatureMapr"
"2526","ecbe3f46-4592-48e1-946e-f6cb8a9b06c7","Passiflora edulis","https://id.biodiversity.org.au/node/apni/2902546",-31.98157,115.923355,2025-12-17 17:56:28,"PRESENT","iNaturalist Australia"
"2527","ecda7752-df3b-4284-9dc3-0b2ed8ee7546","Acraea terpsicore","https://biodiversity.org.au/afd/taxa/ba632bea-a7b4-4b60-bf89-d63128cad841",-19.239053,146.804688,2024-05-20 17:04:42,"PRESENT","iNaturalist Australia"
"2528","ece4dada-d825-4db7-8829-60ff5bc9b4d0","Acraea terpsicore","https://biodiversity.org.au/afd/taxa/ba632bea-a7b4-4b60-bf89-d63128cad841",-18.22308,144.665875,2024-05-03 13:37:20,"PRESENT","iNaturalist Australia"
"2529","ed1ad574-5808-4317-b139-04d859aa7e0d","Acraea terpsicore","https://biodiversity.org.au/afd/taxa/ba632bea-a7b4-4b60-bf89-d63128cad841",-12.554173,130.869717,2025-01-04 12:21:34,"PRESENT","iNaturalist Australia"
"2530","ed1f52f6-117e-4e5c-a2bb-cc6184efbfd8","Passiflora edulis","https://id.biodiversity.org.au/node/apni/2902546",-33.635484,151.308654,2023-11-14,"PRESENT","NSW BioNet Atlas"
"2531","ed4edf16-d5ac-46c4-bac4-4e171b48afd3","Passiflora foetida","https://id.biodiversity.org.au/taxon/apni/51442118",-14.312838,132.422897,2023-10-02 06:48:49,"PRESENT","iNaturalist Australia"
"2532","ed549129-9bf1-428e-b3f2-4627d69020e5","Passiflora edulis","https://id.biodiversity.org.au/node/apni/2902546",-36.737498,149.827191,2022-03-22 15:13:00,"PRESENT","iNaturalist Australia"
"2533","ed659977-e701-4c77-908a-9c5545de0366","Acraea terpsicore","https://biodiversity.org.au/afd/taxa/ba632bea-a7b4-4b60-bf89-d63128cad841",-19.0274,146.4183,2022-12-21,"PRESENT","Butterflies Australia"
"2534","ed6c9c5a-282b-4d43-803e-f9281b6d327d","Acraea terpsicore","https://biodiversity.org.au/afd/taxa/ba632bea-a7b4-4b60-bf89-d63128cad841",-18.204128,144.563907,2025-05-05 12:13:45,"PRESENT","iNaturalist Australia"
"2535","ed765d70-b1f1-46b5-b9ba-88f1d917a302","Acraea terpsicore","https://biodiversity.org.au/afd/taxa/ba632bea-a7b4-4b60-bf89-d63128cad841",-18.2793,143.547855,2022-04-09 17:46:22,"PRESENT","iNaturalist Australia"
"2536","ed81ade6-d68f-4535-8c65-c8453d6414a9","Passiflora edulis","https://id.biodiversity.org.au/node/apni/2902546",-30.296306,153.099254,2022-12-13 15:52:38,"PRESENT","iNaturalist Australia"
"2537","edbb7c3e-bac3-4918-9956-3ea9c00df796","Passiflora edulis","https://id.biodiversity.org.au/node/apni/2902546",-31.452708,152.911994,2022-02-15,"PRESENT","NSW BioNet Atlas"
"2538","edd6f51c-f112-44d9-98e9-d568ea621fa6","Passiflora foetida","https://id.biodiversity.org.au/taxon/apni/51442118",-14.467871,132.263604,2021-12-06,"PRESENT","Flora Atlas N.T."
"2539","edf10c30-b310-45d3-ac01-92f815d5fff2","Passiflora foetida","https://id.biodiversity.org.au/taxon/apni/51442118",-12.352419,130.872171,2023-01-15 07:50:06,"PRESENT","iNaturalist Australia"
"2540","edf5453c-f515-4b3c-893c-a0f140f7fc99","Passiflora foetida","https://id.biodiversity.org.au/taxon/apni/51442118",-14.469248,132.261929,2021-06-10,"PRESENT","Flora Atlas N.T."
"2541","ee04b1bc-8c5c-4355-8c27-341ed26128e0","Passiflora foetida","https://id.biodiversity.org.au/taxon/apni/51442118",-14.470066,132.26479,2021-11-14,"PRESENT","Flora Atlas N.T."
"2542","ee08a69e-6675-436b-b357-ca5886dccdd7","Passiflora edulis","https://id.biodiversity.org.au/node/apni/2902546",-36.297929,150.133721,2025-05-17 10:51:00,"PRESENT","iNaturalist Australia"
"2543","ee3b4ee4-9469-4579-af91-376d81286151","Passiflora edulis","https://id.biodiversity.org.au/node/apni/2902546",-27.940198,153.117137,2025-11-05 11:30:00,"PRESENT","iNaturalist Australia"
"2544","ee481cb6-a50f-49e1-b814-47b3dd9a5769","Acraea terpsicore","https://biodiversity.org.au/afd/taxa/ba632bea-a7b4-4b60-bf89-d63128cad841",-10.581494,142.211231,2021-06-11 14:51:00,"PRESENT","iNaturalist Australia"
"2545","ee4cfcd8-d91d-4152-b983-689c863e5260","Acraea terpsicore","https://biodiversity.org.au/afd/taxa/ba632bea-a7b4-4b60-bf89-d63128cad841",-18.0067,139.04892,2023-09-11 00:03:00,"PRESENT","Butterflies Australia"
"2546","ee51dc08-40ed-4d39-8e42-38e147370f8d","Acraea terpsicore","https://biodiversity.org.au/afd/taxa/ba632bea-a7b4-4b60-bf89-d63128cad841",-11.522892,130.739028,2025-04-12 10:39:24,"PRESENT","iNaturalist Australia"
"2547","ee5b2488-f5ac-4046-b71d-ff521595f6ae","Passiflora foetida","https://id.biodiversity.org.au/taxon/apni/51442118",-27.834527,153.300903,2024-11-10 16:44:16,"PRESENT","iNaturalist Australia"
"2548","ee66754d-a668-4223-b2f4-9f9d8ed43d17","Acraea terpsicore","https://biodiversity.org.au/afd/taxa/ba632bea-a7b4-4b60-bf89-d63128cad841",-20.441535,145.532879,2022-09-24 11:53:00,"PRESENT","iNaturalist Australia"
"2549","ee8afce1-56f5-445d-baa6-b2386c3bd082","Passiflora edulis","https://id.biodiversity.org.au/node/apni/2902546",-33.793295,151.158146,2023-05-03 10:52:25,"PRESENT","iNaturalist Australia"
"2550","ee95f002-3726-4696-a986-8f8847880d8a","Passiflora foetida","https://id.biodiversity.org.au/taxon/apni/51442118",-25.705495,152.821145,2025-02-14 14:26:00,"PRESENT","iNaturalist Australia"
"2551","eeb874d9-bba9-49dc-be4d-09940faeb35f","Passiflora edulis","https://id.biodiversity.org.au/node/apni/2902546",-26.631478,152.94287,2025-01-29 13:35:47,"PRESENT","iNaturalist Australia"
"2552","eeda7c17-2fa1-4785-8232-f50aae17968a","Acraea terpsicore","https://biodiversity.org.au/afd/taxa/ba632bea-a7b4-4b60-bf89-d63128cad841",-19.15717,146.854684,2025-06-05,"PRESENT","iNaturalist Australia"
"2553","eee23985-5eb5-4a5d-9bae-ddabcf88b2f7","Acraea terpsicore","https://biodiversity.org.au/afd/taxa/ba632bea-a7b4-4b60-bf89-d63128cad841",-18.380835,122.028988,2023-05-15 10:20:00,"PRESENT","iNaturalist Australia"
"2554","eef69de6-ef98-4455-a0be-d3054145dc19","Passiflora foetida","https://id.biodiversity.org.au/taxon/apni/51442118",-27.583892,153.163392,2025-10-20 11:14:05,"PRESENT","iNaturalist Australia"
"2555","ef084a68-2782-4684-b99c-c0b3377145e5","Acraea terpsicore","https://biodiversity.org.au/afd/taxa/ba632bea-a7b4-4b60-bf89-d63128cad841",-17.374467,145.315581,2022-03-01 23:00:00,"PRESENT","Butterflies Australia"
"2556","ef09bd5a-ab31-461d-b373-f8229d0a5e3d","Acraea terpsicore","https://biodiversity.org.au/afd/taxa/ba632bea-a7b4-4b60-bf89-d63128cad841",-25.773507,152.959608,2022-02-21 08:30:00,"PRESENT","iNaturalist Australia"
"2557","ef169118-bee1-4157-b1db-bda36c9e2329","Passiflora foetida","https://id.biodiversity.org.au/taxon/apni/51442118",-19.227722,146.775592,2022-05-14 06:50:14,"PRESENT","iNaturalist Australia"
"2558","ef1b9193-8d48-4155-9972-22d98fcc7c16","Acraea terpsicore","https://biodiversity.org.au/afd/taxa/ba632bea-a7b4-4b60-bf89-d63128cad841",-17.360614,145.327192,2021-03-06 12:06:00,"PRESENT","iNaturalist Australia"
"2559","ef779663-34e6-46c8-acfb-0d34da459064","Acraea terpsicore","https://biodiversity.org.au/afd/taxa/ba632bea-a7b4-4b60-bf89-d63128cad841",-27.496647,152.959618,2022-03-06 10:58:00,"PRESENT","iNaturalist Australia"
"2560","ef97575b-582c-47ff-b202-019594ab95b8","Passiflora foetida","https://id.biodiversity.org.au/name/apni/51741309",-24.887153,152.471543,2024-03-01 07:22:53,"PRESENT","iNaturalist Australia"
"2561","efa336e0-6571-42a2-b9b0-a8a4c72e9bd1","Passiflora edulis","https://id.biodiversity.org.au/node/apni/2902546",-17.268976,145.583612,2022-12-19 16:04:02,"PRESENT","iNaturalist Australia"
"2562","efbf25a7-1f2c-4c36-a02b-3496d31817a0","Passiflora edulis","https://id.biodiversity.org.au/node/apni/2902546",-30.406981,153.026967,2023-11-25 10:40:00,"PRESENT","iNaturalist Australia"
"2563","efbf7f4e-dc3a-4577-8a38-0db794629595","Acraea terpsicore","https://biodiversity.org.au/afd/taxa/ba632bea-a7b4-4b60-bf89-d63128cad841",-16.567777,145.183056,2023-01-28 12:59:00,"PRESENT","iNaturalist Australia"
"2564","efd52643-dfd5-4bb7-9c08-d3f602a026f9","Passiflora edulis","https://id.biodiversity.org.au/node/apni/2902546",-34.966455,150.769189,2024-12-13,"PRESENT","NSW BioNet Atlas"
"2565","efe58568-19c9-46c2-8285-337452e00375","Passiflora foetida","https://id.biodiversity.org.au/name/apni/51741309",-27.567678,152.794555,2026-01-19 08:59:53,"PRESENT","iNaturalist Australia"
"2566","f027d76a-95cb-4a44-91b7-ac22c0328bd7","Acraea terpsicore","https://biodiversity.org.au/afd/taxa/ba632bea-a7b4-4b60-bf89-d63128cad841",-19.60983,146.828903,2024-04-25 10:34:44,"PRESENT","iNaturalist Australia"
"2567","f0303283-312b-4a93-9bd8-95c5b46c7ce0","Acraea terpsicore","https://biodiversity.org.au/afd/taxa/ba632bea-a7b4-4b60-bf89-d63128cad841",-20.343213,144.460662,2024-05-10 14:01:24,"PRESENT","iNaturalist Australia"
"2568","f03713a7-0a91-4b15-af3d-c0df046fbe49","Passiflora foetida","https://id.biodiversity.org.au/taxon/apni/51442118",-27.537462,152.990517,2024-04-25 10:06:48,"PRESENT","iNaturalist Australia"
"2569","f045ef53-1909-4f79-93ae-a3a35ce1d0fe","Passiflora edulis","https://id.biodiversity.org.au/node/apni/2902546",-28.114714,153.432503,2023-04-27 13:12:44,"PRESENT","iNaturalist Australia"
"2570","f05387e0-3bdb-4d41-813c-a597321f15c9","Passiflora foetida","https://id.biodiversity.org.au/taxon/apni/51442118",-27.092048,153.445022,2022-11-29 16:17:00,"PRESENT","iNaturalist Australia"
"2571","f0624aa5-28e5-4702-8358-fc946e90b4dc","Acraea terpsicore","https://biodiversity.org.au/afd/taxa/ba632bea-a7b4-4b60-bf89-d63128cad841",-18.728389,144.311995,2025-08-04 12:42:00,"PRESENT","iNaturalist Australia"
"2572","f079d11e-c4db-431a-825f-c98ee0597d7a","Passiflora foetida","https://id.biodiversity.org.au/taxon/apni/51442118",-20.703422,118.295247,2024-08-24 17:23:00,"PRESENT","iNaturalist Australia"
"2573","f089a68c-37a0-4b94-82b4-bac59ac78354","Passiflora foetida","https://id.biodiversity.org.au/taxon/apni/51442118",-25.071011,148.271057,2022-01-01 18:13:36,"PRESENT","iNaturalist Australia"
"2574","f0900cc8-4db4-4b4a-9fb9-f8aa2b4c88f5","Passiflora edulis","https://id.biodiversity.org.au/node/apni/2902546",-30.235548,153.051371,2024-09-20 13:26:55,"PRESENT","iNaturalist Australia"
"2575","f093cc1d-9d2f-410e-9013-c76647c63b52","Acraea terpsicore","https://biodiversity.org.au/afd/taxa/ba632bea-a7b4-4b60-bf89-d63128cad841",-19.207633,146.741807,2021-05-16 14:58:00,"PRESENT","iNaturalist Australia"
"2576","f0b60184-fd37-42cc-bd86-da3928880bb1","Passiflora edulis","https://id.biodiversity.org.au/node/apni/2902546",-33.869542,151.013856,2021-10-23 10:58:00,"PRESENT","iNaturalist Australia"
"2577","f0ea2468-a7a2-41e8-9e62-0d42f4b34f0b","Acraea terpsicore","https://biodiversity.org.au/afd/taxa/ba632bea-a7b4-4b60-bf89-d63128cad841",-23.65659,148.078599,2023-06-11 11:03:50,"PRESENT","iNaturalist Australia"
"2578","f0f6f5da-782b-4460-a3e3-b0a3628b4f5c","Passiflora foetida","https://id.biodiversity.org.au/taxon/apni/51442118",-22.345249,149.518728,2022-10-14,"PRESENT","BRI AVH Data and Images"
"2579","f1340fed-ae6a-47c5-887c-88e4b339ddd6","Passiflora edulis","https://id.biodiversity.org.au/node/apni/2902546",-33.978386,151.002136,2022-05-02 11:33:00,"PRESENT","iNaturalist Australia"
"2580","f15e6f91-b9ad-48a5-8bb3-6d6ff6d65403","Passiflora foetida","https://id.biodiversity.org.au/taxon/apni/51442118",-21.134625,148.52875,2023-09-26 08:33:00,"PRESENT","iNaturalist Australia"
"2581","f1731c8f-cf15-4225-a6fd-2c4c453aeefb","Passiflora foetida","https://id.biodiversity.org.au/taxon/apni/51442118",-24.880831,152.334818,2021-06-27 20:33:47,"PRESENT","iNaturalist Australia"
"2582","f1afdb28-3809-43e7-8b77-c6e55f965d41","Acraea terpsicore","https://biodiversity.org.au/afd/taxa/ba632bea-a7b4-4b60-bf89-d63128cad841",-27.483221,152.955591,2022-01-11 11:07:00,"PRESENT","iNaturalist Australia"
"2583","f1c6a866-6352-42ef-ae27-4c17eafa0c20","Passiflora foetida","https://id.biodiversity.org.au/taxon/apni/51442118",-19.305069,146.640272,2022-11-03 14:55:00,"PRESENT","iNaturalist Australia"
"2584","f1cecb60-e6af-42d8-a29f-d1058a80aa32","Passiflora edulis","https://id.biodiversity.org.au/node/apni/2902546",-28.226245,152.483628,2021-10-24 09:17:00,"PRESENT","iNaturalist Australia"
"2585","f1ddc3aa-e9da-4666-9811-f60543b54fef","Passiflora edulis","https://id.biodiversity.org.au/node/apni/2902546",-27.442908,153.010711,2022-02-23 16:26:03,"PRESENT","iNaturalist Australia"
"2586","f21a7568-2239-4481-965f-a673f112a2bc","Passiflora foetida","https://id.biodiversity.org.au/taxon/apni/51442118",-27.325103,153.049523,2022-12-12 15:45:00,"PRESENT","iNaturalist Australia"
"2587","f22efa28-3636-4366-829d-8a89207f1fea","Passiflora foetida","https://id.biodiversity.org.au/taxon/apni/51442118",-25.02383,152.372038,2022-11-23 06:30:15,"PRESENT","iNaturalist Australia"
"2588","f232faae-099b-44e1-bb8d-9f03d433d8ab","Passiflora edulis","https://id.biodiversity.org.au/node/apni/2902546",-33.38981,151.329101,2022-11-14 17:50:00,"PRESENT","iNaturalist Australia"
"2589","f2389f74-2306-4f89-b99c-3ac718690db3","Passiflora edulis","https://id.biodiversity.org.au/node/apni/2902546",-27.49313,152.940531,2026-01-14 09:22:07,"PRESENT","iNaturalist Australia"
"2590","f250429e-c29a-4cce-9749-d81ca84b7165","Passiflora foetida","https://id.biodiversity.org.au/name/apni/51741309",-27.549496,152.509704,2026-01-03 15:36:00,"PRESENT","iNaturalist Australia"
"2591","f25f5ba1-fdf0-42da-841e-6627ded38cf6","Acraea terpsicore","https://biodiversity.org.au/afd/taxa/ba632bea-a7b4-4b60-bf89-d63128cad841",-18.421208,122.112633,2021-07-19 15:38:05,"PRESENT","iNaturalist Australia"
"2592","f28e99c9-e6ae-4c6d-8058-1b930bab0daf","Passiflora foetida","https://id.biodiversity.org.au/taxon/apni/51442118",-19.190192,146.774262,2021-10-02 10:19:40,"PRESENT","iNaturalist Australia"
"2593","f2a1c475-6a50-44ac-ad85-605647df6c3d","Passiflora edulis","https://id.biodiversity.org.au/node/apni/2902546",-35.657703,150.292478,2023-12-01 07:52:00,"PRESENT","iNaturalist Australia"
"2594","f2bb06d1-cba0-4f95-bd0f-f0c08127256b","Passiflora foetida","https://id.biodiversity.org.au/taxon/apni/51442118",-14.468989,132.265366,2022-01-27,"PRESENT","Flora Atlas N.T."
"2595","f2f63bcb-f7b8-4cc7-bef3-7a1eae655b1c","Passiflora foetida","https://id.biodiversity.org.au/taxon/apni/51442118",-24.322312,151.956046,2021-10-20 12:17:18,"PRESENT","iNaturalist Australia"
"2596","f311dadc-eb7b-4907-a1d5-4305dcc5f2bb","Passiflora edulis","https://id.biodiversity.org.au/node/apni/2902546",-26.927395,152.939928,2021-12-26 14:39:16,"PRESENT","iNaturalist Australia"
"2597","f3144872-5bc9-4eaa-9d7f-bc700c1125d1","Passiflora edulis","https://id.biodiversity.org.au/node/apni/2902546",-30.310135,153.015531,2022-10-30 11:03:56,"PRESENT","iNaturalist Australia"
"2598","f33872dd-b8fc-4f43-a01d-dd36a3401219","Acraea terpsicore","https://biodiversity.org.au/afd/taxa/ba632bea-a7b4-4b60-bf89-d63128cad841",-27.580751,152.660144,2022-04-03 12:01:00,"PRESENT","iNaturalist Australia"
"2599","f33911ea-bd95-4f2d-8e66-e1bf5a8625a5","Acraea terpsicore","https://biodiversity.org.au/afd/taxa/ba632bea-a7b4-4b60-bf89-d63128cad841",-27.380712,152.908785,2022-02-08 11:25:00,"PRESENT","iNaturalist Australia"
"2600","f33edd9f-42d7-4315-a0b9-a3226347451c","Passiflora edulis","https://id.biodiversity.org.au/node/apni/2902546",-33.626945,151.050468,2025-08-26 12:04:00,"PRESENT","iNaturalist Australia"
"2601","f35e14c4-f66f-485b-8074-44ca2d7899cf","Passiflora foetida","https://id.biodiversity.org.au/taxon/apni/51442118",-24.854703,152.333022,2022-03-02 10:18:24,"PRESENT","iNaturalist Australia"
"2602","f37b56f9-a9ae-42d0-ab30-bff4ad7c5a38","Acraea terpsicore","https://biodiversity.org.au/afd/taxa/ba632bea-a7b4-4b60-bf89-d63128cad841",-19.202405,146.749726,2022-05-02 08:14:30,"PRESENT","iNaturalist Australia"
"2603","f382b451-f3ee-49de-baff-a45bd903344b","Acraea terpsicore","https://biodiversity.org.au/afd/taxa/ba632bea-a7b4-4b60-bf89-d63128cad841",-19.230497,146.770381,2025-07-06 09:49:00,"PRESENT","iNaturalist Australia"
"2604","f39ec1aa-85ba-4729-8722-debea9d49ef3","Passiflora foetida","https://id.biodiversity.org.au/taxon/apni/51442118",-14.480765,132.393067,2021-10-27,"PRESENT","Flora Atlas N.T."
"2605","f3ccd0fa-ae36-455f-babc-7bdc6d30dd94","Acraea terpsicore","https://biodiversity.org.au/afd/taxa/ba632bea-a7b4-4b60-bf89-d63128cad841",-19.258553,146.802537,2022-10-28 11:54:23,"PRESENT","iNaturalist Australia"
"2606","f3f97fa8-a404-4a1c-a133-b03beb6e3149","Passiflora foetida","https://id.biodiversity.org.au/taxon/apni/51442118",-27.984447,153.329972,2023-06-12 15:50:10,"PRESENT","iNaturalist Australia"
"2607","f4042a8a-e5fd-4bc8-b867-4386d497a7fa","Acraea terpsicore","https://biodiversity.org.au/afd/taxa/ba632bea-a7b4-4b60-bf89-d63128cad841",-19.9818,148.260105,2022-12-20 10:51:00,"PRESENT","iNaturalist Australia"
"2608","f41d15cc-54d4-4625-9083-345eac725d2e","Passiflora foetida","https://id.biodiversity.org.au/taxon/apni/51442118",-23.91423,151.259222,2025-04-27 07:26:39,"PRESENT","iNaturalist Australia"
"2609","f4310871-871c-497e-98d6-ba166f99ce24","Acraea terpsicore","https://biodiversity.org.au/afd/taxa/ba632bea-a7b4-4b60-bf89-d63128cad841",-28.50604,153.544007,2022-03-12 11:21:32,"PRESENT","iNaturalist Australia"
"2610","f44491d0-256c-47cd-890b-12594851927d","Acraea terpsicore","https://biodiversity.org.au/afd/taxa/ba632bea-a7b4-4b60-bf89-d63128cad841",-21.988877,146.333354,2025-08-24 19:52:36,"PRESENT","iNaturalist Australia"
"2611","f44f907c-fc34-45d3-bbd9-3231b867c9c4","Passiflora foetida","https://id.biodiversity.org.au/taxon/apni/51442118",-27.611344,152.859268,2023-01-09 08:30:33,"PRESENT","iNaturalist Australia"
"2612","f45b2818-39fb-475c-aaf0-4aa733316225","Passiflora edulis","https://id.biodiversity.org.au/node/apni/2902546",-16.806148,145.724276,2022-10-14 03:18:59.687,"PRESENT","Pl@ntNet automatically identified occurrences"
"2613","f46a63dd-9726-4c65-9474-c91c7f303075","Passiflora edulis","https://id.biodiversity.org.au/node/apni/2902546",-17.27095,145.584808,2024-01-11 09:44:53,"PRESENT","iNaturalist Australia"
"2614","f47313b5-f51f-4a8d-bade-8463798cc19e","Passiflora foetida","https://id.biodiversity.org.au/taxon/apni/51442118",-14.470808,132.259836,2021-06-10,"PRESENT","Flora Atlas N.T."
"2615","f49189a1-bf73-4f5a-8df1-f1ea5858c82e","Passiflora edulis","https://id.biodiversity.org.au/node/apni/2902546",-30.475892,152.883375,2025-10-25 07:31:00,"PRESENT","iNaturalist Australia"
"2616","f4973c14-1ef3-4ec8-b5ec-80447e101955","Passiflora edulis","https://id.biodiversity.org.au/node/apni/2902546",-27.085721,152.924787,2023-04-09 17:40:58,"PRESENT","iNaturalist Australia"
"2617","f4b09e14-f744-48b9-a163-fbcee37b0d2d","Acraea terpsicore","https://biodiversity.org.au/afd/taxa/ba632bea-a7b4-4b60-bf89-d63128cad841",-15.5032,145.2798,2022-05-29 02:30:00,"PRESENT","Butterflies Australia"
"2618","f4d2d495-645c-4eaa-97eb-ba2d67be5576","Acraea terpsicore","https://biodiversity.org.au/afd/taxa/ba632bea-a7b4-4b60-bf89-d63128cad841",-16.529578,145.136494,2025-06-11 13:46:00,"PRESENT","iNaturalist Australia"
"2619","f4d98525-e7de-4bd4-bc8c-cad19d525135","Acraea terpsicore","https://biodiversity.org.au/afd/taxa/ba632bea-a7b4-4b60-bf89-d63128cad841",-13.291345,132.334548,2023-05-01 09:40:00,"PRESENT","iNaturalist Australia"
"2620","f4fa691d-c5da-4ab1-8189-23be08d340b9","Passiflora foetida","https://id.biodiversity.org.au/name/apni/51741309",-25.947114,152.643193,2025-03-22 07:04:03,"PRESENT","iNaturalist Australia"
"2621","f508897f-8f68-4654-9ea7-6549ba858925","Passiflora edulis","https://id.biodiversity.org.au/node/apni/2902546",-27.376895,152.76817,2023-03-24 19:56:00,"PRESENT","iNaturalist Australia"
"2622","f515af40-65d6-4c34-9404-e7a07ae60c0c","Passiflora foetida","https://id.biodiversity.org.au/taxon/apni/51442118",-25.326969,152.704409,2022-10-06 10:02:39,"PRESENT","iNaturalist Australia"
"2623","f51e8a3c-ef61-4e8d-ac77-6a634c944247","Passiflora foetida","https://id.biodiversity.org.au/taxon/apni/51442118",-16.438631,145.406297,2023-01-19 20:16:00,"PRESENT","NatureMapr"
"2624","f54cdbbd-2630-4954-ab89-1025c72dd734","Acraea terpsicore","https://biodiversity.org.au/afd/taxa/ba632bea-a7b4-4b60-bf89-d63128cad841",-13.8566,136.43651,2021-06-20,"PRESENT","Northern Territory Museum and Art Gallery provider for OZCAM"
"2625","f54d6be0-a08b-42fe-b0fc-20a918707f6b","Acraea terpsicore","https://biodiversity.org.au/afd/taxa/ba632bea-a7b4-4b60-bf89-d63128cad841",-12.462203,130.834732,2025-07-04 13:40:41,"PRESENT","iNaturalist Australia"
"2626","f57cf7a2-0429-4e0b-a400-197c4e779336","Passiflora edulis","https://id.biodiversity.org.au/node/apni/2902546",-31.700987,152.275558,2021-10-10 13:06:14,"PRESENT","iNaturalist Australia"
"2627","f588efa0-904c-446d-822c-ff9aea5ea216","Acraea terpsicore","https://biodiversity.org.au/afd/taxa/ba632bea-a7b4-4b60-bf89-d63128cad841",-19.4092,146.734603,2024-06-30 12:26:08,"PRESENT","iNaturalist Australia"
"2628","f59f0f2f-4824-4d93-8c3d-0fb717f4b01e","Passiflora edulis","https://id.biodiversity.org.au/node/apni/2902546",-27.31688,152.254036,2024-04-27 12:20:00,"PRESENT","iNaturalist Australia"
"2629","f5aa0f83-a725-4cf4-909a-bf8d3b75d8aa","Acraea terpsicore","https://biodiversity.org.au/afd/taxa/ba632bea-a7b4-4b60-bf89-d63128cad841",-14.08351,136.43106,2021-06-16,"PRESENT","Northern Territory Museum and Art Gallery provider for OZCAM"
"2630","f5b4da5c-a059-4b59-9042-95880c27b96b","Passiflora foetida","https://id.biodiversity.org.au/taxon/apni/51442118",-27.364247,153.070632,2021-02-27 09:02:36,"PRESENT","iNaturalist Australia"
"2631","f5bd7d35-1fab-4415-9cf7-e66303e1ad83","Acraea terpsicore","https://biodiversity.org.au/afd/taxa/ba632bea-a7b4-4b60-bf89-d63128cad841",-12.41161,130.825055,2024-05-18 16:52:37,"PRESENT","iNaturalist Australia"
"2632","f5c52f82-0df0-4fb5-a089-b1fcee06d4e2","Passiflora edulis","https://id.biodiversity.org.au/node/apni/2902546",-36.27629,150.125511,2025-04-05 15:02:00,"PRESENT","iNaturalist Australia"
"2633","f5c8099f-2461-4725-828b-d9d3d25b2161","Acraea terpsicore","https://biodiversity.org.au/afd/taxa/ba632bea-a7b4-4b60-bf89-d63128cad841",-19.189942,146.773758,2025-07-13 13:51:19,"PRESENT","iNaturalist Australia"
"2634","f5ebef02-4b54-4933-84ba-b2d2303ab598","Acraea terpsicore","https://biodiversity.org.au/afd/taxa/ba632bea-a7b4-4b60-bf89-d63128cad841",-23.799313,151.356343,2024-07-12 13:59:00,"PRESENT","iNaturalist Australia"
"2635","f5f1fda1-e166-49e1-814f-56fc1ef381db","Passiflora foetida","https://id.biodiversity.org.au/taxon/apni/51442118",-28.168154,153.15638,2025-05-26 09:20:00,"PRESENT","iNaturalist Australia"
"2636","f5fb3f8a-284c-45e3-ab65-89348e548784","Passiflora edulis","https://id.biodiversity.org.au/node/apni/2902546",-28.169385,153.415847,2022-06-19 10:44:00,"PRESENT","iNaturalist Australia"
"2637","f64b7fb5-fea9-422a-b251-e5fc9c79ed00","Passiflora edulis","https://id.biodiversity.org.au/node/apni/2902546",-34.171994,151.017075,2025-11-10 14:26:28,"PRESENT","iNaturalist Australia"
"2638","f65e4101-89ed-4550-8061-e60fe37ae88c","Acraea terpsicore","https://biodiversity.org.au/afd/taxa/ba632bea-a7b4-4b60-bf89-d63128cad841",-19.2227,146.7794,2025-06-08 12:07:00,"PRESENT","iNaturalist Australia"
"2639","f664934b-0eae-48d4-80d7-f7725336f90b","Passiflora edulis","https://id.biodiversity.org.au/node/apni/2902546",-33.71733,150.459945,2021-07-02,"PRESENT","NSW BioNet Atlas"
"2640","f66b85ab-78c7-4dfa-9a30-2554931d35b9","Passiflora edulis","https://id.biodiversity.org.au/node/apni/2902546",-33.74272,150.676928,2023-03-02,"PRESENT","NSW BioNet Atlas"
"2641","f69f5797-e399-4224-be60-e2c0a670dd11","Passiflora edulis","https://id.biodiversity.org.au/node/apni/2902546",-32.941193,151.683975,2022-04-19,"PRESENT","NSW BioNet Atlas"
"2642","f6a524a6-a34e-4406-80e7-b9c7810df570","Passiflora edulis","https://id.biodiversity.org.au/node/apni/2902546",-29.044689,167.954102,2025-11-10 04:18:56,"PRESENT","iNaturalist Australia"
"2643","f6cdbef6-4956-4acb-9952-8e9c1749c3b5","Acraea terpsicore","https://biodiversity.org.au/afd/taxa/ba632bea-a7b4-4b60-bf89-d63128cad841",-26.578612,148.791595,2022-01-28 12:25:24,"PRESENT","iNaturalist Australia"
"2644","f6d51ce9-feda-4dbe-bddc-edfac0a47eb3","Passiflora foetida","https://id.biodiversity.org.au/node/apni/2905971",-29.478339,153.362254,2024-06-13,"PRESENT","NSW BioNet Atlas"
"2645","f6e110b8-d8b1-40a3-813a-8d8ca77479b9","Acraea terpsicore","https://biodiversity.org.au/afd/taxa/ba632bea-a7b4-4b60-bf89-d63128cad841",-20.064842,146.27057,2025-08-23 03:01:01,"PRESENT","iNaturalist Australia"
"2646","f701d45c-c92b-4b44-a3ad-eec17153b7bd","Acraea terpsicore","https://biodiversity.org.au/afd/taxa/ba632bea-a7b4-4b60-bf89-d63128cad841",-19.191259,146.771706,2022-03-06 10:08:00,"PRESENT","iNaturalist Australia"
"2647","f709a76b-542f-4c05-858a-e983ceabb53d","Passiflora foetida","https://id.biodiversity.org.au/taxon/apni/51442118",-26.357136,153.000488,2023-01-28 10:10:47,"PRESENT","iNaturalist Australia"
"2648","f76676e2-13e1-4858-9d85-7d5f4eeba582","Passiflora edulis","https://id.biodiversity.org.au/node/apni/2902546",-27.636125,153.157622,2023-06-21 09:10:00,"PRESENT","iNaturalist Australia"
"2649","f766d159-e82b-47ee-993b-dde1b637a551","Acraea terpsicore","https://biodiversity.org.au/afd/taxa/ba632bea-a7b4-4b60-bf89-d63128cad841",-21.914313,148.37209,2022-02-14 14:02:04,"PRESENT","iNaturalist Australia"
"2650","f76a5a70-1ebf-47a9-bc63-ffe67f6b9f28","Passiflora edulis","https://id.biodiversity.org.au/node/apni/2902546",-27.614358,152.788861,2022-05-12 08:43:44,"PRESENT","iNaturalist Australia"
"2651","f789a8bb-ff4d-4745-a28c-3be40a3a936a","Acraea terpsicore","https://biodiversity.org.au/afd/taxa/ba632bea-a7b4-4b60-bf89-d63128cad841",-27.485586,152.954163,2022-02-12 10:26:00,"PRESENT","iNaturalist Australia"
"2652","f7a49fd0-7bd0-414f-b623-7220568e341b","Acraea terpsicore","https://biodiversity.org.au/afd/taxa/ba632bea-a7b4-4b60-bf89-d63128cad841",-19.32507,146.76175,2023-04-25 14:12:12,"PRESENT","iNaturalist Australia"
"2653","f7bae095-d275-4edd-913b-bfd54ea129df","Passiflora edulis","https://id.biodiversity.org.au/node/apni/2902546",-33.738348,150.772508,2025-11-21 13:06:00,"PRESENT","iNaturalist Australia"
"2654","f7ea4020-f924-4163-b6a9-9289b4753b25","Acraea terpsicore","https://biodiversity.org.au/afd/taxa/ba632bea-a7b4-4b60-bf89-d63128cad841",-25.190929,149.972212,2025-04-27 12:34:00,"PRESENT","iNaturalist Australia"
"2655","f8041a72-5d93-499e-80da-92ea00411577","Acraea terpsicore","https://biodiversity.org.au/afd/taxa/ba632bea-a7b4-4b60-bf89-d63128cad841",-12.371995,130.868864,2021-04-26 08:40:00,"PRESENT","iNaturalist Australia"
"2656","f806cbba-3b9d-4556-8a38-b7b941aa075e","Acraea terpsicore","https://biodiversity.org.au/afd/taxa/ba632bea-a7b4-4b60-bf89-d63128cad841",-17.295303,145.478261,2021-08-04 11:36:00,"PRESENT","iNaturalist Australia"
"2657","f80b53eb-f103-4557-ac51-91be7aac68b8","Acraea terpsicore","https://biodiversity.org.au/afd/taxa/ba632bea-a7b4-4b60-bf89-d63128cad841",-18.654694,146.150541,2022-06-24,"PRESENT","iNaturalist Australia"
"2658","f8296fc7-9382-4a4a-a81b-b6699c56b855","Passiflora foetida","https://id.biodiversity.org.au/taxon/apni/51442118",-16.807479,145.725641,2022-02-11 10:45:08,"PRESENT","iNaturalist Australia"
"2659","f839a92d-ecb3-4eec-a32e-d6d7302bdf95","Passiflora foetida","https://id.biodiversity.org.au/taxon/apni/51442118",-12.35193,130.875295,2021-05-30 12:38:00,"PRESENT","iNaturalist Australia"
"2660","f847123c-48ff-4425-979b-a376ff423183","Acraea terpsicore","https://biodiversity.org.au/afd/taxa/ba632bea-a7b4-4b60-bf89-d63128cad841",-18.201149,144.571327,2025-05-01 15:51:00,"PRESENT","iNaturalist Australia"
"2661","f851fcb2-c181-4d73-b5bc-2f4180b534d8","Passiflora edulis","https://id.biodiversity.org.au/node/apni/2902546",-27.765312,153.037653,2025-12-17 11:13:00,"PRESENT","iNaturalist Australia"
"2662","f86e5181-0f83-4fe3-9dbe-265a5d56637e","Passiflora edulis","https://id.biodiversity.org.au/node/apni/2902546",-27.728928,152.9682,2025-02-17 06:42:53,"PRESENT","iNaturalist Australia"
"2663","f87fac32-989e-42ff-89df-e62b5690a058","Passiflora edulis","https://id.biodiversity.org.au/node/apni/2902546",-27.336428,152.764908,2021-10-17 11:51:00,"PRESENT","iNaturalist Australia"
"2664","f8921dd2-19e0-460b-8a1b-01c7634c2a14","Acraea terpsicore","https://biodiversity.org.au/afd/taxa/ba632bea-a7b4-4b60-bf89-d63128cad841",-19.592898,146.838806,2024-07-15 12:08:00,"PRESENT","iNaturalist Australia"
"2665","f896e83e-70b4-4cf6-8692-bd94e838ada0","Passiflora edulis","https://id.biodiversity.org.au/node/apni/2902546",-27.533987,153.232453,2024-04-07 10:47:00,"PRESENT","iNaturalist Australia"
"2666","f898261c-9ea0-4a48-8b62-b72c86f88ef7","Passiflora edulis","https://id.biodiversity.org.au/node/apni/2902546",-33.718227,150.613968,2022-06-25 14:56:03,"PRESENT","iNaturalist Australia"
"2667","f8d8b96c-5f13-464d-95d9-773cbafabcb5","Passiflora edulis","https://id.biodiversity.org.au/node/apni/2902546",-31.658969,152.803192,2023-07-30 11:22:00,"PRESENT","iNaturalist Australia"
"2668","f8e7004d-e6f5-4822-824f-7a81af5af643","Passiflora edulis","https://id.biodiversity.org.au/node/apni/2902546",-27.545913,152.833041,2022-01-24 10:08:45,"PRESENT","iNaturalist Australia"
"2669","f93e0eeb-deaa-4909-a3f0-b4d4af999d0a","Acraea terpsicore","https://biodiversity.org.au/afd/taxa/ba632bea-a7b4-4b60-bf89-d63128cad841",-15.8,128.7,2021-02-03 15:17:00,"PRESENT","Earth Guardians Weekly Feed"
"2670","f966836d-b212-49c8-8525-9d8e03f78e53","Passiflora edulis","https://id.biodiversity.org.au/node/apni/2902546",-33.777496,151.039235,2024-03-28 10:52:36,"PRESENT","iNaturalist Australia"
"2671","f97a3efb-1ea2-4e9f-a452-3dfd186dbb48","Acraea terpsicore","https://biodiversity.org.au/afd/taxa/ba632bea-a7b4-4b60-bf89-d63128cad841",-15.63852,128.302199,2024-07-13 10:04:00,"PRESENT","iNaturalist Australia"
"2672","f9909cf7-5d14-4289-aa4b-927bf1a1ae31","Passiflora edulis","https://id.biodiversity.org.au/node/apni/2902546",-33.790015,151.048337,2025-03-06 14:21:08,"PRESENT","iNaturalist Australia"
"2673","f9a1e813-b98d-4bef-9964-eff59d96b689","Passiflora edulis","https://id.biodiversity.org.au/node/apni/2902546",-27.732124,152.95053,2021-10-27 09:00:00,"PRESENT","iNaturalist Australia"
"2674","f9b3aef4-8197-453f-89b5-3daf6945e736","Acraea terpsicore","https://biodiversity.org.au/afd/taxa/ba632bea-a7b4-4b60-bf89-d63128cad841",-21.146317,149.207567,2024-06-10 12:22:00,"PRESENT","iNaturalist Australia"
"2675","f9b5b24f-06f2-4c78-a7d8-530dc4c7bda3","Passiflora edulis","https://id.biodiversity.org.au/node/apni/2902546",-17.210638,145.478807,2025-11-03 14:59:13,"PRESENT","iNaturalist Australia"
"2676","f9c07bcd-a8b8-47a3-958f-c50ecb462ffd","Passiflora foetida","https://id.biodiversity.org.au/taxon/apni/51442118",-27.128282,152.935443,2021-02-24 17:11:00,"PRESENT","iNaturalist Australia"
"2677","fa258921-2b4f-4b85-bea9-d081362867a0","Passiflora edulis","https://id.biodiversity.org.au/node/apni/2902546",-31.638892,152.792694,2021-01-10 15:56:00,"PRESENT","iNaturalist Australia"
"2678","fa2df29b-ba1c-407e-95f7-061108427c01","Passiflora foetida","https://id.biodiversity.org.au/taxon/apni/51442118",-27.343967,153.074647,2022-12-13 16:13:00,"PRESENT","iNaturalist Australia"
"2679","fa3b8a55-e318-4707-80a2-6cfa48c78d58","Passiflora edulis","https://id.biodiversity.org.au/node/apni/2902546",-30.331482,153.048141,2022-03-19 13:40:00,"PRESENT","iNaturalist Australia"
"2680","fa3d5fbb-d29c-4998-80f1-eab4611907d5","Passiflora edulis","https://id.biodiversity.org.au/node/apni/2902546",-25.39025,153.029542,2025-03-09 14:07:23,"PRESENT","iNaturalist Australia"
"2681","fa3edf7f-22a6-431c-865c-1baef2b82504","Passiflora foetida","https://id.biodiversity.org.au/taxon/apni/51442118",-16.438631,145.406297,2023-03-03 00:39:00,"PRESENT","NatureMapr"
"2682","fa51d7e9-ee4b-43f6-ba82-0d4cb702cb8c","Passiflora edulis","https://id.biodiversity.org.au/node/apni/2902546",-33.860958,150.862397,2025-05-20 14:39:14,"PRESENT","iNaturalist Australia"
"2683","fa6e82c8-8ac8-461d-939c-a713baaf4212","Acraea terpsicore","https://biodiversity.org.au/afd/taxa/ba632bea-a7b4-4b60-bf89-d63128cad841",-26.610082,153.067419,2023-10-09 08:00:20,"PRESENT","iNaturalist Australia"
"2684","fa7e36f3-ab9a-427c-9df2-d903e937c5ce","Passiflora foetida","https://id.biodiversity.org.au/taxon/apni/51442118",-14.472628,132.260661,2021-06-10,"PRESENT","Flora Atlas N.T."
"2685","fa80b06b-345f-4170-b5cc-7a6a4f3097be","Acraea terpsicore","https://biodiversity.org.au/afd/taxa/ba632bea-a7b4-4b60-bf89-d63128cad841",-19.207633,146.741807,2023-09-24 12:00:00,"PRESENT","iNaturalist Australia"
"2686","fa8bf5c0-0f4b-4c2c-aa0e-2a3b89be7568","Acraea terpsicore","https://biodiversity.org.au/afd/taxa/ba632bea-a7b4-4b60-bf89-d63128cad841",-17.47894,140.84186,2023-08-16 01:14:00,"PRESENT","Butterflies Australia"
"2687","faabc15d-d4a8-465b-b67f-bf808ba01ba6","Acraea terpsicore","https://biodiversity.org.au/afd/taxa/ba632bea-a7b4-4b60-bf89-d63128cad841",-19.210829,146.510833,2021-02-18 09:43:59,"PRESENT","iNaturalist Australia"
"2688","fab449ae-9eef-48a9-8c36-8709762417d1","Acraea terpsicore","https://biodiversity.org.au/afd/taxa/ba632bea-a7b4-4b60-bf89-d63128cad841",-18.804667,139.151389,2021-08-06 15:00:00,"PRESENT","iNaturalist Australia"
"2689","fab51900-2cb2-46a2-baa0-0ebe64ed1aed","Acraea terpsicore","https://biodiversity.org.au/afd/taxa/ba632bea-a7b4-4b60-bf89-d63128cad841",-15.644754,144.508356,2021-06-20 15:35:00,"PRESENT","iNaturalist Australia"
"2690","fac10b82-8887-4a8a-a5e1-f34716730445","Passiflora foetida","https://id.biodiversity.org.au/taxon/apni/51442118",-14.4694,132.261254,2021-11-12,"PRESENT","Flora Atlas N.T."
"2691","fad077fd-8e00-41f2-aab9-96fe16664e67","Acraea terpsicore","https://biodiversity.org.au/afd/taxa/ba632bea-a7b4-4b60-bf89-d63128cad841",-14.315547,132.420989,2025-06-17 14:21:00,"PRESENT","iNaturalist Australia"
"2692","faeb5d13-accc-4a59-9cb8-702875d18983","Passiflora edulis","https://id.biodiversity.org.au/node/apni/2902546",-30.422978,152.829133,2024-03-01 18:28:16,"PRESENT","iNaturalist Australia"
"2693","fb162b6c-7f27-4110-bac8-6d2a9f808599","Passiflora edulis","https://id.biodiversity.org.au/node/apni/2902546",-17.291213,145.591478,2022-09-12 11:20:58,"PRESENT","iNaturalist Australia"
"2694","fb21e66f-3350-4e6c-97a0-324bc01c9c54","Acraea terpsicore","https://biodiversity.org.au/afd/taxa/ba632bea-a7b4-4b60-bf89-d63128cad841",-26.866527,152.932101,2024-03-30 10:35:00,"PRESENT","iNaturalist Australia"
"2695","fb84ded8-2ec2-47ff-b039-ce7bc642253f","Passiflora foetida","https://id.biodiversity.org.au/taxon/apni/51442118",-27.117453,153.437788,2023-05-12 10:44:00,"PRESENT","iNaturalist Australia"
"2696","fb88f565-efd7-4f8e-b980-27b7d1a157ea","Acraea terpsicore","https://biodiversity.org.au/afd/taxa/ba632bea-a7b4-4b60-bf89-d63128cad841",-17.31256,145.58708,2021-04-11 13:32:00,"PRESENT","Butterflies Australia"
"2697","fb9d7041-f264-4303-88ac-fa7baa9da636","Acraea terpsicore","https://biodiversity.org.au/afd/taxa/ba632bea-a7b4-4b60-bf89-d63128cad841",-18.750063,126.107831,2025-08-10 15:14:00,"PRESENT","iNaturalist Australia"
"2698","fbb6371c-dacb-4ef2-b972-3e09228f27f7","Passiflora foetida","https://id.biodiversity.org.au/taxon/apni/51442118",-27.509041,153.183541,2025-11-22 11:43:34,"PRESENT","iNaturalist Australia"
"2699","fbc517b5-6108-40e5-b3e7-8a8e1bbae0d4","Acraea terpsicore","https://biodiversity.org.au/afd/taxa/ba632bea-a7b4-4b60-bf89-d63128cad841",-18.215167,142.828462,2022-06-27 08:17:00,"PRESENT","iNaturalist Australia"
"2700","fbc6b559-8058-45c5-93b6-7c4db7c6c7be","Acraea terpsicore","https://biodiversity.org.au/afd/taxa/ba632bea-a7b4-4b60-bf89-d63128cad841",-28.172833,153.066639,2025-03-22 12:32:00,"PRESENT","iNaturalist Australia"
"2701","fbd7a8f9-4b06-412b-8017-625acc6dfe44","Acraea terpsicore","https://biodiversity.org.au/afd/taxa/ba632bea-a7b4-4b60-bf89-d63128cad841",-27.619487,153.169683,2021-02-28 09:30:00,"PRESENT","iNaturalist Australia"
"2702","fc0d70a6-9378-4419-9f5a-2cbf7d145066","Acraea terpsicore","https://biodiversity.org.au/afd/taxa/ba632bea-a7b4-4b60-bf89-d63128cad841",-15.661044,130.480965,2021-01-04 11:57:23,"PRESENT","iNaturalist Australia"
"2703","fc2fbaee-1b98-47e5-9725-23f82c9a475b","Passiflora foetida","https://id.biodiversity.org.au/taxon/apni/51442118",-24.796436,152.439378,2024-02-09 10:07:00,"PRESENT","iNaturalist Australia"
"2704","fc5b7b02-1e6d-4670-828f-60a77cefb267","Passiflora edulis","https://id.biodiversity.org.au/node/apni/2902546",-28.09674,153.449981,2024-04-09 16:06:00,"PRESENT","iNaturalist Australia"
"2705","fc7696a0-db4e-4bc2-8e8e-bff0de927b07","Passiflora edulis","https://id.biodiversity.org.au/node/apni/2902546",-33.761514,151.121773,2022-10-10 16:18:59,"PRESENT","iNaturalist Australia"
"2706","fc87a681-c215-45a1-90d5-32fa8737bde2","Acraea terpsicore","https://biodiversity.org.au/afd/taxa/ba632bea-a7b4-4b60-bf89-d63128cad841",-12.557915,130.862386,2023-04-23 10:05:00,"PRESENT","iNaturalist Australia"
"2707","fc8ba246-8f75-4a1c-ac5d-2490e5862899","Passiflora foetida","https://id.biodiversity.org.au/taxon/apni/51442118",-24,151.8,2021-01-25 11:55:00,"PRESENT","Earth Guardians Weekly Feed"
"2708","fc9dc8ee-0901-40f1-98c0-9274a93e9a4f","Passiflora foetida","https://id.biodiversity.org.au/taxon/apni/51442118",-14.472216,132.261451,2021-12-06,"PRESENT","Flora Atlas N.T."
"2709","fcb5a4bb-2d42-480c-bdce-18b72a905f32","Acraea terpsicore","https://biodiversity.org.au/afd/taxa/ba632bea-a7b4-4b60-bf89-d63128cad841",-19.19,146.7738,2025-07-24 11:39:00,"PRESENT","iNaturalist Australia"
"2710","fcb700e7-e8c6-4d79-a2df-43cbf7b252b9","Acraea terpsicore","https://biodiversity.org.au/afd/taxa/ba632bea-a7b4-4b60-bf89-d63128cad841",-15.897901,128.13175,2025-08-01 11:20:50,"PRESENT","iNaturalist Australia"
"2711","fcc570b3-0db3-4781-9f6c-e6db8fbe52fe","Acraea terpsicore","https://biodiversity.org.au/afd/taxa/ba632bea-a7b4-4b60-bf89-d63128cad841",-27.633015,153.200115,2022-04-15 10:57:00,"PRESENT","iNaturalist Australia"
"2712","fcfc6569-dae4-429d-8312-b85dade6a42f","Acraea terpsicore","https://biodiversity.org.au/afd/taxa/ba632bea-a7b4-4b60-bf89-d63128cad841",-18.204132,144.562408,2025-05-01 15:10:00,"PRESENT","iNaturalist Australia"
"2713","fcff3249-0f52-4d14-a1f6-b308f2d84810","Passiflora foetida","https://id.biodiversity.org.au/taxon/apni/51442118",-13.859341,136.811099,2021-10-31 17:05:06,"PRESENT","iNaturalist Australia"
"2714","fd00b449-116e-4911-9b39-7eae590c7b8d","Acraea terpsicore","https://biodiversity.org.au/afd/taxa/ba632bea-a7b4-4b60-bf89-d63128cad841",-23.600952,148.571701,2025-05-21 11:51:23,"PRESENT","iNaturalist Australia"
"2715","fd1c8c41-fb56-4d50-b6d4-9450573d149d","Passiflora foetida","https://id.biodiversity.org.au/taxon/apni/51442118",-25.450136,153.153403,2025-02-25 08:52:00,"PRESENT","iNaturalist Australia"
"2716","fd236bd5-3ab1-4e10-8ce5-8d8c229de8ce","Passiflora edulis","https://id.biodiversity.org.au/node/apni/2902546",-27.670014,152.888141,2023-02-17 12:52:00,"PRESENT","iNaturalist Australia"
"2717","fd30023c-d718-4362-b945-efc077b51b83","Acraea terpsicore","https://biodiversity.org.au/afd/taxa/ba632bea-a7b4-4b60-bf89-d63128cad841",-16.167,136.75809,2024-07-10 17:01:00,"PRESENT","iNaturalist Australia"
"2718","fd32abef-5347-4b57-92ad-3ee8799f2312","Acraea terpsicore","https://biodiversity.org.au/afd/taxa/ba632bea-a7b4-4b60-bf89-d63128cad841",-19.9895,148.2614,2022-06-29 01:00:00,"PRESENT","Butterflies Australia"
"2719","fd704000-3aad-4045-a927-d64f013f6320","Passiflora foetida","https://id.biodiversity.org.au/taxon/apni/51442118",-27.4,152.9,2021-04-18 11:54:00,"PRESENT","Earth Guardians Weekly Feed"
"2720","fd72b6bc-6f5f-4bec-8938-2aa260214cb3","Acraea terpsicore","https://biodiversity.org.au/afd/taxa/ba632bea-a7b4-4b60-bf89-d63128cad841",-26.597819,153.012334,2023-11-02 18:12:16,"PRESENT","iNaturalist Australia"
"2721","fd8da6f7-7b21-40e7-93ea-0e765ddc6349","Acraea terpsicore","https://biodiversity.org.au/afd/taxa/ba632bea-a7b4-4b60-bf89-d63128cad841",-30.50413,153.00976,2022-01-09 17:48:00,"PRESENT","iNaturalist Australia"
"2722","fdb8ba5d-ef70-4c51-b228-efd2b666b2f8","Acraea terpsicore","https://biodiversity.org.au/afd/taxa/ba632bea-a7b4-4b60-bf89-d63128cad841",-17.47162,141.17999,2023-08-15 01:53:00,"PRESENT","Butterflies Australia"
"2723","fdba27cb-18c6-44af-b625-6c2414f84c1a","Acraea terpsicore","https://biodiversity.org.au/afd/taxa/ba632bea-a7b4-4b60-bf89-d63128cad841",-18.200678,144.658841,2022-07-17 13:18:40,"PRESENT","iNaturalist Australia"
"2724","fdc7b644-c38a-4875-93f2-d738494d536d","Passiflora edulis","https://id.biodiversity.org.au/node/apni/2902546",-33.639728,151.046722,2023-05-04 16:29:12,"PRESENT","iNaturalist Australia"
"2725","fddfa574-743e-49eb-8f66-f788a6cc7b8f","Acraea terpsicore","https://biodiversity.org.au/afd/taxa/ba632bea-a7b4-4b60-bf89-d63128cad841",-17.134302,144.53945,2025-06-21 12:57:20,"PRESENT","iNaturalist Australia"
"2726","fdf72772-6690-4880-8420-4ef5b14ae6f9","Acraea terpsicore","https://biodiversity.org.au/afd/taxa/ba632bea-a7b4-4b60-bf89-d63128cad841",-20.194925,148.366472,2025-08-08 09:55:08,"PRESENT","iNaturalist Australia"
"2727","fe0490a4-8706-4df7-a6b1-1b6d5ed14757","Passiflora edulis","https://id.biodiversity.org.au/node/apni/2902546",-34.192003,150.792491,2023-08-31,"PRESENT","NSW BioNet Atlas"
"2728","fe7bfbbb-ba64-446d-ae75-e23b7e199a59","Passiflora edulis","https://id.biodiversity.org.au/node/apni/2902546",-33.890341,151.201776,2022-05-08 16:03:13,"PRESENT","iNaturalist Australia"
"2729","fea51908-89c0-4059-89c3-d97dafec7562","Acraea terpsicore","https://biodiversity.org.au/afd/taxa/ba632bea-a7b4-4b60-bf89-d63128cad841",-30.645508,153.016612,2022-05-28 03:09:00,"PRESENT","NatureMapr"
"2730","feb7368e-ca7d-40a4-ac7f-67e485cfb204","Passiflora foetida","https://id.biodiversity.org.au/taxon/apni/51442118",-16.7536,145.67,2023-12-30 11:44:00,"PRESENT","iNaturalist Australia"
"2731","fef34eca-858b-4d0b-8bdc-628d656c7f43","Acraea terpsicore","https://biodiversity.org.au/afd/taxa/ba632bea-a7b4-4b60-bf89-d63128cad841",-13.5217,130.810945,2024-06-07 15:12:24,"PRESENT","iNaturalist Australia"
"2732","ff0ffa0f-226c-4ebd-910e-b997f175ad48","Acraea terpsicore","https://biodiversity.org.au/afd/taxa/ba632bea-a7b4-4b60-bf89-d63128cad841",-28.909654,151.587222,2025-10-14 10:12:00,"PRESENT","iNaturalist Australia"
"2733","ff2be247-0d68-46c2-bead-efe6b52a855c","Passiflora edulis","https://id.biodiversity.org.au/node/apni/2902546",-26.5024,152.864313,2022-04-16 13:55:00,"PRESENT","iNaturalist Australia"
"2734","ff9f25a6-4b0b-48ba-b3c5-bc251f12d575","Passiflora edulis","https://id.biodiversity.org.au/node/apni/2902546",-30.305721,153.119588,2022-06-28 16:18:00,"PRESENT","iNaturalist Australia"
"2735","ffb706f7-5f25-46de-8674-f956fb84d9f2","Acraea terpsicore","https://biodiversity.org.au/afd/taxa/ba632bea-a7b4-4b60-bf89-d63128cad841",-17.061046,145.753245,2021-02-04 08:27:00,"PRESENT","iNaturalist Australia"
"2736","ffbf5dfb-f4dd-4cd6-a57f-85ed2710c135","Acraea terpsicore","https://biodiversity.org.au/afd/taxa/ba632bea-a7b4-4b60-bf89-d63128cad841",-10.6255,142.3125,2023-06-04 23:00:00,"PRESENT","Butterflies Australia"
"2737","ffd038fd-246f-4131-b3eb-30eed570917a","Acraea terpsicore","https://biodiversity.org.au/afd/taxa/ba632bea-a7b4-4b60-bf89-d63128cad841",-22.462089,148.254165,2024-05-21 13:34:06,"PRESENT","iNaturalist Australia"
"2738","ffd21ef7-377a-469e-9307-b34ff4501218","Passiflora foetida","https://id.biodiversity.org.au/taxon/apni/51442118",-23.269281,150.81875,2025-11-23 16:45:40,"PRESENT","iNaturalist Australia"
"2739","ffd3d000-cabc-4def-bd35-aa97e87fbb13","Passiflora edulis","https://id.biodiversity.org.au/node/apni/2902546",-28.555653,153.55041,2024-03-07,"PRESENT","NSW BioNet Atlas"
"2740","fff2108d-4eba-4e7e-bea6-c3e9f11645ff","Passiflora foetida","https://id.biodiversity.org.au/name/apni/51741309",-27.461815,152.881066,2025-04-22 06:28:00,"PRESENT","iNaturalist Australia"
"2741","fffd3e24-0171-4b68-a6d6-854a8cd13966","Passiflora edulis","https://id.biodiversity.org.au/node/apni/2902546",-28.180404,152.585526,2025-04-30 13:26:00,"PRESENT","iNaturalist Australia"
"2742","fffe24fa-badd-416f-83a5-45cec25eeac8","Passiflora foetida","https://id.biodiversity.org.au/name/apni/51741309",-27.27743,152.849228,2025-11-25 09:11:11,"PRESENT","iNaturalist Australia"
