V1,recordID,scientificName,taxonConceptID,decimalLatitude,decimalLongitude,eventDate,occurrenceStatus,dataResourceName
1,00019811-f921-4a19-ad8e-2dd133509537,Passiflora foetida,https://id.biodiversity.org.au/taxon/apni/51442118,-23.253317,150.732447,2025-12-05T17:14:48Z,PRESENT,iNaturalist Australia
2,00105be7-cb48-408e-9062-7543d5e19764,Passiflora foetida,https://id.biodiversity.org.au/name/apni/51741309,-27.549289,152.509064,2025-12-26T08:51:00Z,PRESENT,iNaturalist Australia
3,001aaff6-4165-48ee-92c0-a1e760a640c9,Passiflora foetida,https://id.biodiversity.org.au/name/apni/51741309,-19.2113,146.7658,2025-10-26T16:11:00Z,PRESENT,iNaturalist Australia
4,001b2d3d-c195-4d56-9992-00b6e19d5c0c,Acraea terpsicore,https://biodiversity.org.au/afd/taxa/ba632bea-a7b4-4b60-bf89-d63128cad841,-22.159952,146.434071,2022-04-02T08:16:21Z,PRESENT,iNaturalist Australia
5,00204ab0-9233-46b1-8cca-464e5c0f1a8c,Acraea terpsicore,https://biodiversity.org.au/afd/taxa/ba632bea-a7b4-4b60-bf89-d63128cad841,-15.641154,135.711834,2023-06-16T12:09:00Z,PRESENT,iNaturalist Australia
6,0023bfb1-d869-445d-b9ef-5c87ca77e200,Acraea terpsicore,https://biodiversity.org.au/afd/taxa/ba632bea-a7b4-4b60-bf89-d63128cad841,-16.527194,145.47365,2025-07-21T08:54:34Z,PRESENT,iNaturalist Australia
7,004440bb-4f30-4aef-884c-7406f99a8924,Passiflora foetida,https://id.biodiversity.org.au/taxon/apni/51442118,-20.750278,149.1625,2023-08-26T00:00:00Z,PRESENT,Australian Tropical Herbarium (CNS) AVH data
8,0044fff9-b68a-4ab5-9ef2-4a6638b60684,Acraea terpsicore,https://biodiversity.org.au/afd/taxa/ba632bea-a7b4-4b60-bf89-d63128cad841,-27.486492,152.950487,2021-10-03T23:27:00Z,PRESENT,iNaturalist Australia
9,004e54b2-2a59-477f-b921-47a7f09b7e9d,Acraea terpsicore,https://biodiversity.org.au/afd/taxa/ba632bea-a7b4-4b60-bf89-d63128cad841,-14.452114,132.271515,2023-05-15T14:07:00Z,PRESENT,iNaturalist Australia
10,00676ac7-2431-4af3-8872-b87812a89881,Passiflora foetida,https://id.biodiversity.org.au/taxon/apni/51442118,-25.360383,152.897183,2022-04-06T20:24:00Z,PRESENT,iNaturalist Australia
11,0067a943-677f-4406-aedf-e099b2daafac,Passiflora foetida,https://id.biodiversity.org.au/taxon/apni/51442118,-17.486645,128.376078,2024-09-14T07:16:47Z,PRESENT,NatureMapr
12,006812ae-895b-4b0b-93c5-c2c26ce66c2a,Acraea terpsicore,https://biodiversity.org.au/afd/taxa/ba632bea-a7b4-4b60-bf89-d63128cad841,-20.588818,139.54348,2025-08-30T12:09:00Z,PRESENT,iNaturalist Australia
13,00714a80-1102-4929-bd12-f451d889a432,Acraea terpsicore,https://biodiversity.org.au/afd/taxa/ba632bea-a7b4-4b60-bf89-d63128cad841,-19.245129,146.786648,2022-10-27T08:27:00Z,PRESENT,iNaturalist Australia
14,00a0fff5-07b2-4be8-b92e-ff623ea6e26e,Acraea terpsicore,https://biodiversity.org.au/afd/taxa/ba632bea-a7b4-4b60-bf89-d63128cad841,-12.70994,131.090185,2025-01-19T07:26:00Z,PRESENT,iNaturalist Australia
15,00c0f624-0c37-4fad-a604-1b19be2176d9,Acraea terpsicore,https://biodiversity.org.au/afd/taxa/ba632bea-a7b4-4b60-bf89-d63128cad841,-15.648429,135.758556,2023-06-16T10:54:00Z,PRESENT,iNaturalist Australia
16,00c33186-7bf5-422c-8fcd-cc522ccef839,Passiflora foetida,https://id.biodiversity.org.au/taxon/apni/51442118,-14.468457,132.265501,2021-07-05T00:00:00Z,PRESENT,Flora Atlas N.T.
17,00e40328-e63c-416e-9622-11abd294e113,Acraea terpsicore,https://biodiversity.org.au/afd/taxa/ba632bea-a7b4-4b60-bf89-d63128cad841,-18.2214,144.6666,2021-03-21T12:30:00Z,PRESENT,Butterflies Australia
18,01466a57-63e8-4b7c-bc62-79adef787dc6,Acraea terpsicore,https://biodiversity.org.au/afd/taxa/ba632bea-a7b4-4b60-bf89-d63128cad841,-17.051269,145.374811,2022-06-18T11:40:28Z,PRESENT,iNaturalist Australia
19,01559586-2cbf-4f6d-857d-cf42f80c598c,Acraea terpsicore,https://biodiversity.org.au/afd/taxa/ba632bea-a7b4-4b60-bf89-d63128cad841,-14.180206,132.190483,2023-05-09T12:33:00Z,PRESENT,iNaturalist Australia
20,0156c8e9-2016-4919-8bc0-7e2bc60ca3f4,Acraea terpsicore,https://biodiversity.org.au/afd/taxa/ba632bea-a7b4-4b60-bf89-d63128cad841,-14.139527,134.474544,2025-08-05T13:32:00Z,PRESENT,iNaturalist Australia
21,01823edd-cec8-41a6-bf34-d952f4c6224a,Acraea terpsicore,https://biodiversity.org.au/afd/taxa/ba632bea-a7b4-4b60-bf89-d63128cad841,-19.064337,138.893823,2025-06-25T10:38:00Z,PRESENT,iNaturalist Australia
22,01a292c4-bbcb-4e60-ae07-f93b6869bfa3,Acraea terpsicore,https://biodiversity.org.au/afd/taxa/ba632bea-a7b4-4b60-bf89-d63128cad841,-14.184699,132.036624,2023-05-09T09:42:00Z,PRESENT,iNaturalist Australia
23,01a37baf-da81-4ddb-a61d-73da4c04687e,Acraea terpsicore,https://biodiversity.org.au/afd/taxa/ba632bea-a7b4-4b60-bf89-d63128cad841,-16.995939,125.205064,2024-06-07T11:48:00Z,PRESENT,iNaturalist Australia
24,01ce969e-e4b1-4267-844f-c978286a14f3,Passiflora foetida,https://id.biodiversity.org.au/name/apni/51741309,-27.549553,152.509156,2025-12-26T08:49:00Z,PRESENT,iNaturalist Australia
25,0207ec2a-b3c4-4f93-91cb-05b8edbc008e,Acraea terpsicore,https://biodiversity.org.au/afd/taxa/ba632bea-a7b4-4b60-bf89-d63128cad841,-21.939228,146.625252,2022-09-17T08:27:00Z,PRESENT,iNaturalist Australia
26,02206b5b-bc02-4131-baf7-75c875a55fc1,Passiflora foetida,https://id.biodiversity.org.au/taxon/apni/51442118,-10.741233,142.592716,2021-04-05T10:21:18Z,PRESENT,iNaturalist Australia
27,02274ced-f83a-40e9-9a35-b127d9bc5efc,Passiflora foetida,https://id.biodiversity.org.au/taxon/apni/51442118,-14.472817,132.263539,2022-01-27T00:00:00Z,PRESENT,Flora Atlas N.T.
28,0251f880-eed5-44f0-8712-6dba3549bb06,Passiflora foetida,https://id.biodiversity.org.au/taxon/apni/51442118,-23.216695,150.970345,2025-04-21T08:25:07Z,PRESENT,iNaturalist Australia
29,02651160-415d-4d81-b72a-6ffcb9c32e0f,Acraea terpsicore,https://biodiversity.org.au/afd/taxa/ba632bea-a7b4-4b60-bf89-d63128cad841,-20.551139,147.840941,2025-02-09T13:50:00Z,PRESENT,iNaturalist Australia
30,0266ccf5-0d06-4074-aa43-db4dee000faf,Acraea terpsicore,https://biodiversity.org.au/afd/taxa/ba632bea-a7b4-4b60-bf89-d63128cad841,-20.597835,139.537055,2025-09-10T14:33:00Z,PRESENT,iNaturalist Australia
31,027d8371-f3b2-4f8e-ad08-c235f85fb9f9,Acraea terpsicore,https://biodiversity.org.au/afd/taxa/ba632bea-a7b4-4b60-bf89-d63128cad841,-17.459284,140.832932,2025-09-08T21:15:52Z,PRESENT,iNaturalist Australia
32,027e041e-d70b-4b65-b4a8-69c57348def4,Passiflora foetida,https://id.biodiversity.org.au/name/apni/51741309,-25.523193,152.67137,2025-11-04T09:40:00Z,PRESENT,iNaturalist Australia
33,028e4ed3-771e-4d3c-b04c-babe921743e0,Acraea terpsicore,https://biodiversity.org.au/afd/taxa/ba632bea-a7b4-4b60-bf89-d63128cad841,-19.187873,146.771961,2022-08-19T11:37:00Z,PRESENT,iNaturalist Australia
34,0296a66a-4c1f-4ad7-be65-5561bd460a0c,Acraea terpsicore,https://biodiversity.org.au/afd/taxa/ba632bea-a7b4-4b60-bf89-d63128cad841,-12.416627,130.835589,2025-05-22T11:18:22Z,PRESENT,iNaturalist Australia
35,02980021-89f6-418f-a400-1db092526d38,Acraea terpsicore,https://biodiversity.org.au/afd/taxa/ba632bea-a7b4-4b60-bf89-d63128cad841,-15.676903,126.400605,2025-05-29T13:15:22Z,PRESENT,iNaturalist Australia
36,02c1fb9d-7fac-4eb7-854d-a2e7d168eb0d,Acraea terpsicore,https://biodiversity.org.au/afd/taxa/ba632bea-a7b4-4b60-bf89-d63128cad841,-15.630235,130.476251,2024-08-11T07:42:00Z,PRESENT,iNaturalist Australia
37,02dc7c44-202f-42b6-90b7-a5f6e9de1d26,Acraea terpsicore,https://biodiversity.org.au/afd/taxa/ba632bea-a7b4-4b60-bf89-d63128cad841,-19.243247,146.783585,2022-08-28T10:19:00Z,PRESENT,iNaturalist Australia
38,02e2d730-e703-4085-aef1-9bf80be8c458,Acraea terpsicore,https://biodiversity.org.au/afd/taxa/ba632bea-a7b4-4b60-bf89-d63128cad841,-25.670824,152.901328,2024-02-24T09:07:00Z,PRESENT,iNaturalist Australia
39,02fd7c60-2728-47be-9b20-cde24c5302e4,Acraea terpsicore,https://biodiversity.org.au/afd/taxa/ba632bea-a7b4-4b60-bf89-d63128cad841,-16.84042,145.74148,2022-02-27T02:08:00Z,PRESENT,Butterflies Australia
40,03000ea5-aed0-4370-abef-fc13e96fe932,Acraea terpsicore,https://biodiversity.org.au/afd/taxa/ba632bea-a7b4-4b60-bf89-d63128cad841,-13.099588,130.784247,2025-05-12T02:39:00Z,PRESENT,NatureMapr
41,0324bd71-8d86-47c6-b6d1-b40bc661fe57,Passiflora foetida,https://id.biodiversity.org.au/taxon/apni/51442118,-26.732737,153.095337,2025-01-30T12:04:52Z,PRESENT,iNaturalist Australia
42,03283d3f-946b-427d-9192-6a690826ae0e,Passiflora foetida,https://id.biodiversity.org.au/taxon/apni/51442118,-14.472151,132.263068,2021-06-10T00:00:00Z,PRESENT,Flora Atlas N.T.
43,0361eb83-2bb6-4277-9929-df42786f2873,Acraea terpsicore,https://biodiversity.org.au/afd/taxa/ba632bea-a7b4-4b60-bf89-d63128cad841,-12.411568,130.825034,2024-05-25T16:22:05Z,PRESENT,iNaturalist Australia
44,03800eb7-dfa3-4c11-af86-017abb0b0410,Passiflora foetida,https://id.biodiversity.org.au/taxon/apni/51442118,-25.284535,152.667734,2022-01-12T10:37:39Z,PRESENT,iNaturalist Australia
45,03d12f1b-7199-4fa8-b7ca-ee8c41d9ea14,Passiflora foetida,https://id.biodiversity.org.au/taxon/apni/51442118,-14.540833,144.986667,2021-03-28T00:00:00Z,PRESENT,BRI AVH Data and Images
46,03f1b8df-8a1f-40ff-b92e-ca9154920f94,Acraea terpsicore,https://biodiversity.org.au/afd/taxa/ba632bea-a7b4-4b60-bf89-d63128cad841,-19.24039,146.782572,2023-05-10T08:22:00Z,PRESENT,iNaturalist Australia
47,045c8330-9f95-4da5-ac26-d17b680f8d9f,Acraea terpsicore,https://biodiversity.org.au/afd/taxa/ba632bea-a7b4-4b60-bf89-d63128cad841,-15.974862,144.828815,2021-06-03T16:49:00Z,PRESENT,iNaturalist Australia
48,0468c4ee-ad7e-49f1-ad91-af54387ba5af,Acraea terpsicore,https://biodiversity.org.au/afd/taxa/ba632bea-a7b4-4b60-bf89-d63128cad841,-19.2436,146.79522,2022-01-06T05:59:00Z,PRESENT,Butterflies Australia
49,046c2cf0-33ce-4ac0-ab76-f3e47d90c4c6,Acraea terpsicore,https://biodiversity.org.au/afd/taxa/ba632bea-a7b4-4b60-bf89-d63128cad841,-27.485029,152.952764,2021-12-30T10:56:00Z,PRESENT,iNaturalist Australia
50,04750c3a-637a-4eeb-9d04-2c18dc0179d9,Acraea terpsicore,https://biodiversity.org.au/afd/taxa/ba632bea-a7b4-4b60-bf89-d63128cad841,-19.26016,146.809331,2025-06-28T14:25:00Z,PRESENT,iNaturalist Australia
51,047be604-1c75-4539-8ae2-36bbff11f2cf,Acraea terpsicore,https://biodiversity.org.au/afd/taxa/ba632bea-a7b4-4b60-bf89-d63128cad841,-21.04588,148.07328,2021-09-05T14:54:00Z,PRESENT,iNaturalist Australia
52,0499fedd-2251-4f6b-9310-0573112c9e4e,Acraea terpsicore,https://biodiversity.org.au/afd/taxa/ba632bea-a7b4-4b60-bf89-d63128cad841,-17.674875,141.06928,2025-06-05T12:15:00Z,PRESENT,iNaturalist Australia
53,04cc05a3-5e28-46a7-b2a9-2a3f07af26f4,Acraea terpsicore,https://biodiversity.org.au/afd/taxa/ba632bea-a7b4-4b60-bf89-d63128cad841,-27.485755,152.953927,2024-03-16T11:36:00Z,PRESENT,iNaturalist Australia
54,04d10778-28aa-443b-9cfd-e7ebaac824d0,Acraea terpsicore,https://biodiversity.org.au/afd/taxa/ba632bea-a7b4-4b60-bf89-d63128cad841,-19.1875,146.7708,2025-07-24T10:36:00Z,PRESENT,iNaturalist Australia
55,04d69915-5979-4bb9-a0ca-56a010313582,Acraea terpsicore,https://biodiversity.org.au/afd/taxa/ba632bea-a7b4-4b60-bf89-d63128cad841,-26.616998,153.06428,2024-01-21T09:56:08Z,PRESENT,iNaturalist Australia
56,0540c15c-e4be-4754-b19a-937c90bf503b,Acraea terpsicore,https://biodiversity.org.au/afd/taxa/ba632bea-a7b4-4b60-bf89-d63128cad841,-18.201661,142.246293,2022-09-02T13:45:00Z,PRESENT,iNaturalist Australia
57,056a0b80-0c95-4d87-af0e-6d9a14750f0d,Passiflora foetida,https://id.biodiversity.org.au/taxon/apni/51442118,-26.793193,153.123597,2022-04-17T15:54:00Z,PRESENT,iNaturalist Australia
58,05708994-96ec-4379-bd3a-4d0dfe3c81df,Acraea terpsicore,https://biodiversity.org.au/afd/taxa/ba632bea-a7b4-4b60-bf89-d63128cad841,-17.150938,145.179857,2023-08-31T12:35:00Z,PRESENT,iNaturalist Australia
59,057e01e6-375a-4eb0-a2ab-0b5e78f5dfe9,Passiflora foetida,https://id.biodiversity.org.au/taxon/apni/51442118,-16.81383,145.567658,2022-07-03T13:59:00Z,PRESENT,iNaturalist Australia
60,05be9d32-845f-4721-8715-c8a420f36bc1,Acraea terpsicore,https://biodiversity.org.au/afd/taxa/ba632bea-a7b4-4b60-bf89-d63128cad841,-16.800383,145.677842,2022-11-23T08:57:00Z,PRESENT,Earth Guardians Weekly Feed
61,06458a60-38f9-4b2f-bfee-2935c1440824,Passiflora foetida,https://id.biodiversity.org.au/taxon/apni/51442118,-23.329547,150.485277,2025-05-29T09:32:28Z,PRESENT,iNaturalist Australia
62,06586537-42fa-4da8-aa57-c676efe0c805,Passiflora foetida,https://id.biodiversity.org.au/taxon/apni/51442118,-25.510558,153.123689,2024-06-16T09:37:47Z,PRESENT,iNaturalist Australia
63,0681aa19-c7f8-468c-9abb-316baf9f32d9,Passiflora foetida,https://id.biodiversity.org.au/taxon/apni/51442118,-12.443158,130.876498,2021-05-29T10:39:00Z,PRESENT,iNaturalist Australia
64,068b5f62-061d-464c-a540-e15b8d60094d,Acraea terpsicore,https://biodiversity.org.au/afd/taxa/ba632bea-a7b4-4b60-bf89-d63128cad841,-19.271681,146.83689,2023-09-21T14:22:00Z,PRESENT,iNaturalist Australia
65,06c1b50f-2993-494b-b755-7318968a5ef7,Passiflora foetida,https://id.biodiversity.org.au/taxon/apni/51442118,-12.551881,131.083109,2021-02-19T00:00:00Z,PRESENT,Flora Atlas N.T.
66,077fe21c-0bec-4066-bdf4-5dee83ce6789,Acraea terpsicore,https://biodiversity.org.au/afd/taxa/ba632bea-a7b4-4b60-bf89-d63128cad841,-13.933,143.2026,2022-05-14T18:15:00Z,PRESENT,Butterflies Australia
67,07a2b2b6-29d4-4cc7-98f4-777558cdb356,Acraea terpsicore,https://biodiversity.org.au/afd/taxa/ba632bea-a7b4-4b60-bf89-d63128cad841,-13.663028,134.331731,2025-03-23T09:48:00Z,PRESENT,iNaturalist Australia
68,07a8948e-4b4e-400d-b082-53e7585363ec,Acraea terpsicore,https://biodiversity.org.au/afd/taxa/ba632bea-a7b4-4b60-bf89-d63128cad841,-22.477087,143.1825,2022-09-24T17:00:00Z,PRESENT,Butterflies Australia
69,07b6e175-8a41-4a8f-9608-a8fa2b89cd42,Acraea terpsicore,https://biodiversity.org.au/afd/taxa/ba632bea-a7b4-4b60-bf89-d63128cad841,-12.703618,130.986945,2021-05-17T13:19:00Z,PRESENT,iNaturalist Australia
70,07cac7ac-fd1f-4ecf-8525-c23ba8b8b201,Acraea terpsicore,https://biodiversity.org.au/afd/taxa/ba632bea-a7b4-4b60-bf89-d63128cad841,-17.819711,122.211585,2024-09-13T10:37:00Z,PRESENT,iNaturalist Australia
71,07f88897-ba7f-473e-988c-3dff01a03e53,Passiflora foetida,https://id.biodiversity.org.au/taxon/apni/51442118,-25.836006,152.482325,2023-11-12T08:15:29Z,PRESENT,iNaturalist Australia
72,083db274-25b7-48d4-9d74-e5b68e5612b9,Acraea terpsicore,https://biodiversity.org.au/afd/taxa/ba632bea-a7b4-4b60-bf89-d63128cad841,-19.982931,146.439457,2023-06-19T16:10:59Z,PRESENT,iNaturalist Australia
73,08460a45-6d2b-4953-9351-eaecd5b7af6d,Acraea terpsicore,https://biodiversity.org.au/afd/taxa/ba632bea-a7b4-4b60-bf89-d63128cad841,-12.406273,130.82499,2022-01-22T10:19:02Z,PRESENT,iNaturalist Australia
74,08474a75-8d29-40e5-9e60-4e1fe9b6fd24,Acraea terpsicore,https://biodiversity.org.au/afd/taxa/ba632bea-a7b4-4b60-bf89-d63128cad841,-14.182913,132.192081,2025-06-08T12:32:00Z,PRESENT,iNaturalist Australia
75,0858b3a7-3f61-4fb0-b1aa-e83fd679e153,Passiflora foetida,https://id.biodiversity.org.au/taxon/apni/51442118,-14.472567,132.261424,2021-06-10T00:00:00Z,PRESENT,Flora Atlas N.T.
76,08c650eb-63cc-4459-892b-9de6e492c778,Acraea terpsicore,https://biodiversity.org.au/afd/taxa/ba632bea-a7b4-4b60-bf89-d63128cad841,-17.337878,124.823017,2021-05-21T12:05:00Z,PRESENT,iNaturalist Australia
77,08e4cd23-2a84-4128-a47c-fdeaf78177d3,Acraea terpsicore,https://biodiversity.org.au/afd/taxa/ba632bea-a7b4-4b60-bf89-d63128cad841,-21.533282,146.860281,2021-05-03T11:38:00Z,PRESENT,iNaturalist Australia
78,08fdfb89-a1b0-450f-8775-dd0e9afe015d,Acraea terpsicore,https://biodiversity.org.au/afd/taxa/ba632bea-a7b4-4b60-bf89-d63128cad841,-16.803583,145.365645,2023-03-08T10:06:00Z,PRESENT,iNaturalist Australia
79,09057fd2-80b0-49a7-b0bc-ac9e4819ad7f,Passiflora foetida,https://id.biodiversity.org.au/taxon/apni/51442118,-12.465037,130.838873,2021-06-11T18:09:00Z,PRESENT,iNaturalist Australia
80,093d15e3-ff55-4a5a-b348-3f6674279d10,Passiflora foetida,https://id.biodiversity.org.au/taxon/apni/51442118,-20.728826,139.500483,2022-04-06T13:13:14Z,PRESENT,iNaturalist Australia
81,09707e54-9d1f-4a8e-b5ad-c0b8bf640a57,Acraea terpsicore,https://biodiversity.org.au/afd/taxa/ba632bea-a7b4-4b60-bf89-d63128cad841,-18.14004,144.812194,2022-08-16T14:08:05Z,PRESENT,iNaturalist Australia
82,0971a0b8-17f5-4679-af0e-ca0de6194a68,Acraea terpsicore,https://biodiversity.org.au/afd/taxa/ba632bea-a7b4-4b60-bf89-d63128cad841,-17.33702,124.823953,2025-06-17T13:13:00Z,PRESENT,iNaturalist Australia
83,097ef953-3634-4318-8e57-244ddc1e1152,Acraea terpsicore,https://biodiversity.org.au/afd/taxa/ba632bea-a7b4-4b60-bf89-d63128cad841,-28.19959,152.771167,2025-01-06T11:53:52Z,PRESENT,iNaturalist Australia
84,09888b3d-65d1-4f2f-b763-3beff7fd8a60,Acraea terpsicore,https://biodiversity.org.au/afd/taxa/ba632bea-a7b4-4b60-bf89-d63128cad841,-17.779675,122.282228,2024-09-13T13:05:00Z,PRESENT,iNaturalist Australia
85,09dbd264-beb2-4bcb-8e86-e66df90b37b5,Passiflora foetida,https://id.biodiversity.org.au/taxon/apni/51442118,-18.109071,144.825826,2023-07-14T11:38:00Z,PRESENT,iNaturalist Australia
86,09e7631f-749d-48ad-92aa-35f780a9e207,Acraea terpsicore,https://biodiversity.org.au/afd/taxa/ba632bea-a7b4-4b60-bf89-d63128cad841,-30.466878,152.85167,2025-10-19T14:24:44Z,PRESENT,iNaturalist Australia
87,0a421133-2abd-46a0-a513-481fc2716c06,Passiflora foetida,https://id.biodiversity.org.au/taxon/apni/51442118,-24.7685,152.408368,2024-05-23T11:45:00Z,PRESENT,iNaturalist Australia
88,0a523e58-b1ba-48a5-80ff-a256deb873a1,Acraea terpsicore,https://biodiversity.org.au/afd/taxa/ba632bea-a7b4-4b60-bf89-d63128cad841,-16.899393,145.755153,2024-07-18T12:46:23Z,PRESENT,iNaturalist Australia
89,0a6a68d4-3ad9-4792-9ee8-173cbdf38ddb,Passiflora foetida,https://id.biodiversity.org.au/taxon/apni/51442118,-24.965927,153.337909,2025-09-19T06:41:33Z,PRESENT,iNaturalist Australia
90,0ad95e1b-dde1-412a-b5de-7d85c57e00fc,Acraea terpsicore,https://biodiversity.org.au/afd/taxa/ba632bea-a7b4-4b60-bf89-d63128cad841,-22.593286,144.54698,2024-05-07T11:10:00Z,PRESENT,iNaturalist Australia
91,0b30e3a5-b5b0-4df6-a708-e380689e50b5,Passiflora foetida,https://id.biodiversity.org.au/name/apni/51741309,-27.471799,152.54638,2024-05-19T11:31:42Z,PRESENT,iNaturalist Australia
92,0b57c4ab-593e-4076-a768-74a17681571a,Passiflora foetida,https://id.biodiversity.org.au/taxon/apni/51442118,-24.889895,152.290787,2022-10-13T09:27:23Z,PRESENT,iNaturalist Australia
93,0b5ab531-8c86-403f-8e0e-b08d7627ce83,Acraea terpsicore,https://biodiversity.org.au/afd/taxa/ba632bea-a7b4-4b60-bf89-d63128cad841,-18.203889,142.245574,2023-06-23T10:07:00Z,PRESENT,iNaturalist Australia
94,0b79cfc2-dc68-4b61-9578-b18198dedc95,Passiflora foetida,https://id.biodiversity.org.au/taxon/apni/51442118,-17,145.7,2023-03-01T17:50:00Z,PRESENT,Earth Guardians Weekly Feed
95,0b836f9f-6c39-4ab0-85df-c2bdc35c0994,Acraea terpsicore,https://biodiversity.org.au/afd/taxa/ba632bea-a7b4-4b60-bf89-d63128cad841,-16.521982,144.898686,2022-07-12T00:00:00Z,PRESENT,iNaturalist Australia
96,0b9e58dc-6a06-4fa1-8152-bb53f26b0f1d,Passiflora foetida,https://id.biodiversity.org.au/taxon/apni/51442118,-14.8702,133.108931,2021-08-12T00:00:00Z,PRESENT,Flora Atlas N.T.
97,0b9f7630-7124-4d8e-8622-070ccc68c831,Passiflora foetida,https://id.biodiversity.org.au/taxon/apni/51442118,-18.1088,144.8255,2022-03-24T14:26:00Z,PRESENT,iNaturalist Australia
98,0bb818d3-9083-42f3-b9a4-d7cfac6dc5e0,Passiflora foetida,https://id.biodiversity.org.au/taxon/apni/51442118,-14.87209,133.1154,2021-08-11T00:00:00Z,PRESENT,Flora Atlas N.T.
99,0be482a1-2863-4957-9689-f003ef96cff5,Passiflora foetida,https://id.biodiversity.org.au/taxon/apni/51442118,-27.581068,152.991355,2022-06-18T08:23:00Z,PRESENT,iNaturalist Australia
100,0c0011b9-c53a-4679-8e76-b95857336df0,Acraea terpsicore,https://biodiversity.org.au/afd/taxa/ba632bea-a7b4-4b60-bf89-d63128cad841,-16.747747,145.662376,2021-08-25T11:26:00Z,PRESENT,iNaturalist Australia
101,0c23df9d-a7be-45d9-8358-73b2acc12077,Passiflora foetida,https://id.biodiversity.org.au/name/apni/51741309,-12.786055,143.341866,2023-01-11T08:05:00Z,PRESENT,iNaturalist Australia
102,0c5827a6-bc5a-4f91-a3e8-bfa3b3f8e498,Passiflora foetida,https://id.biodiversity.org.au/taxon/apni/51442118,-25.757662,152.597165,2023-02-20T09:17:00Z,PRESENT,iNaturalist Australia
103,0c5cd040-d7d7-405d-9be7-d540b307f963,Acraea terpsicore,https://biodiversity.org.au/afd/taxa/ba632bea-a7b4-4b60-bf89-d63128cad841,-17.31234,145.58737,2022-03-09T23:15:00Z,PRESENT,Butterflies Australia
104,0cb1e90a-38be-4fb8-b6e8-9e28fb1c6c61,Passiflora foetida,https://id.biodiversity.org.au/taxon/apni/51442118,-23.82,151.24,2024-05-23T00:00:00Z,PRESENT,WeedScan
105,0cc007d9-80c7-4970-8a3c-e9a5c45b64df,Acraea terpsicore,https://biodiversity.org.au/afd/taxa/ba632bea-a7b4-4b60-bf89-d63128cad841,-13.861688,136.81173,2022-05-13T11:17:00Z,PRESENT,iNaturalist Australia
106,0ce5626c-a307-4534-a057-873a646ca6c9,Acraea terpsicore,https://biodiversity.org.au/afd/taxa/ba632bea-a7b4-4b60-bf89-d63128cad841,-16.804134,145.56268,2021-08-11T13:55:00Z,PRESENT,iNaturalist Australia
107,0cfb7035-7754-4b98-8d51-28d6054396b9,Acraea terpsicore,https://biodiversity.org.au/afd/taxa/ba632bea-a7b4-4b60-bf89-d63128cad841,-17.66279,141.102225,2022-06-27T12:39:00Z,PRESENT,iNaturalist Australia
108,0d053991-23e3-43a1-89a2-69a0d72035e5,Acraea terpsicore,https://biodiversity.org.au/afd/taxa/ba632bea-a7b4-4b60-bf89-d63128cad841,-17.467,138.36415,2023-09-11T23:58:00Z,PRESENT,Butterflies Australia
109,0d0c853f-ab7f-4e82-a75f-5ce164248650,Passiflora foetida,https://id.biodiversity.org.au/taxon/apni/51442118,-27.463933,152.939718,2025-01-18T07:09:00Z,PRESENT,iNaturalist Australia
110,0d0ea1c8-e1b2-4de3-b434-4aa2d34fc766,Acraea terpsicore,https://biodiversity.org.au/afd/taxa/ba632bea-a7b4-4b60-bf89-d63128cad841,-19.189867,146.773833,2024-06-06T16:10:29Z,PRESENT,iNaturalist Australia
111,0dd430dd-f756-4310-b2a9-acea3979a6d2,Acraea terpsicore,https://biodiversity.org.au/afd/taxa/ba632bea-a7b4-4b60-bf89-d63128cad841,-18.301064,143.351473,2021-05-07T14:16:00Z,PRESENT,iNaturalist Australia
112,0df987d7-918e-44b6-984b-525488ac8c69,Acraea terpsicore,https://biodiversity.org.au/afd/taxa/ba632bea-a7b4-4b60-bf89-d63128cad841,-28.265242,153.57785,2022-03-12T09:41:02Z,PRESENT,iNaturalist Australia
113,0e1e76b9-6688-4327-8bb4-a39a7237cb98,Passiflora foetida,https://id.biodiversity.org.au/name/apni/51741309,-19.2622,146.808,2025-09-11T15:17:00Z,PRESENT,iNaturalist Australia
114,0e1ec128-ce91-4eb6-bc24-5ca2c5f7f237,Acraea terpsicore,https://biodiversity.org.au/afd/taxa/ba632bea-a7b4-4b60-bf89-d63128cad841,-17.394103,123.989336,2023-09-12T07:38:24Z,PRESENT,Earth Guardians Weekly Feed
115,0e217e51-0283-4179-835c-a237873176ba,Passiflora foetida,https://id.biodiversity.org.au/taxon/apni/51442118,-14.323937,132.426392,2021-06-10T13:57:00Z,PRESENT,iNaturalist Australia
116,0e9e6438-f05f-40bb-95f3-055cd576662f,Passiflora foetida,https://id.biodiversity.org.au/taxon/apni/51442118,-27.68351,153.166082,2024-02-20T10:58:00Z,PRESENT,iNaturalist Australia
117,0ea39230-f4ce-429e-8d55-267c12d850b8,Acraea terpsicore,https://biodiversity.org.au/afd/taxa/ba632bea-a7b4-4b60-bf89-d63128cad841,-17.976234,122.179337,2023-04-30T13:28:00Z,PRESENT,iNaturalist Australia
118,0ef3847a-5fba-4dfa-a8ab-526d68d5891b,Passiflora foetida,https://id.biodiversity.org.au/taxon/apni/51442118,-26.806617,152.992125,2024-04-12T07:11:52Z,PRESENT,iNaturalist Australia
119,0f207737-9e7e-43e7-a35f-62334bdd3464,Acraea terpsicore,https://biodiversity.org.au/afd/taxa/ba632bea-a7b4-4b60-bf89-d63128cad841,-27.341651,152.929,2021-03-21T11:44:00Z,PRESENT,Earth Guardians Weekly Feed
120,0f3323b7-0362-47bd-9159-83d1a7ded6e3,Acraea terpsicore,https://biodiversity.org.au/afd/taxa/ba632bea-a7b4-4b60-bf89-d63128cad841,-20.3456,144.4567,2022-09-22T00:30:00Z,PRESENT,Butterflies Australia
121,0f51d53e-dc1f-404d-84ab-fd29a3d4a1cf,Acraea terpsicore,https://biodiversity.org.au/afd/taxa/ba632bea-a7b4-4b60-bf89-d63128cad841,-16.52877,145.112836,2025-05-24T14:53:00Z,PRESENT,iNaturalist Australia
122,0f9caba6-b76a-49c7-8e86-43aed438d996,Acraea terpsicore,https://biodiversity.org.au/afd/taxa/ba632bea-a7b4-4b60-bf89-d63128cad841,-27.485657,152.954174,2024-03-18T11:46:56Z,PRESENT,iNaturalist Australia
123,0fba7054-29a5-4b94-a5fc-eed5614d98d8,Acraea terpsicore,https://biodiversity.org.au/afd/taxa/ba632bea-a7b4-4b60-bf89-d63128cad841,-25.855164,152.699987,2022-05-08T11:53:00Z,PRESENT,iNaturalist Australia
124,0fe6fd7a-e2c0-492f-8777-350f7f76f6c4,Passiflora foetida,https://id.biodiversity.org.au/name/apni/51741309,-27.550722,152.508531,2026-01-08T11:30:00Z,PRESENT,iNaturalist Australia
125,0fe80e1a-5ff3-4388-aa6a-4932eedd2605,Passiflora foetida,https://id.biodiversity.org.au/taxon/apni/51442118,-14.469232,132.263573,2021-06-10T00:00:00Z,PRESENT,Flora Atlas N.T.
126,103e627a-52aa-4887-b02d-e2ff5f689d18,Acraea terpsicore,https://biodiversity.org.au/afd/taxa/ba632bea-a7b4-4b60-bf89-d63128cad841,-19.257832,145.917639,2025-06-12T15:00:00Z,PRESENT,iNaturalist Australia
127,106dda2a-e03a-4e31-a911-32be373e2177,Acraea terpsicore,https://biodiversity.org.au/afd/taxa/ba632bea-a7b4-4b60-bf89-d63128cad841,-19.259863,146.808822,2025-08-18T13:33:01Z,PRESENT,iNaturalist Australia
128,10b93231-6f74-48d2-aa42-f10dce5b638c,Acraea terpsicore,https://biodiversity.org.au/afd/taxa/ba632bea-a7b4-4b60-bf89-d63128cad841,-26.955751,152.949014,2025-01-28T13:07:00Z,PRESENT,iNaturalist Australia
129,10f47586-c4c7-4f9b-ab12-68c7a4429cc3,Passiflora foetida,https://id.biodiversity.org.au/taxon/apni/51442118,-27.03099,153.152977,2023-06-15T08:54:25Z,PRESENT,iNaturalist Australia
130,1147982e-a4fb-426b-aaf5-e805a2f7e0cf,Passiflora foetida,https://id.biodiversity.org.au/taxon/apni/51442118,-24.889392,152.08294,2023-12-06T09:11:46Z,PRESENT,iNaturalist Australia
131,116a6e62-7fab-4377-bb44-e7ca39a0ef62,Passiflora foetida,https://id.biodiversity.org.au/taxon/apni/51442118,-14.47239,132.260713,2021-03-25T00:00:00Z,PRESENT,Flora Atlas N.T.
132,1174157f-c912-493d-8322-93a185345b2f,Passiflora foetida,https://id.biodiversity.org.au/name/apni/51741309,-27.420725,152.904233,2024-03-23T10:24:00Z,PRESENT,iNaturalist Australia
133,1187562b-73db-480b-8e04-a6fd2979eddb,Acraea terpsicore,https://biodiversity.org.au/afd/taxa/ba632bea-a7b4-4b60-bf89-d63128cad841,-25.560326,152.681231,2025-12-26T10:08:00Z,PRESENT,iNaturalist Australia
134,11a60cb8-ae2f-4192-8a33-c04868bb33b5,Acraea terpsicore,https://biodiversity.org.au/afd/taxa/ba632bea-a7b4-4b60-bf89-d63128cad841,-27.485577,152.954153,2022-01-11T11:39:00Z,PRESENT,iNaturalist Australia
135,11cbf1c7-6841-4b8e-9550-e7f797a9f371,Acraea terpsicore,https://biodiversity.org.au/afd/taxa/ba632bea-a7b4-4b60-bf89-d63128cad841,-12.63838,141.859102,2022-09-04T11:47:00Z,PRESENT,iNaturalist Australia
136,11cfd57d-ce02-4440-9e8e-28aefdf2be33,Acraea terpsicore,https://biodiversity.org.au/afd/taxa/ba632bea-a7b4-4b60-bf89-d63128cad841,-19.39452,146.736542,2024-08-14T00:00:00Z,PRESENT,iNaturalist Australia
137,122d9913-53b0-435d-b53a-e3ec1bb6d52a,Passiflora foetida,https://id.biodiversity.org.au/taxon/apni/51442118,-27.025815,153.152084,2023-07-25T12:54:56Z,PRESENT,iNaturalist Australia
138,1256919b-df6e-41f8-942f-86b966a09c87,Acraea terpsicore,https://biodiversity.org.au/afd/taxa/ba632bea-a7b4-4b60-bf89-d63128cad841,-19.298787,146.78064,2021-08-05T12:03:00Z,PRESENT,iNaturalist Australia
139,126319d6-3280-43b7-b8b0-af2d7b21a6ab,Acraea terpsicore,https://biodiversity.org.au/afd/taxa/ba632bea-a7b4-4b60-bf89-d63128cad841,-16.485753,145.468037,2025-12-25T11:44:57Z,PRESENT,iNaturalist Australia
140,129e1158-bcb2-4f3b-aed6-3094a6ec6add,Passiflora foetida,https://id.biodiversity.org.au/taxon/apni/51442118,-24.20913,151.910014,2021-06-16T08:13:00Z,PRESENT,iNaturalist Australia
141,12b71263-1ff3-491b-8af8-42fb6e62387b,Acraea terpsicore,https://biodiversity.org.au/afd/taxa/ba632bea-a7b4-4b60-bf89-d63128cad841,-12.429117,130.747846,2021-05-26T12:27:00Z,PRESENT,iNaturalist Australia
142,12b73232-3f00-4caf-92c9-0fda720a14f2,Acraea terpsicore,https://biodiversity.org.au/afd/taxa/ba632bea-a7b4-4b60-bf89-d63128cad841,-18.626146,145.874765,2025-08-19T12:57:02Z,PRESENT,iNaturalist Australia
143,12d11e90-e26e-4b08-b87f-414fad9797b1,Acraea terpsicore,https://biodiversity.org.au/afd/taxa/ba632bea-a7b4-4b60-bf89-d63128cad841,-19.256127,146.804361,2022-07-12T17:32:00Z,PRESENT,iNaturalist Australia
144,12dfb642-8828-4721-ac52-f0ddc3607d92,Passiflora foetida,https://id.biodiversity.org.au/taxon/apni/51442118,-14.321987,132.422834,2021-06-11T15:35:00Z,PRESENT,iNaturalist Australia
145,12f1adb1-fd82-48c5-8046-8bc72650aafa,Passiflora foetida,https://id.biodiversity.org.au/taxon/apni/51442118,-26.999712,152.794875,2025-08-20T14:24:40Z,PRESENT,iNaturalist Australia
146,1301e491-58f3-4735-a9e9-6c6fd02f58b8,Passiflora foetida,https://id.biodiversity.org.au/taxon/apni/51442118,-26.010647,152.44809,2024-12-05T08:50:04Z,PRESENT,iNaturalist Australia
147,13b4bc54-c802-41a5-8084-c4ede0cdc2d5,Acraea terpsicore,https://biodiversity.org.au/afd/taxa/ba632bea-a7b4-4b60-bf89-d63128cad841,-18.194352,144.569619,2025-05-25T11:41:00Z,PRESENT,iNaturalist Australia
148,13d800c5-30a8-4a2e-83b0-76f53491a634,Acraea terpsicore,https://biodiversity.org.au/afd/taxa/ba632bea-a7b4-4b60-bf89-d63128cad841,-19.258963,146.816948,2025-06-23T16:03:00Z,PRESENT,iNaturalist Australia
149,141184cd-28b3-4700-a05a-4a53e03e0cbc,Acraea terpsicore,https://biodiversity.org.au/afd/taxa/ba632bea-a7b4-4b60-bf89-d63128cad841,-24.849728,152.327718,2024-07-21T12:23:00Z,PRESENT,iNaturalist Australia
150,141c7a10-b5d1-4931-83d9-91a7d9021751,Passiflora foetida,https://id.biodiversity.org.au/taxon/apni/51442118,-19.97,148.23,2024-02-28T00:00:00Z,PRESENT,WeedScan
151,142f8146-4b7f-41d0-ae07-4907f18a8bb6,Acraea terpsicore,https://biodiversity.org.au/afd/taxa/ba632bea-a7b4-4b60-bf89-d63128cad841,-30.276372,153.131694,2025-12-14T11:04:33Z,PRESENT,iNaturalist Australia
152,147f2dd3-a060-437d-a11a-51e94ecc8492,Acraea terpsicore,https://biodiversity.org.au/afd/taxa/ba632bea-a7b4-4b60-bf89-d63128cad841,-19.20162,146.75263,2023-01-01T16:31:29Z,PRESENT,iNaturalist Australia
153,152d3172-a3f9-49f6-aaae-032a9d3fb714,Acraea terpsicore,https://biodiversity.org.au/afd/taxa/ba632bea-a7b4-4b60-bf89-d63128cad841,-19.97074,148.067871,2022-08-18T10:16:00Z,PRESENT,iNaturalist Australia
154,15b39a74-e96c-4236-be1b-eff323eeef5a,Acraea terpsicore,https://biodiversity.org.au/afd/taxa/ba632bea-a7b4-4b60-bf89-d63128cad841,-18.290475,143.549378,2025-07-19T15:13:16Z,PRESENT,iNaturalist Australia
155,15d8660d-30c6-4fc2-9291-152dd1d691e4,Passiflora foetida,https://id.biodiversity.org.au/taxon/apni/51442118,-14.469726,132.26546,2021-11-24T00:00:00Z,PRESENT,Flora Atlas N.T.
156,15eb3557-a4b5-40a9-b31c-2a05bf6d2908,Acraea terpsicore,https://biodiversity.org.au/afd/taxa/ba632bea-a7b4-4b60-bf89-d63128cad841,-12.031443,135.566286,2025-02-18T18:00:00Z,PRESENT,iNaturalist Australia
157,16045f70-e831-4e6a-baba-01d727c39090,Acraea terpsicore,https://biodiversity.org.au/afd/taxa/ba632bea-a7b4-4b60-bf89-d63128cad841,-17.81521,144.39043,2024-08-20T12:31:00Z,PRESENT,iNaturalist Australia
158,16143d1c-1136-448b-bf1c-c11ff1bb7b34,Acraea terpsicore,https://biodiversity.org.au/afd/taxa/ba632bea-a7b4-4b60-bf89-d63128cad841,-16.575256,145.184803,2023-07-20T12:12:00Z,PRESENT,iNaturalist Australia
159,16330c36-ad33-496b-bb02-86ffb2b18666,Passiflora foetida,https://id.biodiversity.org.au/name/apni/51741309,-27.550714,152.50859,2026-01-08T11:31:00Z,PRESENT,iNaturalist Australia
160,166d93a5-188d-49c2-bc32-e33794926a39,Acraea terpsicore,https://biodiversity.org.au/afd/taxa/ba632bea-a7b4-4b60-bf89-d63128cad841,-20.272128,148.72233,2021-08-10T11:44:00Z,PRESENT,iNaturalist Australia
161,1674ddae-333c-4565-bbef-b2b7023fde67,Acraea terpsicore,https://biodiversity.org.au/afd/taxa/ba632bea-a7b4-4b60-bf89-d63128cad841,-10.57826,142.2301,2023-02-17T02:08:00Z,PRESENT,Butterflies Australia
162,16e354b1-6920-48b7-b5d8-813df5269986,Acraea terpsicore,https://biodiversity.org.au/afd/taxa/ba632bea-a7b4-4b60-bf89-d63128cad841,-19.1358,143.4721,2022-05-04T00:00:00Z,PRESENT,Queensland Museum provider for OZCAM
163,17515300-24e7-477f-9d82-532ef801e45c,Passiflora foetida,https://id.biodiversity.org.au/taxon/apni/51442118,-14.471132,132.259776,2021-12-06T00:00:00Z,PRESENT,Flora Atlas N.T.
164,17636ddb-18bf-4eb9-8289-307e6d267a7f,Acraea terpsicore,https://biodiversity.org.au/afd/taxa/ba632bea-a7b4-4b60-bf89-d63128cad841,-12.763548,143.286777,2023-07-13T09:39:00Z,PRESENT,iNaturalist Australia
165,179fd00d-7b4b-4030-b784-6df5e7f39b71,Passiflora foetida,https://id.biodiversity.org.au/taxon/apni/51442118,-14.412771,132.420256,2021-06-18T00:00:00Z,PRESENT,Flora Atlas N.T.
166,17f67588-1112-47ae-9725-85ebf75173e3,Passiflora foetida,https://id.biodiversity.org.au/taxon/apni/51442118,-27.380693,152.959742,2022-05-22T15:45:00Z,PRESENT,iNaturalist Australia
167,17ffaba2-8b26-4912-8058-defc47359ad7,Passiflora foetida,https://id.biodiversity.org.au/taxon/apni/51442118,-19.228534,146.776069,2022-05-14T06:49:21Z,PRESENT,iNaturalist Australia
168,18000ade-2eaf-4ac8-9b77-2c11795903d2,Acraea terpsicore,https://biodiversity.org.au/afd/taxa/ba632bea-a7b4-4b60-bf89-d63128cad841,-17.9442,122.228885,2023-04-29T10:18:00Z,PRESENT,iNaturalist Australia
169,1816aa16-4096-4ed9-a339-8c29855d6d2d,Acraea terpsicore,https://biodiversity.org.au/afd/taxa/ba632bea-a7b4-4b60-bf89-d63128cad841,-27.52998,152.62393,2022-05-23T08:08:10Z,PRESENT,iNaturalist Australia
170,183842b8-602f-4875-90c5-79319c51f324,Acraea terpsicore,https://biodiversity.org.au/afd/taxa/ba632bea-a7b4-4b60-bf89-d63128cad841,-19.234433,146.78307,2023-06-28T09:46:36Z,PRESENT,iNaturalist Australia
171,1849c228-6e51-4404-94b4-2e6287dfdec8,Acraea terpsicore,https://biodiversity.org.au/afd/taxa/ba632bea-a7b4-4b60-bf89-d63128cad841,-21.4471,148.5311,2022-10-25T21:30:00Z,PRESENT,Butterflies Australia
172,18622cdd-4bc0-4642-a3fc-02ec509057d1,Passiflora foetida,https://id.biodiversity.org.au/taxon/apni/51442118,-25.284963,152.835182,2021-11-16T10:42:00Z,PRESENT,iNaturalist Australia
173,18bfacbb-3448-4caf-8626-e32b87ffa968,Acraea terpsicore,https://biodiversity.org.au/afd/taxa/ba632bea-a7b4-4b60-bf89-d63128cad841,-18.499875,143.436955,2021-05-16T03:58:00Z,PRESENT,iNaturalist Australia
174,18e2ffdf-9150-4754-acb2-9050419a4fea,Acraea terpsicore,https://biodiversity.org.au/afd/taxa/ba632bea-a7b4-4b60-bf89-d63128cad841,-17.599,145.5523,2021-04-16T11:00:00Z,PRESENT,Butterflies Australia
175,18e9cf56-00b0-426c-8099-d4bf200fca86,Passiflora foetida,https://id.biodiversity.org.au/taxon/apni/51442118,-18.985216,146.236452,2023-11-05T23:23:00Z,PRESENT,iNaturalist Australia
176,1940a3e7-f488-4a86-ab7a-a2d10917416f,Passiflora foetida,https://id.biodiversity.org.au/taxon/apni/51442118,-16.832427,145.70421,2022-12-01T08:56:12Z,PRESENT,iNaturalist Australia
177,194e7b39-553b-49e9-aa38-491513086b9e,Passiflora foetida,https://id.biodiversity.org.au/taxon/apni/51442118,-23.01,150.756389,2021-11-10T00:00:00Z,PRESENT,BRI AVH Data and Images
178,1950983e-a178-4f3a-91a9-b126dbff0aa1,Passiflora foetida,https://id.biodiversity.org.au/name/apni/51741309,-21.975033,149.664353,2024-12-08T05:31:00Z,PRESENT,iNaturalist Australia
179,1952cdba-5ad9-4250-ada6-5e72d982c37d,Acraea terpsicore,https://biodiversity.org.au/afd/taxa/ba632bea-a7b4-4b60-bf89-d63128cad841,-10.574478,142.228041,2022-07-15T10:23:00Z,PRESENT,iNaturalist Australia
180,19a360c9-9c8b-45da-b603-25060acc82b6,Acraea terpsicore,https://biodiversity.org.au/afd/taxa/ba632bea-a7b4-4b60-bf89-d63128cad841,-27.485827,152.952802,2022-02-06T11:52:35Z,PRESENT,iNaturalist Australia
181,19a80589-de69-4e60-83a4-01f71f32055b,Acraea terpsicore,https://biodiversity.org.au/afd/taxa/ba632bea-a7b4-4b60-bf89-d63128cad841,-18.201799,144.573575,2025-08-21T12:18:00Z,PRESENT,iNaturalist Australia
182,19b5829e-a974-4926-9e2b-a33dec8b6e5b,Acraea terpsicore,https://biodiversity.org.au/afd/taxa/ba632bea-a7b4-4b60-bf89-d63128cad841,-12.467336,130.847172,2025-08-29T10:21:05Z,PRESENT,iNaturalist Australia
183,1a3216fe-495d-4f0f-b20f-f316f8a0cf90,Acraea terpsicore,https://biodiversity.org.au/afd/taxa/ba632bea-a7b4-4b60-bf89-d63128cad841,-30.176836,153.185728,2021-02-02T15:20:00Z,PRESENT,iNaturalist Australia
184,1a48d6c4-bf76-4f44-bfb8-a93563e39b9a,Acraea terpsicore,https://biodiversity.org.au/afd/taxa/ba632bea-a7b4-4b60-bf89-d63128cad841,-19.279342,146.726868,2021-06-13T00:04:00Z,PRESENT,NatureMapr
185,1a7fc233-359e-40ff-ba90-6718801b3586,Acraea terpsicore,https://biodiversity.org.au/afd/taxa/ba632bea-a7b4-4b60-bf89-d63128cad841,-12.485016,130.86461,2025-05-15T20:22:41Z,PRESENT,iNaturalist Australia
186,1aa11841-2d6c-43a8-92b5-b741f8c4ef2a,Acraea terpsicore,https://biodiversity.org.au/afd/taxa/ba632bea-a7b4-4b60-bf89-d63128cad841,-17.600091,145.551715,2022-03-04T22:45:00Z,PRESENT,Butterflies Australia
187,1b01d973-3eac-410f-9c22-042d0990bf3e,Passiflora foetida,https://id.biodiversity.org.au/taxon/apni/51442118,-25.379855,152.764576,2026-01-10T15:54:12Z,PRESENT,iNaturalist Australia
188,1b8632b4-8a6d-445e-b7e5-9a04a9d4c0c0,Acraea terpsicore,https://biodiversity.org.au/afd/taxa/ba632bea-a7b4-4b60-bf89-d63128cad841,-19.067168,146.593364,2025-04-20T10:27:05Z,PRESENT,iNaturalist Australia
189,1baed076-fced-4215-ac6c-b28e2c6925f6,Passiflora foetida,https://id.biodiversity.org.au/taxon/apni/51442118,-16.088989,128.75998,2021-07-25T08:58:27Z,PRESENT,iNaturalist Australia
190,1bdd457e-4cd4-4c3a-9205-91b97de66151,Passiflora foetida,https://id.biodiversity.org.au/taxon/apni/51442118,-20.015493,148.265616,2023-07-19T10:49:37Z,PRESENT,iNaturalist Australia
191,1c710fb6-0983-4133-8297-5a33108e9551,Passiflora foetida,https://id.biodiversity.org.au/taxon/apni/51442118,-16.908456,145.740447,2022-11-16T13:22:36Z,PRESENT,iNaturalist Australia
192,1ccfc7e7-bb8e-489d-8fde-3bdc24fa79eb,Passiflora foetida,https://id.biodiversity.org.au/taxon/apni/51442118,-19.075,146.4636,2025-07-06T15:32:00Z,PRESENT,iNaturalist Australia
193,1ce9c095-81e2-42b9-b5a3-b1c759a95283,Acraea terpsicore,https://biodiversity.org.au/afd/taxa/ba632bea-a7b4-4b60-bf89-d63128cad841,-21.011004,149.155976,2025-06-29T12:02:12Z,PRESENT,iNaturalist Australia
194,1cecd508-332e-4faf-a620-dac3692cffef,Acraea terpsicore,https://biodiversity.org.au/afd/taxa/ba632bea-a7b4-4b60-bf89-d63128cad841,-25.493159,148.814269,2021-02-11T12:01:00Z,PRESENT,iNaturalist Australia
195,1cf3b900-fcdf-44b8-b45f-656c3e1ba791,Passiflora foetida,https://id.biodiversity.org.au/taxon/apni/51442118,-10.577368,142.219227,2022-07-14T10:32:00Z,PRESENT,iNaturalist Australia
196,1d39c681-cd46-40a1-8586-3571033b2cec,Acraea terpsicore,https://biodiversity.org.au/afd/taxa/ba632bea-a7b4-4b60-bf89-d63128cad841,-12.868088,131.628353,2025-06-09T11:18:00Z,PRESENT,iNaturalist Australia
197,1d7f87c2-58e4-44e6-a979-7b345f55aa40,Acraea terpsicore,https://biodiversity.org.au/afd/taxa/ba632bea-a7b4-4b60-bf89-d63128cad841,-19.300922,146.75715,2025-03-03T12:54:00Z,PRESENT,iNaturalist Australia
198,1d9b93b4-842a-466c-8b56-b25c0c851d00,Passiflora foetida,https://id.biodiversity.org.au/taxon/apni/51442118,-25.301686,152.88972,2023-10-25T14:06:00Z,PRESENT,iNaturalist Australia
199,1dc180b5-3174-4106-a683-4fabdf00da25,Acraea terpsicore,https://biodiversity.org.au/afd/taxa/ba632bea-a7b4-4b60-bf89-d63128cad841,-20.786049,140.730066,2025-09-28T09:58:00Z,PRESENT,iNaturalist Australia
200,1dca0530-04a5-4664-8576-cedf7f127fa6,Acraea terpsicore,https://biodiversity.org.au/afd/taxa/ba632bea-a7b4-4b60-bf89-d63128cad841,-12.906384,131.651784,2023-02-06T10:48:00Z,PRESENT,iNaturalist Australia
201,1de81bcb-6e4d-487f-815b-fbd4a5830589,Acraea terpsicore,https://biodiversity.org.au/afd/taxa/ba632bea-a7b4-4b60-bf89-d63128cad841,-15.432198,128.129762,2025-08-03T10:45:00Z,PRESENT,iNaturalist Australia
202,1e2519b4-b109-4cf8-874f-5c939ecb670e,Acraea terpsicore,https://biodiversity.org.au/afd/taxa/ba632bea-a7b4-4b60-bf89-d63128cad841,-17.06017,145.474377,2022-03-21T11:36:00Z,PRESENT,iNaturalist Australia
203,1e368358-3944-487a-890c-2757c9ebc13b,Acraea terpsicore,https://biodiversity.org.au/afd/taxa/ba632bea-a7b4-4b60-bf89-d63128cad841,-13.352662,141.720642,2025-03-03T18:04:43Z,PRESENT,iNaturalist Australia
204,1e4807b5-c318-4d96-a120-735db32504e0,Passiflora foetida,https://id.biodiversity.org.au/taxon/apni/51442118,-23.43078,150.511289,2022-04-03T14:40:21Z,PRESENT,iNaturalist Australia
205,1e59e4b8-aeb6-488f-9edf-3c8eeb2ed465,Acraea terpsicore,https://biodiversity.org.au/afd/taxa/ba632bea-a7b4-4b60-bf89-d63128cad841,-19.329631,146.745672,2024-06-03T12:04:00Z,PRESENT,iNaturalist Australia
206,1edf2aca-94d7-4157-ab37-030bf09c29cf,Acraea terpsicore,https://biodiversity.org.au/afd/taxa/ba632bea-a7b4-4b60-bf89-d63128cad841,-19.280461,146.733498,2023-11-04T14:02:00Z,PRESENT,iNaturalist Australia
207,1f8d982b-6e6a-4d51-9cbc-8507859c5a1a,Acraea terpsicore,https://biodiversity.org.au/afd/taxa/ba632bea-a7b4-4b60-bf89-d63128cad841,-19.260175,146.809315,2025-06-28T15:06:00Z,PRESENT,iNaturalist Australia
208,1fc1f474-c40a-414b-9c2a-1bb20c1f0e37,Acraea terpsicore,https://biodiversity.org.au/afd/taxa/ba632bea-a7b4-4b60-bf89-d63128cad841,-28.066035,152.639794,2025-01-06T00:00:00Z,PRESENT,iNaturalist Australia
209,1fc6b55d-0ded-4109-84b2-c4d609ae8d81,Acraea terpsicore,https://biodiversity.org.au/afd/taxa/ba632bea-a7b4-4b60-bf89-d63128cad841,-15.615188,131.130279,2024-08-12T02:28:00Z,PRESENT,iNaturalist Australia
210,1fc7af4f-9654-485d-8213-1a8b40d3be50,Acraea terpsicore,https://biodiversity.org.au/afd/taxa/ba632bea-a7b4-4b60-bf89-d63128cad841,-19.257819,146.803961,2024-05-22T15:58:00Z,PRESENT,iNaturalist Australia
211,1fd634ed-da0b-4191-bd3c-47d97b6c53c7,Acraea terpsicore,https://biodiversity.org.au/afd/taxa/ba632bea-a7b4-4b60-bf89-d63128cad841,-17.85683,145.44638,2023-06-12T15:27:00Z,PRESENT,Butterflies Australia
212,1ff10b5f-50a1-4573-be19-6b63b78b466c,Acraea terpsicore,https://biodiversity.org.au/afd/taxa/ba632bea-a7b4-4b60-bf89-d63128cad841,-17.017253,145.752303,2024-02-11T16:54:21Z,PRESENT,iNaturalist Australia
213,20089664-fdf6-4d87-95f4-c88882e77679,Passiflora foetida,https://id.biodiversity.org.au/taxon/apni/51442118,-27.363602,153.066833,2022-12-21T14:46:00Z,PRESENT,iNaturalist Australia
214,2051f7f4-b5b6-48e6-82f4-fa6f77e680c5,Acraea terpsicore,https://biodiversity.org.au/afd/taxa/ba632bea-a7b4-4b60-bf89-d63128cad841,-15.577218,135.427476,2023-08-03T11:29:00Z,PRESENT,iNaturalist Australia
215,2077ebb3-98b2-4765-9a33-24cebd3ebbd3,Passiflora foetida,https://id.biodiversity.org.au/taxon/apni/51442118,-27.435703,153.149292,2025-06-01T12:59:00Z,PRESENT,iNaturalist Australia
216,20a5bb20-670c-4996-b5b4-094728268391,Passiflora foetida,https://id.biodiversity.org.au/taxon/apni/51442118,-14.469749,132.263345,2021-08-03T00:00:00Z,PRESENT,Flora Atlas N.T.
217,2129c182-de13-4199-978c-59b7002c368d,Acraea terpsicore,https://biodiversity.org.au/afd/taxa/ba632bea-a7b4-4b60-bf89-d63128cad841,-27.48551,152.954116,2026-01-07T12:37:00Z,PRESENT,iNaturalist Australia
218,213aefc6-768f-436e-b377-b2aacd109ecd,Acraea terpsicore,https://biodiversity.org.au/afd/taxa/ba632bea-a7b4-4b60-bf89-d63128cad841,-12.395908,130.931107,2023-06-05T11:46:00Z,PRESENT,iNaturalist Australia
219,213ec40b-b342-45a8-a039-849369614571,Acraea terpsicore,https://biodiversity.org.au/afd/taxa/ba632bea-a7b4-4b60-bf89-d63128cad841,-17.038091,145.350049,2021-08-03T13:12:00Z,PRESENT,iNaturalist Australia
220,214d47c6-c9f2-4f30-9c88-07177343ebf5,Acraea terpsicore,https://biodiversity.org.au/afd/taxa/ba632bea-a7b4-4b60-bf89-d63128cad841,-26.866453,152.93187,2024-02-19T11:57:52Z,PRESENT,iNaturalist Australia
221,21723c19-bcf3-49d0-9d7b-0cd08799da5e,Acraea terpsicore,https://biodiversity.org.au/afd/taxa/ba632bea-a7b4-4b60-bf89-d63128cad841,-17.44233,140.84395,2023-08-15T16:39:00Z,PRESENT,Butterflies Australia
222,21a5761c-2b8d-45ef-a117-a8ea6873a3f7,Passiflora foetida,https://id.biodiversity.org.au/taxon/apni/51442118,-16.635445,145.326151,2022-05-24T09:29:45Z,PRESENT,iNaturalist Australia
223,2204c36f-1b93-429e-91bd-39364c294573,Acraea terpsicore,https://biodiversity.org.au/afd/taxa/ba632bea-a7b4-4b60-bf89-d63128cad841,-10.5963,142.3183,2023-06-05T00:45:00Z,PRESENT,Butterflies Australia
224,220f663e-7411-40ee-9727-32ca8c07f062,Acraea terpsicore,https://biodiversity.org.au/afd/taxa/ba632bea-a7b4-4b60-bf89-d63128cad841,-19.243896,146.79496,2022-01-06T17:46:00Z,PRESENT,iNaturalist Australia
225,22248a5d-ba22-4b17-b038-8f057deea069,Passiflora foetida,https://id.biodiversity.org.au/taxon/apni/51442118,-17.478702,127.950043,2025-05-23T10:58:34Z,PRESENT,iNaturalist Australia
226,225c9356-bb64-47bd-af38-a9320abecba0,Acraea terpsicore,https://biodiversity.org.au/afd/taxa/ba632bea-a7b4-4b60-bf89-d63128cad841,-19.40634,146.732031,2025-07-11T09:33:00Z,PRESENT,iNaturalist Australia
227,22a48919-19e5-4030-9fe8-c4c9b94bee48,Acraea terpsicore,https://biodiversity.org.au/afd/taxa/ba632bea-a7b4-4b60-bf89-d63128cad841,-18.502675,122.083275,2025-03-31T06:57:58Z,PRESENT,iNaturalist Australia
228,22d2650e-788b-4767-afb2-21cc023dcc2e,Passiflora foetida,https://id.biodiversity.org.au/name/apni/51741309,-24.150925,151.884995,2022-05-09T09:37:52Z,PRESENT,iNaturalist Australia
229,230e2fcc-cf96-4fb5-b89b-14e1336f0d14,Acraea terpsicore,https://biodiversity.org.au/afd/taxa/ba632bea-a7b4-4b60-bf89-d63128cad841,-21.936431,146.285863,2022-03-23T10:14:10Z,PRESENT,iNaturalist Australia
230,2354bda3-b4c7-4e84-b686-cca43fb09361,Acraea terpsicore,https://biodiversity.org.au/afd/taxa/ba632bea-a7b4-4b60-bf89-d63128cad841,-21.909449,149.463603,2022-01-04T09:47:00Z,PRESENT,iNaturalist Australia
231,23ee3f4d-19d8-493c-a3b9-d345eac2154f,Acraea terpsicore,https://biodiversity.org.au/afd/taxa/ba632bea-a7b4-4b60-bf89-d63128cad841,-19.207633,146.741807,2021-08-29T13:56:00Z,PRESENT,iNaturalist Australia
232,2416f8c9-1787-453b-acfe-5041d4c9e257,Passiflora foetida,https://id.biodiversity.org.au/taxon/apni/51442118,-16.793283,145.703793,2022-01-01T14:31:00Z,PRESENT,iNaturalist Australia
233,2431dd6b-99ea-4343-900e-6a1440359635,Passiflora foetida,https://id.biodiversity.org.au/taxon/apni/51442118,-14.85593,133.09038,2021-08-12T00:00:00Z,PRESENT,Flora Atlas N.T.
234,246a1ecf-fa9a-4228-bbf9-e1a0d803a0d6,Acraea terpsicore,https://biodiversity.org.au/afd/taxa/ba632bea-a7b4-4b60-bf89-d63128cad841,-17.313756,145.585965,2023-04-15T01:55:00Z,PRESENT,Butterflies Australia
235,24b85653-5444-4783-92f1-92cdd4d781da,Acraea terpsicore,https://biodiversity.org.au/afd/taxa/ba632bea-a7b4-4b60-bf89-d63128cad841,-17.394609,123.991511,2023-09-12T07:38:00Z,PRESENT,iNaturalist Australia
236,24ca7f0a-7df9-4aa3-ad4f-ee9d95c95def,Acraea terpsicore,https://biodiversity.org.au/afd/taxa/ba632bea-a7b4-4b60-bf89-d63128cad841,-18.309023,143.783893,2022-04-09T10:06:19Z,PRESENT,iNaturalist Australia
237,24ec3650-42f4-45bb-861b-8fd718241732,Passiflora foetida,https://id.biodiversity.org.au/taxon/apni/51442118,-14.470547,132.263407,2021-06-10T00:00:00Z,PRESENT,Flora Atlas N.T.
238,24ef51ae-3c3d-4558-ac3e-c0fc707e6ab3,Acraea terpsicore,https://biodiversity.org.au/afd/taxa/ba632bea-a7b4-4b60-bf89-d63128cad841,-19.16524,146.848224,2024-08-06T15:22:00Z,PRESENT,iNaturalist Australia
239,25076a32-dda2-474f-8307-6e0235e69844,Acraea terpsicore,https://biodiversity.org.au/afd/taxa/ba632bea-a7b4-4b60-bf89-d63128cad841,-17.85336,138.61942,2023-09-11T03:29:00Z,PRESENT,Butterflies Australia
240,2528e211-bffa-489b-88df-9199b96b2d6e,Acraea terpsicore,https://biodiversity.org.au/afd/taxa/ba632bea-a7b4-4b60-bf89-d63128cad841,-18.211666,144.561523,2024-08-05T12:19:00Z,PRESENT,iNaturalist Australia
241,253ced7c-ba5e-4466-be31-9a9f459c9c68,Passiflora foetida,https://id.biodiversity.org.au/taxon/apni/51442118,-27.31566,153.053597,2022-08-18T16:37:00Z,PRESENT,iNaturalist Australia
242,25477257-ee8d-4bbe-9899-43a8482aaecc,Acraea terpsicore,https://biodiversity.org.au/afd/taxa/ba632bea-a7b4-4b60-bf89-d63128cad841,-17.87869,139.342915,2023-09-10T01:30:00Z,PRESENT,Butterflies Australia
243,257d30c6-745e-40ea-a370-84ca899570ea,Passiflora foetida,https://id.biodiversity.org.au/taxon/apni/51442118,-25.297202,152.802893,2024-03-08T09:36:00Z,PRESENT,iNaturalist Australia
244,25a5f7d3-f500-4d29-8828-a023615c906b,Passiflora foetida,https://id.biodiversity.org.au/taxon/apni/51442118,-30.109694,153.21067,2022-03-14T11:57:00Z,PRESENT,iNaturalist Australia
245,25d05fe9-7ce8-40dd-96cb-a76f8bd8fe85,Acraea terpsicore,https://biodiversity.org.au/afd/taxa/ba632bea-a7b4-4b60-bf89-d63128cad841,-15.460922,128.10183,2025-08-05T15:54:00Z,PRESENT,iNaturalist Australia
246,25e8f527-a821-4635-97bf-cba63113d3be,Acraea terpsicore,https://biodiversity.org.au/afd/taxa/ba632bea-a7b4-4b60-bf89-d63128cad841,-18.51,143.89,2023-03-28T10:47:00Z,PRESENT,iNaturalist Australia
247,25ee2ecf-b778-4235-a94d-135504a8c71f,Acraea terpsicore,https://biodiversity.org.au/afd/taxa/ba632bea-a7b4-4b60-bf89-d63128cad841,-16.786808,145.690603,2021-10-05T09:03:00Z,PRESENT,iNaturalist Australia
248,261bf7a6-7456-48c7-9fae-749d0b072fa6,Acraea terpsicore,https://biodiversity.org.au/afd/taxa/ba632bea-a7b4-4b60-bf89-d63128cad841,-19.924932,147.848148,2021-09-30T00:00:00Z,PRESENT,Butterflies Australia
249,26255c49-2b99-4e49-b71b-0cae5dca0abf,Acraea terpsicore,https://biodiversity.org.au/afd/taxa/ba632bea-a7b4-4b60-bf89-d63128cad841,-14.4,132.3,2021-01-13T19:02:00Z,PRESENT,Earth Guardians Weekly Feed
250,26b74a01-1ae1-4d54-ad9e-adb6c2c894d9,Acraea terpsicore,https://biodiversity.org.au/afd/taxa/ba632bea-a7b4-4b60-bf89-d63128cad841,-19.259962,146.808747,2025-05-04T11:56:05Z,PRESENT,iNaturalist Australia
251,26e4f8c8-0331-4bdc-89ed-75db117b67f8,Acraea terpsicore,https://biodiversity.org.au/afd/taxa/ba632bea-a7b4-4b60-bf89-d63128cad841,-19.17375,146.834125,2021-04-27T08:00:19Z,PRESENT,iNaturalist Australia
252,27105754-088d-4a49-9bc2-58d990b50fcf,Passiflora foetida,https://id.biodiversity.org.au/taxon/apni/51442118,-26.379486,153.10615,2022-04-19T15:10:01Z,PRESENT,iNaturalist Australia
253,2719b307-1f93-4c09-9843-4e746c5439e7,Acraea terpsicore,https://biodiversity.org.au/afd/taxa/ba632bea-a7b4-4b60-bf89-d63128cad841,-16.451973,123.009145,2022-09-07T09:06:00Z,PRESENT,iNaturalist Australia
254,275d2b9a-9311-42d8-8dfc-7b64fcf7888a,Acraea terpsicore,https://biodiversity.org.au/afd/taxa/ba632bea-a7b4-4b60-bf89-d63128cad841,-19.222857,146.756771,2022-05-22T09:57:00Z,PRESENT,iNaturalist Australia
255,278cc478-e2dd-4bb0-9bc7-be8fc363b147,Passiflora foetida,https://id.biodiversity.org.au/taxon/apni/51442118,-19.191563,146.774353,2022-10-23T11:39:17Z,PRESENT,iNaturalist Australia
256,27cdb5d4-c3cb-4a2e-ab9c-40a8b9caccaa,Acraea terpsicore,https://biodiversity.org.au/afd/taxa/ba632bea-a7b4-4b60-bf89-d63128cad841,-27.3375,153.07778,2021-02-28T10:54:00Z,PRESENT,Butterflies Australia
257,28116d11-be4f-4c6a-bf2d-817cf73b1640,Acraea terpsicore,https://biodiversity.org.au/afd/taxa/ba632bea-a7b4-4b60-bf89-d63128cad841,-16.068357,136.30497,2023-06-17T10:30:00Z,PRESENT,iNaturalist Australia
258,281ee558-9b64-444a-991f-54e7abda38af,Acraea terpsicore,https://biodiversity.org.au/afd/taxa/ba632bea-a7b4-4b60-bf89-d63128cad841,-18.72661,143.46073,2025-05-19T10:06:00Z,PRESENT,iNaturalist Australia
259,28305be7-12ca-4c86-9471-f0fd8321d0d6,Acraea terpsicore,https://biodiversity.org.au/afd/taxa/ba632bea-a7b4-4b60-bf89-d63128cad841,-19.187723,146.770839,2024-07-26T13:03:00Z,PRESENT,iNaturalist Australia
260,28a41af3-70c8-4765-a418-cd53ab909c2e,Passiflora foetida,https://id.biodiversity.org.au/name/apni/51741309,-23.970232,150.163637,2023-09-21T10:42:00Z,PRESENT,iNaturalist Australia
261,28b2e586-2c9a-4e45-9ded-36268258989c,Acraea terpsicore,https://biodiversity.org.au/afd/taxa/ba632bea-a7b4-4b60-bf89-d63128cad841,-19.2705,146.7241,2025-08-02T14:32:00Z,PRESENT,iNaturalist Australia
262,28caa569-88e3-47e1-9970-686beff52774,Passiflora foetida,https://id.biodiversity.org.au/taxon/apni/51442118,-25.678342,152.637188,2021-06-11T11:25:00Z,PRESENT,iNaturalist Australia
263,28f3a9e3-8112-48ec-855f-c32efb835a8b,Passiflora foetida,https://id.biodiversity.org.au/taxon/apni/51442118,-29.611073,153.340187,2024-01-21T06:23:58Z,PRESENT,iNaturalist Australia
264,29094637-8f85-49d5-a88d-d0be370bc186,Passiflora foetida,https://id.biodiversity.org.au/taxon/apni/51442118,-19.328717,146.758837,2022-05-11T11:14:48Z,PRESENT,iNaturalist Australia
265,291092e8-28ef-44b8-8c6e-c12e6e1f610c,Acraea terpsicore,https://biodiversity.org.au/afd/taxa/ba632bea-a7b4-4b60-bf89-d63128cad841,-15.975397,144.828838,2022-06-24T11:02:00Z,PRESENT,iNaturalist Australia
266,2956700a-b06f-46a4-91ea-0b234403c195,Acraea terpsicore,https://biodiversity.org.au/afd/taxa/ba632bea-a7b4-4b60-bf89-d63128cad841,-19.233528,146.78333,2021-12-10T16:34:00Z,PRESENT,iNaturalist Australia
267,29631d0d-5edf-4f8f-9f1f-174bf76aec3d,Acraea terpsicore,https://biodiversity.org.au/afd/taxa/ba632bea-a7b4-4b60-bf89-d63128cad841,-19.118487,146.856165,2025-06-27T15:44:00Z,PRESENT,iNaturalist Australia
268,296d8dfd-5650-4eb2-b97e-190c2654569f,Acraea terpsicore,https://biodiversity.org.au/afd/taxa/ba632bea-a7b4-4b60-bf89-d63128cad841,-19.210829,146.510833,2021-01-26T11:59:09Z,PRESENT,iNaturalist Australia
269,2978277d-69fa-42ab-8593-bf4547624482,Passiflora foetida,https://id.biodiversity.org.au/name/apni/51741309,-27.46765,152.93718,2025-04-03T09:12:37Z,PRESENT,iNaturalist Australia
270,29c2999b-f208-485e-82a1-0d2bf5eaedd8,Passiflora foetida,https://id.biodiversity.org.au/name/apni/51741309,-27.55026,152.508703,2024-04-26T14:47:00Z,PRESENT,iNaturalist Australia
271,2a21889f-70a9-4f5b-92ff-3ce2948849ba,Passiflora foetida,https://id.biodiversity.org.au/taxon/apni/51442118,-21.970167,149.661055,2022-12-03T14:38:38Z,PRESENT,iNaturalist Australia
272,2a359ad4-00b0-4096-a07c-aa5f68570e64,Acraea terpsicore,https://biodiversity.org.au/afd/taxa/ba632bea-a7b4-4b60-bf89-d63128cad841,-27.485709,152.951443,2022-03-05T14:44:00Z,PRESENT,iNaturalist Australia
273,2a687407-311a-4973-81fb-1a0d1c2e05b3,Acraea terpsicore,https://biodiversity.org.au/afd/taxa/ba632bea-a7b4-4b60-bf89-d63128cad841,-26.382753,152.56955,2024-03-03T13:16:58Z,PRESENT,iNaturalist Australia
274,2a79d644-bec2-47da-989a-21b79cd16ec3,Passiflora foetida,https://id.biodiversity.org.au/taxon/apni/51442118,-25.346267,152.579673,2025-02-13T11:25:34Z,PRESENT,iNaturalist Australia
275,2aefc351-2380-4e5c-8caa-4f0a554e6c15,Passiflora foetida,https://id.biodiversity.org.au/taxon/apni/51442118,-25.645616,152.201608,2023-04-17T11:52:00Z,PRESENT,iNaturalist Australia
276,2b253705-8cc4-4e13-808d-6cb6459872cf,Acraea terpsicore,https://biodiversity.org.au/afd/taxa/ba632bea-a7b4-4b60-bf89-d63128cad841,-17.976475,122.346368,2023-07-04T18:36:00Z,PRESENT,iNaturalist Australia
277,2b28cb46-e903-43eb-aebf-91bb5885beaf,Acraea terpsicore,https://biodiversity.org.au/afd/taxa/ba632bea-a7b4-4b60-bf89-d63128cad841,-25.233771,152.944123,2025-02-20T14:28:15Z,PRESENT,iNaturalist Australia
278,2b31b64c-61d7-4419-ad1a-af732e16c6a3,Passiflora foetida,https://id.biodiversity.org.au/taxon/apni/51442118,-27.391027,152.996183,2024-04-23T11:58:10Z,PRESENT,iNaturalist Australia
279,2b72f972-4752-4942-9277-ec4e6d638fd8,Passiflora foetida,https://id.biodiversity.org.au/taxon/apni/51442118,-23.184015,150.937745,2021-01-07T09:35:34Z,PRESENT,iNaturalist Australia
280,2b9c46d8-995e-4c3a-9d5f-8aca32e33678,Acraea terpsicore,https://biodiversity.org.au/afd/taxa/ba632bea-a7b4-4b60-bf89-d63128cad841,-22.47605,143.1828,2022-09-25T02:15:00Z,PRESENT,Butterflies Australia
281,2b9f4eb4-2b2a-4fa4-8e6e-0e6d97488e58,Acraea terpsicore,https://biodiversity.org.au/afd/taxa/ba632bea-a7b4-4b60-bf89-d63128cad841,-28.492967,153.550675,2022-02-07T10:23:47Z,PRESENT,iNaturalist Australia
282,2bbc15c8-e884-4a75-9532-dbee1addb926,Acraea terpsicore,https://biodiversity.org.au/afd/taxa/ba632bea-a7b4-4b60-bf89-d63128cad841,-23.41751,146.41666,2021-08-26T11:11:00Z,PRESENT,iNaturalist Australia
283,2bc87627-7118-449d-b14c-bed01b5e85ca,Passiflora foetida,https://id.biodiversity.org.au/taxon/apni/51442118,-24.805965,152.446719,2021-12-28T09:39:00Z,PRESENT,iNaturalist Australia
284,2bda3df5-7eb8-4a45-a44e-576a003875a9,Acraea terpsicore,https://biodiversity.org.au/afd/taxa/ba632bea-a7b4-4b60-bf89-d63128cad841,-17.599452,146.121318,2024-02-25T12:15:13Z,PRESENT,iNaturalist Australia
285,2be62968-d0c8-438a-b34d-7ef299467970,Acraea terpsicore,https://biodiversity.org.au/afd/taxa/ba632bea-a7b4-4b60-bf89-d63128cad841,-12.349239,130.898633,2024-07-07T10:21:00Z,PRESENT,iNaturalist Australia
286,2be76c38-5f4c-4353-81de-05dfc05e47b8,Acraea terpsicore,https://biodiversity.org.au/afd/taxa/ba632bea-a7b4-4b60-bf89-d63128cad841,-17.335703,144.946528,2023-04-28T10:07:00Z,PRESENT,iNaturalist Australia
287,2c6b44e0-9682-49b8-91a9-17d74d47dc80,Passiflora foetida,https://id.biodiversity.org.au/taxon/apni/51442118,-14.469957,132.263155,2021-06-10T00:00:00Z,PRESENT,Flora Atlas N.T.
288,2c8c30ee-ad90-4f11-80ce-e7ee6f7c977a,Acraea terpsicore,https://biodiversity.org.au/afd/taxa/ba632bea-a7b4-4b60-bf89-d63128cad841,-11.758633,130.640622,2025-04-03T17:15:00Z,PRESENT,iNaturalist Australia
289,2cce1377-b4a7-4676-bad8-ddb618106195,Passiflora foetida,https://id.biodiversity.org.au/taxon/apni/51442118,-23.718361,149.119528,2024-04-21T00:00:00Z,PRESENT,BRI AVH Data and Images
290,2d01715c-ca3b-42c5-924b-05278afb4354,Passiflora foetida,https://id.biodiversity.org.au/name/apni/51741309,-27.550661,152.508453,2026-01-08T11:28:00Z,PRESENT,iNaturalist Australia
291,2d144e86-323e-4310-a282-93d48148c4c7,Acraea terpsicore,https://biodiversity.org.au/afd/taxa/ba632bea-a7b4-4b60-bf89-d63128cad841,-16.478448,145.462162,2024-07-17T13:42:00Z,PRESENT,iNaturalist Australia
292,2d220603-190c-4a01-bb72-e519604d910d,Passiflora foetida,https://id.biodiversity.org.au/taxon/apni/51442118,-14.470616,132.260751,2021-06-10T00:00:00Z,PRESENT,Flora Atlas N.T.
293,2d682ab9-f1a0-4239-8a17-0ccad17c8627,Passiflora foetida,https://id.biodiversity.org.au/taxon/apni/51442118,-17.4538,140.83,2022-04-01T12:52:00Z,PRESENT,iNaturalist Australia
294,2d7afc0e-9d2a-4c09-81a1-0ce1ffae55da,Acraea terpsicore,https://biodiversity.org.au/afd/taxa/ba632bea-a7b4-4b60-bf89-d63128cad841,-16.9,145.8,2022-04-03T10:49:00Z,PRESENT,Earth Guardians Weekly Feed
295,2d7b63cf-3d39-4b9c-81b5-b78592508d9c,Acraea terpsicore,https://biodiversity.org.au/afd/taxa/ba632bea-a7b4-4b60-bf89-d63128cad841,-19.194371,146.765669,2021-12-28T11:41:00Z,PRESENT,iNaturalist Australia
296,2daa9402-2666-4967-a428-8e3797d3b4e3,Passiflora foetida,https://id.biodiversity.org.au/taxon/apni/51442118,-26.257207,152.86361,2022-05-19T12:01:45Z,PRESENT,iNaturalist Australia
297,2db7ce4f-9fd4-452d-887b-7a43ebec74c4,Passiflora foetida,https://id.biodiversity.org.au/taxon/apni/51442118,-27.461433,152.881028,2025-02-25T09:57:19Z,PRESENT,iNaturalist Australia
298,2ddf3033-120d-4263-8059-dd225f5bf82d,Passiflora foetida,https://id.biodiversity.org.au/taxon/apni/51442118,-19.1847,146.7641,2022-02-26T12:50:00Z,PRESENT,iNaturalist Australia
299,2e00c563-7833-448f-97bb-c85b0626817e,Acraea terpsicore,https://biodiversity.org.au/afd/taxa/ba632bea-a7b4-4b60-bf89-d63128cad841,-18.201661,142.246293,2022-09-03T08:12:00Z,PRESENT,iNaturalist Australia
300,2e08301c-172b-473d-97e0-4a4cd6e288ea,Passiflora foetida,https://id.biodiversity.org.au/name/apni/51741309,-27.936822,153.329722,2024-03-27T09:06:31Z,PRESENT,iNaturalist Australia
301,2e18f787-8034-47f7-a405-a0568a5c3973,Acraea terpsicore,https://biodiversity.org.au/afd/taxa/ba632bea-a7b4-4b60-bf89-d63128cad841,-17.6629,141.09126,2023-08-18T00:48:00Z,PRESENT,Butterflies Australia
302,2e24cad9-da04-4134-9bac-9cc53c9aadee,Acraea terpsicore,https://biodiversity.org.au/afd/taxa/ba632bea-a7b4-4b60-bf89-d63128cad841,-19.207633,146.741807,2021-05-16T15:30:00Z,PRESENT,iNaturalist Australia
303,2e32d8d6-74a4-4045-ba6e-d66903083068,Acraea terpsicore,https://biodiversity.org.au/afd/taxa/ba632bea-a7b4-4b60-bf89-d63128cad841,-17.41457,128.305083,2025-06-22T10:33:26Z,PRESENT,iNaturalist Australia
304,2e3ba2f4-7903-4c4c-9352-9be6249187e7,Acraea terpsicore,https://biodiversity.org.au/afd/taxa/ba632bea-a7b4-4b60-bf89-d63128cad841,-19.207633,146.741807,2023-07-08T09:11:51Z,PRESENT,iNaturalist Australia
305,2e4ed1b6-6c21-4c4a-b72a-61556d9a02d7,Passiflora foetida,https://id.biodiversity.org.au/taxon/apni/51442118,-19.303442,146.80048,2022-07-23T16:57:52Z,PRESENT,iNaturalist Australia
306,2ea15d9b-f52e-4d00-89e2-05f205397592,Acraea terpsicore,https://biodiversity.org.au/afd/taxa/ba632bea-a7b4-4b60-bf89-d63128cad841,-27.475767,152.976473,2022-03-21T13:55:00Z,PRESENT,iNaturalist Australia
307,2f02280f-e51f-41b2-8af9-0fd6b011bd76,Passiflora foetida,https://id.biodiversity.org.au/name/apni/51741309,-27.470628,152.545644,2024-05-19T11:31:59Z,PRESENT,iNaturalist Australia
308,2f29327e-f04f-4c40-9dcc-4018c186fe9c,Acraea terpsicore,https://biodiversity.org.au/afd/taxa/ba632bea-a7b4-4b60-bf89-d63128cad841,-20.089414,146.281672,2022-05-01T17:05:00Z,PRESENT,iNaturalist Australia
309,2f639660-87d4-435f-aa4b-e5f495780516,Acraea terpsicore,https://biodiversity.org.au/afd/taxa/ba632bea-a7b4-4b60-bf89-d63128cad841,-13.49632,131.03578,2022-03-24T03:48:00Z,PRESENT,Butterflies Australia
310,2f68fe6b-4325-4735-b1ff-1d0d5e5429e6,Acraea terpsicore,https://biodiversity.org.au/afd/taxa/ba632bea-a7b4-4b60-bf89-d63128cad841,-19.259947,146.808687,2025-04-07T13:22:40Z,PRESENT,iNaturalist Australia
311,2f8297e4-6ef7-49ad-84ed-b50a3f695ccc,Passiflora foetida,https://id.biodiversity.org.au/taxon/apni/51442118,-27.480533,152.964298,2022-04-14T09:05:35Z,PRESENT,iNaturalist Australia
312,2f875568-1d41-4a9b-9bcc-6dfb361946f6,Passiflora foetida,https://id.biodiversity.org.au/taxon/apni/51442118,-23.325762,150.489547,2025-07-22T13:51:40Z,PRESENT,iNaturalist Australia
313,2fa1124d-5cfd-494f-9157-aa905e753859,Acraea terpsicore,https://biodiversity.org.au/afd/taxa/ba632bea-a7b4-4b60-bf89-d63128cad841,-19.67662,138.39597,2023-09-06T23:58:00Z,PRESENT,Butterflies Australia
314,2fabe730-8482-4c94-9f3c-6fd929363d0b,Acraea terpsicore,https://biodiversity.org.au/afd/taxa/ba632bea-a7b4-4b60-bf89-d63128cad841,-18.142352,144.328578,2022-09-12T01:45:00Z,PRESENT,Butterflies Australia
315,2fce9cff-220f-497c-b3b1-953ef0fb7f77,Passiflora foetida,https://id.biodiversity.org.au/taxon/apni/51442118,-13.812023,136.353901,2022-05-23T00:00:00Z,PRESENT,Flora Atlas N.T.
316,3032bed9-85b4-49ce-b084-52417935d69c,Passiflora foetida,https://id.biodiversity.org.au/taxon/apni/51442118,-22.705331,150.025882,2021-10-10T09:59:23Z,PRESENT,iNaturalist Australia
317,3067a8e9-5cf1-4367-a951-9e2a5466f2a9,Acraea terpsicore,https://biodiversity.org.au/afd/taxa/ba632bea-a7b4-4b60-bf89-d63128cad841,-19.36369,146.44081,2021-05-09T00:00:00Z,PRESENT,WildNet - Queensland Wildlife Data
318,3093aeba-6443-423c-8db6-354a43ff0d74,Passiflora foetida,https://id.biodiversity.org.au/taxon/apni/51442118,-27.47123,152.939378,2021-01-15T06:22:49Z,PRESENT,iNaturalist Australia
319,30a03133-54e4-4077-ad77-04a7da858dad,Passiflora foetida,https://id.biodiversity.org.au/node/apni/2905971,-28.251779,153.569108,2023-11-06T00:00:00Z,PRESENT,NSW BioNet Atlas
320,30a28cc9-310e-4836-be19-12ff16a7fde1,Passiflora foetida,https://id.biodiversity.org.au/taxon/apni/51442118,-25.33595,153.200745,2022-03-07T10:32:22Z,PRESENT,iNaturalist Australia
321,30a8ac6e-9f1e-4335-8db2-60372b058fc8,Acraea terpsicore,https://biodiversity.org.au/afd/taxa/ba632bea-a7b4-4b60-bf89-d63128cad841,-19.25849,146.802732,2025-06-05T11:14:00Z,PRESENT,iNaturalist Australia
322,30b1bb07-d959-4a9c-b158-bc2615bd8c32,Passiflora foetida,https://id.biodiversity.org.au/taxon/apni/51442118,-22.120287,149.524942,2021-06-20T11:34:00Z,PRESENT,iNaturalist Australia
323,30cc8118-b38b-44ba-bc35-3fdc1e4a66f2,Passiflora foetida,https://id.biodiversity.org.au/node/apni/2918534,-27.917861,152.695139,2024-04-24T00:00:00Z,PRESENT,NCW Beadle Herbarium AVH Data
324,30dbfab5-97ee-49f5-b80b-dca2d225700f,Acraea terpsicore,https://biodiversity.org.au/afd/taxa/ba632bea-a7b4-4b60-bf89-d63128cad841,-20.763087,135.191791,2025-07-28T10:51:00Z,PRESENT,iNaturalist Australia
325,30e0ac30-bd49-4ab8-b2f4-21a296e3fb1a,Passiflora foetida,https://id.biodiversity.org.au/taxon/apni/51442118,-29.403118,153.35075,2023-03-16T14:06:21Z,PRESENT,iNaturalist Australia
326,30e930b2-7297-42af-a98a-fe15fe190596,Acraea terpsicore,https://biodiversity.org.au/afd/taxa/ba632bea-a7b4-4b60-bf89-d63128cad841,-27.485589,152.954201,2022-03-05T13:55:00Z,PRESENT,iNaturalist Australia
327,30f5baec-6953-4859-8b06-757e3a53ee61,Passiflora foetida,https://id.biodiversity.org.au/taxon/apni/51442118,-16.804358,145.724625,2021-12-11T17:02:06Z,PRESENT,iNaturalist Australia
328,30f783e4-1225-4398-bd53-cf145d0b53ea,Passiflora foetida,https://id.biodiversity.org.au/taxon/apni/51442118,-12.70994,131.090185,2023-11-25T06:24:00Z,PRESENT,iNaturalist Australia
329,314005ea-557f-4c49-9f46-ddd2929104f4,Passiflora foetida,https://id.biodiversity.org.au/taxon/apni/51442118,-14.468392,132.26264,2021-06-10T00:00:00Z,PRESENT,Flora Atlas N.T.
330,316606f9-e3c2-4745-8aac-dbc23d656ebc,Acraea terpsicore,https://biodiversity.org.au/afd/taxa/ba632bea-a7b4-4b60-bf89-d63128cad841,-21.638362,149.351206,2025-05-31T16:03:45Z,PRESENT,iNaturalist Australia
331,31dd6a5a-16e0-403c-976e-d0d564695c2b,Passiflora foetida,https://id.biodiversity.org.au/taxon/apni/51442118,-27.549672,152.508589,2024-11-10T07:25:00Z,PRESENT,iNaturalist Australia
332,321b3468-3f4e-4da4-943c-c5f078889bd2,Passiflora foetida,https://id.biodiversity.org.au/taxon/apni/51442118,-16.771514,122.611056,2025-04-23T07:32:36Z,PRESENT,iNaturalist Australia
333,32341203-30b2-4ad2-9f3b-93387dcb8fb6,Acraea terpsicore,https://biodiversity.org.au/afd/taxa/ba632bea-a7b4-4b60-bf89-d63128cad841,-18.654775,146.15052,2022-02-28T07:47:00Z,PRESENT,iNaturalist Australia
334,3250c118-223c-43d2-9325-71c3b887c960,Acraea terpsicore,https://biodiversity.org.au/afd/taxa/ba632bea-a7b4-4b60-bf89-d63128cad841,-16.903061,145.755793,2025-06-30T20:58:00Z,PRESENT,iNaturalist Australia
335,32686eda-e587-408c-9bc2-a158da83e50c,Acraea terpsicore,https://biodiversity.org.au/afd/taxa/ba632bea-a7b4-4b60-bf89-d63128cad841,-30.224572,153.169646,2021-05-12T08:34:00Z,PRESENT,iNaturalist Australia
336,327179ca-3151-4ae2-aaae-1d27ffb0e4f1,Acraea terpsicore,https://biodiversity.org.au/afd/taxa/ba632bea-a7b4-4b60-bf89-d63128cad841,-17.464372,140.83236,2025-05-09T17:02:00Z,PRESENT,iNaturalist Australia
337,32776b0e-17c4-41d5-85dc-561d85b3ad18,Passiflora foetida,https://id.biodiversity.org.au/name/apni/51741309,-27.581521,152.916308,2024-11-23T06:57:40Z,PRESENT,iNaturalist Australia
338,3288cb30-0ab6-4629-a53b-979bb92e97f6,Passiflora foetida,https://id.biodiversity.org.au/name/apni/51741309,-27.316508,153.06215,2024-04-11T07:20:30Z,PRESENT,iNaturalist Australia
339,328d92d6-9805-4cbe-8340-c44c1eb4db2f,Acraea terpsicore,https://biodiversity.org.au/afd/taxa/ba632bea-a7b4-4b60-bf89-d63128cad841,-19.342832,146.782537,2023-04-10T07:43:00Z,PRESENT,iNaturalist Australia
340,329b4247-195f-484b-808c-6ba964f74e50,Passiflora foetida,https://id.biodiversity.org.au/taxon/apni/51442118,-14.182437,132.18846,2021-06-09T12:01:00Z,PRESENT,iNaturalist Australia
341,32a4bcf6-b8c7-4465-9701-72b70c4f69c7,Acraea terpsicore,https://biodiversity.org.au/afd/taxa/ba632bea-a7b4-4b60-bf89-d63128cad841,-14.500551,132.238709,2024-05-18T16:25:00Z,PRESENT,iNaturalist Australia
342,32aa3403-14c1-452a-ba91-c919436afa8b,Passiflora foetida,https://id.biodiversity.org.au/taxon/apni/51442118,-27.335605,152.859885,2025-02-09T16:09:01Z,PRESENT,iNaturalist Australia
343,32b5a62f-fb2a-40fc-9795-7ae8e8cd297f,Acraea terpsicore,https://biodiversity.org.au/afd/taxa/ba632bea-a7b4-4b60-bf89-d63128cad841,-25.819578,152.723712,2024-04-02T09:14:00Z,PRESENT,iNaturalist Australia
344,32b77c84-37b5-4717-8fe8-a921f9128cbb,Passiflora foetida,https://id.biodiversity.org.au/taxon/apni/51442118,-27.481801,152.963319,2024-03-25T12:00:10Z,PRESENT,iNaturalist Australia
345,33033544-0ccb-417b-bdc2-eab80ef2c7f3,Passiflora foetida,https://id.biodiversity.org.au/name/apni/51741309,-17.182054,145.826358,2024-03-15T21:43:19Z,PRESENT,iNaturalist Australia
346,330fe00a-34a2-45d2-95fa-e9cbc201f636,Passiflora foetida,https://id.biodiversity.org.au/taxon/apni/51442118,-14.472505,132.262153,2021-11-15T00:00:00Z,PRESENT,Flora Atlas N.T.
347,334e3e53-e3ca-4209-8b9c-a742d2bfd389,Passiflora foetida,https://id.biodiversity.org.au/taxon/apni/51442118,-27.350282,153.0795,2021-04-03T07:59:33Z,PRESENT,iNaturalist Australia
348,335d6b1c-2615-4c05-9ea1-e5530a888e51,Acraea terpsicore,https://biodiversity.org.au/afd/taxa/ba632bea-a7b4-4b60-bf89-d63128cad841,-19.317292,146.746474,2021-07-09T23:26:00Z,PRESENT,NatureMapr
349,3361a802-2ae9-4ba9-904a-28cb374b7eb1,Acraea terpsicore,https://biodiversity.org.au/afd/taxa/ba632bea-a7b4-4b60-bf89-d63128cad841,-18.155208,144.308662,2021-04-08T11:44:07Z,PRESENT,iNaturalist Australia
350,33a58970-1fb9-49c3-8e5a-b711866dc08a,Acraea terpsicore,https://biodiversity.org.au/afd/taxa/ba632bea-a7b4-4b60-bf89-d63128cad841,-21.171275,148.900065,2024-06-07T10:57:00Z,PRESENT,iNaturalist Australia
351,33c1ca18-dd38-4de8-ae70-34bfb713a5ad,Acraea terpsicore,https://biodiversity.org.au/afd/taxa/ba632bea-a7b4-4b60-bf89-d63128cad841,-18.713362,146.29837,2025-05-25T10:01:11Z,PRESENT,iNaturalist Australia
352,341e8d38-012a-40b8-9e5e-9307b3e27081,Acraea terpsicore,https://biodiversity.org.au/afd/taxa/ba632bea-a7b4-4b60-bf89-d63128cad841,-13.49632,131.03578,2022-03-24T03:40:00Z,PRESENT,Butterflies Australia
353,343e1491-d4e2-4231-8c9c-4a18b82c76b4,Acraea terpsicore,https://biodiversity.org.au/afd/taxa/ba632bea-a7b4-4b60-bf89-d63128cad841,-12.372922,142.61582,2021-06-21T17:58:00Z,PRESENT,iNaturalist Australia
354,3456690e-4779-4e83-963f-59e6edcb5c6c,Passiflora foetida,https://id.biodiversity.org.au/taxon/apni/51442118,-27.4228,153.166645,2022-01-30T10:20:00Z,PRESENT,iNaturalist Australia
355,345d3732-52b1-455f-8eb2-7a26b0518031,Acraea terpsicore,https://biodiversity.org.au/afd/taxa/ba632bea-a7b4-4b60-bf89-d63128cad841,-27.53078,153.1415,2022-12-25T03:50:00Z,PRESENT,Butterflies Australia
356,347216dc-c6d3-4b76-8173-8fb8c0e3e401,Acraea terpsicore,https://biodiversity.org.au/afd/taxa/ba632bea-a7b4-4b60-bf89-d63128cad841,-26.439964,153.169743,2023-02-10T18:16:12Z,PRESENT,iNaturalist Australia
357,348da2bc-f6ad-47b7-b625-26d792a85f86,Acraea terpsicore,https://biodiversity.org.au/afd/taxa/ba632bea-a7b4-4b60-bf89-d63128cad841,-12.36523,130.90957,2025-09-06T09:05:00Z,PRESENT,iNaturalist Australia
358,34a39317-dd21-4fb3-88cd-ae512fcfb9ba,Acraea terpsicore,https://biodiversity.org.au/afd/taxa/ba632bea-a7b4-4b60-bf89-d63128cad841,-14.910775,133.0835,2025-05-24T11:23:00Z,PRESENT,iNaturalist Australia
359,35257973-6025-481d-935b-01a46bd1f033,Passiflora foetida,https://id.biodiversity.org.au/taxon/apni/51442118,-16.8197,145.7325,2023-07-05T15:54:00Z,PRESENT,iNaturalist Australia
360,356ee309-d57f-42e9-87a7-b634faa5f8bb,Passiflora foetida,https://id.biodiversity.org.au/taxon/apni/51442118,-19.8338,146.0669,2022-02-24T15:56:00Z,PRESENT,iNaturalist Australia
361,35f64429-df33-4b77-bde9-991632d8d581,Passiflora foetida,https://id.biodiversity.org.au/taxon/apni/51442118,-27.067774,152.963421,2025-06-02T08:59:44Z,PRESENT,iNaturalist Australia
362,35f7f8ad-5f2e-4856-b144-4e785eb04be8,Acraea terpsicore,https://biodiversity.org.au/afd/taxa/ba632bea-a7b4-4b60-bf89-d63128cad841,-12.400416,130.933951,2025-05-17T09:26:19Z,PRESENT,iNaturalist Australia
363,36018a79-510f-40b7-9f6f-dce7c3db88e2,Acraea terpsicore,https://biodiversity.org.au/afd/taxa/ba632bea-a7b4-4b60-bf89-d63128cad841,-29.577514999999998,153.334985,2023-03-23T11:07:01Z,PRESENT,iNaturalist Australia
364,36658902-b3e4-4dd3-8143-ac528b167c93,Passiflora foetida,https://id.biodiversity.org.au/taxon/apni/51442118,-22.000007,149.851838,2025-11-29T10:45:02Z,PRESENT,iNaturalist Australia
365,366a6059-6cb1-464e-adf8-064740337d1c,Passiflora foetida,https://id.biodiversity.org.au/taxon/apni/51442118,-23.080994,148.015039,2025-05-30T15:16:38Z,PRESENT,iNaturalist Australia
366,36ad4767-4880-4541-a635-53aee4dfc4fd,Acraea terpsicore,https://biodiversity.org.au/afd/taxa/ba632bea-a7b4-4b60-bf89-d63128cad841,-22.079558,143.510863,2022-09-07T16:36:57Z,PRESENT,iNaturalist Australia
367,36b18e32-eadc-40de-b1cc-7b165d37223a,Acraea terpsicore,https://biodiversity.org.au/afd/taxa/ba632bea-a7b4-4b60-bf89-d63128cad841,-18.70949,146.29952,2024-05-05T08:17:46Z,PRESENT,iNaturalist Australia
368,36f25ddc-55dc-432d-b2bc-77b866ffa5fb,Acraea terpsicore,https://biodiversity.org.au/afd/taxa/ba632bea-a7b4-4b60-bf89-d63128cad841,-18.900537,144.070952,2025-02-21T10:55:00Z,PRESENT,iNaturalist Australia
369,371eea44-088d-49d7-9ccd-7ad03dd77017,Passiflora foetida,https://id.biodiversity.org.au/taxon/apni/51442118,-14.471085,132.260402,2021-12-06T00:00:00Z,PRESENT,Flora Atlas N.T.
370,37420613-1ee6-476d-9f96-f378fc35c9c8,Passiflora foetida,https://id.biodiversity.org.au/taxon/apni/51442118,-23.896454,151.247406,2024-04-06T09:10:57Z,PRESENT,iNaturalist Australia
371,377f179f-a65e-49e9-af2d-580f293eeefa,Passiflora foetida,https://id.biodiversity.org.au/taxon/apni/51442118,-25.367962,152.788323,2024-01-14T14:52:17Z,PRESENT,iNaturalist Australia
372,378407cc-e032-4259-8062-b96ae06fa0da,Passiflora foetida,https://id.biodiversity.org.au/taxon/apni/51442118,-27.34332,153.033416,2025-11-29T15:17:58Z,PRESENT,iNaturalist Australia
373,37b3bd27-9aef-401f-82af-b3d706845077,Passiflora foetida,https://id.biodiversity.org.au/taxon/apni/51442118,-27.550308,152.50866,2024-04-26T14:46:00Z,PRESENT,iNaturalist Australia
374,37b92a09-1856-4beb-9a89-fb24da76505b,Passiflora foetida,https://id.biodiversity.org.au/taxon/apni/51442118,-27.746606,153.148144,2025-01-09T14:17:24Z,PRESENT,iNaturalist Australia
375,3814d3a9-1d93-4915-b0d6-7614c5e8b754,Passiflora foetida,https://id.biodiversity.org.au/name/apni/51741309,-24.166383,151.883893,2023-10-27T08:03:38Z,PRESENT,iNaturalist Australia
376,38199ceb-0deb-435c-b823-d68aac709194,Acraea terpsicore,https://biodiversity.org.au/afd/taxa/ba632bea-a7b4-4b60-bf89-d63128cad841,-12.406732,130.911923,2024-12-25T11:04:00Z,PRESENT,iNaturalist Australia
377,3858cab3-2707-4be4-8afc-6a57304d7d5a,Acraea terpsicore,https://biodiversity.org.au/afd/taxa/ba632bea-a7b4-4b60-bf89-d63128cad841,-12.407041,130.913089,2024-12-25T11:18:00Z,PRESENT,iNaturalist Australia
378,38ac3eaf-a7e8-4b66-a14a-1e13ef870513,Passiflora foetida,https://id.biodiversity.org.au/taxon/apni/51442118,-27.11907,152.917469,2021-11-25T10:50:00Z,PRESENT,iNaturalist Australia
379,38acfe8e-e26d-4a24-81c2-a38fd3eb9eae,Acraea terpsicore,https://biodiversity.org.au/afd/taxa/ba632bea-a7b4-4b60-bf89-d63128cad841,-14.806205,126.939767,2024-06-28T16:10:00Z,PRESENT,iNaturalist Australia
380,38bfdc16-e840-45e5-ae91-c82229c65911,Acraea terpsicore,https://biodiversity.org.au/afd/taxa/ba632bea-a7b4-4b60-bf89-d63128cad841,-22.391431999999998,146.698421,2025-08-04T16:55:00Z,PRESENT,iNaturalist Australia
381,390f4df9-e57c-404b-80f2-e10558ef4d94,Acraea terpsicore,https://biodiversity.org.au/afd/taxa/ba632bea-a7b4-4b60-bf89-d63128cad841,-27.48533,152.95436,2022-02-22T02:32:00Z,PRESENT,Butterflies Australia
382,39348551-5dfb-4fd1-844b-805fc5dbff2d,Passiflora foetida,https://id.biodiversity.org.au/taxon/apni/51442118,-27.481504,152.963621,2024-03-25T11:56:58Z,PRESENT,iNaturalist Australia
383,396d7248-e14f-482e-88c6-3dcea01d183d,Passiflora foetida,https://id.biodiversity.org.au/name/apni/51741309,-27.396983,153.028533,2024-03-24T06:20:18Z,PRESENT,iNaturalist Australia
384,39c139e6-cd05-4809-bc25-4789e50ee16e,Passiflora foetida,https://id.biodiversity.org.au/taxon/apni/51442118,-23.15607,150.765256,2022-05-01T07:13:33Z,PRESENT,iNaturalist Australia
385,39c84670-b9c2-46ec-abfc-0a7a4428d566,Acraea terpsicore,https://biodiversity.org.au/afd/taxa/ba632bea-a7b4-4b60-bf89-d63128cad841,-19.24039,146.782572,2023-05-10T08:22:00Z,PRESENT,iNaturalist Australia
386,39d2030f-2ca6-4e04-89f6-ae778b9527fd,Passiflora foetida,https://id.biodiversity.org.au/taxon/apni/51442118,-21.451667,149.710833,2023-09-07T00:00:00Z,PRESENT,Australian Tropical Herbarium (CNS) AVH data
387,39e6011a-4893-4e78-9eee-9929743323ae,Acraea terpsicore,https://biodiversity.org.au/afd/taxa/ba632bea-a7b4-4b60-bf89-d63128cad841,-17.66705,141.092195,2022-07-15T16:55:33Z,PRESENT,iNaturalist Australia
388,3a166d20-50e6-4c9e-b223-678ea8c52ba9,Passiflora foetida,https://id.biodiversity.org.au/taxon/apni/51442118,-19.217936,146.755049,2022-01-25T06:30:00Z,PRESENT,iNaturalist Australia
389,3a25bbbe-a7e1-42e7-9012-9db4330fb2b7,Acraea terpsicore,https://biodiversity.org.au/afd/taxa/ba632bea-a7b4-4b60-bf89-d63128cad841,-18.1789,144.6108,2021-03-21T11:00:00Z,PRESENT,Butterflies Australia
390,3a389d33-0cc1-433d-ac87-323fa4a0c432,Acraea terpsicore,https://biodiversity.org.au/afd/taxa/ba632bea-a7b4-4b60-bf89-d63128cad841,-18.30091,143.352441,2025-05-17T09:47:00Z,PRESENT,iNaturalist Australia
391,3a5f270e-f22b-4d50-a678-88bcf59b91eb,Acraea terpsicore,https://biodiversity.org.au/afd/taxa/ba632bea-a7b4-4b60-bf89-d63128cad841,-18.217724,139.881071,2022-07-15T14:22:00Z,PRESENT,iNaturalist Australia
392,3a81d070-b9cc-45b4-9155-6051bf82fda6,Passiflora foetida,https://id.biodiversity.org.au/taxon/apni/51442118,-27.494887,153.097996,2024-03-21T17:12:55Z,PRESENT,iNaturalist Australia
393,3aa08d3c-51f1-4ea3-a836-8055359b0603,Passiflora foetida,https://id.biodiversity.org.au/taxon/apni/51442118,-27.450952,153.100373,2021-01-17T09:08:00Z,PRESENT,iNaturalist Australia
394,3ad85afd-c679-41ed-b8e6-5eaa4db4f775,Acraea terpsicore,https://biodiversity.org.au/afd/taxa/ba632bea-a7b4-4b60-bf89-d63128cad841,-20.918582,149.044556,2021-04-27T10:44:00Z,PRESENT,iNaturalist Australia
395,3b178b7e-d001-4d29-b8fe-1f37030e7e3f,Acraea terpsicore,https://biodiversity.org.au/afd/taxa/ba632bea-a7b4-4b60-bf89-d63128cad841,-23.677233,141.109878,2025-07-30T11:07:00Z,PRESENT,iNaturalist Australia
396,3b1fd80c-f319-4991-b481-d91ecc9cec1b,Passiflora foetida,https://id.biodiversity.org.au/taxon/apni/51442118,-27.572255,152.782807,2025-08-06T11:27:46Z,PRESENT,iNaturalist Australia
397,3b830f81-7a06-4a1a-8069-680dfb51d57b,Passiflora foetida,https://id.biodiversity.org.au/taxon/apni/51442118,-12.75903,130.35475,2021-03-05T14:07:00Z,PRESENT,iNaturalist Australia
398,3ba9d2d9-6763-4a97-95af-bf9b11dec591,Acraea terpsicore,https://biodiversity.org.au/afd/taxa/ba632bea-a7b4-4b60-bf89-d63128cad841,-14.04,126.306667,2025-07-04T10:13:00Z,PRESENT,iNaturalist Australia
399,3bf15690-41fd-4238-a219-7cbe4539eda8,Acraea terpsicore,https://biodiversity.org.au/afd/taxa/ba632bea-a7b4-4b60-bf89-d63128cad841,-15.575485,135.426497,2023-05-15T16:14:29Z,PRESENT,iNaturalist Australia
400,3c118bc1-ec1b-4736-93c6-8d32b912bc87,Passiflora foetida,https://id.biodiversity.org.au/taxon/apni/51442118,-25.427678,152.919847,2022-04-06T08:01:00Z,PRESENT,iNaturalist Australia
401,3c1fc1f6-9634-4e80-809f-00660eb3782c,Acraea terpsicore,https://biodiversity.org.au/afd/taxa/ba632bea-a7b4-4b60-bf89-d63128cad841,-14.735692,144.066708,2025-07-26T10:48:11Z,PRESENT,iNaturalist Australia
402,3c3aab22-7892-495b-a005-e704f76a8591,Acraea terpsicore,https://biodiversity.org.au/afd/taxa/ba632bea-a7b4-4b60-bf89-d63128cad841,-20.195358,148.39846,2023-08-18T09:20:00Z,PRESENT,iNaturalist Australia
403,3c513653-5fe1-40bd-ad71-5a4e97066213,Acraea terpsicore,https://biodiversity.org.au/afd/taxa/ba632bea-a7b4-4b60-bf89-d63128cad841,-16.321488,128.799624,2025-10-01T08:34:00Z,PRESENT,iNaturalist Australia
404,3c72391f-4735-4661-b0ba-4aca0a5984a4,Acraea terpsicore,https://biodiversity.org.au/afd/taxa/ba632bea-a7b4-4b60-bf89-d63128cad841,-15.974646,144.828963,2021-03-24T12:00:00Z,PRESENT,Butterflies Australia
405,3c7262d4-68c3-47ed-b741-fedf285fb904,Passiflora foetida,https://id.biodiversity.org.au/taxon/apni/51442118,-15.516106,144.838639,2023-07-14T12:47:00Z,PRESENT,iNaturalist Australia
406,3c84b82a-9c0b-4eb7-8cd3-23d7ff645138,Acraea terpsicore,https://biodiversity.org.au/afd/taxa/ba632bea-a7b4-4b60-bf89-d63128cad841,-19.258963,146.816948,2025-06-23T15:51:00Z,PRESENT,iNaturalist Australia
407,3c851c21-7e53-43b3-a9d9-ca02557e2fc2,Passiflora foetida,https://id.biodiversity.org.au/taxon/apni/51442118,-25.343799,152.738973,2022-06-21T12:08:00Z,PRESENT,iNaturalist Australia
408,3c87d4e6-8751-425e-a7b9-4581cc455c20,Passiflora foetida,https://id.biodiversity.org.au/taxon/apni/51442118,-20.928333,149.475556,2023-09-06T00:00:00Z,PRESENT,Australian Tropical Herbarium (CNS) AVH data
409,3c91b30f-3c8e-48f2-9234-d006615cfeee,Passiflora foetida,https://id.biodiversity.org.au/name/apni/51741309,-14.662573,145.455003,2025-08-20T10:52:00Z,PRESENT,iNaturalist Australia
410,3ca8cea1-c2f3-4229-a7d5-56824628af42,Acraea terpsicore,https://biodiversity.org.au/afd/taxa/ba632bea-a7b4-4b60-bf89-d63128cad841,-19.254787,146.789153,2024-03-23T08:42:22Z,PRESENT,iNaturalist Australia
411,3cb15937-1f35-4d2f-97b4-e916220d91a5,Acraea terpsicore,https://biodiversity.org.au/afd/taxa/ba632bea-a7b4-4b60-bf89-d63128cad841,-10.606274,142.255288,2022-01-24T18:49:00Z,PRESENT,iNaturalist Australia
412,3cf455b4-e4ef-45c6-aa73-69494f81378e,Passiflora foetida,https://id.biodiversity.org.au/taxon/apni/51442118,-16.7313,145.6569,2022-03-18T12:51:00Z,PRESENT,iNaturalist Australia
413,3d08d2c1-1507-4529-afe4-44f789fceb20,Passiflora foetida,https://id.biodiversity.org.au/taxon/apni/51442118,-24.826797,152.372667,2025-03-13T08:52:27Z,PRESENT,iNaturalist Australia
414,3d0fffd1-cde5-415f-98d8-490dbfaf55eb,Acraea terpsicore,https://biodiversity.org.au/afd/taxa/ba632bea-a7b4-4b60-bf89-d63128cad841,-16.786484,145.691019,2022-04-11T09:51:00Z,PRESENT,iNaturalist Australia
415,3d1d6dd9-85d1-4d5d-aea6-317fee6e618b,Acraea terpsicore,https://biodiversity.org.au/afd/taxa/ba632bea-a7b4-4b60-bf89-d63128cad841,-27.651697,153.009031,2024-04-14T13:51:00Z,PRESENT,iNaturalist Australia
416,3d240253-803d-484a-ab24-34fd3c375adc,Acraea terpsicore,https://biodiversity.org.au/afd/taxa/ba632bea-a7b4-4b60-bf89-d63128cad841,-20.342923,148.960734,2024-12-25T12:37:40Z,PRESENT,iNaturalist Australia
417,3d5b33f7-7589-47da-84cb-e9181cab3636,Acraea terpsicore,https://biodiversity.org.au/afd/taxa/ba632bea-a7b4-4b60-bf89-d63128cad841,-18.207813,144.572052,2025-05-01T14:09:00Z,PRESENT,iNaturalist Australia
418,3d8d6e06-bc37-4aa9-bc6c-92fde1b71e6e,Acraea terpsicore,https://biodiversity.org.au/afd/taxa/ba632bea-a7b4-4b60-bf89-d63128cad841,-21.531325,146.859569,2025-04-11T15:00:31Z,PRESENT,iNaturalist Australia
419,3d932548-3e5b-4aaf-b061-471bf57e11fd,Passiflora foetida,https://id.biodiversity.org.au/taxon/apni/51442118,-14.471939,132.262604,2021-11-15T00:00:00Z,PRESENT,Flora Atlas N.T.
420,3da970c4-f4e9-40cc-98a2-636dfa626bab,Acraea terpsicore,https://biodiversity.org.au/afd/taxa/ba632bea-a7b4-4b60-bf89-d63128cad841,-27.49513,152.95787,2022-03-06T00:00:00Z,PRESENT,WildNet - Queensland Wildlife Data
421,3dbdcbfa-4ef2-4a75-bd8e-8dfa27074784,Acraea terpsicore,https://biodiversity.org.au/afd/taxa/ba632bea-a7b4-4b60-bf89-d63128cad841,-19.201724,146.752389,2022-01-02T15:07:00Z,PRESENT,iNaturalist Australia
422,3dca0a4e-a8f6-48af-9c67-6e327a7c6f3e,Passiflora foetida,https://id.biodiversity.org.au/taxon/apni/51442118,-26.809369,153.129989,2025-07-04T16:00:00Z,PRESENT,iNaturalist Australia
423,3e0ff39c-7123-42b9-8c91-fcaf636ce86c,Acraea terpsicore,https://biodiversity.org.au/afd/taxa/ba632bea-a7b4-4b60-bf89-d63128cad841,-27.485466,152.954193,2022-03-06T12:34:12Z,PRESENT,iNaturalist Australia
424,3e259d00-e6fc-4033-9812-06e69b1b9017,Acraea terpsicore,https://biodiversity.org.au/afd/taxa/ba632bea-a7b4-4b60-bf89-d63128cad841,-16.99019,144.297279,2022-07-18T12:53:59Z,PRESENT,iNaturalist Australia
425,3e6f1324-f1d5-44e7-a0a9-959cfe9e065d,Acraea terpsicore,https://biodiversity.org.au/afd/taxa/ba632bea-a7b4-4b60-bf89-d63128cad841,-12.435275,130.741103,2025-03-05T20:54:47Z,PRESENT,iNaturalist Australia
426,3e884869-8ca8-4426-aa36-1115d2b583a6,Acraea terpsicore,https://biodiversity.org.au/afd/taxa/ba632bea-a7b4-4b60-bf89-d63128cad841,-18.528151,146.331454,2021-08-04T12:26:00Z,PRESENT,iNaturalist Australia
427,3ebd87a1-728f-4fdc-a14e-96767217e2d9,Acraea terpsicore,https://biodiversity.org.au/afd/taxa/ba632bea-a7b4-4b60-bf89-d63128cad841,-20.630549,147.134342,2024-07-01T12:50:00Z,PRESENT,iNaturalist Australia
428,3ebd8a8f-fe5c-4c67-885e-1ac8d6a500cd,Acraea terpsicore,https://biodiversity.org.au/afd/taxa/ba632bea-a7b4-4b60-bf89-d63128cad841,-17.31296,145.58673,2021-04-12T10:49:00Z,PRESENT,Butterflies Australia
429,3f3fdfe2-c911-4426-bef1-9c3078402171,Passiflora foetida,https://id.biodiversity.org.au/taxon/apni/51442118,-20.348683,148.967575,2021-08-30T11:03:00Z,PRESENT,iNaturalist Australia
430,3f4bfd80-a515-46a3-986e-10660ee3df59,Passiflora foetida,https://id.biodiversity.org.au/name/apni/51741309,-27.550269,152.508681,2024-11-27T08:07:00Z,PRESENT,iNaturalist Australia
431,3f68e99a-5502-4c57-be5e-7410a4afbb8a,Passiflora foetida,https://id.biodiversity.org.au/taxon/apni/51442118,-27.656975,152.707275,2022-02-11T06:35:00Z,PRESENT,iNaturalist Australia
432,3f9a214b-74c1-448b-893b-ff39def4ee60,Acraea terpsicore,https://biodiversity.org.au/afd/taxa/ba632bea-a7b4-4b60-bf89-d63128cad841,-18.949155,145.914389,2022-08-14T09:57:49Z,PRESENT,iNaturalist Australia
433,3fefbdb1-072f-478e-9c05-7e3cb142d0a1,Acraea terpsicore,https://biodiversity.org.au/afd/taxa/ba632bea-a7b4-4b60-bf89-d63128cad841,-18.131107,142.214574,2025-04-06T07:40:10Z,PRESENT,iNaturalist Australia
434,3ff13ccd-1f6c-4dcf-ba75-565af70693a1,Acraea terpsicore,https://biodiversity.org.au/afd/taxa/ba632bea-a7b4-4b60-bf89-d63128cad841,-23.441008,144.258575,2021-06-09T16:12:10Z,PRESENT,iNaturalist Australia
435,3ffcb91c-f4b8-4915-804a-12582fe38fdb,Acraea terpsicore,https://biodiversity.org.au/afd/taxa/ba632bea-a7b4-4b60-bf89-d63128cad841,-20.58954,139.57504,2023-09-02T17:34:00Z,PRESENT,Butterflies Australia
436,4002e67c-2169-4917-8892-ce9484a8c56f,Passiflora foetida,https://id.biodiversity.org.au/name/apni/51741309,-22.104325,149.52686,2024-12-11T09:02:00Z,PRESENT,iNaturalist Australia
437,40159411-335f-4e22-b602-19cecf51f54e,Passiflora foetida,https://id.biodiversity.org.au/taxon/apni/51442118,-14.474663,132.41143,2021-06-01T00:00:00Z,PRESENT,Flora Atlas N.T.
438,402ba5ad-51ef-4268-ab2e-1f437955d1ba,Passiflora foetida,https://id.biodiversity.org.au/taxon/apni/51442118,-14.468615,132.265604,2022-01-27T00:00:00Z,PRESENT,Flora Atlas N.T.
439,405dd2c7-a0e3-4e1a-83ab-5daddc36d98d,Acraea terpsicore,https://biodiversity.org.au/afd/taxa/ba632bea-a7b4-4b60-bf89-d63128cad841,-17.4287,145.405,2021-04-22T10:45:00Z,PRESENT,Butterflies Australia
440,4074001a-de65-4152-b4cb-73b342f8980e,Acraea terpsicore,https://biodiversity.org.au/afd/taxa/ba632bea-a7b4-4b60-bf89-d63128cad841,-19.324115,146.750537,2024-08-07T00:00:00Z,PRESENT,iNaturalist Australia
441,408812e8-20be-4489-8970-6553d55d8529,Passiflora foetida,https://id.biodiversity.org.au/taxon/apni/51442118,-26.281342,152.996544,2024-04-26T09:10:25Z,PRESENT,iNaturalist Australia
442,40b677c4-3eca-4bb6-a720-c8297d31b139,Acraea terpsicore,https://biodiversity.org.au/afd/taxa/ba632bea-a7b4-4b60-bf89-d63128cad841,-12.446708,130.87726,2021-04-20T11:14:00Z,PRESENT,iNaturalist Australia
443,40ba89eb-e338-43df-b17c-80fb3f10736c,Acraea terpsicore,https://biodiversity.org.au/afd/taxa/ba632bea-a7b4-4b60-bf89-d63128cad841,-19.311114,146.724295,2025-05-17T11:30:00Z,PRESENT,iNaturalist Australia
444,40bfb605-5f93-4b29-8e06-e6964c831702,Passiflora foetida,https://id.biodiversity.org.au/taxon/apni/51442118,-19.2794,146.7286,2022-07-10T09:40:00Z,PRESENT,iNaturalist Australia
445,40d1a75a-339f-49ea-9330-7c9cb63280cd,Acraea terpsicore,https://biodiversity.org.au/afd/taxa/ba632bea-a7b4-4b60-bf89-d63128cad841,-17.491402,128.583462,2025-05-11T11:58:42Z,PRESENT,iNaturalist Australia
446,40ea41e9-6f18-4303-ad76-6895033453ba,Passiflora foetida,https://id.biodiversity.org.au/name/apni/51741309,-16.084838,145.463233,2025-08-07T07:36:31Z,PRESENT,iNaturalist Australia
447,40f1f9f5-1329-4a19-b273-ca3dd9cd8ade,Acraea terpsicore,https://biodiversity.org.au/afd/taxa/ba632bea-a7b4-4b60-bf89-d63128cad841,-19.233505,146.78261,2022-07-18T12:01:00Z,PRESENT,iNaturalist Australia
448,4101dddb-167b-4d4d-9688-6363f9b88340,Acraea terpsicore,https://biodiversity.org.au/afd/taxa/ba632bea-a7b4-4b60-bf89-d63128cad841,-19.189533,146.77385,2024-11-03T11:23:40Z,PRESENT,iNaturalist Australia
449,410ccd67-02b9-4733-a734-a3268ce0e100,Acraea terpsicore,https://biodiversity.org.au/afd/taxa/ba632bea-a7b4-4b60-bf89-d63128cad841,-17.465925,140.842058,2024-07-27T12:03:00Z,PRESENT,iNaturalist Australia
450,412a4db2-c6bb-4a15-b08c-25325c6fe2d4,Passiflora foetida,https://id.biodiversity.org.au/taxon/apni/51442118,-27.58037,152.658102,2022-03-24T12:50:00Z,PRESENT,iNaturalist Australia
451,415aa7a7-c053-4899-aa76-17cd56964cd4,Passiflora foetida,https://id.biodiversity.org.au/taxon/apni/51442118,-16.010694,145.442552,2022-07-07T09:32:00Z,PRESENT,iNaturalist Australia
452,4190606b-7837-456a-9d67-bb4ad7210b0f,Passiflora foetida,https://id.biodiversity.org.au/taxon/apni/51442118,-19.906634,146.780691,2025-06-11T10:02:00Z,PRESENT,iNaturalist Australia
453,41c5c3ba-701e-4cb0-adcd-bdc687f4c0e8,Acraea terpsicore,https://biodiversity.org.au/afd/taxa/ba632bea-a7b4-4b60-bf89-d63128cad841,-12.343043,130.964198,2024-08-23T00:00:00Z,PRESENT,iNaturalist Australia
454,41ecac13-8f12-4e51-bbb9-bac142488291,Passiflora foetida,https://id.biodiversity.org.au/taxon/apni/51442118,-26.769083,153.09222,2023-04-10T15:41:00Z,PRESENT,iNaturalist Australia
455,4206be05-c8fa-4ff3-9906-22f6289dad82,Passiflora foetida,https://id.biodiversity.org.au/taxon/apni/51442118,-17.925278,146.136389,2023-04-05T00:00:00Z,PRESENT,Australian Tropical Herbarium (CNS) AVH data
456,423665b3-2067-499d-ba5c-8935e0fe5873,Acraea terpsicore,https://biodiversity.org.au/afd/taxa/ba632bea-a7b4-4b60-bf89-d63128cad841,-27.485642,152.954136,2022-03-21T12:36:00Z,PRESENT,iNaturalist Australia
457,42612a2e-5b69-48d2-a84d-ecb9f299b2aa,Acraea terpsicore,https://biodiversity.org.au/afd/taxa/ba632bea-a7b4-4b60-bf89-d63128cad841,-22.849943,149.436125,2022-02-18T00:00:00Z,PRESENT,Butterflies Australia
458,42a404bc-be2c-4e68-8c5d-c6173068dacc,Acraea terpsicore,https://biodiversity.org.au/afd/taxa/ba632bea-a7b4-4b60-bf89-d63128cad841,-19.405325,146.729717,2021-08-27T14:46:00Z,PRESENT,iNaturalist Australia
459,42dc8fe9-3fc3-410a-9a3b-884f0fc31457,Acraea terpsicore,https://biodiversity.org.au/afd/taxa/ba632bea-a7b4-4b60-bf89-d63128cad841,-18.6461,139.2526,2023-09-07T23:00:00Z,PRESENT,Butterflies Australia
460,43296702-c36c-4626-b79f-2ff8672b09fa,Passiflora foetida,https://id.biodiversity.org.au/taxon/apni/51442118,-27.549787,152.509433,2023-04-10T18:12:00Z,PRESENT,iNaturalist Australia
461,432e6ecc-7b6f-430d-ba34-9bd3b6de86b8,Passiflora foetida,https://id.biodiversity.org.au/taxon/apni/51442118,-19.304547,146.640013,2022-01-15T15:49:00Z,PRESENT,iNaturalist Australia
462,433988b9-d783-4e51-b2b6-f5f85eed1c6c,Acraea terpsicore,https://biodiversity.org.au/afd/taxa/ba632bea-a7b4-4b60-bf89-d63128cad841,-14.437844,132.274594,2023-04-27T09:53:33Z,PRESENT,iNaturalist Australia
463,436f6f57-73a3-4a0c-aacb-75e2c67dfcfd,Acraea terpsicore,https://biodiversity.org.au/afd/taxa/ba632bea-a7b4-4b60-bf89-d63128cad841,-18.657486,146.145424,2021-09-29T08:35:00Z,PRESENT,iNaturalist Australia
464,43730079-39d3-4fb5-aa30-037a49b7e569,Acraea terpsicore,https://biodiversity.org.au/afd/taxa/ba632bea-a7b4-4b60-bf89-d63128cad841,-12.371995,130.868864,2021-05-01T08:36:00Z,PRESENT,iNaturalist Australia
465,43751e7b-368e-4638-a97c-555cbea9dd84,Acraea terpsicore,https://biodiversity.org.au/afd/taxa/ba632bea-a7b4-4b60-bf89-d63128cad841,-19.195593,146.762863,2025-05-08T20:54:22Z,PRESENT,iNaturalist Australia
466,438747af-8263-4db2-b36d-e33e5105567d,Passiflora foetida,https://id.biodiversity.org.au/taxon/apni/51442118,-16.8769,145.6741,2023-11-07T14:08:00Z,PRESENT,iNaturalist Australia
467,43b988df-9e94-4812-a80e-bb6bd193bed4,Passiflora foetida,https://id.biodiversity.org.au/taxon/apni/51442118,-27.534187,152.864138,2023-01-25T20:26:00Z,PRESENT,iNaturalist Australia
468,43e3058f-ebdb-4448-8164-b47a1e06b36e,Acraea terpsicore,https://biodiversity.org.au/afd/taxa/ba632bea-a7b4-4b60-bf89-d63128cad841,-17.407108,124.950625,2021-08-15T10:33:00Z,PRESENT,iNaturalist Australia
469,440b6ca3-9fa3-43f0-a5c1-a9391ae9a540,Passiflora foetida,https://id.biodiversity.org.au/taxon/apni/51442118,-14.468688,132.265512,2021-11-27T00:00:00Z,PRESENT,Flora Atlas N.T.
470,4428ef48-e480-4ea3-8fa7-efb814681f76,Acraea terpsicore,https://biodiversity.org.au/afd/taxa/ba632bea-a7b4-4b60-bf89-d63128cad841,-19.1903,146.774033,2025-06-18T11:13:00Z,PRESENT,iNaturalist Australia
471,4435cdb0-3391-4f7b-b9ce-864b1d61ca81,Acraea terpsicore,https://biodiversity.org.au/afd/taxa/ba632bea-a7b4-4b60-bf89-d63128cad841,-18.01553,138.94977,2023-09-11T00:51:00Z,PRESENT,Butterflies Australia
472,4479e8b5-daa0-450a-b6e0-af4aa9e19f3d,Acraea terpsicore,https://biodiversity.org.au/afd/taxa/ba632bea-a7b4-4b60-bf89-d63128cad841,-18.0451,144.9011,2021-04-25T09:15:00Z,PRESENT,Butterflies Australia
473,44a6bac7-7cdd-4c9a-9f4a-218cf6f4a73b,Passiflora foetida,https://id.biodiversity.org.au/taxon/apni/51442118,-27.543995,153.069083,2022-12-05T17:17:00Z,PRESENT,iNaturalist Australia
474,44b1f38e-8d76-412b-afa4-43dfd2e670ab,Acraea terpsicore,https://biodiversity.org.au/afd/taxa/ba632bea-a7b4-4b60-bf89-d63128cad841,-22.817217,150.809652,2022-01-10T12:00:35Z,PRESENT,iNaturalist Australia
475,44b9c78d-a907-4e61-8fcb-723f21392f72,Acraea terpsicore,https://biodiversity.org.au/afd/taxa/ba632bea-a7b4-4b60-bf89-d63128cad841,-12.629275,141.87445,2022-08-24T11:29:27Z,PRESENT,iNaturalist Australia
476,44c3a8dc-ee17-4e09-998a-3e7b09e62226,Passiflora foetida,https://id.biodiversity.org.au/taxon/apni/51442118,-12.630225,141.874297,2022-09-11T11:03:28Z,PRESENT,iNaturalist Australia
477,44c57557-50f3-48ab-9b40-4a2eed8dad1b,Acraea terpsicore,https://biodiversity.org.au/afd/taxa/ba632bea-a7b4-4b60-bf89-d63128cad841,-17.410641,145.06215,2021-05-25T10:14:00Z,PRESENT,iNaturalist Australia
478,44d182b9-cdb2-436a-8f91-458771ce8a47,Acraea terpsicore,https://biodiversity.org.au/afd/taxa/ba632bea-a7b4-4b60-bf89-d63128cad841,-27.485933,152.950914,2022-03-09T13:06:35Z,PRESENT,iNaturalist Australia
479,4533ace0-86af-4207-809b-ab4c3c2f9573,Acraea terpsicore,https://biodiversity.org.au/afd/taxa/ba632bea-a7b4-4b60-bf89-d63128cad841,-19.316733,146.679278,2024-08-14T00:00:00Z,PRESENT,iNaturalist Australia
480,4593160e-09af-459a-864e-dc82ac60083d,Passiflora foetida,https://id.biodiversity.org.au/taxon/apni/51442118,-14.468332,132.262234,2021-06-10T00:00:00Z,PRESENT,Flora Atlas N.T.
481,45c6f78a-19df-4e6b-a78f-c22f35cf860c,Passiflora foetida,https://id.biodiversity.org.au/taxon/apni/51442118,-16.7794,145.6966,2023-08-15T12:06:00Z,PRESENT,iNaturalist Australia
482,464cc066-77da-4a1a-8633-991c7c1ea96a,Acraea terpsicore,https://biodiversity.org.au/afd/taxa/ba632bea-a7b4-4b60-bf89-d63128cad841,-19.165311,146.848243,2022-07-09T12:49:00Z,PRESENT,iNaturalist Australia
483,465367ae-7770-4cb5-bed4-c1b97b5ec514,Acraea terpsicore,https://biodiversity.org.au/afd/taxa/ba632bea-a7b4-4b60-bf89-d63128cad841,-12.366272,130.864533,2025-04-30T16:02:13Z,PRESENT,iNaturalist Australia
484,465df1a5-0580-4635-a0c5-35d859532678,Acraea terpsicore,https://biodiversity.org.au/afd/taxa/ba632bea-a7b4-4b60-bf89-d63128cad841,-20.695353,139.511458,2022-12-26T15:01:55Z,PRESENT,iNaturalist Australia
485,468b61f2-18e6-43a2-adec-bd8ff5377883,Acraea terpsicore,https://biodiversity.org.au/afd/taxa/ba632bea-a7b4-4b60-bf89-d63128cad841,-27.490894,153.186294,2022-04-02T09:57:49Z,PRESENT,iNaturalist Australia
486,46b13dac-bb26-47dc-a02c-2319a1919e71,Passiflora foetida,https://id.biodiversity.org.au/name/apni/51741309,-23.878342,151.210997,2025-01-03T06:29:00Z,PRESENT,iNaturalist Australia
487,46d46f11-a541-4ec7-81dc-5e21663527c9,Passiflora foetida,https://id.biodiversity.org.au/taxon/apni/51442118,-19.189596,146.77331,2021-04-18T11:06:00Z,PRESENT,iNaturalist Australia
488,46ddd4a3-121d-407d-8005-1329c6a71d91,Passiflora foetida,https://id.biodiversity.org.au/taxon/apni/51442118,-17.45685,140.828308,2024-07-14T18:13:51Z,PRESENT,iNaturalist Australia
489,46ec7ee3-9868-47f3-b157-36e3d64858e1,Acraea terpsicore,https://biodiversity.org.au/afd/taxa/ba632bea-a7b4-4b60-bf89-d63128cad841,-26.504386,153.087115,2022-02-22T12:05:00Z,PRESENT,iNaturalist Australia
490,46efce9b-2af8-417f-a46e-b2f28a32f1ed,Passiflora foetida,https://id.biodiversity.org.au/taxon/apni/51442118,-25.836847,152.640983,2022-05-09T11:18:00Z,PRESENT,iNaturalist Australia
491,472249e8-f75b-4df8-b58b-94b3b1501115,Acraea terpsicore,https://biodiversity.org.au/afd/taxa/ba632bea-a7b4-4b60-bf89-d63128cad841,-27.296806,152.226853,2021-04-10T11:20:31Z,PRESENT,iNaturalist Australia
492,47276f22-7709-4a06-b4e1-4cd39acf5eaf,Acraea terpsicore,https://biodiversity.org.au/afd/taxa/ba632bea-a7b4-4b60-bf89-d63128cad841,-19.188238,146.771665,2025-10-04T09:41:00Z,PRESENT,iNaturalist Australia
493,4728600a-ed09-402e-a256-d22b62d47801,Passiflora foetida,https://id.biodiversity.org.au/taxon/apni/51442118,-26.712182,153.105826,2025-02-16T11:04:07Z,PRESENT,iNaturalist Australia
494,47bd371a-f63c-481a-80b1-40946e1c3d1e,Passiflora foetida,https://id.biodiversity.org.au/name/apni/51741309,-27.663594,152.87755,2025-03-28T07:50:56Z,PRESENT,iNaturalist Australia
495,47d8ed15-2411-45d3-bef8-f22f40f6bcdf,Passiflora foetida,https://id.biodiversity.org.au/taxon/apni/51442118,-14.468305,132.262116,2021-11-12T00:00:00Z,PRESENT,Flora Atlas N.T.
496,47f2d423-292e-4e29-a218-6f1ebff8b5f3,Passiflora foetida,https://id.biodiversity.org.au/taxon/apni/51442118,-27.139053,152.903865,2024-01-04T13:31:07Z,PRESENT,iNaturalist Australia
497,483e981c-f448-4c3d-b31c-ab8e6daff90b,Acraea terpsicore,https://biodiversity.org.au/afd/taxa/ba632bea-a7b4-4b60-bf89-d63128cad841,-18.1394,144.3215,2021-03-23T09:45:00Z,PRESENT,Butterflies Australia
498,488bf260-378a-45d3-aa0a-591a3da6eea5,Acraea terpsicore,https://biodiversity.org.au/afd/taxa/ba632bea-a7b4-4b60-bf89-d63128cad841,-19.207633,146.741807,2021-05-16T15:30:00Z,PRESENT,iNaturalist Australia
499,489f0a4b-5d4f-463a-81d9-df0d74da6989,Acraea terpsicore,https://biodiversity.org.au/afd/taxa/ba632bea-a7b4-4b60-bf89-d63128cad841,-16.483973,145.462252,2022-06-16T14:03:00Z,PRESENT,iNaturalist Australia
500,48a713df-64cf-48c9-b867-d948ed50caf4,Acraea terpsicore,https://biodiversity.org.au/afd/taxa/ba632bea-a7b4-4b60-bf89-d63128cad841,-19.5708,146.840761,2022-01-03T14:02:00Z,PRESENT,iNaturalist Australia
501,48b1234e-e5d7-4ebd-ab9e-865333406abb,Acraea terpsicore,https://biodiversity.org.au/afd/taxa/ba632bea-a7b4-4b60-bf89-d63128cad841,-27.485505,152.954085,2022-01-09T12:42:00Z,PRESENT,iNaturalist Australia
502,49300451-6ac4-4e59-ad20-69d4a35e0c58,Acraea terpsicore,https://biodiversity.org.au/afd/taxa/ba632bea-a7b4-4b60-bf89-d63128cad841,-18.219397,144.666963,2021-07-05T12:00:00Z,PRESENT,iNaturalist Australia
503,4933762d-b78b-42d0-9fe3-e87fe1a1e4f6,Passiflora foetida,https://id.biodiversity.org.au/taxon/apni/51442118,-23.926669,151.353607,2023-02-16T08:36:00Z,PRESENT,iNaturalist Australia
504,493e0a1a-f35a-4e6b-988f-61daf77580ca,Acraea terpsicore,https://biodiversity.org.au/afd/taxa/ba632bea-a7b4-4b60-bf89-d63128cad841,-14.315547,132.420989,2025-06-17T14:12:00Z,PRESENT,iNaturalist Australia
505,494eb854-815f-409d-9cee-e171e43dbdf4,Passiflora foetida,https://id.biodiversity.org.au/taxon/apni/51442118,-26.395419,153.024641,2023-02-07T11:26:27Z,PRESENT,iNaturalist Australia
506,49531536-03ce-4494-826b-e16bc1341c6f,Acraea terpsicore,https://biodiversity.org.au/afd/taxa/ba632bea-a7b4-4b60-bf89-d63128cad841,-12.463733,130.844445,2025-04-27T13:57:00Z,PRESENT,iNaturalist Australia
507,498e7783-7cd8-4959-9721-10e7b193bd34,Passiflora foetida,https://id.biodiversity.org.au/taxon/apni/51442118,-28.831508,153.60525,2025-06-28T12:17:00Z,PRESENT,iNaturalist Australia
508,49c21f46-d36a-4167-b76e-aa0cb789deb7,Acraea terpsicore,https://biodiversity.org.au/afd/taxa/ba632bea-a7b4-4b60-bf89-d63128cad841,-15.761804,131.122191,2024-08-29T00:00:00Z,PRESENT,iNaturalist Australia
509,49f57443-a6e1-417c-a27c-40fd73cb557a,Acraea terpsicore,https://biodiversity.org.au/afd/taxa/ba632bea-a7b4-4b60-bf89-d63128cad841,-17.89555,139.2966,2023-09-09T03:47:00Z,PRESENT,Butterflies Australia
510,4a041822-1c2c-42ac-8663-e30b20dd9969,Passiflora foetida,https://id.biodiversity.org.au/taxon/apni/51442118,-26.680377,153.137968,2024-11-28T11:38:28Z,PRESENT,iNaturalist Australia
511,4a111f7e-289e-490f-8d5e-babb7eba9f80,Passiflora foetida,https://id.biodiversity.org.au/name/apni/51741309,-27.339062,153.082092,2025-03-27T13:12:35Z,PRESENT,iNaturalist Australia
512,4a458599-4bdc-4842-9ec3-10f372191bc3,Passiflora foetida,https://id.biodiversity.org.au/taxon/apni/51442118,-21.576743,117.09975,2021-06-21T15:49:07Z,PRESENT,iNaturalist Australia
513,4a91a927-def9-493f-8d12-043afa212a58,Acraea terpsicore,https://biodiversity.org.au/afd/taxa/ba632bea-a7b4-4b60-bf89-d63128cad841,-20.571748,148.476251,2025-05-22T10:17:34Z,PRESENT,iNaturalist Australia
514,4ac35279-31ed-45eb-8106-0fd9eef658a8,Acraea terpsicore,https://biodiversity.org.au/afd/taxa/ba632bea-a7b4-4b60-bf89-d63128cad841,-26.595451,153.013527,2023-02-14T18:16:58Z,PRESENT,iNaturalist Australia
515,4aeeca4f-7bb1-4afb-b871-003e5b990782,Acraea terpsicore,https://biodiversity.org.au/afd/taxa/ba632bea-a7b4-4b60-bf89-d63128cad841,-13.36516,131.087021,2023-06-09T09:48:00Z,PRESENT,iNaturalist Australia
516,4afe1c53-02a5-4adf-bb73-c019325bd06a,Passiflora foetida,https://id.biodiversity.org.au/taxon/apni/51442118,-27.64935,153.296261,2022-12-16T12:57:41Z,PRESENT,iNaturalist Australia
517,4b0a83c2-b4d8-4472-ae33-3acbb4d7e2bd,Acraea terpsicore,https://biodiversity.org.au/afd/taxa/ba632bea-a7b4-4b60-bf89-d63128cad841,-19.355769,146.733184,2023-03-27T07:43:00Z,PRESENT,iNaturalist Australia
518,4b1002ff-e110-4118-92c1-20528af599d9,Acraea terpsicore,https://biodiversity.org.au/afd/taxa/ba632bea-a7b4-4b60-bf89-d63128cad841,-25.405383,152.906177,2024-03-02T01:48:00Z,PRESENT,iNaturalist Australia
519,4b623387-f98b-462f-97df-ab5d57bee764,Acraea terpsicore,https://biodiversity.org.au/afd/taxa/ba632bea-a7b4-4b60-bf89-d63128cad841,-16.747595,145.662188,2021-08-16T12:52:00Z,PRESENT,iNaturalist Australia
520,4b7c6e31-df29-4453-945d-1506ff94316b,Passiflora foetida,https://id.biodiversity.org.au/taxon/apni/51442118,-20.275159,148.722793,2023-11-29T10:19:07Z,PRESENT,iNaturalist Australia
521,4ba23e98-ea9b-4a60-854a-35a19a1e028f,Acraea terpsicore,https://biodiversity.org.au/afd/taxa/ba632bea-a7b4-4b60-bf89-d63128cad841,-12.279805,131.023774,2025-05-25T11:42:44Z,PRESENT,iNaturalist Australia
522,4bb05ba0-a18e-4aed-8ad0-fcb3bfcbd351,Acraea terpsicore,https://biodiversity.org.au/afd/taxa/ba632bea-a7b4-4b60-bf89-d63128cad841,-20.341164,144.460081,2025-06-16T11:57:07Z,PRESENT,iNaturalist Australia
523,4c01d930-a3bb-4795-9950-5881d5d62ad2,Acraea terpsicore,https://biodiversity.org.au/afd/taxa/ba632bea-a7b4-4b60-bf89-d63128cad841,-19.257824,146.803931,2025-08-17T10:08:00Z,PRESENT,iNaturalist Australia
524,4c243078-4242-4223-bd4d-61bfa62b079b,Passiflora foetida,https://id.biodiversity.org.au/taxon/apni/51442118,-27.4,152.9,2021-04-24T15:05:00Z,PRESENT,Earth Guardians Weekly Feed
525,4c460a16-9fc0-45ad-8800-c7c59f1c74eb,Acraea terpsicore,https://biodiversity.org.au/afd/taxa/ba632bea-a7b4-4b60-bf89-d63128cad841,-20.324317,148.632654,2022-12-28T08:30:00Z,PRESENT,iNaturalist Australia
526,4c7a9a3a-163e-4964-96a9-9a7b204441e2,Acraea terpsicore,https://biodiversity.org.au/afd/taxa/ba632bea-a7b4-4b60-bf89-d63128cad841,-20.271805,148.718775,2025-01-07T09:45:05Z,PRESENT,iNaturalist Australia
527,4ced0fdb-9f52-4108-81c5-65c4eba84e45,Acraea terpsicore,https://biodiversity.org.au/afd/taxa/ba632bea-a7b4-4b60-bf89-d63128cad841,-14.315848,132.421589,2025-06-17T16:36:00Z,PRESENT,iNaturalist Australia
528,4cee76f2-3f22-4079-84c1-dd548a82fe30,Acraea terpsicore,https://biodiversity.org.au/afd/taxa/ba632bea-a7b4-4b60-bf89-d63128cad841,-12.895258,131.627988,2025-02-08T09:54:01Z,PRESENT,iNaturalist Australia
529,4d0535fd-ed69-408e-826f-855747aab8c4,Passiflora foetida,https://id.biodiversity.org.au/taxon/apni/51442118,-18.699883,138.48711,2024-10-06T00:00:00Z,PRESENT,NCW Beadle Herbarium AVH Data
530,4d3db9e0-52d1-4ee9-bd46-e683ff4a1c7f,Acraea terpsicore,https://biodiversity.org.au/afd/taxa/ba632bea-a7b4-4b60-bf89-d63128cad841,-19.301674,146.77758,2025-05-05T09:24:20Z,PRESENT,iNaturalist Australia
531,4d58f923-aa2b-49d6-a259-2a9d226ff174,Passiflora foetida,https://id.biodiversity.org.au/taxon/apni/51442118,-16.104314,145.450668,2022-09-27T12:19:00Z,PRESENT,iNaturalist Australia
532,4d84d551-275f-4d27-9752-d14ef183fb02,Acraea terpsicore,https://biodiversity.org.au/afd/taxa/ba632bea-a7b4-4b60-bf89-d63128cad841,-23.41751,146.41666,2021-08-26T11:11:00Z,PRESENT,iNaturalist Australia
533,4d92937b-5174-4f90-8487-596692a21e24,Passiflora foetida,https://id.biodiversity.org.au/taxon/apni/51442118,-12.453773,130.827929,2022-05-03T10:32:00Z,PRESENT,iNaturalist Australia
534,4da57b40-338a-4edd-aba4-b41cf76587b5,Passiflora foetida,https://id.biodiversity.org.au/name/apni/51741309,-15.49053,145.264083,2022-08-18T11:41:34Z,PRESENT,iNaturalist Australia
535,4dd13760-5d60-4814-8d08-597f0e9fdc6f,Acraea terpsicore,https://biodiversity.org.au/afd/taxa/ba632bea-a7b4-4b60-bf89-d63128cad841,-24.803189,152.441211,2025-01-29T10:12:00Z,PRESENT,iNaturalist Australia
536,4de0bef8-0c57-40ad-b2f0-35bb38d40ba1,Acraea terpsicore,https://biodiversity.org.au/afd/taxa/ba632bea-a7b4-4b60-bf89-d63128cad841,-16.981663,145.550492,2022-03-03T15:15:00Z,PRESENT,iNaturalist Australia
537,4df01899-e5b6-4eab-97ad-6687981f35cb,Acraea terpsicore,https://biodiversity.org.au/afd/taxa/ba632bea-a7b4-4b60-bf89-d63128cad841,-12.6997,143.3299,2022-03-24T17:30:00Z,PRESENT,Butterflies Australia
538,4e0f012f-4fc6-4a6f-a6d8-3752c79a56e0,Passiflora foetida,https://id.biodiversity.org.au/taxon/apni/51442118,-23.652707,148.076202,2022-08-24T10:07:00Z,PRESENT,iNaturalist Australia
539,4e29ff7a-d5f9-442b-a0b7-051cd21d8981,Acraea terpsicore,https://biodiversity.org.au/afd/taxa/ba632bea-a7b4-4b60-bf89-d63128cad841,-16.83921,145.74087,2022-02-27T02:16:00Z,PRESENT,Butterflies Australia
540,4e39c88c-abba-48e3-b7a7-c26ac77b9946,Acraea terpsicore,https://biodiversity.org.au/afd/taxa/ba632bea-a7b4-4b60-bf89-d63128cad841,-12.367059,130.908887,2025-01-01T09:19:42Z,PRESENT,iNaturalist Australia
541,4e3b504f-605e-4ec3-88f9-cb1dcad0bae3,Acraea terpsicore,https://biodiversity.org.au/afd/taxa/ba632bea-a7b4-4b60-bf89-d63128cad841,-24.559852,151.883583,2024-06-21T12:46:00Z,PRESENT,iNaturalist Australia
542,4e4cf835-164e-4b7c-b9e1-a3a238eb89a8,Acraea terpsicore,https://biodiversity.org.au/afd/taxa/ba632bea-a7b4-4b60-bf89-d63128cad841,-14.438646,132.271238,2024-06-04T18:01:15Z,PRESENT,iNaturalist Australia
543,4ef24d1a-1471-4885-aac0-ef9edb5b1d99,Acraea terpsicore,https://biodiversity.org.au/afd/taxa/ba632bea-a7b4-4b60-bf89-d63128cad841,-14.183749,132.188197,2025-05-15T05:06:00Z,PRESENT,NatureMapr
544,4f2ae871-9a1d-4ade-ba40-63cf6343215f,Acraea terpsicore,https://biodiversity.org.au/afd/taxa/ba632bea-a7b4-4b60-bf89-d63128cad841,-19.188598,146.772212,2022-06-23T11:32:00Z,PRESENT,iNaturalist Australia
545,4f3c3859-dc04-4484-a0ea-e18b2ba2cead,Passiflora foetida,https://id.biodiversity.org.au/name/apni/51741309,-20.253758,148.813355,2021-04-04T07:37:58Z,PRESENT,iNaturalist Australia
546,4f409bc6-53af-4f05-a12d-1ff86810abb6,Acraea terpsicore,https://biodiversity.org.au/afd/taxa/ba632bea-a7b4-4b60-bf89-d63128cad841,-22.348058,149.522536,2024-09-17T12:25:00Z,PRESENT,iNaturalist Australia
547,4f580f0f-421a-40b2-b870-1782144bca14,Acraea terpsicore,https://biodiversity.org.au/afd/taxa/ba632bea-a7b4-4b60-bf89-d63128cad841,-14.926073,144.197167,2021-07-22T13:56:00Z,PRESENT,iNaturalist Australia
548,4f89165b-3354-47f9-a398-6dc88a68431c,Acraea terpsicore,https://biodiversity.org.au/afd/taxa/ba632bea-a7b4-4b60-bf89-d63128cad841,-15.90152,128.130539,2025-06-25T10:42:42Z,PRESENT,iNaturalist Australia
549,4fb8c61a-e008-48b8-b50b-115893b976eb,Acraea terpsicore,https://biodiversity.org.au/afd/taxa/ba632bea-a7b4-4b60-bf89-d63128cad841,-12.347069,130.895929,2024-07-07T10:04:00Z,PRESENT,iNaturalist Australia
550,4fd72d09-5369-4089-930b-4965a0f1165f,Passiflora foetida,https://id.biodiversity.org.au/taxon/apni/51442118,-19.258225,146.804613,2022-02-27T13:37:54Z,PRESENT,iNaturalist Australia
551,4ffe7c1f-3619-4398-aca1-f6d89b3362a8,Acraea terpsicore,https://biodiversity.org.au/afd/taxa/ba632bea-a7b4-4b60-bf89-d63128cad841,-12.36608,130.864945,2025-04-30T16:03:27Z,PRESENT,iNaturalist Australia
552,4ffef314-d5c6-4875-9587-c406a9183d26,Passiflora foetida,https://id.biodiversity.org.au/taxon/apni/51442118,-27.48079,153.082971,2024-12-17T08:50:00Z,PRESENT,iNaturalist Australia
553,502dff0e-9a89-417a-828c-30e3b9c98966,Acraea terpsicore,https://biodiversity.org.au/afd/taxa/ba632bea-a7b4-4b60-bf89-d63128cad841,-21.476828,149.114656,2025-05-21T13:09:04Z,PRESENT,iNaturalist Australia
554,503d7fb7-3251-4ed7-bb55-19bb7afc6048,Passiflora foetida,https://id.biodiversity.org.au/taxon/apni/51442118,-12.375875,130.853789,2025-01-01T16:27:32Z,PRESENT,iNaturalist Australia
555,5041b61b-572c-4d2b-a58f-cf5d8858ffdb,Passiflora foetida,https://id.biodiversity.org.au/taxon/apni/51442118,-15.905424,128.128209,2024-09-17T23:15:33Z,PRESENT,NatureMapr
556,50475d90-b429-4ca9-a059-b86bb17d37f1,Passiflora foetida,https://id.biodiversity.org.au/taxon/apni/51442118,-14.478758,132.394556,2021-10-27T00:00:00Z,PRESENT,Flora Atlas N.T.
557,50681b92-6ddf-4139-8cfd-aed7ca2f7322,Passiflora foetida,https://id.biodiversity.org.au/taxon/apni/51442118,-27.434713,153.148991,2023-12-13T17:18:35Z,PRESENT,iNaturalist Australia
558,507e10c3-7df1-4783-981a-045f406ae38e,Passiflora foetida,https://id.biodiversity.org.au/taxon/apni/51442118,-26.812117,153.107802,2022-06-16T09:15:00Z,PRESENT,iNaturalist Australia
559,5086b69b-8433-4fe9-b104-0860cdbc5c6e,Passiflora foetida,https://id.biodiversity.org.au/taxon/apni/51442118,-14.22582,143.79084,2021-03-29T00:00:00Z,PRESENT,WildNet - Queensland Wildlife Data
560,50a8db73-8e01-4af4-9bda-b98785cd33ad,Passiflora foetida,https://id.biodiversity.org.au/node/apni/2905971,-28.560761,153.539436,2021-10-08T00:00:00Z,PRESENT,NSW BioNet Atlas
561,50abde1e-af48-4923-973d-daf0e6383ca4,Acraea terpsicore,https://biodiversity.org.au/afd/taxa/ba632bea-a7b4-4b60-bf89-d63128cad841,-19.255614,146.789398,2025-10-02T09:24:00Z,PRESENT,iNaturalist Australia
562,50ec2dba-dcb3-4fb7-913c-cc26a0be6374,Passiflora foetida,https://id.biodiversity.org.au/taxon/apni/51442118,-14.470803,132.263443,2021-11-15T00:00:00Z,PRESENT,Flora Atlas N.T.
563,511b668f-8368-4433-8454-1b3981d48064,Passiflora foetida,https://id.biodiversity.org.au/taxon/apni/51442118,-19.744806,147.492186,2023-11-02T08:54:00Z,PRESENT,iNaturalist Australia
564,5154a250-9735-4ae1-9f66-bbff62fb74b5,Acraea terpsicore,https://biodiversity.org.au/afd/taxa/ba632bea-a7b4-4b60-bf89-d63128cad841,-27.485642,152.954073,2022-02-05T12:31:00Z,PRESENT,iNaturalist Australia
565,5162778b-d434-4643-b23c-dfa9561d26d2,Acraea terpsicore,https://biodiversity.org.au/afd/taxa/ba632bea-a7b4-4b60-bf89-d63128cad841,-18.0581,144.0678,2021-03-22T12:00:00Z,PRESENT,Butterflies Australia
566,51735e17-87cb-4ff0-b451-df2217deb799,Passiflora foetida,https://id.biodiversity.org.au/taxon/apni/51442118,-14.18148,132.188077,2021-06-09T15:59:00Z,PRESENT,iNaturalist Australia
567,517ad5ac-e7e5-4c30-a153-5d34f430e8e0,Acraea terpsicore,https://biodiversity.org.au/afd/taxa/ba632bea-a7b4-4b60-bf89-d63128cad841,-29.833993,153.063874,2022-01-07T11:06:00Z,PRESENT,iNaturalist Australia
568,51c4b147-7dee-4d57-a82e-a64bde69848b,Acraea terpsicore,https://biodiversity.org.au/afd/taxa/ba632bea-a7b4-4b60-bf89-d63128cad841,-18.295548,143.369656,2023-02-16T16:46:00Z,PRESENT,iNaturalist Australia
569,51ec98a3-c5f0-40f0-ac64-d517b4f54f15,Passiflora foetida,https://id.biodiversity.org.au/taxon/apni/51442118,-19.174045,146.834295,2021-04-18T15:18:16Z,PRESENT,iNaturalist Australia
570,51f7686f-f7cb-415f-933a-d60496f8e27f,Acraea terpsicore,https://biodiversity.org.au/afd/taxa/ba632bea-a7b4-4b60-bf89-d63128cad841,-12.233187,141.725941,2021-06-02T13:53:00Z,PRESENT,iNaturalist Australia
571,51f7c918-8df0-4376-ab25-4d95f09f6ddd,Acraea terpsicore,https://biodiversity.org.au/afd/taxa/ba632bea-a7b4-4b60-bf89-d63128cad841,-20.361867,144.460997,2025-08-13T10:47:06Z,PRESENT,iNaturalist Australia
572,51fbfddb-32f2-4e14-aa9f-b0e1ffcd5cd3,Passiflora foetida,https://id.biodiversity.org.au/taxon/apni/51442118,-23.255285,150.801101,2024-04-12T09:58:56Z,PRESENT,iNaturalist Australia
573,520439de-a9ae-4d5c-b859-f9e56e29b04c,Passiflora foetida,https://id.biodiversity.org.au/taxon/apni/51442118,-14.473237,132.261603,2021-06-10T00:00:00Z,PRESENT,Flora Atlas N.T.
574,52100fbd-3d43-413e-a4bd-f2a98c75f263,Passiflora foetida,https://id.biodiversity.org.au/taxon/apni/51442118,-24.149659,151.88552,2022-08-17T13:16:00Z,PRESENT,iNaturalist Australia
575,52122597-f0ad-49c1-b97d-49cd67df0dde,Acraea terpsicore,https://biodiversity.org.au/afd/taxa/ba632bea-a7b4-4b60-bf89-d63128cad841,-19.196075,146.766933,2023-03-20T10:10:00Z,PRESENT,iNaturalist Australia
576,52fa2f90-25ac-4de6-a101-37b0ac29a1e6,Acraea terpsicore,https://biodiversity.org.au/afd/taxa/ba632bea-a7b4-4b60-bf89-d63128cad841,-20.345593,144.459786,2025-05-21T17:41:00Z,PRESENT,iNaturalist Australia
577,530da384-0f65-4e2a-85ba-52b7388bef87,Acraea terpsicore,https://biodiversity.org.au/afd/taxa/ba632bea-a7b4-4b60-bf89-d63128cad841,-24.148103,150.686988,2022-02-27T10:36:51Z,PRESENT,iNaturalist Australia
578,5314844d-412c-48f0-8369-410a4861d7c0,Acraea terpsicore,https://biodiversity.org.au/afd/taxa/ba632bea-a7b4-4b60-bf89-d63128cad841,-26.5061,153.086582,2024-04-06T15:51:11Z,PRESENT,iNaturalist Australia
579,53683179-c7c6-4b75-83e4-79ab4a735a7f,Passiflora foetida,https://id.biodiversity.org.au/taxon/apni/51442118,-16.075365,145.468797,2024-10-12T12:40:00Z,PRESENT,iNaturalist Australia
580,53872a3e-72e8-41de-b654-9d116918a4d3,Acraea terpsicore,https://biodiversity.org.au/afd/taxa/ba632bea-a7b4-4b60-bf89-d63128cad841,-12.670951,141.888428,2022-01-26T10:48:00Z,PRESENT,iNaturalist Australia
581,5392c0ee-382b-42b0-adac-ebf61b3c1ec4,Acraea terpsicore,https://biodiversity.org.au/afd/taxa/ba632bea-a7b4-4b60-bf89-d63128cad841,-14.917434,133.072102,2023-02-10T15:47:00Z,PRESENT,iNaturalist Australia
582,539c0025-235e-4c14-b004-8e81be7bd1c3,Passiflora foetida,https://id.biodiversity.org.au/taxon/apni/51442118,-25.341422,152.741782,2023-01-23T15:05:00Z,PRESENT,iNaturalist Australia
583,542232ef-044f-4848-9da7-cf8af10a0373,Acraea terpsicore,https://biodiversity.org.au/afd/taxa/ba632bea-a7b4-4b60-bf89-d63128cad841,-20.724925,139.49303,2024-06-22T14:25:00Z,PRESENT,iNaturalist Australia
584,5427aea8-477b-4b39-9d9f-2a575ede50b4,Acraea terpsicore,https://biodiversity.org.au/afd/taxa/ba632bea-a7b4-4b60-bf89-d63128cad841,-26.39023,152.97501,2023-02-18T04:48:00Z,PRESENT,Butterflies Australia
585,545f70b2-9201-4880-9a80-8426bffad487,Passiflora foetida,https://id.biodiversity.org.au/taxon/apni/51442118,-14.421768,132.318367,2021-12-02T00:00:00Z,PRESENT,Flora Atlas N.T.
586,5468b680-7800-4f7f-9c46-4e8eb7385648,Acraea terpsicore,https://biodiversity.org.au/afd/taxa/ba632bea-a7b4-4b60-bf89-d63128cad841,-12.272818,130.903123,2023-07-28T10:55:37Z,PRESENT,iNaturalist Australia
587,54711b82-7c5f-468c-b577-102e691bb0f7,Acraea terpsicore,https://biodiversity.org.au/afd/taxa/ba632bea-a7b4-4b60-bf89-d63128cad841,-20.014869,148.266111,2025-09-04T12:06:00Z,PRESENT,iNaturalist Australia
588,54840194-f05e-4ca8-9590-9d4e9d4359c5,Acraea terpsicore,https://biodiversity.org.au/afd/taxa/ba632bea-a7b4-4b60-bf89-d63128cad841,-19.23129,146.7638,2022-09-04T00:15:00Z,PRESENT,Butterflies Australia
589,5493c571-83b0-4b8d-984e-67b9068c0e24,Acraea terpsicore,https://biodiversity.org.au/afd/taxa/ba632bea-a7b4-4b60-bf89-d63128cad841,-19.97834,148.25976,2022-09-23T01:45:00Z,PRESENT,Butterflies Australia
590,549dea22-0fb3-4b3b-bd7b-b53420e78c34,Acraea terpsicore,https://biodiversity.org.au/afd/taxa/ba632bea-a7b4-4b60-bf89-d63128cad841,-15.721436,135.640326,2023-06-15T13:25:00Z,PRESENT,iNaturalist Australia
591,54c7ad6e-d3d5-4f8e-bfc7-5ef1926a9e42,Acraea terpsicore,https://biodiversity.org.au/afd/taxa/ba632bea-a7b4-4b60-bf89-d63128cad841,-19.190292,146.774028,2025-06-30T19:11:00Z,PRESENT,iNaturalist Australia
592,54cdd700-02b9-4034-88d3-f46cd1730e25,Acraea terpsicore,https://biodiversity.org.au/afd/taxa/ba632bea-a7b4-4b60-bf89-d63128cad841,-17.877222,140.823056,2021-07-26T14:54:00Z,PRESENT,iNaturalist Australia
593,54d4f725-65a8-4327-b3b5-e7110b0c9234,Acraea terpsicore,https://biodiversity.org.au/afd/taxa/ba632bea-a7b4-4b60-bf89-d63128cad841,-20.014565,148.266034,2021-10-14T09:52:00Z,PRESENT,iNaturalist Australia
594,54eb4249-6b5b-4248-b0cd-276f826ec714,Acraea terpsicore,https://biodiversity.org.au/afd/taxa/ba632bea-a7b4-4b60-bf89-d63128cad841,-15.765381,128.742154,2024-04-09T16:49:00Z,PRESENT,iNaturalist Australia
595,55211a60-a7ae-4787-b023-7be12ddabb84,Acraea terpsicore,https://biodiversity.org.au/afd/taxa/ba632bea-a7b4-4b60-bf89-d63128cad841,-14.149075,126.239286,2025-08-03T11:50:00Z,PRESENT,iNaturalist Australia
596,556ddd04-ea3c-48b5-a116-38a32b426100,Passiflora foetida,https://id.biodiversity.org.au/taxon/apni/51442118,-27.345289,153.076392,2024-02-17T09:26:42Z,PRESENT,iNaturalist Australia
597,557c7032-f78a-4dc4-ba3c-3abe818ce72d,Passiflora foetida,https://id.biodiversity.org.au/taxon/apni/51442118,-27.471137,152.949286,2022-03-05T10:19:00Z,PRESENT,iNaturalist Australia
598,5590fd2f-e14e-4ae1-a5c0-d37715a6adbc,Passiflora foetida,https://id.biodiversity.org.au/taxon/apni/51442118,-16.79042,145.704925,2021-12-30T17:06:00Z,PRESENT,iNaturalist Australia
599,55918cce-a462-4863-b27c-13217c801632,Passiflora foetida,https://id.biodiversity.org.au/taxon/apni/51442118,-26.382867,153.095825,2024-09-12T12:32:15Z,PRESENT,iNaturalist Australia
600,56121349-b6e3-4145-ab08-749d53225dc7,Passiflora foetida,https://id.biodiversity.org.au/taxon/apni/51442118,-25.580469,151.661778,2021-07-30T08:54:27Z,PRESENT,iNaturalist Australia
601,562c90a0-48b5-4f00-a6a2-0657336190ff,Passiflora foetida,https://id.biodiversity.org.au/taxon/apni/51442118,-20.1,146.2,2021-01-03T17:50:00Z,PRESENT,Earth Guardians Weekly Feed
602,56397303-c3e4-4ba4-bd34-ca7c703296c8,Acraea terpsicore,https://biodiversity.org.au/afd/taxa/ba632bea-a7b4-4b60-bf89-d63128cad841,-21.3,149.2,2023-11-26T06:28:00Z,PRESENT,Earth Guardians Weekly Feed
603,563aa846-b39f-43a0-8485-522df8b96fb2,Acraea terpsicore,https://biodiversity.org.au/afd/taxa/ba632bea-a7b4-4b60-bf89-d63128cad841,-27.490846,153.186106,2022-03-23T12:30:21Z,PRESENT,iNaturalist Australia
604,56ead9bb-7e02-430e-976b-261124717c42,Acraea terpsicore,https://biodiversity.org.au/afd/taxa/ba632bea-a7b4-4b60-bf89-d63128cad841,-19.146791,146.774278,2025-07-13T15:08:00Z,PRESENT,Earth Guardians Weekly Feed
605,56fb44b7-6a68-424a-9e08-014b50b11160,Acraea terpsicore,https://biodiversity.org.au/afd/taxa/ba632bea-a7b4-4b60-bf89-d63128cad841,-19.19658,146.768639,2025-11-03T09:28:35Z,PRESENT,iNaturalist Australia
606,5706c394-d792-4740-9376-c9256c280fb3,Acraea terpsicore,https://biodiversity.org.au/afd/taxa/ba632bea-a7b4-4b60-bf89-d63128cad841,-12.64848,131.10952,2023-01-17T10:50:00Z,PRESENT,iNaturalist Australia
607,573481f5-1462-482d-bacc-b3b59d0a1467,Acraea terpsicore,https://biodiversity.org.au/afd/taxa/ba632bea-a7b4-4b60-bf89-d63128cad841,-17.409631,145.062215,2023-04-21T10:13:00Z,PRESENT,iNaturalist Australia
608,574375c0-0fd4-43b3-b20f-ab8fd1a223f0,Passiflora foetida,https://id.biodiversity.org.au/taxon/apni/51442118,-12.212892,134.282653,2025-03-13T17:09:27Z,PRESENT,iNaturalist Australia
609,57552d02-03e0-4b76-bdc2-90b2b8f0fb15,Passiflora foetida,https://id.biodiversity.org.au/taxon/apni/51442118,-24.200309,151.900837,2021-10-14T06:23:32Z,PRESENT,iNaturalist Australia
610,57580197-79f2-47f8-8d5c-c62cd141b31a,Acraea terpsicore,https://biodiversity.org.au/afd/taxa/ba632bea-a7b4-4b60-bf89-d63128cad841,-27.485699,152.951467,2022-03-05T14:52:00Z,PRESENT,iNaturalist Australia
611,577b4d7f-b345-488a-8ccf-ef4148de9ab7,Passiflora foetida,https://id.biodiversity.org.au/taxon/apni/51442118,-14.469827,132.264038,2021-06-10T00:00:00Z,PRESENT,Flora Atlas N.T.
612,57ad7edf-6079-44e4-9f38-6e8b22cf120f,Acraea terpsicore,https://biodiversity.org.au/afd/taxa/ba632bea-a7b4-4b60-bf89-d63128cad841,-19.198838,146.751162,2024-03-12T07:40:00Z,PRESENT,iNaturalist Australia
613,57b049d0-8718-4bdc-8dc5-842baa8c4d3d,Passiflora foetida,https://id.biodiversity.org.au/taxon/apni/51442118,-19.197127,146.77049,2022-12-06T06:36:00Z,PRESENT,iNaturalist Australia
614,580772a9-d2fe-472c-b500-c48bfd00ca31,Passiflora foetida,https://id.biodiversity.org.au/taxon/apni/51442118,-20.1,146.2,2021-01-28T11:09:00Z,PRESENT,Earth Guardians Weekly Feed
615,581603bb-eb7d-4451-a75f-edfa8915fb96,Passiflora foetida,https://id.biodiversity.org.au/taxon/apni/51442118,-12.17809,136.77084,2022-06-27T15:25:00Z,PRESENT,iNaturalist Australia
616,582aca4f-ca8f-4c9c-b593-ba978196c440,Passiflora foetida,https://id.biodiversity.org.au/name/apni/51741309,-27.550111,152.508881,2026-01-08T11:35:00Z,PRESENT,iNaturalist Australia
617,58598285-9e96-4d7b-8c9b-7addbeec2b4a,Acraea terpsicore,https://biodiversity.org.au/afd/taxa/ba632bea-a7b4-4b60-bf89-d63128cad841,-18.0948,144.0911,2021-03-22T01:00:00Z,PRESENT,Butterflies Australia
618,585a0170-cc52-44e8-81a2-646712ddff73,Passiflora foetida,https://id.biodiversity.org.au/taxon/apni/51442118,-16.10328,145.451705,2022-09-27T09:43:14Z,PRESENT,iNaturalist Australia
619,58674a32-2a3e-4518-8db4-1d02432299af,Acraea terpsicore,https://biodiversity.org.au/afd/taxa/ba632bea-a7b4-4b60-bf89-d63128cad841,-21.131792,148.491011,2021-04-12T12:38:06Z,PRESENT,iNaturalist Australia
620,589249ab-b4fe-44a0-8471-a534001552f6,Passiflora foetida,https://id.biodiversity.org.au/taxon/apni/51442118,-12.398642,130.932047,2023-08-19T14:59:00Z,PRESENT,iNaturalist Australia
621,58a951cf-752b-441a-86fd-648b0646c78e,Passiflora foetida,https://id.biodiversity.org.au/taxon/apni/51442118,-24.208363,151.910478,2025-03-31T14:18:24Z,PRESENT,iNaturalist Australia
622,58c67f45-0634-4dec-92ba-528d2d95d7f8,Acraea terpsicore,https://biodiversity.org.au/afd/taxa/ba632bea-a7b4-4b60-bf89-d63128cad841,-17.26801,145.4847,2021-04-09T15:29:00Z,PRESENT,Butterflies Australia
623,58d3a023-04ae-4aab-9de9-d9a7253c81b3,Acraea terpsicore,https://biodiversity.org.au/afd/taxa/ba632bea-a7b4-4b60-bf89-d63128cad841,-16.228577,128.739776,2025-10-01T01:38:00Z,PRESENT,iNaturalist Australia
624,59033606-d1ff-40e7-8f07-c451c1362840,Passiflora foetida,https://id.biodiversity.org.au/taxon/apni/51442118,-14.472062,132.260647,2021-11-15T00:00:00Z,PRESENT,Flora Atlas N.T.
625,593b8ba4-6ba7-4669-b84c-3243592ed166,Passiflora foetida,https://id.biodiversity.org.au/taxon/apni/51442118,-24.905158,152.278028,2025-04-24T13:57:30Z,PRESENT,iNaturalist Australia
626,593cec12-af01-444f-b1ee-a12e7fafe737,Acraea terpsicore,https://biodiversity.org.au/afd/taxa/ba632bea-a7b4-4b60-bf89-d63128cad841,-20.066874,148.450875,2024-07-24T09:25:00Z,PRESENT,iNaturalist Australia
627,59577c5a-a092-4ee2-a11a-7bf481f32ee0,Acraea terpsicore,https://biodiversity.org.au/afd/taxa/ba632bea-a7b4-4b60-bf89-d63128cad841,-12.454333,130.947672,2024-04-26T18:06:00Z,PRESENT,iNaturalist Australia
628,5960bab7-7c27-4ab3-9c5d-dd261f44fdc1,Passiflora foetida,https://id.biodiversity.org.au/taxon/apni/51442118,-18.206794,142.702886,2024-09-12T07:35:08Z,PRESENT,iNaturalist Australia
629,599433e0-f749-4405-bf29-ac143b6290c4,Acraea terpsicore,https://biodiversity.org.au/afd/taxa/ba632bea-a7b4-4b60-bf89-d63128cad841,-14.439257,132.270211,2023-04-08T13:01:00Z,PRESENT,iNaturalist Australia
630,59b58a45-85c4-4378-973c-f8eb3946f47f,Passiflora foetida,https://id.biodiversity.org.au/name/apni/51741309,-27.459814,152.873861,2022-11-26T10:42:20Z,PRESENT,iNaturalist Australia
631,59d56642-6d50-4222-ac35-62406fe77d15,Passiflora foetida,https://id.biodiversity.org.au/taxon/apni/51442118,-27.549756,152.509369,2023-05-01T12:28:00Z,PRESENT,iNaturalist Australia
632,59e7e0fc-56b8-410b-967c-221e7b3dc658,Acraea terpsicore,https://biodiversity.org.au/afd/taxa/ba632bea-a7b4-4b60-bf89-d63128cad841,-19.519116,146.873128,2025-06-12T13:36:00Z,PRESENT,iNaturalist Australia
633,5a1a1a5e-b0c8-4e11-847f-e9ea008910f4,Acraea terpsicore,https://biodiversity.org.au/afd/taxa/ba632bea-a7b4-4b60-bf89-d63128cad841,-27.33673,153.07953,2021-02-28T11:40:00Z,PRESENT,Butterflies Australia
634,5a7a7056-bd5d-4ce0-b6e1-a32cbd55053f,Acraea terpsicore,https://biodiversity.org.au/afd/taxa/ba632bea-a7b4-4b60-bf89-d63128cad841,-12.369364,130.908814,2025-09-06T11:47:00Z,PRESENT,iNaturalist Australia
635,5a807017-0716-46ca-8a03-1c1b72df0762,Acraea terpsicore,https://biodiversity.org.au/afd/taxa/ba632bea-a7b4-4b60-bf89-d63128cad841,-19.207633,146.741807,2021-05-16T14:43:00Z,PRESENT,iNaturalist Australia
636,5ab67335-d08d-4a61-8b99-977413a0a13f,Acraea terpsicore,https://biodiversity.org.au/afd/taxa/ba632bea-a7b4-4b60-bf89-d63128cad841,-18.553579,143.582934,2025-05-17T11:37:00Z,PRESENT,iNaturalist Australia
637,5acebcab-70f2-4d10-9a8b-6027a39dc6d8,Acraea terpsicore,https://biodiversity.org.au/afd/taxa/ba632bea-a7b4-4b60-bf89-d63128cad841,-17.91649,145.35196,2023-06-11T16:30:00Z,PRESENT,Butterflies Australia
638,5ade29d5-3089-44fd-b56d-fe8dfb0ebe8a,Acraea terpsicore,https://biodiversity.org.au/afd/taxa/ba632bea-a7b4-4b60-bf89-d63128cad841,-16.818234,124.920597,2021-06-26T14:49:00Z,PRESENT,iNaturalist Australia
639,5b03ea19-584c-4c50-b0cb-c7461a9102c9,Acraea terpsicore,https://biodiversity.org.au/afd/taxa/ba632bea-a7b4-4b60-bf89-d63128cad841,-18.201661,142.246293,2022-09-02T13:46:00Z,PRESENT,iNaturalist Australia
640,5b0b2345-33b8-4d6c-9f0f-9f381600001c,Acraea terpsicore,https://biodiversity.org.au/afd/taxa/ba632bea-a7b4-4b60-bf89-d63128cad841,-12.236543,141.7165,2023-05-18T12:02:00Z,PRESENT,iNaturalist Australia
641,5b277a66-3305-4533-a4e8-6eb2cdc5df6f,Acraea terpsicore,https://biodiversity.org.au/afd/taxa/ba632bea-a7b4-4b60-bf89-d63128cad841,-12.338757,130.89286,2021-02-03T12:47:57Z,PRESENT,iNaturalist Australia
642,5b4032ec-b9b3-4c30-a164-71a858515d98,Passiflora foetida,https://id.biodiversity.org.au/taxon/apni/51442118,-12.189669,136.752073,2023-11-30T16:09:37Z,PRESENT,iNaturalist Australia
643,5b7dd78f-2664-41cf-bb2e-23fe7f7c852e,Passiflora foetida,https://id.biodiversity.org.au/name/apni/51741309,-27.459652,152.877569,2022-11-18T10:27:20Z,PRESENT,iNaturalist Australia
644,5bbf8471-ffc7-4176-bdf8-1dcda2cc10f1,Acraea terpsicore,https://biodiversity.org.au/afd/taxa/ba632bea-a7b4-4b60-bf89-d63128cad841,-23.867027,148.136532,2022-07-12T14:29:04Z,PRESENT,iNaturalist Australia
645,5bc452d4-8de7-424d-804a-43830294c017,Acraea terpsicore,https://biodiversity.org.au/afd/taxa/ba632bea-a7b4-4b60-bf89-d63128cad841,-20.273295,148.715873,2022-11-26T14:42:00Z,PRESENT,iNaturalist Australia
646,5bc92d9d-3b95-441f-8039-f1ffe0511d3b,Acraea terpsicore,https://biodiversity.org.au/afd/taxa/ba632bea-a7b4-4b60-bf89-d63128cad841,-19.162405,146.847096,2022-07-09T13:19:00Z,PRESENT,iNaturalist Australia
647,5be94234-e129-4d69-8188-d8bfa1a82bac,Acraea terpsicore,https://biodiversity.org.au/afd/taxa/ba632bea-a7b4-4b60-bf89-d63128cad841,-19.257845,146.804003,2025-07-04T15:25:46Z,PRESENT,iNaturalist Australia
648,5bebcdbd-43e7-488a-8293-11a569151067,Acraea terpsicore,https://biodiversity.org.au/afd/taxa/ba632bea-a7b4-4b60-bf89-d63128cad841,-30.296087,153.138514,2022-11-02T02:48:00Z,PRESENT,NatureMapr
649,5c2b73b4-ea67-4682-8aae-85d749240d19,Acraea terpsicore,https://biodiversity.org.au/afd/taxa/ba632bea-a7b4-4b60-bf89-d63128cad841,-25.790273,152.6967,2025-03-06T08:52:00Z,PRESENT,iNaturalist Australia
650,5c36922a-3b09-42ae-9922-c197328039a0,Acraea terpsicore,https://biodiversity.org.au/afd/taxa/ba632bea-a7b4-4b60-bf89-d63128cad841,-27.514665,152.844107,2022-03-06T12:08:07Z,PRESENT,iNaturalist Australia
651,5c3e3da1-d252-48d1-863f-df37375944e7,Passiflora foetida,https://id.biodiversity.org.au/taxon/apni/51442118,-14.470096,132.261621,2021-06-10T00:00:00Z,PRESENT,Flora Atlas N.T.
652,5cdf10d4-03fb-46da-8a3c-dc5e63dd1960,Passiflora foetida,https://id.biodiversity.org.au/taxon/apni/51442118,-19.257931,146.803861,2025-11-26T14:26:00Z,PRESENT,iNaturalist Australia
653,5d4bfaf9-f1ed-4505-922d-b9224e81fdff,Passiflora foetida,https://id.biodiversity.org.au/taxon/apni/51442118,-23.173002,150.78623,2025-05-23T15:30:00Z,PRESENT,iNaturalist Australia
654,5dc4bb60-5810-40ab-8be8-e4c0d058bc67,Passiflora foetida,https://id.biodiversity.org.au/name/apni/51741309,-26.733427,153.095128,2025-01-30T12:03:49Z,PRESENT,iNaturalist Australia
655,5dcbb458-c40a-4bed-b602-4a965b5f1091,Acraea terpsicore,https://biodiversity.org.au/afd/taxa/ba632bea-a7b4-4b60-bf89-d63128cad841,-14.5,132.2,2021-02-06T10:17:00Z,PRESENT,Earth Guardians Weekly Feed
656,5dfb9f0c-d191-46a6-bd3c-399231e3a605,Passiflora foetida,https://id.biodiversity.org.au/taxon/apni/51442118,-27.341678,153.063842,2024-01-22T10:04:20Z,PRESENT,iNaturalist Australia
657,5e54ebf3-4807-4b58-a230-7663540527ec,Passiflora foetida,https://id.biodiversity.org.au/taxon/apni/51442118,-27.488106,153.112031,2022-04-16T07:22:52Z,PRESENT,iNaturalist Australia
658,5e91ef3e-e902-457f-ad93-4ac483051bb8,Acraea terpsicore,https://biodiversity.org.au/afd/taxa/ba632bea-a7b4-4b60-bf89-d63128cad841,-20.101328,148.553186,2025-07-23T13:29:00Z,PRESENT,iNaturalist Australia
659,5e927db6-c2bc-48d7-bcf9-b25dd7beffb6,Acraea terpsicore,https://biodiversity.org.au/afd/taxa/ba632bea-a7b4-4b60-bf89-d63128cad841,-15.433263,144.982625,2022-06-25T02:00:00Z,PRESENT,Butterflies Australia
660,5eaafa6f-6ac9-449b-a8f6-efe8597296d1,Acraea terpsicore,https://biodiversity.org.au/afd/taxa/ba632bea-a7b4-4b60-bf89-d63128cad841,-17.74008,139.54788,2023-09-09T22:32:00Z,PRESENT,Butterflies Australia
661,5f2c89d8-de7d-40a9-b49b-500305f6e4b9,Acraea terpsicore,https://biodiversity.org.au/afd/taxa/ba632bea-a7b4-4b60-bf89-d63128cad841,-16.787868,145.693065,2025-08-21T12:33:00Z,PRESENT,iNaturalist Australia
662,5f3866b3-f132-49ce-ab79-4ec4c68dcabd,Passiflora foetida,https://id.biodiversity.org.au/taxon/apni/51442118,-20.037958,148.171605,2024-05-21T10:28:00Z,PRESENT,iNaturalist Australia
663,5f59d1e7-b0aa-4ec7-bc3c-00c9022f4850,Acraea terpsicore,https://biodiversity.org.au/afd/taxa/ba632bea-a7b4-4b60-bf89-d63128cad841,-18.040031,144.881387,2021-07-04T14:52:00Z,PRESENT,iNaturalist Australia
664,5f5c39fc-8e28-4425-ba21-ce72f19febb5,Acraea terpsicore,https://biodiversity.org.au/afd/taxa/ba632bea-a7b4-4b60-bf89-d63128cad841,-19.2583,146.803131,2021-03-02T10:08:00Z,PRESENT,iNaturalist Australia
665,5f9d109d-937e-49e1-8589-ec0278e252dc,Acraea terpsicore,https://biodiversity.org.au/afd/taxa/ba632bea-a7b4-4b60-bf89-d63128cad841,-19.177492,146.844085,2022-04-04T09:17:47Z,PRESENT,iNaturalist Australia
666,5fb8f90d-862d-4b4f-944b-6b822ba9ce48,Acraea terpsicore,https://biodiversity.org.au/afd/taxa/ba632bea-a7b4-4b60-bf89-d63128cad841,-12.349239,130.898633,2023-04-24T08:32:00Z,PRESENT,iNaturalist Australia
667,5feb4a96-481f-42d9-99fc-b2b8d2be37b9,Acraea terpsicore,https://biodiversity.org.au/afd/taxa/ba632bea-a7b4-4b60-bf89-d63128cad841,-26.61576,153.063643,2023-04-16T08:25:59Z,PRESENT,iNaturalist Australia
668,5ff49fbd-0876-4315-b849-d23fc64e23fe,Acraea terpsicore,https://biodiversity.org.au/afd/taxa/ba632bea-a7b4-4b60-bf89-d63128cad841,-20.000368,148.249079,2024-08-31T10:12:00Z,PRESENT,iNaturalist Australia
669,601c4810-30b2-480d-bbc9-5c8529fc846f,Acraea terpsicore,https://biodiversity.org.au/afd/taxa/ba632bea-a7b4-4b60-bf89-d63128cad841,-27.236837,152.92987,2021-06-13T09:46:00Z,PRESENT,iNaturalist Australia
670,6024d96e-2b15-41a0-9c13-9095b47faaab,Acraea terpsicore,https://biodiversity.org.au/afd/taxa/ba632bea-a7b4-4b60-bf89-d63128cad841,-22.110775,145.193478,2025-06-26T15:53:36Z,PRESENT,iNaturalist Australia
671,602e54ea-4101-42e3-a7fa-5874ce891a93,Acraea terpsicore,https://biodiversity.org.au/afd/taxa/ba632bea-a7b4-4b60-bf89-d63128cad841,-18.300685,143.525216,2023-02-16T12:14:00Z,PRESENT,iNaturalist Australia
672,60310872-50ab-4bd8-ab09-0a4dbca2fa6e,Passiflora foetida,https://id.biodiversity.org.au/taxon/apni/51442118,-18.200682,144.658841,2022-06-21T13:25:00Z,PRESENT,iNaturalist Australia
673,603e08bd-0aa9-48a4-9550-895b14dddc18,Passiflora foetida,https://id.biodiversity.org.au/taxon/apni/51442118,-27.450952,153.100373,2021-01-17T08:36:00Z,PRESENT,iNaturalist Australia
674,603e0915-4971-4df3-9bfe-6f89930fba41,Passiflora foetida,https://id.biodiversity.org.au/taxon/apni/51442118,-20.067037,148.450509,2024-07-24T09:21:00Z,PRESENT,iNaturalist Australia
675,6056e4fd-7913-4d1f-8ba5-6c7c025a4c4d,Acraea terpsicore,https://biodiversity.org.au/afd/taxa/ba632bea-a7b4-4b60-bf89-d63128cad841,-29.412722,153.361766,2025-01-03T15:43:12Z,PRESENT,iNaturalist Australia
676,610e839a-0500-4ce7-8561-a1b8a5982727,Passiflora foetida,https://id.biodiversity.org.au/taxon/apni/51442118,-21.420421,144.998127,2022-10-11T10:09:00Z,PRESENT,iNaturalist Australia
677,613726b8-a421-43cc-8525-81049b82da95,Acraea terpsicore,https://biodiversity.org.au/afd/taxa/ba632bea-a7b4-4b60-bf89-d63128cad841,-13.491678,131.04905,2025-11-13T09:29:00Z,PRESENT,iNaturalist Australia
678,6164e508-1c4c-4250-a144-c3c90348b389,Acraea terpsicore,https://biodiversity.org.au/afd/taxa/ba632bea-a7b4-4b60-bf89-d63128cad841,-15.517838,128.834925,2025-03-10T08:30:48Z,PRESENT,iNaturalist Australia
679,616ae597-cad3-447c-b613-afe94cbf0b75,Acraea terpsicore,https://biodiversity.org.au/afd/taxa/ba632bea-a7b4-4b60-bf89-d63128cad841,-16.787844,145.693086,2022-02-27T15:54:00Z,PRESENT,iNaturalist Australia
680,61a8faff-d2f1-4e79-85a0-966bbd2c456e,Passiflora foetida,https://id.biodiversity.org.au/taxon/apni/51442118,-27.594635,153.07837,2025-11-08T18:29:31Z,PRESENT,iNaturalist Australia
681,61b265eb-7ec0-4fe5-aa71-6731ef06ace9,Acraea terpsicore,https://biodiversity.org.au/afd/taxa/ba632bea-a7b4-4b60-bf89-d63128cad841,-17.3788,145.38465,2023-04-20T01:15:00Z,PRESENT,Butterflies Australia
682,620aad29-abd6-4deb-923d-77697439e1f3,Acraea terpsicore,https://biodiversity.org.au/afd/taxa/ba632bea-a7b4-4b60-bf89-d63128cad841,-27.124051,152.898515,2024-01-14T08:33:00Z,PRESENT,iNaturalist Australia
683,6218b2ff-d9fb-42bb-8a5d-f931d189b63c,Passiflora foetida,https://id.biodiversity.org.au/taxon/apni/51442118,-19.97,148.23,2024-02-28T00:00:00Z,PRESENT,WeedScan
684,621e01d5-b989-470c-9737-2976a85de6e4,Acraea terpsicore,https://biodiversity.org.au/afd/taxa/ba632bea-a7b4-4b60-bf89-d63128cad841,-19.698288,146.840225,2023-04-12T10:58:48Z,PRESENT,iNaturalist Australia
685,62917f6d-b72e-4f2f-a5a1-eec53f73b529,Acraea terpsicore,https://biodiversity.org.au/afd/taxa/ba632bea-a7b4-4b60-bf89-d63128cad841,-18.0554,144.9104,2021-04-25T11:45:00Z,PRESENT,Butterflies Australia
686,63690c78-bacf-440d-a50f-961e99b561ea,Passiflora foetida,https://id.biodiversity.org.au/taxon/apni/51442118,-14.312822,132.423098,2022-08-22T17:02:13Z,PRESENT,iNaturalist Australia
687,640fd60b-bfd8-4b8b-acdb-eb14acaf7253,Passiflora foetida,https://id.biodiversity.org.au/taxon/apni/51442118,-19.190037,146.774047,2022-10-28T10:59:30Z,PRESENT,iNaturalist Australia
688,64387fa9-babe-4c88-97f0-37700838d3d8,Passiflora foetida,https://id.biodiversity.org.au/taxon/apni/51442118,-27.622723,153.369685,2023-12-22T10:18:36Z,PRESENT,iNaturalist Australia
689,649dd3b9-1184-4754-acca-17a4cc824f6f,Acraea terpsicore,https://biodiversity.org.au/afd/taxa/ba632bea-a7b4-4b60-bf89-d63128cad841,-15.606636,131.079869,2025-04-18T07:56:25Z,PRESENT,iNaturalist Australia
690,64e5f633-a8ba-4861-b5d8-1909956dfaa8,Passiflora foetida,https://id.biodiversity.org.au/name/apni/51741309,-20.270386,148.833901,2024-09-08T10:29:03Z,PRESENT,iNaturalist Australia
691,65cb8327-aa07-4d16-8421-ff9cf24ccb89,Passiflora foetida,https://id.biodiversity.org.au/taxon/apni/51442118,-21.947003,148.34973,2025-06-04T09:59:41Z,PRESENT,iNaturalist Australia
692,660030ec-c538-45f5-a882-af5e2df8357b,Acraea terpsicore,https://biodiversity.org.au/afd/taxa/ba632bea-a7b4-4b60-bf89-d63128cad841,-27.515801,152.844754,2022-03-06T12:01:00Z,PRESENT,iNaturalist Australia
693,66048631-fbf1-4b61-a815-e01c5ea1897b,Acraea terpsicore,https://biodiversity.org.au/afd/taxa/ba632bea-a7b4-4b60-bf89-d63128cad841,-12.370347,130.90977,2025-05-01T07:06:27Z,PRESENT,iNaturalist Australia
694,6624207c-96bb-4fb9-9927-5503d4cfcccf,Acraea terpsicore,https://biodiversity.org.au/afd/taxa/ba632bea-a7b4-4b60-bf89-d63128cad841,-24.7126,150.987,2022-10-12T23:00:00Z,PRESENT,Butterflies Australia
695,662d6108-7ba2-432a-9d45-f32b5f453267,Acraea terpsicore,https://biodiversity.org.au/afd/taxa/ba632bea-a7b4-4b60-bf89-d63128cad841,-19.256757,146.810028,2024-08-02T15:27:00Z,PRESENT,iNaturalist Australia
696,6635df8f-fa38-4e74-b0c9-25a7877bb061,Acraea terpsicore,https://biodiversity.org.au/afd/taxa/ba632bea-a7b4-4b60-bf89-d63128cad841,-12.462203,130.834733,2025-07-04T13:40:41Z,PRESENT,iNaturalist Australia
697,6649015b-1320-42ac-9f5f-8e3de87663a7,Acraea terpsicore,https://biodiversity.org.au/afd/taxa/ba632bea-a7b4-4b60-bf89-d63128cad841,-27.131083,152.894883,2024-03-02T12:29:22Z,PRESENT,iNaturalist Australia
698,66946d35-1e5a-430e-aeff-9c58268ef6b9,Acraea terpsicore,https://biodiversity.org.au/afd/taxa/ba632bea-a7b4-4b60-bf89-d63128cad841,-12.196622,134.279802,2021-05-14T15:09:00Z,PRESENT,iNaturalist Australia
699,66d6f0be-6788-424a-a3d2-24d2c6a2e219,Acraea terpsicore,https://biodiversity.org.au/afd/taxa/ba632bea-a7b4-4b60-bf89-d63128cad841,-21.53447,148.23757,2022-03-10T02:03:00Z,PRESENT,Butterflies Australia
700,66f3cff4-0f12-43da-93c1-875fa255f9f8,Acraea terpsicore,https://biodiversity.org.au/afd/taxa/ba632bea-a7b4-4b60-bf89-d63128cad841,-19.334278,146.715884,2024-05-11T19:08:00Z,PRESENT,iNaturalist Australia
701,67025fe7-d9d8-4c59-99b2-a48dd284907b,Passiflora foetida,https://id.biodiversity.org.au/taxon/apni/51442118,-13.826094,136.351336,2022-05-22T00:00:00Z,PRESENT,Flora Atlas N.T.
702,670fe543-d155-4369-8abb-eaf2a479ce5b,Acraea terpsicore,https://biodiversity.org.au/afd/taxa/ba632bea-a7b4-4b60-bf89-d63128cad841,-12.700545,130.99765,2024-05-10T11:14:14Z,PRESENT,iNaturalist Australia
703,671af2b5-a6dd-44fa-a5b7-678f997049b2,Passiflora foetida,https://id.biodiversity.org.au/taxon/apni/51442118,-14.468229,132.262216,2021-12-06T00:00:00Z,PRESENT,Flora Atlas N.T.
704,671f96f9-9d07-41ee-996c-4e4cb8a9f4cc,Acraea terpsicore,https://biodiversity.org.au/afd/taxa/ba632bea-a7b4-4b60-bf89-d63128cad841,-19.188655,146.772454,2022-07-01T12:31:00Z,PRESENT,iNaturalist Australia
705,672083cd-f3d6-46fa-aae4-ae2e2058c5ee,Passiflora foetida,https://id.biodiversity.org.au/name/apni/51741309,-20.4506,148.054245,2025-04-22T08:22:46Z,PRESENT,iNaturalist Australia
706,67763947-f6b2-4293-8fde-c7d1558466e1,Passiflora foetida,https://id.biodiversity.org.au/taxon/apni/51442118,-14.472264,132.2605,2021-11-15T00:00:00Z,PRESENT,Flora Atlas N.T.
707,67856a77-edf2-4927-8922-07c4111dc160,Passiflora foetida,https://id.biodiversity.org.au/name/apni/51741309,-19.2288,146.7819,2024-12-28T09:11:00Z,PRESENT,iNaturalist Australia
708,67bf678b-82c8-4170-9f84-d8244e6692ba,Acraea terpsicore,https://biodiversity.org.au/afd/taxa/ba632bea-a7b4-4b60-bf89-d63128cad841,-14.314349,132.421975,2025-06-07T13:19:00Z,PRESENT,iNaturalist Australia
709,67c822c3-561d-48ae-96d1-f38d4d1a804d,Passiflora foetida,https://id.biodiversity.org.au/taxon/apni/51442118,-23.505484,148.179712,2022-08-25T08:55:00Z,PRESENT,iNaturalist Australia
710,681639a0-0593-4a16-9e46-861da55469cf,Passiflora foetida,https://id.biodiversity.org.au/taxon/apni/51442118,-15.10961,131.71391,2022-02-22T00:00:00Z,PRESENT,Flora Atlas N.T.
711,68173c3f-14ed-41d7-bc76-f99a9e4df84c,Acraea terpsicore,https://biodiversity.org.au/afd/taxa/ba632bea-a7b4-4b60-bf89-d63128cad841,-12.409386,130.824568,2023-03-16T09:30:00Z,PRESENT,iNaturalist Australia
712,682a6f57-639f-4a37-a532-c01797b38a59,Acraea terpsicore,https://biodiversity.org.au/afd/taxa/ba632bea-a7b4-4b60-bf89-d63128cad841,-19.174317,146.841386,2022-06-19T12:18:20Z,PRESENT,iNaturalist Australia
713,6842822f-d37f-4cb5-bd3d-66884f3e4e4b,Passiflora foetida,https://id.biodiversity.org.au/name/apni/51741309,-24.070733,151.301972,2025-04-01T09:12:19Z,PRESENT,iNaturalist Australia
714,6848664e-081c-4736-a92f-ffec49c931d7,Passiflora foetida,https://id.biodiversity.org.au/taxon/apni/51442118,-12.463733,130.844445,2022-09-21T08:47:00Z,PRESENT,iNaturalist Australia
715,685c2dde-5d7f-4370-8535-9bce9e765595,Passiflora foetida,https://id.biodiversity.org.au/taxon/apni/51442118,-14.469719,132.263399,2021-11-12T00:00:00Z,PRESENT,Flora Atlas N.T.
716,687971f2-7052-4f73-9a5b-a8505c8e5755,Acraea terpsicore,https://biodiversity.org.au/afd/taxa/ba632bea-a7b4-4b60-bf89-d63128cad841,-18.01655,139.02888,2023-09-11T00:09:00Z,PRESENT,Butterflies Australia
717,68c4accf-9663-4641-b576-6af616e78e79,Acraea terpsicore,https://biodiversity.org.au/afd/taxa/ba632bea-a7b4-4b60-bf89-d63128cad841,-21.979403,146.286603,2025-05-12T17:29:56Z,PRESENT,iNaturalist Australia
718,694fd117-8f46-4268-93af-da31f9c572fd,Acraea terpsicore,https://biodiversity.org.au/afd/taxa/ba632bea-a7b4-4b60-bf89-d63128cad841,-10.5968,142.3136,2023-06-05T01:15:00Z,PRESENT,Butterflies Australia
719,698c1a0b-e437-4f38-b551-55343c4b4b60,Passiflora foetida,https://id.biodiversity.org.au/taxon/apni/51442118,-26.161749,152.624598,2022-05-06T10:45:03Z,PRESENT,iNaturalist Australia
720,69e07547-de08-48d0-b4bb-52c05c8a3116,Passiflora foetida,https://id.biodiversity.org.au/taxon/apni/51442118,-27.100613,152.911052,2025-10-20T07:44:32Z,PRESENT,iNaturalist Australia
721,69e118fa-95a9-4953-9567-e1eb2bcb5150,Passiflora foetida,https://id.biodiversity.org.au/taxon/apni/51442118,-12.56595,131.31224,2022-08-14T10:58:00Z,PRESENT,iNaturalist Australia
722,69fae921-7eb1-41fb-9d8c-8796bff8b610,Acraea terpsicore,https://biodiversity.org.au/afd/taxa/ba632bea-a7b4-4b60-bf89-d63128cad841,-14.140114,134.474535,2025-09-05T11:50:00Z,PRESENT,iNaturalist Australia
723,6a07845d-6ae6-4886-ab00-84578b0c155a,Acraea terpsicore,https://biodiversity.org.au/afd/taxa/ba632bea-a7b4-4b60-bf89-d63128cad841,-12.357338,130.870357,2025-05-19T14:46:00Z,PRESENT,iNaturalist Australia
724,6a6bfe0f-9f3d-4a07-8695-154153cc1791,Acraea terpsicore,https://biodiversity.org.au/afd/taxa/ba632bea-a7b4-4b60-bf89-d63128cad841,-21.40362,148.545255,2025-07-14T12:00:00Z,PRESENT,iNaturalist Australia
725,6a6ca6d5-6f58-47cc-aa9e-0fc83d5bc9b1,Acraea terpsicore,https://biodiversity.org.au/afd/taxa/ba632bea-a7b4-4b60-bf89-d63128cad841,-26.939126,152.803853,2024-03-02T10:12:11Z,PRESENT,iNaturalist Australia
726,6a859698-9dfb-4472-ad00-f815c24849bf,Acraea terpsicore,https://biodiversity.org.au/afd/taxa/ba632bea-a7b4-4b60-bf89-d63128cad841,-25.289327,151.89575,2022-03-29T09:03:00Z,PRESENT,iNaturalist Australia
727,6a8aadfa-413b-4a02-aea7-029b7d65791b,Acraea terpsicore,https://biodiversity.org.au/afd/taxa/ba632bea-a7b4-4b60-bf89-d63128cad841,-17.484844,140.840366,2025-08-10T10:04:00Z,PRESENT,iNaturalist Australia
728,6aedf0d0-77c2-44aa-a349-32aec2eab664,Passiflora foetida,https://id.biodiversity.org.au/taxon/apni/51442118,-14.83234,132.98759,2022-02-20T00:00:00Z,PRESENT,Flora Atlas N.T.
729,6afa3cd1-377f-4d0a-a937-cc6a8bf18b6f,Acraea terpsicore,https://biodiversity.org.au/afd/taxa/ba632bea-a7b4-4b60-bf89-d63128cad841,-19.260144,146.809566,2025-06-28T15:29:00Z,PRESENT,iNaturalist Australia
730,6b15d9e3-0a41-4d84-a902-25780e54fa2d,Acraea terpsicore,https://biodiversity.org.au/afd/taxa/ba632bea-a7b4-4b60-bf89-d63128cad841,-17.79439,138.53697,2023-09-11T03:46:00Z,PRESENT,Butterflies Australia
731,6b23e15b-4d3f-4edd-b0da-d16ef8c3582d,Acraea terpsicore,https://biodiversity.org.au/afd/taxa/ba632bea-a7b4-4b60-bf89-d63128cad841,-12.821332,131.974454,2023-05-14T11:56:00Z,PRESENT,iNaturalist Australia
732,6b258c4e-f8c8-43bb-9f8c-cf442d281bdc,Passiflora foetida,https://id.biodiversity.org.au/taxon/apni/51442118,-25.93336,152.623888,2024-04-11T13:18:00Z,PRESENT,iNaturalist Australia
733,6b4b227e-b0ed-46a5-b7e8-b4786f286ed5,Passiflora foetida,https://id.biodiversity.org.au/taxon/apni/51442118,-12.477553,130.964819,2023-11-25T16:47:00Z,PRESENT,iNaturalist Australia
734,6b9e1094-f9ef-47ec-9036-2fc7ef5d4681,Passiflora foetida,https://id.biodiversity.org.au/taxon/apni/51442118,-25.52792,152.765917,2022-11-23T08:08:00Z,PRESENT,iNaturalist Australia
735,6bcc640e-37b2-48b7-973e-ae9e621320d8,Passiflora foetida,https://id.biodiversity.org.au/taxon/apni/51442118,-27.296282,153.042774,2023-06-09T11:28:00Z,PRESENT,iNaturalist Australia
736,6bd129bd-dac5-4266-b2a7-fbce96362e9e,Passiflora foetida,https://id.biodiversity.org.au/taxon/apni/51442118,-20.75,116.82,2024-03-13T00:00:00Z,PRESENT,WeedScan
737,6bec1600-279e-4c78-9a77-9cc4223e1bc7,Acraea terpsicore,https://biodiversity.org.au/afd/taxa/ba632bea-a7b4-4b60-bf89-d63128cad841,-19.200719,146.754997,2025-07-03T15:40:36Z,PRESENT,iNaturalist Australia
738,6c251c88-6d7e-414f-ad2b-b1e02da10d53,Acraea terpsicore,https://biodiversity.org.au/afd/taxa/ba632bea-a7b4-4b60-bf89-d63128cad841,-20.290279,148.674594,2025-05-04T11:49:20Z,PRESENT,iNaturalist Australia
739,6c278e8b-c904-4224-ae9e-3fe1505305a8,Passiflora foetida,https://id.biodiversity.org.au/taxon/apni/51442118,-19.911963,146.72774,2025-06-11T10:02:00Z,PRESENT,iNaturalist Australia
740,6c4f59fc-a1b9-45e3-8dab-276f83e02183,Acraea terpsicore,https://biodiversity.org.au/afd/taxa/ba632bea-a7b4-4b60-bf89-d63128cad841,-17.85695,138.62785,2023-09-11T03:08:00Z,PRESENT,Butterflies Australia
741,6c7d443f-2c38-4e08-b340-c8433204f4a6,Acraea terpsicore,https://biodiversity.org.au/afd/taxa/ba632bea-a7b4-4b60-bf89-d63128cad841,-28.647421,153.634712,2022-06-01T09:59:57Z,PRESENT,iNaturalist Australia
742,6c819b43-13a0-43c9-a4c3-617eb45b5c53,Acraea terpsicore,https://biodiversity.org.au/afd/taxa/ba632bea-a7b4-4b60-bf89-d63128cad841,-15.640635,135.712115,2023-06-16T11:57:00Z,PRESENT,iNaturalist Australia
743,6c895142-10f9-409b-987f-0c5de08d528e,Acraea terpsicore,https://biodiversity.org.au/afd/taxa/ba632bea-a7b4-4b60-bf89-d63128cad841,-19.185,146.7677,2025-06-13T14:22:00Z,PRESENT,iNaturalist Australia
744,6c8dd21b-d3c8-4342-b395-2702c8ad85bd,Passiflora foetida,https://id.biodiversity.org.au/name/apni/51741309,-27.33549,153.079848,2024-05-12T09:37:00Z,PRESENT,iNaturalist Australia
745,6ccdfbf1-1577-4645-ba5a-27b862f8177e,Acraea terpsicore,https://biodiversity.org.au/afd/taxa/ba632bea-a7b4-4b60-bf89-d63128cad841,-14.190385,132.076264,2023-05-09T10:20:00Z,PRESENT,iNaturalist Australia
746,6cfb7aca-3ff2-475d-b57c-545a2f79add4,Acraea terpsicore,https://biodiversity.org.au/afd/taxa/ba632bea-a7b4-4b60-bf89-d63128cad841,-16.747718,145.662126,2021-08-16T12:15:00Z,PRESENT,iNaturalist Australia
747,6d334621-b298-4087-b6c6-7f6ad6affc0b,Passiflora foetida,https://id.biodiversity.org.au/taxon/apni/51442118,-15.794593,128.7289,2022-07-13T09:50:43Z,PRESENT,iNaturalist Australia
748,6d50641f-5626-40c4-acf2-4134238e2ece,Acraea terpsicore,https://biodiversity.org.au/afd/taxa/ba632bea-a7b4-4b60-bf89-d63128cad841,-25.060275,148.23613,2023-04-13T10:15:33Z,PRESENT,iNaturalist Australia
749,6d551edb-fad6-424d-97cf-c02db0e1c5a8,Acraea terpsicore,https://biodiversity.org.au/afd/taxa/ba632bea-a7b4-4b60-bf89-d63128cad841,-16.107193,144.776782,2025-06-27T16:00:00Z,PRESENT,iNaturalist Australia
750,6d6fee2e-1e33-49c1-b095-59d5dfe1bb13,Passiflora foetida,https://id.biodiversity.org.au/taxon/apni/51442118,-14.997046,133.109432,2025-11-08T07:26:47Z,PRESENT,iNaturalist Australia
751,6d8070b1-eada-495f-9098-44bc2723cbbb,Acraea terpsicore,https://biodiversity.org.au/afd/taxa/ba632bea-a7b4-4b60-bf89-d63128cad841,-27.588278,153.159924,2022-03-12T13:34:00Z,PRESENT,iNaturalist Australia
752,6d834458-0b5d-43d1-b408-e60df53cb521,Acraea terpsicore,https://biodiversity.org.au/afd/taxa/ba632bea-a7b4-4b60-bf89-d63128cad841,-19.178037,146.844483,2022-04-03T09:25:06Z,PRESENT,iNaturalist Australia
753,6da96012-ca75-47de-88d3-e8abe9aab815,Acraea terpsicore,https://biodiversity.org.au/afd/taxa/ba632bea-a7b4-4b60-bf89-d63128cad841,-16.315965,128.701236,2023-07-13T08:37:44Z,PRESENT,iNaturalist Australia
754,6dac4b27-6db2-457f-b756-0e191a006970,Passiflora foetida,https://id.biodiversity.org.au/taxon/apni/51442118,-20.642517,147.142578,2024-04-14T13:49:05Z,PRESENT,iNaturalist Australia
755,6db446f0-437a-4aaf-a816-ae8fc69e323a,Acraea terpsicore,https://biodiversity.org.au/afd/taxa/ba632bea-a7b4-4b60-bf89-d63128cad841,-21.170586,148.89989,2022-04-22T12:09:00Z,PRESENT,iNaturalist Australia
756,6dbf646f-990e-4323-b38d-997d220548fe,Passiflora foetida,https://id.biodiversity.org.au/taxon/apni/51442118,-19.283366,146.703924,2024-10-04T05:48:06Z,PRESENT,iNaturalist Australia
757,6def6eb6-a71e-4f4b-b92c-66d39d916780,Acraea terpsicore,https://biodiversity.org.au/afd/taxa/ba632bea-a7b4-4b60-bf89-d63128cad841,-19.270598,146.724293,2022-04-03T14:07:00Z,PRESENT,iNaturalist Australia
758,6e285a01-24b2-49b8-96f7-404704d4eae3,Acraea terpsicore,https://biodiversity.org.au/afd/taxa/ba632bea-a7b4-4b60-bf89-d63128cad841,-17,145.7,2023-04-15T11:22:00Z,PRESENT,Earth Guardians Weekly Feed
759,6e31aee1-cd24-49e8-b14d-d70aa5861106,Acraea terpsicore,https://biodiversity.org.au/afd/taxa/ba632bea-a7b4-4b60-bf89-d63128cad841,-25.197411,152.307633,2023-02-07T14:03:00Z,PRESENT,iNaturalist Australia
760,6e5d7e59-67b1-488d-a63c-3356370f76ee,Passiflora foetida,https://id.biodiversity.org.au/name/apni/51741309,-27.550103,152.508472,2022-02-11T08:53:00Z,PRESENT,iNaturalist Australia
761,6e8a8b24-0e23-46e3-89a8-03dbccad22a5,Acraea terpsicore,https://biodiversity.org.au/afd/taxa/ba632bea-a7b4-4b60-bf89-d63128cad841,-26.50685,153.086564,2023-02-26T12:49:10Z,PRESENT,iNaturalist Australia
762,6e97e398-ba91-4006-ad98-654f9045487a,Acraea terpsicore,https://biodiversity.org.au/afd/taxa/ba632bea-a7b4-4b60-bf89-d63128cad841,-19.195883,146.774492,2024-04-13T09:37:55Z,PRESENT,iNaturalist Australia
763,6eb04571-75db-4c50-a3b8-0314476964ca,Acraea terpsicore,https://biodiversity.org.au/afd/taxa/ba632bea-a7b4-4b60-bf89-d63128cad841,-15.606494,131.115214,2024-09-11T00:00:00Z,PRESENT,iNaturalist Australia
764,6edd12f0-ad1b-4890-b84b-eaf958faaebb,Acraea terpsicore,https://biodiversity.org.au/afd/taxa/ba632bea-a7b4-4b60-bf89-d63128cad841,-18.999487,144.982618,2025-06-02T15:35:00Z,PRESENT,iNaturalist Australia
765,6ee39969-5367-4695-bd57-9416147e40c3,Passiflora foetida,https://id.biodiversity.org.au/taxon/apni/51442118,-14.22526,143.79501,2021-03-29T00:00:00Z,PRESENT,WildNet - Queensland Wildlife Data
766,6f15ca2d-7e91-48a8-96a6-5042d635612a,Acraea terpsicore,https://biodiversity.org.au/afd/taxa/ba632bea-a7b4-4b60-bf89-d63128cad841,-18.0168,144.0233,2021-03-22T09:45:00Z,PRESENT,Butterflies Australia
767,6f3e3500-a26d-4392-aa2d-d740c1086847,Acraea terpsicore,https://biodiversity.org.au/afd/taxa/ba632bea-a7b4-4b60-bf89-d63128cad841,-19.189257,146.773593,2025-05-10T11:36:58Z,PRESENT,iNaturalist Australia
768,6f6dbd48-c079-418a-90e3-d0c8da26a9cb,Acraea terpsicore,https://biodiversity.org.au/afd/taxa/ba632bea-a7b4-4b60-bf89-d63128cad841,-27.490906,153.186239,2022-03-26T10:03:30Z,PRESENT,iNaturalist Australia
769,6fbe9ed3-89e4-4989-b0cb-dd789b878d73,Passiflora foetida,https://id.biodiversity.org.au/taxon/apni/51442118,-14.471535,132.259981,2021-12-06T00:00:00Z,PRESENT,Flora Atlas N.T.
770,6fe75e06-a5a1-4307-b868-c0c42deb04ac,Acraea terpsicore,https://biodiversity.org.au/afd/taxa/ba632bea-a7b4-4b60-bf89-d63128cad841,-18.0469,144.8846,2021-04-24T12:00:00Z,PRESENT,Butterflies Australia
771,6ffbed0b-37cd-4f20-b1c6-b5bdf5cdb15d,Passiflora foetida,https://id.biodiversity.org.au/taxon/apni/51442118,-28.111315,153.448362,2023-09-14T08:56:36Z,PRESENT,iNaturalist Australia
772,6ffe6240-8d05-4b98-a6e6-01be7c7a2b93,Passiflora foetida,https://id.biodiversity.org.au/name/apni/51741309,-25.382034,152.601815,2024-03-14T08:05:08Z,PRESENT,iNaturalist Australia
773,70056005-b006-419e-a52b-ec1060258603,Acraea terpsicore,https://biodiversity.org.au/afd/taxa/ba632bea-a7b4-4b60-bf89-d63128cad841,-22.10975,145.194722,2021-08-13T16:57:00Z,PRESENT,iNaturalist Australia
774,703f9fa1-364d-4e53-afac-4560fc303fad,Passiflora foetida,https://id.biodiversity.org.au/taxon/apni/51442118,-17.891262,146.097052,2022-01-26T08:46:01Z,PRESENT,iNaturalist Australia
775,704cdcb1-87cd-49c4-bc8c-c44d67a4e887,Acraea terpsicore,https://biodiversity.org.au/afd/taxa/ba632bea-a7b4-4b60-bf89-d63128cad841,-16.785784,145.690812,2023-04-15T09:43:00Z,PRESENT,iNaturalist Australia
776,707e1348-2e52-4974-bbaf-3eadef856b93,Passiflora foetida,https://id.biodiversity.org.au/taxon/apni/51442118,-25.524003,152.672461,2025-11-04T09:05:39Z,PRESENT,iNaturalist Australia
777,7092865c-04fc-46a1-9fbb-f0918027ed51,Acraea terpsicore,https://biodiversity.org.au/afd/taxa/ba632bea-a7b4-4b60-bf89-d63128cad841,-18.406162,143.510349,2025-05-08T10:12:00Z,PRESENT,iNaturalist Australia
778,70d8c495-a6be-43a6-ad54-cb1b4de0f420,Acraea terpsicore,https://biodiversity.org.au/afd/taxa/ba632bea-a7b4-4b60-bf89-d63128cad841,-28.181806,153.061889,2024-12-30T10:54:00Z,PRESENT,iNaturalist Australia
779,70e0dbdc-fa1f-496c-a595-e769faa6e763,Acraea terpsicore,https://biodiversity.org.au/afd/taxa/ba632bea-a7b4-4b60-bf89-d63128cad841,-19.201291,146.754401,2023-12-08T15:24:20Z,PRESENT,iNaturalist Australia
780,70ea4af5-b3d1-4256-ac87-647ab4765e05,Passiflora foetida,https://id.biodiversity.org.au/taxon/apni/51442118,-14.473495,132.259174,2021-06-10T00:00:00Z,PRESENT,Flora Atlas N.T.
781,710fb102-d458-426d-817d-862863177ff1,Acraea terpsicore,https://biodiversity.org.au/afd/taxa/ba632bea-a7b4-4b60-bf89-d63128cad841,-12.36341,130.904965,2025-07-02T10:15:00Z,PRESENT,iNaturalist Australia
782,71139d5d-b1a6-4dac-b678-087c4bcf33b0,Passiflora foetida,https://id.biodiversity.org.au/taxon/apni/51442118,-14.415639,132.386143,2021-11-10T00:00:00Z,PRESENT,Flora Atlas N.T.
783,7121d04d-9af3-44f2-93e3-2901b97a9a0c,Acraea terpsicore,https://biodiversity.org.au/afd/taxa/ba632bea-a7b4-4b60-bf89-d63128cad841,-27.529592,152.62372,2022-05-15T10:55:20Z,PRESENT,iNaturalist Australia
784,7164930a-bcc9-4aa5-a37e-9031d64adecf,Passiflora foetida,https://id.biodiversity.org.au/taxon/apni/51442118,-22.575197,144.084793,2022-08-30T12:15:00Z,PRESENT,iNaturalist Australia
785,7180cfb0-4115-49d5-89c6-9b8c6bccfab8,Acraea terpsicore,https://biodiversity.org.au/afd/taxa/ba632bea-a7b4-4b60-bf89-d63128cad841,-21.91049,148.37016,2022-02-15T01:43:00Z,PRESENT,Butterflies Australia
786,719b282e-b4cf-4c93-9432-50ced322c858,Acraea terpsicore,https://biodiversity.org.au/afd/taxa/ba632bea-a7b4-4b60-bf89-d63128cad841,-18.646634,139.248883,2021-05-11T11:08:00Z,PRESENT,iNaturalist Australia
787,71b4015f-da11-47b8-9476-62254050757d,Passiflora foetida,https://id.biodiversity.org.au/taxon/apni/51442118,-27.44798,153.100147,2021-01-17T08:30:00Z,PRESENT,iNaturalist Australia
788,71b41ca4-9f04-477a-a110-8333403dbabf,Passiflora foetida,https://id.biodiversity.org.au/taxon/apni/51442118,-14.468087,132.262785,2021-12-06T00:00:00Z,PRESENT,Flora Atlas N.T.
789,71b929b7-a3ea-4631-8baf-bdab154bed3f,Acraea terpsicore,https://biodiversity.org.au/afd/taxa/ba632bea-a7b4-4b60-bf89-d63128cad841,-24.472825,148.643112,2024-10-12T08:09:30Z,PRESENT,iNaturalist Australia
790,71bb1f1d-f535-423c-aa09-d51bee2a45ae,Passiflora foetida,https://id.biodiversity.org.au/taxon/apni/51442118,-19.270836,146.825637,2025-10-25T09:22:00Z,PRESENT,iNaturalist Australia
791,71ede5c9-134e-41e1-8b1f-85e3ef7f5aa4,Passiflora foetida,https://id.biodiversity.org.au/taxon/apni/51442118,-27.903029,153.001938,2021-04-16T15:07:00Z,PRESENT,iNaturalist Australia
792,722a432b-f472-4fa4-9349-3540d8cc4bfb,Acraea terpsicore,https://biodiversity.org.au/afd/taxa/ba632bea-a7b4-4b60-bf89-d63128cad841,-21.403702,148.544511,2021-07-21T15:03:00Z,PRESENT,iNaturalist Australia
793,722f7deb-1a22-4629-8306-ce9f5b750838,Acraea terpsicore,https://biodiversity.org.au/afd/taxa/ba632bea-a7b4-4b60-bf89-d63128cad841,-12.339167,130.892868,2023-06-04T09:06:00Z,PRESENT,iNaturalist Australia
794,7241fc78-10a8-45b2-a5fa-dbf93dafcb60,Passiflora foetida,https://id.biodiversity.org.au/taxon/apni/51442118,-23.911975,151.253097,2022-04-24T10:51:02Z,PRESENT,iNaturalist Australia
795,726a8657-b459-4fec-ab7e-5fefe61c1126,Acraea terpsicore,https://biodiversity.org.au/afd/taxa/ba632bea-a7b4-4b60-bf89-d63128cad841,-29.779336,151.349267,2024-04-23T13:00:26Z,PRESENT,iNaturalist Australia
796,7276dd7d-5173-4c5a-9be3-732e0f489f5e,Passiflora foetida,https://id.biodiversity.org.au/taxon/apni/51442118,-23.701891,151.175732,2023-11-03T10:03:09Z,PRESENT,iNaturalist Australia
797,72bada24-3f86-45e0-9ea1-b7afa4e04bb7,Acraea terpsicore,https://biodiversity.org.au/afd/taxa/ba632bea-a7b4-4b60-bf89-d63128cad841,-19.28447,146.804764,2023-09-02T07:27:40Z,PRESENT,iNaturalist Australia
798,72bfc62f-6a02-4d88-91c1-a2606bad7757,Acraea terpsicore,https://biodiversity.org.au/afd/taxa/ba632bea-a7b4-4b60-bf89-d63128cad841,-20.71448,140.479146,2025-07-19T15:40:00Z,PRESENT,iNaturalist Australia
799,72dbf16b-0319-4fcf-8fc6-cc3aa9d2f2c2,Passiflora foetida,https://id.biodiversity.org.au/taxon/apni/51442118,-12.1962,136.78154,2022-05-29T12:49:00Z,PRESENT,iNaturalist Australia
800,72df0bd4-ebe5-4d56-b22c-db0e40e47a6a,Passiflora foetida,https://id.biodiversity.org.au/taxon/apni/51442118,-27.549953,152.5092,2023-09-03T08:40:00Z,PRESENT,iNaturalist Australia
801,72edef1b-c01d-4008-8ea5-8205b52c6d9d,Passiflora foetida,https://id.biodiversity.org.au/taxon/apni/51442118,-12.43166,132.971549,2025-11-08T07:14:00Z,PRESENT,iNaturalist Australia
802,72f7a15d-b838-4e00-898f-01a71a37e434,Passiflora foetida,https://id.biodiversity.org.au/taxon/apni/51442118,-19.204226,146.742503,2022-05-02T08:45:31Z,PRESENT,iNaturalist Australia
803,73352ed1-46c0-4079-b2fc-2633d25e2e29,Acraea terpsicore,https://biodiversity.org.au/afd/taxa/ba632bea-a7b4-4b60-bf89-d63128cad841,-19.189516,146.77393,2025-06-13T12:34:00Z,PRESENT,iNaturalist Australia
804,7384021b-3475-419b-b9d2-e7a6df35d7a0,Passiflora foetida,https://id.biodiversity.org.au/taxon/apni/51442118,-16.832427,145.70421,2022-12-01T08:53:56Z,PRESENT,iNaturalist Australia
805,73ab38fa-5621-43d9-bddd-a0a8987127b3,Acraea terpsicore,https://biodiversity.org.au/afd/taxa/ba632bea-a7b4-4b60-bf89-d63128cad841,-20.344596,144.462509,2024-06-21T10:45:45Z,PRESENT,iNaturalist Australia
806,73bfdc07-5214-4d0e-9831-d32c7a4a9586,Acraea terpsicore,https://biodiversity.org.au/afd/taxa/ba632bea-a7b4-4b60-bf89-d63128cad841,-20.322141,148.61461,2023-01-20T08:37:00Z,PRESENT,iNaturalist Australia
807,74691d56-ff03-4ac0-b4d8-9ff4b0356773,Passiflora foetida,https://id.biodiversity.org.au/name/apni/51741309,-27.550743,152.509685,2026-01-08T11:40:00Z,PRESENT,iNaturalist Australia
808,7481fcb5-8a96-4b35-826a-7fa549f142cc,Acraea terpsicore,https://biodiversity.org.au/afd/taxa/ba632bea-a7b4-4b60-bf89-d63128cad841,-11.759967,130.639819,2025-04-03T18:02:00Z,PRESENT,iNaturalist Australia
809,74e92a42-8acb-4e32-9274-261d5bca7832,Acraea terpsicore,https://biodiversity.org.au/afd/taxa/ba632bea-a7b4-4b60-bf89-d63128cad841,-17.6518,145.4722,2022-03-07T22:15:00Z,PRESENT,Butterflies Australia
810,7542c6c0-a34f-40e5-86e6-1bc14f8f6e67,Acraea terpsicore,https://biodiversity.org.au/afd/taxa/ba632bea-a7b4-4b60-bf89-d63128cad841,-19.366524,146.639706,2022-09-19T21:18:00Z,PRESENT,iNaturalist Australia
811,75adfa7a-f807-4166-a2aa-f54963362b0e,Acraea terpsicore,https://biodiversity.org.au/afd/taxa/ba632bea-a7b4-4b60-bf89-d63128cad841,-19.979528,148.260972,2025-08-10T09:02:57Z,PRESENT,iNaturalist Australia
812,75b3d3d7-d881-4253-820f-5056aaa21366,Passiflora foetida,https://id.biodiversity.org.au/taxon/apni/51442118,-23.586488,149.029664,2022-06-06T12:42:55Z,PRESENT,iNaturalist Australia
813,75e7a8ab-267f-4499-9d28-8bef9d1412c9,Acraea terpsicore,https://biodiversity.org.au/afd/taxa/ba632bea-a7b4-4b60-bf89-d63128cad841,-23.85867,148.159427,2022-07-19T09:39:00Z,PRESENT,iNaturalist Australia
814,75f7ed7c-a8c3-419e-accd-a3b3d2f093ee,Acraea terpsicore,https://biodiversity.org.au/afd/taxa/ba632bea-a7b4-4b60-bf89-d63128cad841,-27.50683,153.075454,2023-01-26T09:04:00Z,PRESENT,iNaturalist Australia
815,7640e705-75b8-4462-8b78-b768551252a6,Acraea terpsicore,https://biodiversity.org.au/afd/taxa/ba632bea-a7b4-4b60-bf89-d63128cad841,-20.351338,144.466241,2022-08-20T13:40:00Z,PRESENT,iNaturalist Australia
816,765c644a-f7f1-4483-9950-b0aa8bdbe7a3,Acraea terpsicore,https://biodiversity.org.au/afd/taxa/ba632bea-a7b4-4b60-bf89-d63128cad841,-19.354473,146.800432,2025-03-08T00:00:00Z,PRESENT,iNaturalist Australia
817,768346ad-e98c-4766-bf0e-8502580b9139,Acraea terpsicore,https://biodiversity.org.au/afd/taxa/ba632bea-a7b4-4b60-bf89-d63128cad841,-18.14259,144.328905,2025-05-07T12:18:00Z,PRESENT,iNaturalist Australia
818,769880b9-b0de-43b7-9563-bf652c583dcd,Acraea terpsicore,https://biodiversity.org.au/afd/taxa/ba632bea-a7b4-4b60-bf89-d63128cad841,-28.244167,153.01825,2025-04-21T12:36:00Z,PRESENT,iNaturalist Australia
819,76a0538f-7bf2-4b42-a9b6-4df4af1fe719,Acraea terpsicore,https://biodiversity.org.au/afd/taxa/ba632bea-a7b4-4b60-bf89-d63128cad841,-25.559954,152.681264,2025-12-26T09:00:00Z,PRESENT,iNaturalist Australia
820,76c954bf-5b18-442f-81e2-15f8b99871b8,Passiflora foetida,https://id.biodiversity.org.au/taxon/apni/51442118,-25.288651,152.724937,2024-11-26T11:03:58Z,PRESENT,iNaturalist Australia
821,76ecdfbd-39eb-45bd-ac7d-a6e6441710db,Acraea terpsicore,https://biodiversity.org.au/afd/taxa/ba632bea-a7b4-4b60-bf89-d63128cad841,-27.918488,153.37738,2024-03-03T12:02:51Z,PRESENT,iNaturalist Australia
822,76feedaf-a5d6-47b5-873c-9a2259dc53ee,Acraea terpsicore,https://biodiversity.org.au/afd/taxa/ba632bea-a7b4-4b60-bf89-d63128cad841,-15.42599,144.974869,2022-06-24T15:30:00Z,PRESENT,Butterflies Australia
823,7744c6da-6d5e-427c-a2a3-ea5c2178edc9,Acraea terpsicore,https://biodiversity.org.au/afd/taxa/ba632bea-a7b4-4b60-bf89-d63128cad841,-19.324765,146.762339,2022-07-12T15:17:00Z,PRESENT,iNaturalist Australia
824,776327b4-fbe5-4cde-bfbe-3ae21f973d66,Acraea terpsicore,https://biodiversity.org.au/afd/taxa/ba632bea-a7b4-4b60-bf89-d63128cad841,-25.405383,152.906177,2024-03-02T01:51:00Z,PRESENT,iNaturalist Australia
825,7775ecdb-5383-4b41-80b7-becadc8615b1,Passiflora foetida,https://id.biodiversity.org.au/taxon/apni/51442118,-31.886389,116.0525,2021-02-12T02:13:45Z,PRESENT,Pl@ntNet automatically identified occurrences
826,778338c0-1590-44ae-89ed-8cd32cd6ef19,Acraea terpsicore,https://biodiversity.org.au/afd/taxa/ba632bea-a7b4-4b60-bf89-d63128cad841,-19.24039,146.782572,2023-05-10T07:59:00Z,PRESENT,iNaturalist Australia
827,7796a6b3-55a7-4dfa-aeb9-08cadfdef50c,Acraea terpsicore,https://biodiversity.org.au/afd/taxa/ba632bea-a7b4-4b60-bf89-d63128cad841,-14.313531,132.423002,2025-05-15T10:18:21Z,PRESENT,iNaturalist Australia
828,77c077d2-d613-4537-810a-c0cedbb13456,Acraea terpsicore,https://biodiversity.org.au/afd/taxa/ba632bea-a7b4-4b60-bf89-d63128cad841,-13.230953,131.114075,2023-05-10T12:17:00Z,PRESENT,iNaturalist Australia
829,77c96f0c-2518-4aab-b9b7-d6b58a9c62e9,Passiflora foetida,https://id.biodiversity.org.au/taxon/apni/51442118,-24.802798,152.4476,2021-06-06T09:11:00Z,PRESENT,iNaturalist Australia
830,7824475c-4d3e-42fb-9503-a9a3cedf0f97,Passiflora foetida,https://id.biodiversity.org.au/taxon/apni/51442118,-15.666983,145.331958,2023-10-09T00:00:00Z,PRESENT,BRI AVH Data and Images
831,783651fe-30f4-46ba-a447-45739af80e2c,Acraea terpsicore,https://biodiversity.org.au/afd/taxa/ba632bea-a7b4-4b60-bf89-d63128cad841,-19.5377,144.2055,2022-11-21T22:00:00Z,PRESENT,Butterflies Australia
832,78407d58-4c88-417f-8046-b65159ab08d0,Acraea terpsicore,https://biodiversity.org.au/afd/taxa/ba632bea-a7b4-4b60-bf89-d63128cad841,-21.6218,148.10772,2022-03-09T02:32:00Z,PRESENT,Butterflies Australia
833,787e97c7-c33f-44e7-9e5e-211691524c81,Acraea terpsicore,https://biodiversity.org.au/afd/taxa/ba632bea-a7b4-4b60-bf89-d63128cad841,-27.642623,153.002492,2025-04-26T10:51:00Z,PRESENT,iNaturalist Australia
834,7884263d-6a94-4eec-9fdc-1f2403fcb0b1,Acraea terpsicore,https://biodiversity.org.au/afd/taxa/ba632bea-a7b4-4b60-bf89-d63128cad841,-18.203917,144.565735,2025-05-01T15:04:00Z,PRESENT,iNaturalist Australia
835,790d88ff-5c76-43b7-b13b-37e88e6ea4f0,Acraea terpsicore,https://biodiversity.org.au/afd/taxa/ba632bea-a7b4-4b60-bf89-d63128cad841,-19.0459,146.3936,2022-12-19T15:15:00Z,PRESENT,Butterflies Australia
836,792e432f-0ad8-4b93-9df7-d9946507cbe6,Acraea terpsicore,https://biodiversity.org.au/afd/taxa/ba632bea-a7b4-4b60-bf89-d63128cad841,-18.85554,146.126395,2025-06-14T11:29:00Z,PRESENT,iNaturalist Australia
837,7946a54f-e02d-4852-a000-0a00d0fcbbdf,Acraea terpsicore,https://biodiversity.org.au/afd/taxa/ba632bea-a7b4-4b60-bf89-d63128cad841,-16.498273,145.001061,2022-06-13T13:00:00Z,PRESENT,iNaturalist Australia
838,79c43590-451d-4bca-9a19-30f3e26cc95e,Acraea terpsicore,https://biodiversity.org.au/afd/taxa/ba632bea-a7b4-4b60-bf89-d63128cad841,-22.34649,149.51844,2021-05-01T00:00:00Z,PRESENT,WildNet - Queensland Wildlife Data
839,79dd7d4f-7f3f-4a5a-bc7c-9820c68d7624,Acraea terpsicore,https://biodiversity.org.au/afd/taxa/ba632bea-a7b4-4b60-bf89-d63128cad841,-16.529578,145.136494,2025-06-11T13:47:00Z,PRESENT,iNaturalist Australia
840,79e9d10e-1eb1-45d4-aade-28c36ac714b4,Acraea terpsicore,https://biodiversity.org.au/afd/taxa/ba632bea-a7b4-4b60-bf89-d63128cad841,-27.619487,153.169683,2021-02-28T09:30:00Z,PRESENT,iNaturalist Australia
841,79f386d0-58dc-4964-b5a6-918f978bca9b,Acraea terpsicore,https://biodiversity.org.au/afd/taxa/ba632bea-a7b4-4b60-bf89-d63128cad841,-13.491678,131.04905,2025-11-13T09:37:00Z,PRESENT,iNaturalist Australia
842,7a56f08f-a7ee-4876-a589-4af7f7b26484,Passiflora foetida,https://id.biodiversity.org.au/name/apni/51741309,-27.550289,152.510103,2024-12-16T10:28:00Z,PRESENT,iNaturalist Australia
843,7a693321-4b00-44d6-b365-abe29769c6d2,Acraea terpsicore,https://biodiversity.org.au/afd/taxa/ba632bea-a7b4-4b60-bf89-d63128cad841,-16.338945,126.245108,2024-07-09T14:38:08Z,PRESENT,iNaturalist Australia
844,7a975eba-3b4b-46d2-a3a9-7457bb627849,Acraea terpsicore,https://biodiversity.org.au/afd/taxa/ba632bea-a7b4-4b60-bf89-d63128cad841,-24.257189,151.736742,2022-04-30T09:10:44Z,PRESENT,iNaturalist Australia
845,7ab31f8c-7acf-4ffd-8904-39fa4c5a99a5,Passiflora foetida,https://id.biodiversity.org.au/taxon/apni/51442118,-14.57646,132.265926,2022-03-12T14:37:00Z,PRESENT,iNaturalist Australia
846,7ab3c6bd-9e19-4366-aec4-7abda3340cad,Acraea terpsicore,https://biodiversity.org.au/afd/taxa/ba632bea-a7b4-4b60-bf89-d63128cad841,-16.224566,128.750436,2023-07-13T08:32:05Z,PRESENT,iNaturalist Australia
847,7b09dce0-0922-49e6-9c3f-5a0fa37704ef,Passiflora foetida,https://id.biodiversity.org.au/taxon/apni/51442118,-20.364706,146.347402,2025-10-15T08:44:48Z,PRESENT,iNaturalist Australia
848,7b4fe92a-1a97-4f71-9308-0b0a51a9469b,Passiflora foetida,https://id.biodiversity.org.au/taxon/apni/51442118,-19.26,146.809444,2022-11-22T09:25:00Z,PRESENT,iNaturalist Australia
849,7b9678ba-6d79-4a16-98f8-802544ea1742,Acraea terpsicore,https://biodiversity.org.au/afd/taxa/ba632bea-a7b4-4b60-bf89-d63128cad841,-19.202258,146.750024,2022-09-07T13:50:06Z,PRESENT,iNaturalist Australia
850,7bbeae2c-9bde-4f71-9f1a-f5a75e841e69,Passiflora foetida,https://id.biodiversity.org.au/taxon/apni/51442118,-24.23685,151.940247,2025-03-31T12:21:40Z,PRESENT,iNaturalist Australia
851,7be83151-4598-4bcc-b348-7b39d0801ad3,Passiflora foetida,https://id.biodiversity.org.au/taxon/apni/51442118,-12.378794,130.854842,2025-04-26T10:24:00Z,PRESENT,iNaturalist Australia
852,7beeadc7-fd60-4d60-b6cf-ca008df792bc,Acraea terpsicore,https://biodiversity.org.au/afd/taxa/ba632bea-a7b4-4b60-bf89-d63128cad841,-12.391829,130.917065,2025-01-24T15:07:00Z,PRESENT,iNaturalist Australia
853,7c06ae90-93bb-486c-8fd5-15c52f07ff08,Acraea terpsicore,https://biodiversity.org.au/afd/taxa/ba632bea-a7b4-4b60-bf89-d63128cad841,-30.356361,153.10645,2024-11-22T11:08:09Z,PRESENT,iNaturalist Australia
854,7c2eb37a-d871-4adb-964c-fe93f567a63f,Passiflora foetida,https://id.biodiversity.org.au/taxon/apni/51442118,-26.679802,153.133421,2024-11-25T09:14:00Z,PRESENT,iNaturalist Australia
855,7ca7a1af-18aa-41f1-be17-6048309e3e32,Acraea terpsicore,https://biodiversity.org.au/afd/taxa/ba632bea-a7b4-4b60-bf89-d63128cad841,-16.79997,145.35919,2021-07-26T01:08:00Z,PRESENT,Butterflies Australia
856,7cc77249-73e4-4ee1-bd49-e87d856858e2,Passiflora foetida,https://id.biodiversity.org.au/taxon/apni/51442118,-28.394219,153.492519,2022-09-08T04:57:07Z,PRESENT,NE NSW Grey-headed Flying-fox Habitat Restoration Project
857,7ccddc93-e7c6-4544-a10f-d14804132747,Passiflora foetida,https://id.biodiversity.org.au/taxon/apni/51442118,-26.814208,153.113175,2024-03-02T17:58:51Z,PRESENT,iNaturalist Australia
858,7ce84c26-f04c-42a2-a79c-6481fa771b67,Acraea terpsicore,https://biodiversity.org.au/afd/taxa/ba632bea-a7b4-4b60-bf89-d63128cad841,-23.41751,146.41666,2021-08-26T11:23:00Z,PRESENT,iNaturalist Australia
859,7d04c6e6-2439-4d04-b3dc-98d0b23605b8,Passiflora foetida,https://id.biodiversity.org.au/taxon/apni/51442118,-14.470204,132.265904,2022-01-27T00:00:00Z,PRESENT,Flora Atlas N.T.
860,7d0e883d-0dcd-4fe5-a2ec-828d2b1e3374,Acraea terpsicore,https://biodiversity.org.au/afd/taxa/ba632bea-a7b4-4b60-bf89-d63128cad841,-17.485328,140.840342,2025-08-17T09:56:00Z,PRESENT,iNaturalist Australia
861,7d1a130b-134a-4a2b-bccf-8d18066d6473,Acraea terpsicore,https://biodiversity.org.au/afd/taxa/ba632bea-a7b4-4b60-bf89-d63128cad841,-18.0199,144.0347,2021-03-22T10:45:00Z,PRESENT,Butterflies Australia
862,7d2cf1ec-86c3-44ce-ac64-4297ac6bfae6,Passiflora foetida,https://id.biodiversity.org.au/taxon/apni/51442118,-12.362024,130.872963,2024-09-20T07:11:15Z,PRESENT,iNaturalist Australia
863,7d4c528e-9b35-4dba-8c8a-95c99d54f78d,Passiflora foetida,https://id.biodiversity.org.au/taxon/apni/51442118,-25.333963,152.761132,2022-03-27T09:27:00Z,PRESENT,iNaturalist Australia
864,7d50553f-56a4-4b91-b813-85781cb81a0d,Acraea terpsicore,https://biodiversity.org.au/afd/taxa/ba632bea-a7b4-4b60-bf89-d63128cad841,-14.155221,126.238676,2025-07-04T09:12:27Z,PRESENT,iNaturalist Australia
865,7d59ec36-2668-478c-b504-dd67aa71193d,Acraea terpsicore,https://biodiversity.org.au/afd/taxa/ba632bea-a7b4-4b60-bf89-d63128cad841,-12.435138,130.741028,2025-01-01T03:30:00Z,PRESENT,iNaturalist Australia
866,7d661785-f9a5-47ae-930c-5eedb4f89f49,Passiflora foetida,https://id.biodiversity.org.au/taxon/apni/51442118,-16.521961,144.898946,2022-07-12T00:00:00Z,PRESENT,iNaturalist Australia
867,7d775ad8-a999-4924-ad12-a0584183f18b,Passiflora foetida,https://id.biodiversity.org.au/taxon/apni/51442118,-25.799938,152.949354,2021-03-15T11:17:40Z,PRESENT,iNaturalist Australia
868,7da51b8d-11aa-456b-ba60-dd95d22391ac,Acraea terpsicore,https://biodiversity.org.au/afd/taxa/ba632bea-a7b4-4b60-bf89-d63128cad841,-27.472086,152.958672,2022-02-13T13:00:00Z,PRESENT,iNaturalist Australia
869,7dbd5454-6caa-4289-807e-eabc15c0e65a,Acraea terpsicore,https://biodiversity.org.au/afd/taxa/ba632bea-a7b4-4b60-bf89-d63128cad841,-19.24039,146.782572,2023-05-10T08:00:00Z,PRESENT,iNaturalist Australia
870,7dfa7f5d-4bb5-4ad8-ab43-0717710a4e71,Acraea terpsicore,https://biodiversity.org.au/afd/taxa/ba632bea-a7b4-4b60-bf89-d63128cad841,-14.182983,132.038188,2025-04-26T10:31:00Z,PRESENT,iNaturalist Australia
871,7e51cf41-4ee7-46e5-9e58-3e4f39b54008,Passiflora foetida,https://id.biodiversity.org.au/taxon/apni/51442118,-27.340473,153.078443,2022-06-02T14:48:00Z,PRESENT,iNaturalist Australia
872,7e60d7c2-46ec-4fbd-a05c-8833ce40f66e,Acraea terpsicore,https://biodiversity.org.au/afd/taxa/ba632bea-a7b4-4b60-bf89-d63128cad841,-12.339818,130.888663,2023-05-31T11:49:00Z,PRESENT,iNaturalist Australia
873,7e6b95cc-bc9e-49a7-a6c2-1fa684e932d6,Acraea terpsicore,https://biodiversity.org.au/afd/taxa/ba632bea-a7b4-4b60-bf89-d63128cad841,-12.407303,130.912619,2024-12-25T11:15:00Z,PRESENT,iNaturalist Australia
874,7eb90708-6563-4e7a-aaa0-27d8dbfd2c54,Acraea terpsicore,https://biodiversity.org.au/afd/taxa/ba632bea-a7b4-4b60-bf89-d63128cad841,-14.315547,132.420989,2025-06-17T14:19:00Z,PRESENT,iNaturalist Australia
875,7edca7ea-169f-41ed-84a2-704ea18d51b1,Acraea terpsicore,https://biodiversity.org.au/afd/taxa/ba632bea-a7b4-4b60-bf89-d63128cad841,-21.3,149.1,2022-02-19T00:55:00Z,PRESENT,Earth Guardians Weekly Feed
876,7eedd0c1-37aa-4cf3-b6ca-82f968bdc4e1,Acraea terpsicore,https://biodiversity.org.au/afd/taxa/ba632bea-a7b4-4b60-bf89-d63128cad841,-18.17095,139.93493,2023-09-14T01:30:00Z,PRESENT,Butterflies Australia
877,7f19c0a0-c65e-4f0d-b153-03e25d0e4f9b,Acraea terpsicore,https://biodiversity.org.au/afd/taxa/ba632bea-a7b4-4b60-bf89-d63128cad841,-18.054242,144.061861,2025-04-19T23:16:42Z,PRESENT,iNaturalist Australia
878,7f55b5ad-f227-4abf-8100-c8f0a3dc1523,Passiflora foetida,https://id.biodiversity.org.au/taxon/apni/51442118,-26.460275,153.099533,2021-06-03T11:44:27Z,PRESENT,iNaturalist Australia
879,7f8592c2-3fac-4060-ba45-d9b25895701c,Acraea terpsicore,https://biodiversity.org.au/afd/taxa/ba632bea-a7b4-4b60-bf89-d63128cad841,-23.545952,145.3095,2021-06-15T12:47:00Z,PRESENT,iNaturalist Australia
880,7f9b9eeb-8a66-41bf-8395-ae7a25c7dc38,Acraea terpsicore,https://biodiversity.org.au/afd/taxa/ba632bea-a7b4-4b60-bf89-d63128cad841,-25.521828,152.68428,2024-04-13T12:25:33Z,PRESENT,iNaturalist Australia
881,7fd14ec8-eaf8-4a92-bda1-e40c5050697e,Passiflora foetida,https://id.biodiversity.org.au/name/apni/51741309,-27.549547,152.509156,2025-12-26T08:49:00Z,PRESENT,iNaturalist Australia
882,7feed952-b0b0-43d5-a6cd-a099c2918b8a,Acraea terpsicore,https://biodiversity.org.au/afd/taxa/ba632bea-a7b4-4b60-bf89-d63128cad841,-19.254912,146.823085,2024-11-23T14:07:00Z,PRESENT,iNaturalist Australia
883,801956ac-950d-4cbf-842b-05dc525cc392,Passiflora foetida,https://id.biodiversity.org.au/taxon/apni/51442118,-18.311897,146.273712,2025-07-13T10:08:35Z,PRESENT,iNaturalist Australia
884,807e3fc7-d690-447e-bb52-3ef149a53969,Acraea terpsicore,https://biodiversity.org.au/afd/taxa/ba632bea-a7b4-4b60-bf89-d63128cad841,-12.346385,130.920983,2025-01-18T06:10:15Z,PRESENT,iNaturalist Australia
885,807ed0bb-28d2-41f1-bc3e-a6ce133001b5,Acraea terpsicore,https://biodiversity.org.au/afd/taxa/ba632bea-a7b4-4b60-bf89-d63128cad841,-17.6253,145.5208,2021-04-09T11:00:00Z,PRESENT,Butterflies Australia
886,8097b66f-c98d-4166-9d5b-3fdfc4949d36,Acraea terpsicore,https://biodiversity.org.au/afd/taxa/ba632bea-a7b4-4b60-bf89-d63128cad841,-16.522142,145.101925,2025-05-31T12:13:00Z,PRESENT,iNaturalist Australia
887,80b7d57e-fd1e-4132-b48b-ae63b482606b,Acraea terpsicore,https://biodiversity.org.au/afd/taxa/ba632bea-a7b4-4b60-bf89-d63128cad841,-15.617765,131.130192,2024-08-29T10:06:00Z,PRESENT,iNaturalist Australia
888,8104abc1-edcd-4849-8147-b88b96b718bb,Acraea terpsicore,https://biodiversity.org.au/afd/taxa/ba632bea-a7b4-4b60-bf89-d63128cad841,-18.289869,143.549623,2025-08-28T17:59:00Z,PRESENT,iNaturalist Australia
889,8136050e-bced-4e20-b9c2-8f847cbf32ae,Acraea terpsicore,https://biodiversity.org.au/afd/taxa/ba632bea-a7b4-4b60-bf89-d63128cad841,-18.91147,146.3072,2022-12-19T21:45:00Z,PRESENT,Butterflies Australia
890,81609093-e3a3-44c5-8c3a-30cad8a502d9,Passiflora foetida,https://id.biodiversity.org.au/taxon/apni/51442118,-28.082002,153.439783,2025-01-08T11:31:20Z,PRESENT,iNaturalist Australia
891,8161a841-5218-42c4-a931-7cf744bb2506,Passiflora foetida,https://id.biodiversity.org.au/taxon/apni/51442118,-16.6313,145.3255,2022-09-05T16:55:00Z,PRESENT,iNaturalist Australia
892,818e1c66-b0eb-4f61-81e4-f19883c8458e,Acraea terpsicore,https://biodiversity.org.au/afd/taxa/ba632bea-a7b4-4b60-bf89-d63128cad841,-20.081194,146.243958,2025-04-22T07:56:46Z,PRESENT,iNaturalist Australia
893,81ad81c8-49d2-48a0-967e-1cc79c2bd6fc,Acraea terpsicore,https://biodiversity.org.au/afd/taxa/ba632bea-a7b4-4b60-bf89-d63128cad841,-17.3809,145.3755,2023-04-07T00:30:00Z,PRESENT,Butterflies Australia
894,81c76224-ef9b-4daf-bf7f-d44e80387440,Acraea terpsicore,https://biodiversity.org.au/afd/taxa/ba632bea-a7b4-4b60-bf89-d63128cad841,-18.147742,144.3167,2025-08-28T11:32:00Z,PRESENT,iNaturalist Australia
895,81feb3fc-f345-4201-bf09-9a57a529f081,Acraea terpsicore,https://biodiversity.org.au/afd/taxa/ba632bea-a7b4-4b60-bf89-d63128cad841,-29.117785,153.444773,2023-03-20T13:07:00Z,PRESENT,iNaturalist Australia
896,820d9603-6160-40b7-8496-d68bea1685a4,Acraea terpsicore,https://biodiversity.org.au/afd/taxa/ba632bea-a7b4-4b60-bf89-d63128cad841,-15.764988,127.715363,2025-05-23T08:29:47Z,PRESENT,iNaturalist Australia
897,823cc855-cd43-4825-8ff5-3db69c0fdc82,Passiflora foetida,https://id.biodiversity.org.au/taxon/apni/51442118,-27.5756,152.825711,2021-01-07T08:27:00Z,PRESENT,iNaturalist Australia
898,828593fd-2478-4abc-96f0-1ab90bcd33a0,Acraea terpsicore,https://biodiversity.org.au/afd/taxa/ba632bea-a7b4-4b60-bf89-d63128cad841,-21.3,149.1,2022-04-17T14:30:00Z,PRESENT,Earth Guardians Weekly Feed
899,82a429cf-4d1c-42ba-b798-af5e91347527,Passiflora foetida,https://id.biodiversity.org.au/taxon/apni/51442118,-14.473058,132.259581,2021-12-06T00:00:00Z,PRESENT,Flora Atlas N.T.
900,82b65c17-5322-4d98-8795-63573e3e84ac,Acraea terpsicore,https://biodiversity.org.au/afd/taxa/ba632bea-a7b4-4b60-bf89-d63128cad841,-27.235447,152.424834,2025-02-08T15:47:00Z,PRESENT,iNaturalist Australia
901,82c2d7f7-54db-4121-96a6-66b317f6f746,Acraea terpsicore,https://biodiversity.org.au/afd/taxa/ba632bea-a7b4-4b60-bf89-d63128cad841,-25.33972,152.751141,2022-02-18T08:48:00Z,PRESENT,iNaturalist Australia
902,82c451d3-4911-4d8a-8d75-29aea3045223,Passiflora foetida,https://id.biodiversity.org.au/taxon/apni/51442118,-19.3052,146.640337,2022-11-03T14:47:00Z,PRESENT,iNaturalist Australia
903,82eb56ab-1e2b-48fc-b05a-d02add336572,Passiflora foetida,https://id.biodiversity.org.au/taxon/apni/51442118,-21.972953,149.660008,2023-09-02T09:56:00Z,PRESENT,iNaturalist Australia
904,831958ce-d69c-48a9-8b31-169f38a7826f,Passiflora foetida,https://id.biodiversity.org.au/name/apni/51741309,-26.790008,152.950455,2022-08-21T11:33:43Z,PRESENT,iNaturalist Australia
905,831ebbad-093e-482c-acf1-1524526cb4f1,Passiflora foetida,https://id.biodiversity.org.au/name/apni/51741309,-26.539633,153.09555,2023-09-17T09:03:58Z,PRESENT,iNaturalist Australia
906,83356513-fb8e-4f01-a20b-2305595f5dac,Acraea terpsicore,https://biodiversity.org.au/afd/taxa/ba632bea-a7b4-4b60-bf89-d63128cad841,-17.639411,123.741346,2025-08-03T11:55:30Z,PRESENT,iNaturalist Australia
907,83534232-a543-48a4-88ec-9b0a737aaab9,Passiflora foetida,https://id.biodiversity.org.au/taxon/apni/51442118,-27.5396,153.036176,2021-08-14T10:13:00Z,PRESENT,iNaturalist Australia
908,8437af55-4c68-46ab-a3de-e707314b496e,Acraea terpsicore,https://biodiversity.org.au/afd/taxa/ba632bea-a7b4-4b60-bf89-d63128cad841,-25.789027,152.696488,2025-03-05T14:47:00Z,PRESENT,iNaturalist Australia
909,8441473d-3bd5-4b9c-944e-81043f80a7f4,Passiflora foetida,https://id.biodiversity.org.au/taxon/apni/51442118,-26.512404,152.82206300000001,2023-03-30T07:49:08Z,PRESENT,iNaturalist Australia
910,84985e90-bd04-46fe-8ece-1d9f3471fc28,Passiflora foetida,https://id.biodiversity.org.au/taxon/apni/51442118,-15.8494,144.7736,2023-06-07T10:35:00Z,PRESENT,iNaturalist Australia
911,84b2252e-f30e-4c9b-916b-198e29e2f395,Acraea terpsicore,https://biodiversity.org.au/afd/taxa/ba632bea-a7b4-4b60-bf89-d63128cad841,-13.847353,136.416503,2022-06-18T13:32:24Z,PRESENT,iNaturalist Australia
912,84d97974-8b3c-49f4-b3d3-b35e6af3a175,Acraea terpsicore,https://biodiversity.org.au/afd/taxa/ba632bea-a7b4-4b60-bf89-d63128cad841,-14.44537,132.260436,2023-04-08T10:18:00Z,PRESENT,iNaturalist Australia
913,85314ab8-7dbd-4085-8001-42085c5a89c4,Passiflora foetida,https://id.biodiversity.org.au/taxon/apni/51442118,-14.472243,132.259396,2021-06-10T00:00:00Z,PRESENT,Flora Atlas N.T.
914,85659dc6-0d3b-42ab-9bca-3b314b30bae7,Acraea terpsicore,https://biodiversity.org.au/afd/taxa/ba632bea-a7b4-4b60-bf89-d63128cad841,-18.015,138.85699,2023-09-11T01:03:00Z,PRESENT,Butterflies Australia
915,85ff0f07-2096-4409-bcd3-41754a90bd1d,Acraea terpsicore,https://biodiversity.org.au/afd/taxa/ba632bea-a7b4-4b60-bf89-d63128cad841,-19.322795,146.76628,2023-03-24T17:12:54Z,PRESENT,iNaturalist Australia
916,863e7ce5-8e92-4a0d-85db-b1a81b81100e,Passiflora foetida,https://id.biodiversity.org.au/taxon/apni/51442118,-18.1155,144.5602,2022-04-06T09:02:00Z,PRESENT,iNaturalist Australia
917,8642dc13-4487-44d8-9292-ef03fa3a28cc,Passiflora foetida,https://id.biodiversity.org.au/taxon/apni/51442118,-24.274253,150.584212,2025-11-07T16:23:26Z,PRESENT,iNaturalist Australia
918,8644ba09-8cea-477f-9fa4-56b820211421,Acraea terpsicore,https://biodiversity.org.au/afd/taxa/ba632bea-a7b4-4b60-bf89-d63128cad841,-20,148.3,2025-08-10T09:02:00Z,PRESENT,Earth Guardians Weekly Feed
919,865e2a45-ace6-46c5-addc-d1b7a40237c2,Passiflora foetida,https://id.biodiversity.org.au/taxon/apni/51442118,-27.542635,152.860456,2023-01-24T11:03:00Z,PRESENT,iNaturalist Australia
920,868c0da7-b30f-464e-b81a-c5408ae65b55,Passiflora foetida,https://id.biodiversity.org.au/taxon/apni/51442118,-27.087321,153.415423,2022-10-04T14:54:00Z,PRESENT,iNaturalist Australia
921,86be2f31-1fee-45ba-8cff-c9a429bed5a9,Passiflora foetida,https://id.biodiversity.org.au/taxon/apni/51442118,-24.93875,152.268417,2024-02-07T13:37:00Z,PRESENT,iNaturalist Australia
922,86d72539-71d2-4a68-9aa2-ab1b387c64e9,Passiflora foetida,https://id.biodiversity.org.au/taxon/apni/51442118,-18.657992,146.144883,2024-07-31T11:43:51Z,PRESENT,iNaturalist Australia
923,86f7bc5a-d147-4f5e-a7fc-64e931f5fa7f,Acraea terpsicore,https://biodiversity.org.au/afd/taxa/ba632bea-a7b4-4b60-bf89-d63128cad841,-19.203088,146.752351,2025-04-15T10:23:00Z,PRESENT,iNaturalist Australia
924,86fb9ee6-af83-4160-8163-3153665895cd,Passiflora foetida,https://id.biodiversity.org.au/taxon/apni/51442118,-23.955199,151.371987,2022-08-17T15:52:00Z,PRESENT,iNaturalist Australia
925,875569c6-6487-4d9e-bb81-9b7ba718c031,Acraea terpsicore,https://biodiversity.org.au/afd/taxa/ba632bea-a7b4-4b60-bf89-d63128cad841,-27.485029,152.952764,2021-12-30T09:47:00Z,PRESENT,iNaturalist Australia
926,8759ee0b-5d3d-43a0-ab29-899c2a11e245,Acraea terpsicore,https://biodiversity.org.au/afd/taxa/ba632bea-a7b4-4b60-bf89-d63128cad841,-19.189458,146.773378,2024-10-29T09:30:29Z,PRESENT,iNaturalist Australia
927,876ed48b-a60e-485c-9484-0c249e5d335f,Acraea terpsicore,https://biodiversity.org.au/afd/taxa/ba632bea-a7b4-4b60-bf89-d63128cad841,-17.38,145.37,2021-03-11T02:00:00Z,PRESENT,Butterflies Australia
928,879ba0d6-26e3-4f40-adaa-94ee81b8f998,Passiflora foetida,https://id.biodiversity.org.au/name/apni/51741309,-24.222519,151.921615,2024-09-06T08:27:00Z,PRESENT,iNaturalist Australia
929,87b32bad-51a8-4f1c-b61a-146aea01edde,Passiflora foetida,https://id.biodiversity.org.au/taxon/apni/51442118,-12.51768,130.97746,2021-11-24T00:00:00Z,PRESENT,Northern Territory Herbarium (DNA) AVH data
930,87ef77a5-0488-46eb-bc3f-de8c8b86a885,Acraea terpsicore,https://biodiversity.org.au/afd/taxa/ba632bea-a7b4-4b60-bf89-d63128cad841,-17.378293,145.379378,2023-02-27T14:13:00Z,PRESENT,iNaturalist Australia
931,88084c91-a8ce-4c4e-b97c-5bcf438c7559,Acraea terpsicore,https://biodiversity.org.au/afd/taxa/ba632bea-a7b4-4b60-bf89-d63128cad841,-27.482931,152.961122,2022-01-03T10:42:00Z,PRESENT,iNaturalist Australia
932,882ee4f3-bad3-4c4a-ad10-d26aa899344a,Passiflora foetida,https://id.biodiversity.org.au/taxon/apni/51442118,-14.469853,132.264022,2021-11-15T00:00:00Z,PRESENT,Flora Atlas N.T.
933,8836ce5c-c0e3-4414-9810-fa6130309484,Passiflora foetida,https://id.biodiversity.org.au/taxon/apni/51442118,-19.706872,146.83888,2022-03-11T10:53:36Z,PRESENT,iNaturalist Australia
934,884e8d3e-7610-4077-9182-34a5e98186ce,Acraea terpsicore,https://biodiversity.org.au/afd/taxa/ba632bea-a7b4-4b60-bf89-d63128cad841,-19.94839,147.92311,2021-05-19T00:00:00Z,PRESENT,WildNet - Queensland Wildlife Data
935,885ff383-aa9d-45b3-b649-d33209f0c96d,Passiflora foetida,https://id.biodiversity.org.au/taxon/apni/51442118,-27.45682,153.136632,2021-12-28T10:34:18Z,PRESENT,iNaturalist Australia
936,88918437-60a4-4cee-9fb9-3b9a6a2f2ce5,Passiflora foetida,https://id.biodiversity.org.au/taxon/apni/51442118,-25.281597,152.696281,2025-02-12T11:23:00Z,PRESENT,iNaturalist Australia
937,88f91e03-fd46-458b-983a-d1aa79245c64,Passiflora foetida,https://id.biodiversity.org.au/taxon/apni/51442118,-21.3,149.1,2021-09-04T10:33:00Z,PRESENT,Earth Guardians Weekly Feed
938,88fd0b74-257d-401e-91a6-75227bcafa4d,Acraea terpsicore,https://biodiversity.org.au/afd/taxa/ba632bea-a7b4-4b60-bf89-d63128cad841,-16.147687,135.631438,2021-05-30T10:49:00Z,PRESENT,iNaturalist Australia
939,8923bdb8-169f-4a55-90e1-3cb156b817eb,Passiflora foetida,https://id.biodiversity.org.au/taxon/apni/51442118,-27.604896,153.141382,2025-06-09T11:08:47Z,PRESENT,iNaturalist Australia
940,895f8952-8921-44b8-b322-e08cf21fce5c,Acraea terpsicore,https://biodiversity.org.au/afd/taxa/ba632bea-a7b4-4b60-bf89-d63128cad841,-27.3807,152.909572,2022-02-08T11:04:00Z,PRESENT,iNaturalist Australia
941,89b2f5cf-93ae-42de-aaa3-4356bd54db23,Acraea terpsicore,https://biodiversity.org.au/afd/taxa/ba632bea-a7b4-4b60-bf89-d63128cad841,-19.251163,146.787522,2025-05-18T12:17:26Z,PRESENT,iNaturalist Australia
942,89fa79d7-c606-481a-804e-6a0086910c7d,Acraea terpsicore,https://biodiversity.org.au/afd/taxa/ba632bea-a7b4-4b60-bf89-d63128cad841,-30.356304,153.106737,2022-03-18T13:48:19Z,PRESENT,iNaturalist Australia
943,8a657011-fd78-45ba-ab50-dcb0f2cbbdc4,Acraea terpsicore,https://biodiversity.org.au/afd/taxa/ba632bea-a7b4-4b60-bf89-d63128cad841,-17.67736,141.07029,2023-08-18T01:11:00Z,PRESENT,Butterflies Australia
944,8aceb617-6385-4615-9a73-f27644e91e6e,Acraea terpsicore,https://biodiversity.org.au/afd/taxa/ba632bea-a7b4-4b60-bf89-d63128cad841,-14.149073,126.239059,2025-09-07T14:17:00Z,PRESENT,iNaturalist Australia
945,8b2dcef8-1065-423d-8053-0d3392fc98dd,Acraea terpsicore,https://biodiversity.org.au/afd/taxa/ba632bea-a7b4-4b60-bf89-d63128cad841,-18.946981,146.016342,2021-03-15T15:05:00Z,PRESENT,iNaturalist Australia
946,8b55b332-b0a6-4a30-8289-854ece8c5889,Passiflora foetida,https://id.biodiversity.org.au/taxon/apni/51442118,-17.9253,146.1364,2023-04-05T00:00:00Z,PRESENT,BRI AVH Data and Images
947,8b620659-6993-47d1-be6f-39fba9f16b21,Acraea terpsicore,https://biodiversity.org.au/afd/taxa/ba632bea-a7b4-4b60-bf89-d63128cad841,-20.071375,146.268922,2023-03-31T15:51:59Z,PRESENT,iNaturalist Australia
948,8b7df72e-192a-4e50-a312-7b6aa063bd4e,Acraea terpsicore,https://biodiversity.org.au/afd/taxa/ba632bea-a7b4-4b60-bf89-d63128cad841,-27.381719,153.005528,2024-12-07T13:39:00Z,PRESENT,iNaturalist Australia
949,8b84787d-03be-40b1-884c-e6cabd56e11f,Acraea terpsicore,https://biodiversity.org.au/afd/taxa/ba632bea-a7b4-4b60-bf89-d63128cad841,-12.601985,141.894715,2023-01-21T09:18:00Z,PRESENT,iNaturalist Australia
950,8bad62d3-3c26-4dd9-b844-f79eaa240cae,Acraea terpsicore,https://biodiversity.org.au/afd/taxa/ba632bea-a7b4-4b60-bf89-d63128cad841,-17.502572,140.825982,2021-06-01T11:30:00Z,PRESENT,iNaturalist Australia
951,8bf84304-f13d-4cdd-bbcd-ca1cc12e2bf6,Passiflora foetida,https://id.biodiversity.org.au/taxon/apni/51442118,-26.686216,153.09969,2024-11-13T14:12:09Z,PRESENT,iNaturalist Australia
952,8c1b57c6-cc54-45e8-baf8-064736f20a97,Acraea terpsicore,https://biodiversity.org.au/afd/taxa/ba632bea-a7b4-4b60-bf89-d63128cad841,-17.455079,138.356223,2024-07-30T01:26:00Z,PRESENT,iNaturalist Australia
953,8c4ef770-7a20-435a-9337-7ad656b3b0b4,Acraea terpsicore,https://biodiversity.org.au/afd/taxa/ba632bea-a7b4-4b60-bf89-d63128cad841,-12.70994,131.090185,2023-04-29T15:34:00Z,PRESENT,iNaturalist Australia
954,8d001fa1-89db-4d6a-93ab-8fb69f25f1a5,Passiflora foetida,https://id.biodiversity.org.au/taxon/apni/51442118,-16.92425,145.359987,2025-11-24T17:52:17Z,PRESENT,iNaturalist Australia
955,8d1f47fd-186a-40a2-9123-d27c1188a50b,Passiflora foetida,https://id.biodiversity.org.au/taxon/apni/51442118,-22.888794,150.350108,2021-01-19T13:16:27Z,PRESENT,iNaturalist Australia
956,8d7af73a-7594-47f3-961c-fffaa85509f7,Acraea terpsicore,https://biodiversity.org.au/afd/taxa/ba632bea-a7b4-4b60-bf89-d63128cad841,-10.571913,142.227705,2024-07-24T10:12:01Z,PRESENT,iNaturalist Australia
957,8d820523-7525-4bc3-b625-0f23efe1eb15,Acraea terpsicore,https://biodiversity.org.au/afd/taxa/ba632bea-a7b4-4b60-bf89-d63128cad841,-21.156622,148.232488,2025-06-09T13:26:00Z,PRESENT,iNaturalist Australia
958,8d8dcce6-07bd-482b-bed4-50ad26260946,Passiflora foetida,https://id.biodiversity.org.au/taxon/apni/51442118,-14.467211,132.263755,2021-06-10T00:00:00Z,PRESENT,Flora Atlas N.T.
959,8d998ac8-d372-4ce8-841e-b546d23fec94,Passiflora foetida,https://id.biodiversity.org.au/taxon/apni/51442118,-19.171962,146.828225,2021-04-18T15:26:18Z,PRESENT,iNaturalist Australia
960,8dc856b0-4f25-46d9-91b0-f58ae43d8bfe,Passiflora foetida,https://id.biodiversity.org.au/name/apni/51741309,-27.433745,152.99672,2025-01-25T09:35:00Z,PRESENT,iNaturalist Australia
961,8e2898f4-8f1d-45fc-b27a-294e99d64df7,Passiflora foetida,https://id.biodiversity.org.au/taxon/apni/51442118,-27.579462,152.659827,2023-02-23T12:11:00Z,PRESENT,iNaturalist Australia
962,8e5384ce-59f2-4762-babd-ff74b8c69c44,Passiflora foetida,https://id.biodiversity.org.au/name/apni/51741309,-27.549294,152.509064,2025-12-26T08:51:00Z,PRESENT,iNaturalist Australia
963,8e69a65f-9858-46a7-9bae-efa174081311,Passiflora foetida,https://id.biodiversity.org.au/taxon/apni/51442118,-25.90151,152.650243,2022-03-28T10:23:00Z,PRESENT,iNaturalist Australia
964,8e8798cd-1c8e-4fce-88bb-12b6fe0c93e5,Acraea terpsicore,https://biodiversity.org.au/afd/taxa/ba632bea-a7b4-4b60-bf89-d63128cad841,-12.431503,132.9701,2021-06-20T12:10:00Z,PRESENT,iNaturalist Australia
965,8eb906d1-a41f-4057-92f2-84486d950078,Acraea terpsicore,https://biodiversity.org.au/afd/taxa/ba632bea-a7b4-4b60-bf89-d63128cad841,-17.421294,145.801032,2022-10-26T09:39:00Z,PRESENT,iNaturalist Australia
966,8ed781a0-e24b-497c-ac5a-88344ea18434,Passiflora foetida,https://id.biodiversity.org.au/taxon/apni/51442118,-20.062354,148.452972,2024-04-22T16:59:00Z,PRESENT,iNaturalist Australia
967,8f16b5fe-760f-4026-b5b4-91b0a56bbde9,Acraea terpsicore,https://biodiversity.org.au/afd/taxa/ba632bea-a7b4-4b60-bf89-d63128cad841,-12.363487,130.904977,2025-07-02T10:23:00Z,PRESENT,iNaturalist Australia
968,8f1943b0-ff4b-4ccd-adf8-ccf6a99be847,Acraea terpsicore,https://biodiversity.org.au/afd/taxa/ba632bea-a7b4-4b60-bf89-d63128cad841,-19.601921,146.83893,2025-06-14T12:51:45Z,PRESENT,iNaturalist Australia
969,8f5a2b9a-ed15-489f-a79f-f90df6115d25,Passiflora foetida,https://id.biodiversity.org.au/taxon/apni/51442118,-27.34088,153.077793,2024-02-17T09:19:52Z,PRESENT,iNaturalist Australia
970,8fd129db-4be4-4716-8a54-40fd5478fc4f,Passiflora foetida,https://id.biodiversity.org.au/name/apni/51741309,-24.1523,151.885702,2025-09-18T07:50:43Z,PRESENT,iNaturalist Australia
971,8fe11337-4d6f-433e-b6d5-61752661808c,Passiflora foetida,https://id.biodiversity.org.au/taxon/apni/51442118,-25.263859,152.81415,2021-02-09T02:10:00Z,PRESENT,iNaturalist Australia
972,9001e8e4-955a-4908-8d72-0e5cafefd6bd,Passiflora foetida,https://id.biodiversity.org.au/taxon/apni/51442118,-27.446767,153.024475,2022-03-05T13:46:25Z,PRESENT,iNaturalist Australia
973,9039541e-2930-45b2-bee6-a3c786d1c1c8,Passiflora foetida,https://id.biodiversity.org.au/name/apni/51741309,-27.549281,152.509064,2025-12-26T08:51:00Z,PRESENT,iNaturalist Australia
974,904f6bf4-87c0-43b0-ae66-17190eabe853,Passiflora foetida,https://id.biodiversity.org.au/taxon/apni/51442118,-14.469731,132.265582,2021-11-27T00:00:00Z,PRESENT,Flora Atlas N.T.
975,907b56bc-91c1-4595-854e-64cdfd09661e,Acraea terpsicore,https://biodiversity.org.au/afd/taxa/ba632bea-a7b4-4b60-bf89-d63128cad841,-17.485328,140.840342,2025-08-17T10:30:00Z,PRESENT,iNaturalist Australia
976,9097bdac-b064-4504-acb0-938e434d6e7a,Acraea terpsicore,https://biodiversity.org.au/afd/taxa/ba632bea-a7b4-4b60-bf89-d63128cad841,-16.889734,145.415146,2025-07-16T14:07:54Z,PRESENT,iNaturalist Australia
977,909d2380-8390-460c-b2c4-e0e21f13139c,Acraea terpsicore,https://biodiversity.org.au/afd/taxa/ba632bea-a7b4-4b60-bf89-d63128cad841,-19.257697,146.803232,2024-05-22T15:44:00Z,PRESENT,iNaturalist Australia
978,90a8c9d8-f727-4943-a437-f17ae6d7fac9,Passiflora foetida,https://id.biodiversity.org.au/taxon/apni/51442118,-27.60919,152.941809,2023-09-11T12:11:00Z,PRESENT,iNaturalist Australia
979,91224fb5-cbe5-4214-8671-a1114debf690,Acraea terpsicore,https://biodiversity.org.au/afd/taxa/ba632bea-a7b4-4b60-bf89-d63128cad841,-27.485772,152.954133,2022-01-11T12:23:23Z,PRESENT,iNaturalist Australia
980,9173f9a7-d294-46ea-b694-9038b2173745,Acraea terpsicore,https://biodiversity.org.au/afd/taxa/ba632bea-a7b4-4b60-bf89-d63128cad841,-27.380222,152.907469,2024-04-02T11:36:00Z,PRESENT,iNaturalist Australia
981,91ce5150-ff5f-42a2-b887-30c647317b3c,Passiflora foetida,https://id.biodiversity.org.au/taxon/apni/51442118,-14.471117,132.259753,2021-06-10T00:00:00Z,PRESENT,Flora Atlas N.T.
982,91feeb6f-9d0f-4c56-bee3-2f4e836481fc,Passiflora foetida,https://id.biodiversity.org.au/taxon/apni/51442118,-20.063848,148.452762,2024-04-22T17:26:00Z,PRESENT,iNaturalist Australia
983,92210a3a-0aaa-4a53-99ee-86d19062792b,Acraea terpsicore,https://biodiversity.org.au/afd/taxa/ba632bea-a7b4-4b60-bf89-d63128cad841,-15.2899,144.8473,2022-05-26T00:30:00Z,PRESENT,Butterflies Australia
984,9239be32-9b85-42ad-ad21-5049ffb51aee,Acraea terpsicore,https://biodiversity.org.au/afd/taxa/ba632bea-a7b4-4b60-bf89-d63128cad841,-21.531951,146.859789,2025-04-11T16:36:00Z,PRESENT,iNaturalist Australia
985,9244f649-3a08-4ca2-a1b7-b02dd9a4bba6,Acraea terpsicore,https://biodiversity.org.au/afd/taxa/ba632bea-a7b4-4b60-bf89-d63128cad841,-19.18787,146.771163,2025-06-20T16:23:40Z,PRESENT,iNaturalist Australia
986,92605d68-2d30-4b4b-bc5a-fc32ba456e65,Passiflora foetida,https://id.biodiversity.org.au/taxon/apni/51442118,-23.89,151.24,2024-10-30T00:00:00Z,PRESENT,WeedScan
987,926318dd-69be-4330-bb25-050319cfba5f,Passiflora foetida,https://id.biodiversity.org.au/taxon/apni/51442118,-24.23685,151.940247,2025-03-31T12:21:40Z,PRESENT,iNaturalist Australia
988,926de2a0-6b01-4976-b83d-57ed440e873d,Acraea terpsicore,https://biodiversity.org.au/afd/taxa/ba632bea-a7b4-4b60-bf89-d63128cad841,-12.432945,130.944804,2022-04-10T13:15:00Z,PRESENT,iNaturalist Australia
989,927bec5e-4986-4a8e-bf74-20515813b801,Acraea terpsicore,https://biodiversity.org.au/afd/taxa/ba632bea-a7b4-4b60-bf89-d63128cad841,-27.619078,153.174255,2022-01-15T10:27:10Z,PRESENT,iNaturalist Australia
990,92861edf-c36b-4f3d-81f5-4673d7e9266e,Acraea terpsicore,https://biodiversity.org.au/afd/taxa/ba632bea-a7b4-4b60-bf89-d63128cad841,-12.762552,130.957798,2021-04-11T11:37:26Z,PRESENT,iNaturalist Australia
991,92bc45e5-be1c-4553-95e6-98af5c294467,Acraea terpsicore,https://biodiversity.org.au/afd/taxa/ba632bea-a7b4-4b60-bf89-d63128cad841,-14.887423,135.009556,2021-05-30T10:49:00Z,PRESENT,iNaturalist Australia
992,9342c8fb-40e1-4096-99e3-0219b1dfd520,Passiflora foetida,https://id.biodiversity.org.au/taxon/apni/51442118,-27.40938,152.998537,2023-01-16T07:53:03Z,PRESENT,iNaturalist Australia
993,934aca53-7891-4ab9-a35f-dde11ccfef75,Passiflora foetida,https://id.biodiversity.org.au/taxon/apni/51442118,-25.29302,152.807862,2023-11-12T05:49:13Z,PRESENT,iNaturalist Australia
994,936f699c-5e03-4b02-b7c0-d7e22e22c374,Acraea terpsicore,https://biodiversity.org.au/afd/taxa/ba632bea-a7b4-4b60-bf89-d63128cad841,-12.454361,130.947589,2024-04-26T18:04:00Z,PRESENT,iNaturalist Australia
995,93a2f20c-8489-41d7-b5cb-96fea59bf7e5,Acraea terpsicore,https://biodiversity.org.au/afd/taxa/ba632bea-a7b4-4b60-bf89-d63128cad841,-23.919797,148.215605,2022-07-12T11:29:42Z,PRESENT,iNaturalist Australia
996,93ae1951-3d65-4897-b409-c16cbcbec457,Passiflora foetida,https://id.biodiversity.org.au/taxon/apni/51442118,-17.02348,145.740001,2022-02-28T14:14:38Z,PRESENT,iNaturalist Australia
997,93bb8a1f-28db-4015-9fc3-a07c465325d2,Acraea terpsicore,https://biodiversity.org.au/afd/taxa/ba632bea-a7b4-4b60-bf89-d63128cad841,-12.70719,130.994054,2025-05-18T11:47:23Z,PRESENT,iNaturalist Australia
998,94241f8c-4267-4f71-9db4-c064bff00029,Acraea terpsicore,https://biodiversity.org.au/afd/taxa/ba632bea-a7b4-4b60-bf89-d63128cad841,-19.24005,146.800628,2022-05-29T14:12:03Z,PRESENT,iNaturalist Australia
999,94282735-5851-4493-a584-49e3541ffd0f,Acraea terpsicore,https://biodiversity.org.au/afd/taxa/ba632bea-a7b4-4b60-bf89-d63128cad841,-17.410044,145.061769,2023-04-21T09:40:00Z,PRESENT,iNaturalist Australia
1000,942d82ea-143c-4b4a-94e4-ba347492de45,Passiflora foetida,https://id.biodiversity.org.au/taxon/apni/51442118,-12.739684,143.252944,2023-01-12T16:53:21Z,PRESENT,iNaturalist Australia
1001,9491d27e-1d42-422f-8ab5-1fb5ea084a6f,Acraea terpsicore,https://biodiversity.org.au/afd/taxa/ba632bea-a7b4-4b60-bf89-d63128cad841,-27.627306,153.074222,2023-10-28T12:52:00Z,PRESENT,iNaturalist Australia
1002,94b1461b-af5b-4632-aa54-8035f6cc334e,Passiflora foetida,https://id.biodiversity.org.au/taxon/apni/51442118,-27.676372,152.849419,2021-01-07T13:58:00Z,PRESENT,iNaturalist Australia
1003,95246c2d-2795-48e6-bfea-c3318a86dcac,Acraea terpsicore,https://biodiversity.org.au/afd/taxa/ba632bea-a7b4-4b60-bf89-d63128cad841,-13.847222,136.423845,2025-03-28T08:17:55Z,PRESENT,iNaturalist Australia
1004,952cf3ec-932f-4a04-bdc1-1742aca4a188,Passiflora foetida,https://id.biodiversity.org.au/taxon/apni/51442118,-27.896581,153.314992,2023-10-29T12:55:00Z,PRESENT,iNaturalist Australia
1005,9572f730-b274-450b-80f4-cad54815d19b,Acraea terpsicore,https://biodiversity.org.au/afd/taxa/ba632bea-a7b4-4b60-bf89-d63128cad841,-18.48725,143.339997,2021-05-15T09:21:34Z,PRESENT,iNaturalist Australia
1006,9581b532-14e1-4210-a38a-e864fbd15e73,Acraea terpsicore,https://biodiversity.org.au/afd/taxa/ba632bea-a7b4-4b60-bf89-d63128cad841,-23.453424,146.4146,2025-05-27T11:34:00Z,PRESENT,iNaturalist Australia
1007,95cd5936-a114-464a-bb71-fa98e2babc00,Passiflora foetida,https://id.biodiversity.org.au/taxon/apni/51442118,-14.474025,132.258819,2021-12-06T00:00:00Z,PRESENT,Flora Atlas N.T.
1008,95d0042d-a063-4d89-aadb-bcc8e56bbecf,Acraea terpsicore,https://biodiversity.org.au/afd/taxa/ba632bea-a7b4-4b60-bf89-d63128cad841,-17.168748,125.358943,2025-06-04T12:41:02Z,PRESENT,iNaturalist Australia
1009,95f00eb2-08a6-4f6a-9f8d-db90efdfce5e,Passiflora foetida,https://id.biodiversity.org.au/name/apni/51741309,-24.336634,150.946817,2024-11-16T07:59:57Z,PRESENT,iNaturalist Australia
1010,962f68ba-aa3b-4ca3-967b-06e43ff55718,Acraea terpsicore,https://biodiversity.org.au/afd/taxa/ba632bea-a7b4-4b60-bf89-d63128cad841,-14.926027,133.064398,2021-06-08T12:48:00Z,PRESENT,iNaturalist Australia
1011,9634084a-dbae-4ebe-9367-bc594522317d,Passiflora foetida,https://id.biodiversity.org.au/taxon/apni/51442118,-27.434205,153.147477,2023-11-12T08:24:00Z,PRESENT,iNaturalist Australia
1012,966df599-a620-43e3-991d-00c0c98303d3,Passiflora foetida,https://id.biodiversity.org.au/taxon/apni/51442118,-27.055508,153.14004,2024-05-26T08:40:38Z,PRESENT,iNaturalist Australia
1013,96a3090c-f43d-4335-a016-c3d255186744,Passiflora foetida,https://id.biodiversity.org.au/taxon/apni/51442118,-26.535641,153.095275,2025-04-04T09:31:27Z,PRESENT,iNaturalist Australia
1014,96c9d933-ad8e-4203-a4c2-8ffe8631c6f3,Passiflora foetida,https://id.biodiversity.org.au/taxon/apni/51442118,-19.62996,147.469722,2023-06-24T12:18:25Z,PRESENT,iNaturalist Australia
1015,971d2305-fbee-427c-895d-329e5bc3c667,Acraea terpsicore,https://biodiversity.org.au/afd/taxa/ba632bea-a7b4-4b60-bf89-d63128cad841,-21.498855,145.036924,2025-06-25T12:04:00Z,PRESENT,iNaturalist Australia
1016,974a2b6a-43b1-483d-8c0d-8d315a293018,Acraea terpsicore,https://biodiversity.org.au/afd/taxa/ba632bea-a7b4-4b60-bf89-d63128cad841,-17.470957,141.180113,2025-05-12T10:05:00Z,PRESENT,iNaturalist Australia
1017,97a2e454-09e9-4054-9c78-38024775b1f2,Passiflora foetida,https://id.biodiversity.org.au/name/apni/51741309,-22.43608,149.832966,2021-09-08T11:53:00Z,PRESENT,iNaturalist Australia
1018,97b29404-0992-4084-abd4-3fd27fbcb7c0,Acraea terpsicore,https://biodiversity.org.au/afd/taxa/ba632bea-a7b4-4b60-bf89-d63128cad841,-17.44354,140.84256,2023-08-15T16:55:00Z,PRESENT,Butterflies Australia
1019,97cd786d-b00a-4bd3-8eeb-1c1b03ab2e05,Acraea terpsicore,https://biodiversity.org.au/afd/taxa/ba632bea-a7b4-4b60-bf89-d63128cad841,-18.300726,143.351069,2022-09-04T10:09:00Z,PRESENT,iNaturalist Australia
1020,97f6e833-79ec-4950-875d-b8f5f4a3bbb8,Acraea terpsicore,https://biodiversity.org.au/afd/taxa/ba632bea-a7b4-4b60-bf89-d63128cad841,-12.338794,130.89286,2025-05-20T14:43:00Z,PRESENT,iNaturalist Australia
1021,9829e7c2-842d-4c8b-a901-84f883d97d07,Passiflora foetida,https://id.biodiversity.org.au/taxon/apni/51442118,-27.3408,153.06537,2022-10-13T07:47:13Z,PRESENT,iNaturalist Australia
1022,983b59a9-a242-4c8a-a8b8-c28e6ee74dba,Acraea terpsicore,https://biodiversity.org.au/afd/taxa/ba632bea-a7b4-4b60-bf89-d63128cad841,-21.3,149.2,2024-02-10T18:00:00Z,PRESENT,Earth Guardians Weekly Feed
1023,984d50f6-ce51-4b75-b1d7-5ba29225c6e4,Acraea terpsicore,https://biodiversity.org.au/afd/taxa/ba632bea-a7b4-4b60-bf89-d63128cad841,-13.933928,143.202653,2022-05-15T15:43:25Z,PRESENT,iNaturalist Australia
1024,98581d3e-7957-45cf-bc84-74c748ded5f5,Acraea terpsicore,https://biodiversity.org.au/afd/taxa/ba632bea-a7b4-4b60-bf89-d63128cad841,-15.80426,128.479632,2023-05-29T14:36:00Z,PRESENT,iNaturalist Australia
1025,985b4e01-2060-43ac-847d-59e9d5907aa1,Acraea terpsicore,https://biodiversity.org.au/afd/taxa/ba632bea-a7b4-4b60-bf89-d63128cad841,-27.48575,152.951333,2022-02-12T11:38:00Z,PRESENT,iNaturalist Australia
1026,9891dce4-3bb8-4fd5-8bc7-23a2a944b61e,Acraea terpsicore,https://biodiversity.org.au/afd/taxa/ba632bea-a7b4-4b60-bf89-d63128cad841,-19.987034,148.26354,2025-05-05T12:33:36Z,PRESENT,iNaturalist Australia
1027,98eabfb3-b2c1-458f-8e6e-709baa543b76,Acraea terpsicore,https://biodiversity.org.au/afd/taxa/ba632bea-a7b4-4b60-bf89-d63128cad841,-20.34185,144.460183,2024-08-22T08:49:00Z,PRESENT,iNaturalist Australia
1028,999880ce-afb4-48de-b068-79d27f213b0c,Acraea terpsicore,https://biodiversity.org.au/afd/taxa/ba632bea-a7b4-4b60-bf89-d63128cad841,-21.3,149.2,2022-01-28T18:47:00Z,PRESENT,Earth Guardians Weekly Feed
1029,99d78da7-49ce-4528-bca9-3b92843ec0e8,Acraea terpsicore,https://biodiversity.org.au/afd/taxa/ba632bea-a7b4-4b60-bf89-d63128cad841,-19.256205,146.793972,2022-04-16T09:52:00Z,PRESENT,iNaturalist Australia
1030,99f43bad-db92-4901-be31-4032ffe6d3ea,Acraea terpsicore,https://biodiversity.org.au/afd/taxa/ba632bea-a7b4-4b60-bf89-d63128cad841,-23.460556,150.458056,2023-06-24T13:17:00Z,PRESENT,iNaturalist Australia
1031,9a123330-2d56-443f-a53f-dc3954b20364,Acraea terpsicore,https://biodiversity.org.au/afd/taxa/ba632bea-a7b4-4b60-bf89-d63128cad841,-19.312739,146.772157,2025-08-19T11:37:00Z,PRESENT,iNaturalist Australia
1032,9a4e98ca-7337-4c18-ab36-0b709990b204,Acraea terpsicore,https://biodiversity.org.au/afd/taxa/ba632bea-a7b4-4b60-bf89-d63128cad841,-21.4058,148.5448,2022-10-25T22:45:00Z,PRESENT,Butterflies Australia
1033,9a69914f-6975-49e4-8602-b42586ed424f,Acraea terpsicore,https://biodiversity.org.au/afd/taxa/ba632bea-a7b4-4b60-bf89-d63128cad841,-16.71356,137.418347,2025-07-14T10:35:00Z,PRESENT,iNaturalist Australia
1034,9ace0cb4-ae76-4c53-a103-a1224193e3b2,Acraea terpsicore,https://biodiversity.org.au/afd/taxa/ba632bea-a7b4-4b60-bf89-d63128cad841,-12.42643,130.937178,2025-06-29T11:41:40Z,PRESENT,iNaturalist Australia
1035,9b142331-0a9b-4641-b902-6c080d0f2cfb,Passiflora foetida,https://id.biodiversity.org.au/taxon/apni/51442118,-12.535287,131.051538,2021-01-21T00:00:00Z,PRESENT,Flora Atlas N.T.
1036,9b4b3fbe-9165-4642-a38a-35b526b8cf63,Passiflora foetida,https://id.biodiversity.org.au/taxon/apni/51442118,-10.689283,142.53223,2022-07-11T13:04:00Z,PRESENT,iNaturalist Australia
1037,9bd48cc2-9a43-4e60-9bae-dacb0a41c249,Acraea terpsicore,https://biodiversity.org.au/afd/taxa/ba632bea-a7b4-4b60-bf89-d63128cad841,-18.6122,143.837,2021-01-13T02:00:00Z,PRESENT,Butterflies Australia
1038,9bf9555f-4640-401b-942d-e4a0a1ce1f37,Acraea terpsicore,https://biodiversity.org.au/afd/taxa/ba632bea-a7b4-4b60-bf89-d63128cad841,-19.18944,146.773964,2022-07-01T12:36:00Z,PRESENT,iNaturalist Australia
1039,9c3468dc-b63e-4397-9283-98bb3279f6c2,Passiflora foetida,https://id.biodiversity.org.au/taxon/apni/51442118,-18.95082,146.28584,2022-05-04T00:00:00Z,PRESENT,WildNet - Queensland Wildlife Data
1040,9d172a4b-a622-4537-8197-d4a3bf204ffb,Acraea terpsicore,https://biodiversity.org.au/afd/taxa/ba632bea-a7b4-4b60-bf89-d63128cad841,-22.4204,148.697,2022-10-25T01:15:00Z,PRESENT,Butterflies Australia
1041,9d21405b-ff33-482a-bf10-fe30ed7d12f5,Passiflora foetida,https://id.biodiversity.org.au/taxon/apni/51442118,-27.381158,152.958285,2022-05-22T13:50:00Z,PRESENT,iNaturalist Australia
1042,9d24b7dd-a204-48de-942e-3efe029ccb8d,Acraea terpsicore,https://biodiversity.org.au/afd/taxa/ba632bea-a7b4-4b60-bf89-d63128cad841,-14.316143,132.42125,2024-09-06T13:37:00Z,PRESENT,iNaturalist Australia
1043,9d8cf8d8-cf3c-40d1-b2b0-0bbc39598e5b,Acraea terpsicore,https://biodiversity.org.au/afd/taxa/ba632bea-a7b4-4b60-bf89-d63128cad841,-18.0425,144.8982,2021-04-25T01:45:00Z,PRESENT,Butterflies Australia
1044,9d900b26-61c4-4561-b4b9-50314f1d007c,Acraea terpsicore,https://biodiversity.org.au/afd/taxa/ba632bea-a7b4-4b60-bf89-d63128cad841,-19.404261,146.815524,2021-08-10T11:35:00Z,PRESENT,iNaturalist Australia
1045,9d930bf4-99a6-4776-8a26-01e76d17b01c,Passiflora foetida,https://id.biodiversity.org.au/taxon/apni/51442118,-22.345983,149.518587,2025-04-02T17:46:39Z,PRESENT,iNaturalist Australia
1046,9dd4dd01-823e-4676-9eeb-2ff46fcc9bc6,Acraea terpsicore,https://biodiversity.org.au/afd/taxa/ba632bea-a7b4-4b60-bf89-d63128cad841,-25.887934,152.629341,2022-03-17T13:31:00Z,PRESENT,iNaturalist Australia
1047,9e44c5c4-5333-4336-8515-3e84fca94f1f,Passiflora foetida,https://id.biodiversity.org.au/taxon/apni/51442118,-23.131278,150.742926,2021-12-04T09:36:19Z,PRESENT,iNaturalist Australia
1048,9e7fe894-f472-4652-9617-83e8694eaddf,Acraea terpsicore,https://biodiversity.org.au/afd/taxa/ba632bea-a7b4-4b60-bf89-d63128cad841,-17.92329,138.75086,2023-09-11T02:49:00Z,PRESENT,Butterflies Australia
1049,9e83e4a2-9a77-463f-a75e-f25fc1b294b0,Passiflora foetida,https://id.biodiversity.org.au/name/apni/51741309,-20.094636,148.954314,2021-07-13T07:10:37Z,PRESENT,iNaturalist Australia
1050,9e8e5437-760b-4479-95ef-64e5a2dde740,Passiflora foetida,https://id.biodiversity.org.au/taxon/apni/51442118,-27.566934,153.280429,2026-01-28T08:48:19Z,PRESENT,iNaturalist Australia
1051,9eb1bddb-9e2d-40cb-8c73-76d88a22cf79,Acraea terpsicore,https://biodiversity.org.au/afd/taxa/ba632bea-a7b4-4b60-bf89-d63128cad841,-26.61881,153.0658,2024-03-02T09:59:00Z,PRESENT,iNaturalist Australia
1052,9f087728-0610-4d5e-8665-b3b60b8cf62b,Acraea terpsicore,https://biodiversity.org.au/afd/taxa/ba632bea-a7b4-4b60-bf89-d63128cad841,-20.714972,140.477208,2025-06-23T12:03:00Z,PRESENT,iNaturalist Australia
1053,9f1804a0-3bc5-4e5e-8a85-647c528b937d,Acraea terpsicore,https://biodiversity.org.au/afd/taxa/ba632bea-a7b4-4b60-bf89-d63128cad841,-19.191259,146.771706,2021-03-05T08:33:00Z,PRESENT,iNaturalist Australia
1054,9f2d3eea-79b7-4f5e-b80f-5c6ba53c4691,Acraea terpsicore,https://biodiversity.org.au/afd/taxa/ba632bea-a7b4-4b60-bf89-d63128cad841,-15.814888,144.858505,2021-05-24T15:55:00Z,PRESENT,Earth Guardians Weekly Feed
1055,9f32b1bc-7cf8-44b4-88b9-17e1238004e3,Acraea terpsicore,https://biodiversity.org.au/afd/taxa/ba632bea-a7b4-4b60-bf89-d63128cad841,-12.022536,135.571253,2022-02-03T11:17:58Z,PRESENT,iNaturalist Australia
1056,9f33e554-f8cb-44c9-a867-d1bffbcdef27,Acraea terpsicore,https://biodiversity.org.au/afd/taxa/ba632bea-a7b4-4b60-bf89-d63128cad841,-20.589702,139.493803,2022-10-02T12:36:27Z,PRESENT,iNaturalist Australia
1057,9f5cfe52-86b0-4063-9fee-744b91f87417,Acraea terpsicore,https://biodiversity.org.au/afd/taxa/ba632bea-a7b4-4b60-bf89-d63128cad841,-20.8408,144.2046,2022-09-24T00:15:00Z,PRESENT,Butterflies Australia
1058,9f68151e-f8e0-4e0a-aafe-bda705fb7679,Acraea terpsicore,https://biodiversity.org.au/afd/taxa/ba632bea-a7b4-4b60-bf89-d63128cad841,-16.833987,145.699694,2021-09-17T11:05:00Z,PRESENT,iNaturalist Australia
1059,9f7b0d3f-c0bc-4b08-bfd4-4a3ee24e7d71,Acraea terpsicore,https://biodiversity.org.au/afd/taxa/ba632bea-a7b4-4b60-bf89-d63128cad841,-23.737818999999998,133.855233,2023-02-27T18:12:00Z,PRESENT,iNaturalist Australia
1060,9f989824-2d67-45d6-9c85-5a96d8f9c0d5,Passiflora foetida,https://id.biodiversity.org.au/taxon/apni/51442118,-25.278592,152.694225,2025-02-11T14:35:00Z,PRESENT,iNaturalist Australia
1061,9ffa52e6-aeef-4ddd-82a4-52328f8d1331,Acraea terpsicore,https://biodiversity.org.au/afd/taxa/ba632bea-a7b4-4b60-bf89-d63128cad841,-26.929556,152.932319,2025-02-09T12:32:04Z,PRESENT,iNaturalist Australia
1062,a01a4298-1994-4602-abc7-601589912a74,Acraea terpsicore,https://biodiversity.org.au/afd/taxa/ba632bea-a7b4-4b60-bf89-d63128cad841,-23.398416,150.48917,2025-04-05T14:05:42Z,PRESENT,iNaturalist Australia
1063,a02cb493-93b0-4f02-854e-ea08849cd37c,Acraea terpsicore,https://biodiversity.org.au/afd/taxa/ba632bea-a7b4-4b60-bf89-d63128cad841,-16.786864,145.690612,2022-04-11T09:42:00Z,PRESENT,iNaturalist Australia
1064,a046165c-75d0-44d0-9bb4-f13e1cb26250,Passiflora foetida,https://id.biodiversity.org.au/taxon/apni/51442118,-27.958975,153.387358,2023-11-23T15:09:08Z,PRESENT,iNaturalist Australia
1065,a09b333c-b06f-4dba-929e-c260281c0b71,Acraea terpsicore,https://biodiversity.org.au/afd/taxa/ba632bea-a7b4-4b60-bf89-d63128cad841,-18.646488,139.250488,2025-07-04T14:59:00Z,PRESENT,iNaturalist Australia
1066,a0b1aae5-c4a1-4aca-823c-7f8b090413eb,Acraea terpsicore,https://biodiversity.org.au/afd/taxa/ba632bea-a7b4-4b60-bf89-d63128cad841,-19.261825,146.810547,2024-02-25T16:36:08Z,PRESENT,iNaturalist Australia
1067,a0bd689f-d7b0-4e1e-92e7-c9671884ddcf,Acraea terpsicore,https://biodiversity.org.au/afd/taxa/ba632bea-a7b4-4b60-bf89-d63128cad841,-12.411528,132.957519,2025-06-15T15:48:00Z,PRESENT,iNaturalist Australia
1068,a0fca4e1-253a-4bd0-9c7f-a1e1d29847a7,Passiflora foetida,https://id.biodiversity.org.au/taxon/apni/51442118,-12.614918,143.386825,2021-06-29T11:12:00Z,PRESENT,iNaturalist Australia
1069,a1120587-8cd8-40fb-8ef3-43ce30fd906a,Acraea terpsicore,https://biodiversity.org.au/afd/taxa/ba632bea-a7b4-4b60-bf89-d63128cad841,-19.258522,146.802262,2023-04-24T13:35:09Z,PRESENT,iNaturalist Australia
1070,a135c464-1d82-4f56-b248-b0f6f9c19a3b,Acraea terpsicore,https://biodiversity.org.au/afd/taxa/ba632bea-a7b4-4b60-bf89-d63128cad841,-18.688224,138.531548,2025-06-25T15:24:00Z,PRESENT,iNaturalist Australia
1071,a1361526-47ee-4399-97c1-8509118d6c49,Acraea terpsicore,https://biodiversity.org.au/afd/taxa/ba632bea-a7b4-4b60-bf89-d63128cad841,-19.279092,146.725991,2026-01-03T12:47:00Z,PRESENT,iNaturalist Australia
1072,a176cc15-e3a4-476d-8ac2-b57b675be05e,Acraea terpsicore,https://biodiversity.org.au/afd/taxa/ba632bea-a7b4-4b60-bf89-d63128cad841,-17.365211,145.420383,2025-05-28T10:33:50Z,PRESENT,iNaturalist Australia
1073,a180dd0b-27ae-446d-b273-cc8886531141,Acraea terpsicore,https://biodiversity.org.au/afd/taxa/ba632bea-a7b4-4b60-bf89-d63128cad841,-20.364578,144.460328,2025-08-13T12:16:10Z,PRESENT,iNaturalist Australia
1074,a18a815a-2e83-43ee-9798-b99b94acad33,Acraea terpsicore,https://biodiversity.org.au/afd/taxa/ba632bea-a7b4-4b60-bf89-d63128cad841,-17.408804,124.945046,2021-06-25T14:57:00Z,PRESENT,iNaturalist Australia
1075,a1a7a33f-59e5-4a51-9395-eaafdd569551,Passiflora foetida,https://id.biodiversity.org.au/taxon/apni/51442118,-19.3311,146.7455,2024-04-11T15:51:00Z,PRESENT,iNaturalist Australia
1076,a1c5919e-b025-49e5-9101-40a203751fd4,Acraea terpsicore,https://biodiversity.org.au/afd/taxa/ba632bea-a7b4-4b60-bf89-d63128cad841,-17.465432,140.828973,2025-05-24T12:35:50Z,PRESENT,iNaturalist Australia
1077,a1cb8e7d-fedf-40ac-8143-32bd677bb20b,Passiflora foetida,https://id.biodiversity.org.au/taxon/apni/51442118,-27.245915,153.036242,2021-05-07T16:36:00Z,PRESENT,iNaturalist Australia
1078,a244a910-77a7-4556-b238-25efd795d4a7,Acraea terpsicore,https://biodiversity.org.au/afd/taxa/ba632bea-a7b4-4b60-bf89-d63128cad841,-18.656193,146.148165,2021-09-28T15:08:00Z,PRESENT,iNaturalist Australia
1079,a27b2176-221e-4622-b683-8ca6009a26b6,Acraea terpsicore,https://biodiversity.org.au/afd/taxa/ba632bea-a7b4-4b60-bf89-d63128cad841,-18.135885,144.339635,2022-09-11T15:15:00Z,PRESENT,Butterflies Australia
1080,a28c027f-de14-4f1c-99ed-01e769ae6219,Acraea terpsicore,https://biodiversity.org.au/afd/taxa/ba632bea-a7b4-4b60-bf89-d63128cad841,-17.38664,145.37717,2022-03-10T08:12:00Z,PRESENT,iNaturalist Australia
1081,a29edfaf-ae56-4d19-9fe2-63ff53c1bcd2,Passiflora foetida,https://id.biodiversity.org.au/taxon/apni/51442118,-27.074905,153.2063,2024-04-04T07:29:28Z,PRESENT,iNaturalist Australia
1082,a2ab62d5-b2a1-4e12-9ea8-23b5f09f81af,Acraea terpsicore,https://biodiversity.org.au/afd/taxa/ba632bea-a7b4-4b60-bf89-d63128cad841,-19.28934,146.723325,2023-05-31T13:12:24Z,PRESENT,iNaturalist Australia
1083,a30f8c8a-33fc-42fd-a161-8005fa5516aa,Acraea terpsicore,https://biodiversity.org.au/afd/taxa/ba632bea-a7b4-4b60-bf89-d63128cad841,-17.214841,145.642617,2023-04-16T00:00:00Z,PRESENT,iNaturalist Australia
1084,a345ad10-087f-4338-a36e-a9d4f04d57a3,Acraea terpsicore,https://biodiversity.org.au/afd/taxa/ba632bea-a7b4-4b60-bf89-d63128cad841,-20.494273,147.967184,2023-04-04T12:34:00Z,PRESENT,iNaturalist Australia
1085,a35a8c4d-f418-4135-ab2b-ba9b4a7cf382,Passiflora foetida,https://id.biodiversity.org.au/taxon/apni/51442118,-27.434125,153.145144,2023-11-12T08:52:16Z,PRESENT,iNaturalist Australia
1086,a36822e3-9636-4ce1-bbcd-28733425b1e2,Passiflora foetida,https://id.biodiversity.org.au/name/apni/51741309,-27.549489,152.509294,2024-09-15T10:15:00Z,PRESENT,iNaturalist Australia
1087,a36bb5d0-7e25-4822-978c-8aabe5133d89,Acraea terpsicore,https://biodiversity.org.au/afd/taxa/ba632bea-a7b4-4b60-bf89-d63128cad841,-21.983692,146.37387,2022-03-23T08:51:56Z,PRESENT,iNaturalist Australia
1088,a36e54e6-c556-4414-bf2c-701a6645132a,Passiflora foetida,https://id.biodiversity.org.au/taxon/apni/51442118,-27.884567,153.023066,2021-04-22T13:40:45Z,PRESENT,iNaturalist Australia
1089,a3871f9f-71c9-4ed1-b676-2c9b1a0e903e,Acraea terpsicore,https://biodiversity.org.au/afd/taxa/ba632bea-a7b4-4b60-bf89-d63128cad841,-12.453936,130.950125,2024-05-18T13:54:00Z,PRESENT,iNaturalist Australia
1090,a3d30656-174e-458f-b5b8-903a1b3b606e,Acraea terpsicore,https://biodiversity.org.au/afd/taxa/ba632bea-a7b4-4b60-bf89-d63128cad841,-17.26412,145.448831,2022-04-10T14:42:15Z,PRESENT,iNaturalist Australia
1091,a404d7af-f28c-4119-a9ff-92c956d0ed7a,Passiflora foetida,https://id.biodiversity.org.au/taxon/apni/51442118,-19.25825,146.804683,2022-08-04T10:13:00Z,PRESENT,iNaturalist Australia
1092,a4372c81-2878-422b-b852-f55c411b6a6d,Passiflora foetida,https://id.biodiversity.org.au/taxon/apni/51442118,-27.523369,152.809917,2025-01-16T12:45:00Z,PRESENT,iNaturalist Australia
1093,a45972ee-ac22-4f6a-84f9-05dfe7649476,Acraea terpsicore,https://biodiversity.org.au/afd/taxa/ba632bea-a7b4-4b60-bf89-d63128cad841,-12.395571,130.933739,2025-07-08T14:09:00Z,PRESENT,iNaturalist Australia
1094,a48bfce0-7d93-4581-a8ac-152200d48917,Acraea terpsicore,https://biodiversity.org.au/afd/taxa/ba632bea-a7b4-4b60-bf89-d63128cad841,-21.025654,148.425124,2023-04-05T17:08:03Z,PRESENT,iNaturalist Australia
1095,a4f3f3b1-d063-48da-a816-503301900328,Passiflora foetida,https://id.biodiversity.org.au/taxon/apni/51442118,-18.2994,143.5369,2022-03-25T17:02:00Z,PRESENT,iNaturalist Australia
1096,a4f48489-9e63-4c6c-bed3-87e50bd2d8b6,Passiflora foetida,https://id.biodiversity.org.au/taxon/apni/51442118,-30.109116,153.205539,2025-04-20T12:18:00Z,PRESENT,iNaturalist Australia
1097,a5024f4f-652c-4acb-96b5-541b01200a0e,Passiflora foetida,https://id.biodiversity.org.au/taxon/apni/51442118,-12.480054,130.996283,2022-05-06T09:39:00Z,PRESENT,iNaturalist Australia
1098,a534a49a-1eac-486b-843c-9c7cd6d5d465,Passiflora foetida,https://id.biodiversity.org.au/taxon/apni/51442118,-16.857192,145.739533,2022-01-01T09:21:29Z,PRESENT,iNaturalist Australia
1099,a575116c-4b39-42c7-9c88-38b7e49ff22a,Passiflora foetida,https://id.biodiversity.org.au/taxon/apni/51442118,-27.447707,153.471117,2023-04-12T09:25:44Z,PRESENT,iNaturalist Australia
1100,a592aa4c-2c90-42a7-9b15-9bca4afdc90e,Acraea terpsicore,https://biodiversity.org.au/afd/taxa/ba632bea-a7b4-4b60-bf89-d63128cad841,-19.24039,146.782572,2023-05-10T08:23:00Z,PRESENT,iNaturalist Australia
1101,a59c4e08-0881-4f2e-8ff9-e201cc896102,Acraea terpsicore,https://biodiversity.org.au/afd/taxa/ba632bea-a7b4-4b60-bf89-d63128cad841,-20.066911,148.450878,2024-07-24T09:25:42Z,PRESENT,iNaturalist Australia
1102,a5b529b9-472a-494b-ab04-d77109ecf34d,Acraea terpsicore,https://biodiversity.org.au/afd/taxa/ba632bea-a7b4-4b60-bf89-d63128cad841,-21.63841,149.351126,2025-05-31T15:59:45Z,PRESENT,iNaturalist Australia
1103,a5c47c35-6669-4c58-813a-b834a04f5993,Acraea terpsicore,https://biodiversity.org.au/afd/taxa/ba632bea-a7b4-4b60-bf89-d63128cad841,-17.485552,140.840042,2025-06-22T08:54:00Z,PRESENT,iNaturalist Australia
1104,a5c5a864-6115-43d5-bec0-7050baf757c1,Acraea terpsicore,https://biodiversity.org.au/afd/taxa/ba632bea-a7b4-4b60-bf89-d63128cad841,-22.60323,145.674147,2025-07-09T13:20:10Z,PRESENT,iNaturalist Australia
1105,a5d75463-bf62-45ca-8040-189541f91d2e,Acraea terpsicore,https://biodiversity.org.au/afd/taxa/ba632bea-a7b4-4b60-bf89-d63128cad841,-27.485661,152.951986,2026-01-07T13:38:00Z,PRESENT,iNaturalist Australia
1106,a638be38-0769-4a46-a07f-07db3007d6cd,Acraea terpsicore,https://biodiversity.org.au/afd/taxa/ba632bea-a7b4-4b60-bf89-d63128cad841,-21.3,149.2,2021-01-01T00:00:00Z,PRESENT,Earth Guardians Weekly Feed
1107,a6598ce7-d3d0-49dc-bdaf-121f4b108358,Acraea terpsicore,https://biodiversity.org.au/afd/taxa/ba632bea-a7b4-4b60-bf89-d63128cad841,-15.687301,145.022725,2022-06-26T23:45:00Z,PRESENT,Butterflies Australia
1108,a664f69c-3bb9-4807-8101-e225e62a4d6f,Passiflora foetida,https://id.biodiversity.org.au/taxon/apni/51442118,-27.434275,153.143739,2025-05-05T08:40:29Z,PRESENT,iNaturalist Australia
1109,a6b86a5d-76e3-496f-8910-2768eefed807,Acraea terpsicore,https://biodiversity.org.au/afd/taxa/ba632bea-a7b4-4b60-bf89-d63128cad841,-16.785291,145.690609,2023-04-15T09:38:00Z,PRESENT,iNaturalist Australia
1110,a6d44512-7fe2-4507-a199-6668e16d7d7c,Passiflora foetida,https://id.biodiversity.org.au/taxon/apni/51442118,-26.08804,152.784415,2024-08-18T10:56:00Z,PRESENT,iNaturalist Australia
1111,a700e2aa-6eef-4715-9d52-167d50b7e5e1,Passiflora foetida,https://id.biodiversity.org.au/taxon/apni/51442118,-25.29316,152.821718,2024-02-14T08:29:33Z,PRESENT,iNaturalist Australia
1112,a70a96c3-67ab-437e-bf6a-73b3e3c8236d,Acraea terpsicore,https://biodiversity.org.au/afd/taxa/ba632bea-a7b4-4b60-bf89-d63128cad841,-20.014005,148.266109,2023-06-08T12:02:00Z,PRESENT,iNaturalist Australia
1113,a73494e9-151b-4368-b614-9f5ae3416b6f,Acraea terpsicore,https://biodiversity.org.au/afd/taxa/ba632bea-a7b4-4b60-bf89-d63128cad841,-23.658439,148.077906,2025-04-04T16:11:07Z,PRESENT,iNaturalist Australia
1114,a76799c1-d1bd-4456-ae47-1f38285508d4,Acraea terpsicore,https://biodiversity.org.au/afd/taxa/ba632bea-a7b4-4b60-bf89-d63128cad841,-18.1112,144.255,2021-03-22T08:15:00Z,PRESENT,Butterflies Australia
1115,a76dbf93-6a21-4bb6-9c47-aa5e5c174d0e,Acraea terpsicore,https://biodiversity.org.au/afd/taxa/ba632bea-a7b4-4b60-bf89-d63128cad841,-19.816116,139.145628,2025-05-10T11:36:38Z,PRESENT,iNaturalist Australia
1116,a776d35e-511e-4f1a-bdb2-e27773c33c27,Passiflora foetida,https://id.biodiversity.org.au/name/apni/51741309,-25.356236,152.805152,2024-12-04T08:26:59Z,PRESENT,iNaturalist Australia
1117,a7961e10-7e4b-4c3c-ba86-3edb0efe6aa9,Acraea terpsicore,https://biodiversity.org.au/afd/taxa/ba632bea-a7b4-4b60-bf89-d63128cad841,-18.2224,144.667601,2023-03-06T16:31:00Z,PRESENT,iNaturalist Australia
1118,a79db113-28bf-45da-b4e4-bae6009d2418,Passiflora foetida,https://id.biodiversity.org.au/taxon/apni/51442118,-27.559932,153.243638,2024-06-08T12:36:55Z,PRESENT,iNaturalist Australia
1119,a7bc8b55-f235-4ec1-9b06-1d26f9b4dc63,Acraea terpsicore,https://biodiversity.org.au/afd/taxa/ba632bea-a7b4-4b60-bf89-d63128cad841,-16.478311,145.462444,2021-12-22T10:12:46Z,PRESENT,iNaturalist Australia
1120,a7e50096-6474-4d95-a332-35fff30a31d1,Acraea terpsicore,https://biodiversity.org.au/afd/taxa/ba632bea-a7b4-4b60-bf89-d63128cad841,-12.580967,131.129625,2022-11-20T17:54:28Z,PRESENT,iNaturalist Australia
1121,a7e7c062-2c87-49ef-9ff9-1d9f4a0dfd56,Passiflora foetida,https://id.biodiversity.org.au/taxon/apni/51442118,-25.39893,153.175362,2023-06-25T08:12:00Z,PRESENT,iNaturalist Australia
1122,a800a6e5-c47e-4553-9ca3-f34ef3129c5e,Acraea terpsicore,https://biodiversity.org.au/afd/taxa/ba632bea-a7b4-4b60-bf89-d63128cad841,-24.839347,152.204907,2025-05-08T11:21:41Z,PRESENT,iNaturalist Australia
1123,a82fcca9-0053-4b50-875f-91775a7bfb3c,Acraea terpsicore,https://biodiversity.org.au/afd/taxa/ba632bea-a7b4-4b60-bf89-d63128cad841,-30.645985,153.016257,2022-10-31T01:07:00Z,PRESENT,NatureMapr
1124,a854e214-2de2-4209-adfd-8a257b8cafc9,Passiflora foetida,https://id.biodiversity.org.au/taxon/apni/51442118,-14.469792,132.264959,2021-11-14T00:00:00Z,PRESENT,Flora Atlas N.T.
1125,a85f4a1c-6cc4-4884-931f-96cfb0393d29,Passiflora foetida,https://id.biodiversity.org.au/taxon/apni/51442118,-27.318178,153.054978,2022-04-13T12:19:00Z,PRESENT,iNaturalist Australia
1126,a8a138df-144c-474a-a756-751514d36c47,Acraea terpsicore,https://biodiversity.org.au/afd/taxa/ba632bea-a7b4-4b60-bf89-d63128cad841,-27.915588,153.358428,2024-04-18T13:56:06Z,PRESENT,iNaturalist Australia
1127,a8b49e3d-597b-4163-8145-3a40d71cb206,Acraea terpsicore,https://biodiversity.org.au/afd/taxa/ba632bea-a7b4-4b60-bf89-d63128cad841,-28.493204,153.5506,2022-02-10T06:56:00Z,PRESENT,iNaturalist Australia
1128,a8b6bf9d-58c5-40cf-9da1-f55f56519c75,Passiflora foetida,https://id.biodiversity.org.au/taxon/apni/51442118,-25.36002,152.865365,2023-12-12T16:19:03Z,PRESENT,iNaturalist Australia
1129,a8c68437-2be2-4ecd-b3e0-b64b351a7ade,Acraea terpsicore,https://biodiversity.org.au/afd/taxa/ba632bea-a7b4-4b60-bf89-d63128cad841,-20.049733,148.239947,2023-06-06T11:13:00Z,PRESENT,iNaturalist Australia
1130,a905d146-900d-46fe-b938-bd150fc16911,Acraea terpsicore,https://biodiversity.org.au/afd/taxa/ba632bea-a7b4-4b60-bf89-d63128cad841,-19.258451,146.802212,2025-06-12T15:16:41Z,PRESENT,iNaturalist Australia
1131,a90e6d19-0cc9-4b8a-b18f-88ce72ce6c1f,Acraea terpsicore,https://biodiversity.org.au/afd/taxa/ba632bea-a7b4-4b60-bf89-d63128cad841,-19.248515,146.813781,2021-12-31T08:29:20Z,PRESENT,iNaturalist Australia
1132,a90f42ed-c3ee-40c5-8041-a80dc50ae9a1,Acraea terpsicore,https://biodiversity.org.au/afd/taxa/ba632bea-a7b4-4b60-bf89-d63128cad841,-27.481705,152.938019,2023-01-27T11:01:02Z,PRESENT,iNaturalist Australia
1133,a91662a1-a5dd-4b80-b731-5700939cabce,Passiflora foetida,https://id.biodiversity.org.au/taxon/apni/51442118,-19.164844,146.817658,2021-04-18T15:44:35Z,PRESENT,iNaturalist Australia
1134,a918dca0-272a-465c-a949-a62faa04ab80,Acraea terpsicore,https://biodiversity.org.au/afd/taxa/ba632bea-a7b4-4b60-bf89-d63128cad841,-27.48445,152.95545,2022-01-11T01:06:00Z,PRESENT,Butterflies Australia
1135,a9279aa5-560f-49a2-a569-d2e5445d3aa2,Passiflora foetida,https://id.biodiversity.org.au/name/apni/51741309,-25.300383,152.769456,2021-05-20T11:42:00Z,PRESENT,iNaturalist Australia
1136,a9a94f2e-3a1c-4664-9355-3e5f828cb8ca,Acraea terpsicore,https://biodiversity.org.au/afd/taxa/ba632bea-a7b4-4b60-bf89-d63128cad841,-18.201104,144.571917,2025-08-21T12:59:00Z,PRESENT,iNaturalist Australia
1137,a9b71c24-6476-4ffb-ae2c-9232a3bade8c,Acraea terpsicore,https://biodiversity.org.au/afd/taxa/ba632bea-a7b4-4b60-bf89-d63128cad841,-17.485143,140.840213,2025-08-03T09:42:00Z,PRESENT,iNaturalist Australia
1138,a9bf55ab-b2d4-4952-8c5e-fef123ade650,Acraea terpsicore,https://biodiversity.org.au/afd/taxa/ba632bea-a7b4-4b60-bf89-d63128cad841,-18.650028,139.254067,2025-07-04T11:04:00Z,PRESENT,iNaturalist Australia
1139,a9c9cc64-f02c-44e7-a9ee-216465c6d398,Passiflora foetida,https://id.biodiversity.org.au/taxon/apni/51442118,-18.652956,146.153606,2022-09-25T11:11:00Z,PRESENT,iNaturalist Australia
1140,a9e8c01d-5b7b-4334-aef0-98546b7c79be,Passiflora foetida,https://id.biodiversity.org.au/taxon/apni/51442118,-14.470015,132.263165,2021-11-12T00:00:00Z,PRESENT,Flora Atlas N.T.
1141,aa0da386-63fe-4f20-8cd3-e52c2fcbcd15,Acraea terpsicore,https://biodiversity.org.au/afd/taxa/ba632bea-a7b4-4b60-bf89-d63128cad841,-19.601979,146.840663,2025-05-25T12:29:00Z,PRESENT,iNaturalist Australia
1142,aa1ee1d6-00cb-4965-a28e-1e0c8074a849,Passiflora foetida,https://id.biodiversity.org.au/name/apni/51741309,-27.566859,153.280389,2026-01-28T06:30:48Z,PRESENT,iNaturalist Australia
1143,aa728551-e5fd-4336-8291-089353eaa826,Acraea terpsicore,https://biodiversity.org.au/afd/taxa/ba632bea-a7b4-4b60-bf89-d63128cad841,-17.505563,140.82187,2023-07-31T11:34:30Z,PRESENT,iNaturalist Australia
1144,aa85eea1-5235-482f-92d5-6d85c34c33fa,Acraea terpsicore,https://biodiversity.org.au/afd/taxa/ba632bea-a7b4-4b60-bf89-d63128cad841,-19.312944,146.724154,2025-09-12T12:12:00Z,PRESENT,iNaturalist Australia
1145,aabe5994-e799-47b6-98ef-28bfa4e867f9,Acraea terpsicore,https://biodiversity.org.au/afd/taxa/ba632bea-a7b4-4b60-bf89-d63128cad841,-20.611291,139.593505,2025-09-12T11:22:00Z,PRESENT,iNaturalist Australia
1146,aae2d761-38a9-4668-8db2-6ab44790f0dd,Acraea terpsicore,https://biodiversity.org.au/afd/taxa/ba632bea-a7b4-4b60-bf89-d63128cad841,-16.1076,144.776466,2022-06-27T02:15:00Z,PRESENT,Butterflies Australia
1147,aaec8589-e9f1-4fc1-ab72-7f6c0a8d55f6,Passiflora foetida,https://id.biodiversity.org.au/taxon/apni/51442118,-27.21,152.99,2024-10-09T00:00:00Z,PRESENT,WeedScan
1148,ab233dbd-45a1-426b-bd6a-a3b912fef33c,Passiflora foetida,https://id.biodiversity.org.au/taxon/apni/51442118,-24.807701,152.438133,2022-04-27T07:35:27Z,PRESENT,iNaturalist Australia
1149,ab429665-3ce2-4f88-bd12-6c0f595344cc,Passiflora foetida,https://id.biodiversity.org.au/taxon/apni/51442118,-28.108595,153.45087,2025-10-05T08:43:00Z,PRESENT,iNaturalist Australia
1150,ab549c96-f36f-465a-8dc1-e9082affd458,Acraea terpsicore,https://biodiversity.org.au/afd/taxa/ba632bea-a7b4-4b60-bf89-d63128cad841,-26.621175,153.065247,2024-03-02T08:52:00Z,PRESENT,iNaturalist Australia
1151,ab795638-fdfe-479d-8394-ebb02dbb9393,Passiflora foetida,https://id.biodiversity.org.au/taxon/apni/51442118,-14.472883,132.263832,2021-11-15T00:00:00Z,PRESENT,Flora Atlas N.T.
1152,ab7dd9d4-2960-44b2-b5d0-3c7da680768f,Passiflora foetida,https://id.biodiversity.org.au/name/apni/51741309,-27.550286,152.508497,2025-02-26T09:05:00Z,PRESENT,iNaturalist Australia
1153,abc00c69-7f04-42db-8a98-cece52cb3505,Acraea terpsicore,https://biodiversity.org.au/afd/taxa/ba632bea-a7b4-4b60-bf89-d63128cad841,-16.742664,137.487504,2025-07-20T11:37:00Z,PRESENT,iNaturalist Australia
1154,abc0527b-b236-45fa-9eb9-c063e2eb17fd,Passiflora foetida,https://id.biodiversity.org.au/taxon/apni/51442118,-12.463733,130.844445,2022-09-21T08:47:00Z,PRESENT,iNaturalist Australia
1155,ac61d9bc-fc7d-4be3-b5d5-1d90088d4c4c,Acraea terpsicore,https://biodiversity.org.au/afd/taxa/ba632bea-a7b4-4b60-bf89-d63128cad841,-21.161211,148.884187,2024-03-08T11:47:37Z,PRESENT,iNaturalist Australia
1156,ac63d65e-e5b8-41d1-a9e8-e27e1ceaa5cb,Acraea terpsicore,https://biodiversity.org.au/afd/taxa/ba632bea-a7b4-4b60-bf89-d63128cad841,-14.4,132.4,2021-01-02T17:24:00Z,PRESENT,Earth Guardians Weekly Feed
1157,ac93d9fa-4f31-4605-8792-87db95b65a9f,Acraea terpsicore,https://biodiversity.org.au/afd/taxa/ba632bea-a7b4-4b60-bf89-d63128cad841,-27.902728,153.299028,2025-02-13T12:49:38Z,PRESENT,iNaturalist Australia
1158,aca2b87d-bde3-4003-86da-1bd7d4586051,Acraea terpsicore,https://biodiversity.org.au/afd/taxa/ba632bea-a7b4-4b60-bf89-d63128cad841,-18.182647,142.265142,2025-05-16T11:43:00Z,PRESENT,iNaturalist Australia
1159,ad13ca3e-6a75-4e28-a992-c46e00cf8285,Passiflora foetida,https://id.biodiversity.org.au/taxon/apni/51442118,-17.764167,140.687778,2021-05-23T00:00:00Z,PRESENT,BRI AVH Data and Images
1160,ad45aa8e-e117-4b23-a7bf-5aabf81331ae,Acraea terpsicore,https://biodiversity.org.au/afd/taxa/ba632bea-a7b4-4b60-bf89-d63128cad841,-19.192381,146.769276,2022-01-01T04:07:00Z,PRESENT,iNaturalist Australia
1161,ad7bf140-db53-4ad0-bf20-89096ef4d348,Passiflora foetida,https://id.biodiversity.org.au/taxon/apni/51442118,-14.468282,132.264586,2021-06-10T00:00:00Z,PRESENT,Flora Atlas N.T.
1162,ad809b47-8eb9-416d-a154-867f47992508,Acraea terpsicore,https://biodiversity.org.au/afd/taxa/ba632bea-a7b4-4b60-bf89-d63128cad841,-12.376485,130.852151,2025-06-29T11:43:00Z,PRESENT,iNaturalist Australia
1163,ad88708c-9eb2-4514-a570-5c432f18428f,Passiflora foetida,https://id.biodiversity.org.au/taxon/apni/51442118,-24.150848,151.884979,2024-04-10T10:49:45Z,PRESENT,iNaturalist Australia
1164,ada062d7-d50a-4c95-bb47-dca4e086740e,Acraea terpsicore,https://biodiversity.org.au/afd/taxa/ba632bea-a7b4-4b60-bf89-d63128cad841,-28.493208,153.5507,2022-02-16T13:07:00Z,PRESENT,iNaturalist Australia
1165,ada64aed-ffc3-448d-8b08-f9946e4696cb,Passiflora foetida,https://id.biodiversity.org.au/taxon/apni/51442118,-25.292665,152.822945,2024-03-19T10:07:00Z,PRESENT,iNaturalist Australia
1166,ada73e4e-d166-4d7e-a0ac-69b1172ba684,Passiflora foetida,https://id.biodiversity.org.au/name/apni/51741309,-24.160487,151.885715,2024-09-06T10:54:00Z,PRESENT,iNaturalist Australia
1167,adb72256-7db7-4a94-b202-c1ae19f4ddd4,Acraea terpsicore,https://biodiversity.org.au/afd/taxa/ba632bea-a7b4-4b60-bf89-d63128cad841,-22.480569,143.171093,2025-09-30T13:21:34Z,PRESENT,iNaturalist Australia
1168,adc2339b-91e0-4d03-8676-c7bd7317add7,Passiflora foetida,https://id.biodiversity.org.au/taxon/apni/51442118,-12.615384,143.430676,2022-10-05T10:24:17Z,PRESENT,iNaturalist Australia
1169,ae9c91ed-dc29-457e-b12c-f72ee4e86633,Passiflora foetida,https://id.biodiversity.org.au/taxon/apni/51442118,-14.472157,132.260862,2021-11-05T00:00:00Z,PRESENT,Flora Atlas N.T.
1170,aea3042c-d8a6-42a9-b9a1-9e93442ebdf9,Passiflora foetida,https://id.biodiversity.org.au/name/apni/51741309,-27.550503,152.508881,2025-01-02T13:54:00Z,PRESENT,iNaturalist Australia
1171,aeeb40f1-c203-4c4a-a79c-cc0461eba101,Passiflora foetida,https://id.biodiversity.org.au/taxon/apni/51442118,-27.749039,153.028001,2022-04-28T09:43:14Z,PRESENT,iNaturalist Australia
1172,aeee0d78-a8da-47ee-b36b-72cf09e71972,Acraea terpsicore,https://biodiversity.org.au/afd/taxa/ba632bea-a7b4-4b60-bf89-d63128cad841,-12.565753,131.305724,2025-06-27T10:49:00Z,PRESENT,iNaturalist Australia
1173,af86d0f2-346d-4516-9ec9-9547ad0d7a1d,Acraea terpsicore,https://biodiversity.org.au/afd/taxa/ba632bea-a7b4-4b60-bf89-d63128cad841,-26.593439,153.139979,2023-04-29T17:10:32Z,PRESENT,iNaturalist Australia
1174,af8d3a63-aa16-43ff-82d1-9a039daafc3b,Passiflora foetida,https://id.biodiversity.org.au/taxon/apni/51442118,-27.549642,152.5093,2023-11-19T15:41:23Z,PRESENT,iNaturalist Australia
1175,af911219-3b0c-46af-a606-cb3c3ace3ea8,Acraea terpsicore,https://biodiversity.org.au/afd/taxa/ba632bea-a7b4-4b60-bf89-d63128cad841,-16.727888,125.46473,2025-01-29T18:57:05Z,PRESENT,iNaturalist Australia
1176,af957722-653c-4cf5-a2ad-37c5963dbb30,Passiflora foetida,https://id.biodiversity.org.au/taxon/apni/51442118,-27.637763,152.048166,2023-05-29T16:25:15Z,PRESENT,iNaturalist Australia
1177,b05202be-08a3-4319-b185-674d55435d48,Acraea terpsicore,https://biodiversity.org.au/afd/taxa/ba632bea-a7b4-4b60-bf89-d63128cad841,-27.4847,152.95529,2023-02-11T23:13:00Z,PRESENT,Butterflies Australia
1178,b05309a7-1c15-44f4-8a48-02d39f8086e2,Acraea terpsicore,https://biodiversity.org.au/afd/taxa/ba632bea-a7b4-4b60-bf89-d63128cad841,-14.178925,132.189158,2024-05-16T16:36:00Z,PRESENT,iNaturalist Australia
1179,b07faa2c-efb9-41a7-ae54-4597a5740eda,Passiflora foetida,https://id.biodiversity.org.au/taxon/apni/51442118,-14.470895,132.259976,2021-07-05T00:00:00Z,PRESENT,Flora Atlas N.T.
1180,b0862801-9ae3-4841-878d-ccaa89dc8622,Passiflora foetida,https://id.biodiversity.org.au/taxon/apni/51442118,-23.78988,151.1675,2024-10-22T11:41:00Z,PRESENT,iNaturalist Australia
1181,b08e4a19-7ef6-40a1-bef5-ffa96346fd25,Acraea terpsicore,https://biodiversity.org.au/afd/taxa/ba632bea-a7b4-4b60-bf89-d63128cad841,-12.410993,130.831478,2025-05-24T13:42:00Z,PRESENT,iNaturalist Australia
1182,b0aef9bf-5f78-4324-85c5-9a0e1392dd14,Acraea terpsicore,https://biodiversity.org.au/afd/taxa/ba632bea-a7b4-4b60-bf89-d63128cad841,-19.23924,146.805329,2024-05-23T12:31:00Z,PRESENT,iNaturalist Australia
1183,b0cf9f7f-dd6a-4602-a91b-86e541b6ac6d,Acraea terpsicore,https://biodiversity.org.au/afd/taxa/ba632bea-a7b4-4b60-bf89-d63128cad841,-21.161211,148.884187,2024-03-08T11:47:37Z,PRESENT,iNaturalist Australia
1184,b0db8763-2ccc-4150-9686-7c56510be6c4,Passiflora foetida,https://id.biodiversity.org.au/taxon/apni/51442118,-16.756386,145.672122,2021-07-19T15:16:00Z,PRESENT,iNaturalist Australia
1185,b0eac935-9a1a-49ea-959a-6bfe3a68e31e,Acraea terpsicore,https://biodiversity.org.au/afd/taxa/ba632bea-a7b4-4b60-bf89-d63128cad841,-12.432945,130.944804,2022-04-10T13:21:00Z,PRESENT,iNaturalist Australia
1186,b1148b50-c7ad-4850-a973-df5382172429,Acraea terpsicore,https://biodiversity.org.au/afd/taxa/ba632bea-a7b4-4b60-bf89-d63128cad841,-19.17215,146.82803,2022-07-14T14:14:00Z,PRESENT,iNaturalist Australia
1187,b114981c-e03b-42aa-b6a0-9153788d329d,Acraea terpsicore,https://biodiversity.org.au/afd/taxa/ba632bea-a7b4-4b60-bf89-d63128cad841,-10.5792,142.21488,2023-06-04T00:00:00Z,PRESENT,Butterflies Australia
1188,b1211158-ad5d-4132-9d76-c4bb48e1864c,Acraea terpsicore,https://biodiversity.org.au/afd/taxa/ba632bea-a7b4-4b60-bf89-d63128cad841,-15.524453,145.271731,2025-07-20T12:22:00Z,PRESENT,iNaturalist Australia
1189,b126805e-2eb3-40e0-8d4a-eda9a90dfb5b,Passiflora foetida,https://id.biodiversity.org.au/taxon/apni/51442118,-27.70118,152.827948,2025-04-14T09:07:19Z,PRESENT,iNaturalist Australia
1190,b12ec922-50b6-43b3-9410-bb58f123c582,Acraea terpsicore,https://biodiversity.org.au/afd/taxa/ba632bea-a7b4-4b60-bf89-d63128cad841,-23.843791,151.102896,2023-04-21T10:16:00Z,PRESENT,iNaturalist Australia
1191,b1342a82-58e3-4fe8-b30d-647fa56a4aa9,Acraea terpsicore,https://biodiversity.org.au/afd/taxa/ba632bea-a7b4-4b60-bf89-d63128cad841,-19.56895,138.81176,2023-09-07T02:01:00Z,PRESENT,Butterflies Australia
1192,b13da304-c8bb-4951-9836-ad2c1d65b105,Acraea terpsicore,https://biodiversity.org.au/afd/taxa/ba632bea-a7b4-4b60-bf89-d63128cad841,-20.014916,148.266059,2023-10-08T11:49:00Z,PRESENT,iNaturalist Australia
1193,b14165ba-039c-4c73-abcd-a49346c260f1,Acraea terpsicore,https://biodiversity.org.au/afd/taxa/ba632bea-a7b4-4b60-bf89-d63128cad841,-14.193259,129.453193,2024-09-15T11:10:00Z,PRESENT,iNaturalist Australia
1194,b14c342f-a8f5-40f0-b9df-b75cf45e7b53,Passiflora foetida,https://id.biodiversity.org.au/taxon/apni/51442118,-27.538852,152.772809,2025-05-09T11:49:37Z,PRESENT,iNaturalist Australia
1195,b1697baf-40d2-4899-ac64-5d959186ad26,Acraea terpsicore,https://biodiversity.org.au/afd/taxa/ba632bea-a7b4-4b60-bf89-d63128cad841,-15.974562,144.82883,2021-06-03T12:40:00Z,PRESENT,iNaturalist Australia
1196,b1b37f62-0579-4afc-a1d8-d8c75fed23b6,Acraea terpsicore,https://biodiversity.org.au/afd/taxa/ba632bea-a7b4-4b60-bf89-d63128cad841,-26.612577,153.064414,2023-06-09T13:55:00Z,PRESENT,iNaturalist Australia
1197,b1bddc14-d1cf-4706-9ac1-317e7edbf671,Acraea terpsicore,https://biodiversity.org.au/afd/taxa/ba632bea-a7b4-4b60-bf89-d63128cad841,-12.378683,130.848405,2025-06-01T17:23:00Z,PRESENT,iNaturalist Australia
1198,b1d83f88-7871-4e65-8fe8-17de117b4a3d,Acraea terpsicore,https://biodiversity.org.au/afd/taxa/ba632bea-a7b4-4b60-bf89-d63128cad841,-27.48585,152.95141,2022-01-14T02:15:00Z,PRESENT,Butterflies Australia
1199,b1ed0ba8-d74e-4943-bd9e-e3a30d43ccd3,Passiflora foetida,https://id.biodiversity.org.au/name/apni/51741309,-26.010292,152.753412,2025-01-26T07:59:47Z,PRESENT,iNaturalist Australia
1200,b216ca9b-03ad-4446-8dc4-ef284e720564,Passiflora foetida,https://id.biodiversity.org.au/taxon/apni/51442118,-27.470628,152.545644,2024-05-19T12:13:48Z,PRESENT,iNaturalist Australia
1201,b2246c5d-700a-4126-a1ef-d2988b6f6d55,Passiflora foetida,https://id.biodiversity.org.au/taxon/apni/51442118,-22.109944,146.330527,2025-07-27T13:43:32Z,PRESENT,iNaturalist Australia
1202,b2314bdb-39e1-4821-8b76-81b48c903fd2,Acraea terpsicore,https://biodiversity.org.au/afd/taxa/ba632bea-a7b4-4b60-bf89-d63128cad841,-21.778503,148.933989,2025-07-09T13:30:00Z,PRESENT,iNaturalist Australia
1203,b2407ef2-80eb-4764-91a0-cbe6a1de3cee,Acraea terpsicore,https://biodiversity.org.au/afd/taxa/ba632bea-a7b4-4b60-bf89-d63128cad841,-27.45527,152.89127,2022-02-16T22:54:00Z,PRESENT,Butterflies Australia
1204,b2423edc-bf9c-45a7-b489-ec1fcc8cfa77,Acraea terpsicore,https://biodiversity.org.au/afd/taxa/ba632bea-a7b4-4b60-bf89-d63128cad841,-16.160978,136.754338,2024-07-22T08:24:16Z,PRESENT,iNaturalist Australia
1205,b2630549-c6d3-4870-a257-493e6d765152,Passiflora foetida,https://id.biodiversity.org.au/name/apni/51741309,-15.751978,145.291197,2023-11-23T17:12:18Z,PRESENT,iNaturalist Australia
1206,b2795ecf-3ea5-4002-9353-d49a8345bc45,Acraea terpsicore,https://biodiversity.org.au/afd/taxa/ba632bea-a7b4-4b60-bf89-d63128cad841,-27.485256,152.954423,2022-01-21T14:05:30Z,PRESENT,iNaturalist Australia
1207,b27baacd-911d-4d94-8de8-c9e17b8ea818,Passiflora foetida,https://id.biodiversity.org.au/taxon/apni/51442118,-12.438313,130.87759,2021-05-29T13:23:00Z,PRESENT,iNaturalist Australia
1208,b2a50219-1ae7-487d-a9a2-47202d321399,Acraea terpsicore,https://biodiversity.org.au/afd/taxa/ba632bea-a7b4-4b60-bf89-d63128cad841,-17.155436,144.521359,2023-07-04T17:16:32Z,PRESENT,iNaturalist Australia
1209,b2a8cc08-7098-4bc2-a148-5874982c2825,Acraea terpsicore,https://biodiversity.org.au/afd/taxa/ba632bea-a7b4-4b60-bf89-d63128cad841,-10.602,142.2551,2023-06-03T01:30:00Z,PRESENT,Butterflies Australia
1210,b2b4b8ab-1ebd-4c51-bd39-741f662b1108,Passiflora foetida,https://id.biodiversity.org.au/taxon/apni/51442118,-25.501105,152.73756,2024-06-27T14:59:43Z,PRESENT,iNaturalist Australia
1211,b2d3ca47-2fea-48a5-a428-c38fab5c3b8c,Acraea terpsicore,https://biodiversity.org.au/afd/taxa/ba632bea-a7b4-4b60-bf89-d63128cad841,-19.1877,146.7708,2025-04-24T14:22:00Z,PRESENT,iNaturalist Australia
1212,b2eacf9d-a82a-4aac-a621-cdfa46d8555a,Acraea terpsicore,https://biodiversity.org.au/afd/taxa/ba632bea-a7b4-4b60-bf89-d63128cad841,-19.324537,146.75145,2025-05-14T00:00:00Z,PRESENT,iNaturalist Australia
1213,b3467f95-68d5-40ea-b07b-85697536f52f,Acraea terpsicore,https://biodiversity.org.au/afd/taxa/ba632bea-a7b4-4b60-bf89-d63128cad841,-19.002622,146.396853,2023-06-12T16:45:00Z,PRESENT,iNaturalist Australia
1214,b36b7d8a-ae9c-4384-893c-910456f7dbef,Acraea terpsicore,https://biodiversity.org.au/afd/taxa/ba632bea-a7b4-4b60-bf89-d63128cad841,-12.642959,141.864026,2021-05-01T09:10:00Z,PRESENT,iNaturalist Australia
1215,b36fd908-64bb-49be-ae14-651c0f751dfd,Passiflora foetida,https://id.biodiversity.org.au/taxon/apni/51442118,-27.556019,153.276058,2025-02-22T00:00:00Z,PRESENT,iNaturalist Australia
1216,b372d671-eaa3-46ee-863f-6f07ac32041c,Passiflora foetida,https://id.biodiversity.org.au/taxon/apni/51442118,-25.358163,152.806972,2023-03-04T08:15:00Z,PRESENT,iNaturalist Australia
1217,b387782c-4486-45ad-9b56-1dc590dbf7b8,Acraea terpsicore,https://biodiversity.org.au/afd/taxa/ba632bea-a7b4-4b60-bf89-d63128cad841,-17.413423,145.067651,2023-04-21T12:15:00Z,PRESENT,iNaturalist Australia
1218,b473a450-2051-4b05-8f77-ea6b4a0296fb,Acraea terpsicore,https://biodiversity.org.au/afd/taxa/ba632bea-a7b4-4b60-bf89-d63128cad841,-17.075493,145.740984,2021-02-18T12:55:00Z,PRESENT,iNaturalist Australia
1219,b4866f1b-98c4-468f-aac6-a6fdc817f53f,Acraea terpsicore,https://biodiversity.org.au/afd/taxa/ba632bea-a7b4-4b60-bf89-d63128cad841,-20.014923,148.266064,2023-10-08T11:50:00Z,PRESENT,iNaturalist Australia
1220,b48fd6c1-2807-455c-9418-038d7cc360dc,Passiflora foetida,https://id.biodiversity.org.au/taxon/apni/51442118,-21.97296,149.661123,2023-09-03T09:12:00Z,PRESENT,iNaturalist Australia
1221,b4b8b9e0-150f-44ad-b112-7d5a308ce8d6,Passiflora foetida,https://id.biodiversity.org.au/name/apni/51741309,-24.951792,152.247588,2025-03-09T07:41:56Z,PRESENT,iNaturalist Australia
1222,b4bb4a54-2484-4aef-99af-6e9e501deced,Passiflora foetida,https://id.biodiversity.org.au/taxon/apni/51442118,-27.538797,153.037858,2022-05-20T20:25:00Z,PRESENT,iNaturalist Australia
1223,b4db0be3-007b-4477-9053-61469ef3e827,Acraea terpsicore,https://biodiversity.org.au/afd/taxa/ba632bea-a7b4-4b60-bf89-d63128cad841,-12.409526,130.831972,2025-05-11T11:32:00Z,PRESENT,iNaturalist Australia
1224,b4f44566-8cc9-4c97-9f06-451011809a2d,Acraea terpsicore,https://biodiversity.org.au/afd/taxa/ba632bea-a7b4-4b60-bf89-d63128cad841,-17.4861,128.376205,2025-05-16T13:53:29Z,PRESENT,iNaturalist Australia
1225,b4fdabed-e5aa-4b32-bf2c-5d1733459359,Acraea terpsicore,https://biodiversity.org.au/afd/taxa/ba632bea-a7b4-4b60-bf89-d63128cad841,-17.412684,124.942986,2021-06-11T15:28:00Z,PRESENT,iNaturalist Australia
1226,b51565c9-ae02-475b-b1bd-da84d3f19878,Acraea terpsicore,https://biodiversity.org.au/afd/taxa/ba632bea-a7b4-4b60-bf89-d63128cad841,-19.283184,146.814061,2023-09-08T16:55:00Z,PRESENT,iNaturalist Australia
1227,b55a0ede-654e-40b4-9e3c-cbb25eb0083b,Acraea terpsicore,https://biodiversity.org.au/afd/taxa/ba632bea-a7b4-4b60-bf89-d63128cad841,-14.315565,132.421121,2024-08-06T15:58:52Z,PRESENT,iNaturalist Australia
1228,b56870a0-057f-427a-92ce-d6520f01209d,Passiflora foetida,https://id.biodiversity.org.au/taxon/apni/51442118,-27.448278,152.928403,2025-01-18T10:55:37Z,PRESENT,iNaturalist Australia
1229,b56eb2c9-a31b-4d03-9f1e-f0c95011a103,Passiflora foetida,https://id.biodiversity.org.au/taxon/apni/51442118,-24.865463,152.366684,2022-03-17T16:09:41Z,PRESENT,iNaturalist Australia
1230,b5797b11-fc05-4f16-958e-7d1178d529ed,Acraea terpsicore,https://biodiversity.org.au/afd/taxa/ba632bea-a7b4-4b60-bf89-d63128cad841,-19.1903,146.774033,2025-06-18T11:12:00Z,PRESENT,iNaturalist Australia
1231,b58e6e04-0f98-4a83-9f86-c3105e7320dd,Acraea terpsicore,https://biodiversity.org.au/afd/taxa/ba632bea-a7b4-4b60-bf89-d63128cad841,-19.752313,147.595742,2023-07-19T07:51:00Z,PRESENT,iNaturalist Australia
1232,b5938e95-4eff-481c-ae11-f6de6e5f5fc0,Acraea terpsicore,https://biodiversity.org.au/afd/taxa/ba632bea-a7b4-4b60-bf89-d63128cad841,-30.64678,153.018004,2022-10-30T01:10:00Z,PRESENT,NatureMapr
1233,b5ae713a-d4ea-4c3e-94a9-852f8b01cf82,Acraea terpsicore,https://biodiversity.org.au/afd/taxa/ba632bea-a7b4-4b60-bf89-d63128cad841,-12.362282,130.866445,2023-05-21T13:30:00Z,PRESENT,iNaturalist Australia
1234,b5cc3ee9-49b2-406f-990b-2d382c08b844,Passiflora foetida,https://id.biodiversity.org.au/node/apni/2905971,-29.428496,153.171214,2021-02-09T00:00:00Z,PRESENT,NSW BioNet Atlas
1235,b5de09b7-e1d6-4880-bf8c-8b71e3b62b24,Acraea terpsicore,https://biodiversity.org.au/afd/taxa/ba632bea-a7b4-4b60-bf89-d63128cad841,-19.31658,146.74739,2021-04-02T12:19:00Z,PRESENT,iNaturalist Australia
1236,b5e0d8d1-fb79-410a-98d1-9613071c08f6,Acraea terpsicore,https://biodiversity.org.au/afd/taxa/ba632bea-a7b4-4b60-bf89-d63128cad841,-19.25825,146.802445,2022-10-28T11:45:38Z,PRESENT,iNaturalist Australia
1237,b5f0ab11-e7f6-4c33-af0c-8dced6688c73,Passiflora foetida,https://id.biodiversity.org.au/taxon/apni/51442118,-27.087321,153.415423,2022-10-04T07:44:00Z,PRESENT,iNaturalist Australia
1238,b62a40da-5f86-4d3f-b209-3e85a3c38f6a,Passiflora foetida,https://id.biodiversity.org.au/taxon/apni/51442118,-25.473213,152.72003,2025-03-19T10:17:18Z,PRESENT,iNaturalist Australia
1239,b63d411e-deea-41a5-9e9f-e0631c3c206d,Acraea terpsicore,https://biodiversity.org.au/afd/taxa/ba632bea-a7b4-4b60-bf89-d63128cad841,-17.368,145.4261,2021-03-29T11:00:00Z,PRESENT,Butterflies Australia
1240,b648d3f2-49b3-4e89-8387-0c0b822622c7,Acraea terpsicore,https://biodiversity.org.au/afd/taxa/ba632bea-a7b4-4b60-bf89-d63128cad841,-17.410611,145.061419,2021-05-25T09:43:00Z,PRESENT,iNaturalist Australia
1241,b64ffebe-8355-47dc-941b-598a2ffc914a,Passiflora foetida,https://id.biodiversity.org.au/taxon/apni/51442118,-14.47074,132.260088,2021-11-12T00:00:00Z,PRESENT,Flora Atlas N.T.
1242,b65090bf-d8d7-4a4e-821f-3c765665e512,Acraea terpsicore,https://biodiversity.org.au/afd/taxa/ba632bea-a7b4-4b60-bf89-d63128cad841,-18.0283,144.0487,2021-03-22T09:15:00Z,PRESENT,Butterflies Australia
1243,b6575eea-0fcd-49e1-9e3d-6d5a61e340f2,Acraea terpsicore,https://biodiversity.org.au/afd/taxa/ba632bea-a7b4-4b60-bf89-d63128cad841,-16.757736,145.669579,2021-08-03T10:57:00Z,PRESENT,iNaturalist Australia
1244,b66ba3a2-3de6-4555-86a5-82452d85d0c3,Acraea terpsicore,https://biodiversity.org.au/afd/taxa/ba632bea-a7b4-4b60-bf89-d63128cad841,-27.905122,153.375223,2024-05-08T00:00:00Z,PRESENT,iNaturalist Australia
1245,b6763cc2-fe61-4ae1-a36c-72e4974d559b,Acraea terpsicore,https://biodiversity.org.au/afd/taxa/ba632bea-a7b4-4b60-bf89-d63128cad841,-12.772178,130.409549,2025-05-26T11:10:00Z,PRESENT,iNaturalist Australia
1246,b6cda26b-0871-489e-8e85-641b944e5b50,Acraea terpsicore,https://biodiversity.org.au/afd/taxa/ba632bea-a7b4-4b60-bf89-d63128cad841,-19.195407,146.763193,2024-04-23T09:17:47Z,PRESENT,iNaturalist Australia
1247,b705046a-b2fb-4521-b650-638607886b46,Acraea terpsicore,https://biodiversity.org.au/afd/taxa/ba632bea-a7b4-4b60-bf89-d63128cad841,-16.903263,145.413749,2025-07-16T14:08:33Z,PRESENT,iNaturalist Australia
1248,b717e2d8-52c2-41f0-a7cd-8a14a522d09f,Passiflora foetida,https://id.biodiversity.org.au/taxon/apni/51442118,-27.090569,153.086965,2023-09-18T11:39:42Z,PRESENT,iNaturalist Australia
1249,b7438ab4-bf29-4d29-b367-735c3a47ca17,Acraea terpsicore,https://biodiversity.org.au/afd/taxa/ba632bea-a7b4-4b60-bf89-d63128cad841,-14.314842,132.42278,2021-06-01T10:37:00Z,PRESENT,iNaturalist Australia
1250,b76a0e51-6569-4b2f-bc2f-456243c7c165,Acraea terpsicore,https://biodiversity.org.au/afd/taxa/ba632bea-a7b4-4b60-bf89-d63128cad841,-17.767642,139.540237,2022-06-11T11:06:05Z,PRESENT,iNaturalist Australia
1251,b77b33c1-d06f-4e24-971f-2cc7c3ee5419,Passiflora foetida,https://id.biodiversity.org.au/taxon/apni/51442118,-19.234353,146.771988,2025-03-03T10:24:43Z,PRESENT,iNaturalist Australia
1252,b77d03c4-434f-4a52-86ea-70962bd7e28d,Passiflora foetida,https://id.biodiversity.org.au/taxon/apni/51442118,-30.109687,153.209688,2025-08-01T16:00:07Z,PRESENT,iNaturalist Australia
1253,b7b18650-7144-4a11-bcba-eb45be2bbf58,Acraea terpsicore,https://biodiversity.org.au/afd/taxa/ba632bea-a7b4-4b60-bf89-d63128cad841,-12.360513,130.869971,2022-04-25T15:56:00Z,PRESENT,iNaturalist Australia
1254,b7fda94b-29ba-43c2-b79b-c289d85e7898,Acraea terpsicore,https://biodiversity.org.au/afd/taxa/ba632bea-a7b4-4b60-bf89-d63128cad841,-16.912185,145.703615,2022-03-01T12:29:00Z,PRESENT,iNaturalist Australia
1255,b80f6879-d22f-4658-be39-a757ac89edcb,Acraea terpsicore,https://biodiversity.org.au/afd/taxa/ba632bea-a7b4-4b60-bf89-d63128cad841,-17.36004,144.8754,2021-02-11T10:45:00Z,PRESENT,Butterflies Australia
1256,b82e4fe7-4a4a-4286-89cf-c2b4e1697dfd,Passiflora foetida,https://id.biodiversity.org.au/name/apni/51741309,-27.550754,152.509656,2026-01-08T11:40:00Z,PRESENT,iNaturalist Australia
1257,b8f5c936-2e4d-4938-a28a-aa31b9c60987,Passiflora foetida,https://id.biodiversity.org.au/taxon/apni/51442118,-26.787631,152.80984,2025-10-27T17:09:02Z,PRESENT,iNaturalist Australia
1258,b946de30-28c4-40f6-bb33-62c2fff15c13,Acraea terpsicore,https://biodiversity.org.au/afd/taxa/ba632bea-a7b4-4b60-bf89-d63128cad841,-19.243469,146.786754,2025-05-22T14:01:00Z,PRESENT,iNaturalist Australia
1259,b9585054-3527-4eaf-bb0d-29454731a56b,Passiflora foetida,https://id.biodiversity.org.au/name/apni/51741309,-17.467514,145.014229,2025-09-13T17:03:33Z,PRESENT,iNaturalist Australia
1260,b9589584-d1f7-4b13-a7ba-6c1db15eee30,Acraea terpsicore,https://biodiversity.org.au/afd/taxa/ba632bea-a7b4-4b60-bf89-d63128cad841,-16.529578,145.136494,2025-11-07T09:00:00Z,PRESENT,iNaturalist Australia
1261,b95ace62-2003-4a7e-914c-50c0301b61b1,Acraea terpsicore,https://biodiversity.org.au/afd/taxa/ba632bea-a7b4-4b60-bf89-d63128cad841,-17.977101,122.343947,2023-04-23T11:48:32Z,PRESENT,iNaturalist Australia
1262,b95c58db-d4d0-4c6a-aaac-451023847e4c,Acraea terpsicore,https://biodiversity.org.au/afd/taxa/ba632bea-a7b4-4b60-bf89-d63128cad841,-19.25845,146.802859,2022-10-28T23:30:00Z,PRESENT,Butterflies Australia
1263,b960d53c-932a-4e2f-881d-38cce5454721,Acraea terpsicore,https://biodiversity.org.au/afd/taxa/ba632bea-a7b4-4b60-bf89-d63128cad841,-28.01958,153.33863,2021-03-16T17:43:00Z,PRESENT,Butterflies Australia
1264,b967015c-9ea7-4cfd-81c6-cdc403621870,Acraea terpsicore,https://biodiversity.org.au/afd/taxa/ba632bea-a7b4-4b60-bf89-d63128cad841,-17.154665,125.279835,2023-07-10T10:46:03Z,PRESENT,iNaturalist Australia
1265,b9796d43-b093-4c3d-be67-e18fac6b771c,Passiflora foetida,https://id.biodiversity.org.au/taxon/apni/51442118,-20.491867,147.067039,2025-05-03T09:51:00Z,PRESENT,iNaturalist Australia
1266,b9918839-28e1-49a0-a35c-cefdf2a9750a,Passiflora foetida,https://id.biodiversity.org.au/taxon/apni/51442118,-14.468532,132.263703,2021-06-10T00:00:00Z,PRESENT,Flora Atlas N.T.
1267,b9b17236-138e-45bb-a987-3f03c957cab5,Acraea terpsicore,https://biodiversity.org.au/afd/taxa/ba632bea-a7b4-4b60-bf89-d63128cad841,-17.931482,124.784465,2023-05-21T10:05:00Z,PRESENT,iNaturalist Australia
1268,b9ffced9-78ad-4594-8a65-316456fa0c2c,Acraea terpsicore,https://biodiversity.org.au/afd/taxa/ba632bea-a7b4-4b60-bf89-d63128cad841,-19.271009,146.753217,2021-04-03T23:05:00Z,PRESENT,NatureMapr
1269,ba050caf-4a5f-4884-be2a-5615067b9210,Passiflora foetida,https://id.biodiversity.org.au/taxon/apni/51442118,-21.938513,114.130009,2022-07-31T02:34:58Z,PRESENT,Pl@ntNet automatically identified occurrences
1270,ba3f413b-1b67-4dcd-97c5-c62570ae9af6,Acraea terpsicore,https://biodiversity.org.au/afd/taxa/ba632bea-a7b4-4b60-bf89-d63128cad841,-20.103687,146.883151,2022-10-01T10:55:00Z,PRESENT,iNaturalist Australia
1271,ba477e88-afb4-42e4-b54e-30946217fbc7,Acraea terpsicore,https://biodiversity.org.au/afd/taxa/ba632bea-a7b4-4b60-bf89-d63128cad841,-14.633667,143.978903,2021-07-22T08:33:00Z,PRESENT,iNaturalist Australia
1272,ba85c5e9-1f9d-40b9-b05b-e54bed1116e8,Acraea terpsicore,https://biodiversity.org.au/afd/taxa/ba632bea-a7b4-4b60-bf89-d63128cad841,-19.439963,146.732543,2024-04-21T12:38:00Z,PRESENT,iNaturalist Australia
1273,ba8a65f0-7633-479f-9aae-e2c819ec9583,Acraea terpsicore,https://biodiversity.org.au/afd/taxa/ba632bea-a7b4-4b60-bf89-d63128cad841,-15.72389,135.642893,2023-06-15T16:05:00Z,PRESENT,iNaturalist Australia
1274,ba8f1c07-6d6f-4035-8ac7-47d5e77bd444,Passiflora foetida,https://id.biodiversity.org.au/taxon/apni/51442118,-27.573768,153.284692,2024-02-15T14:24:39Z,PRESENT,iNaturalist Australia
1275,ba9f5f04-34f2-4f74-acfd-e18ace415c53,Passiflora foetida,https://id.biodiversity.org.au/taxon/apni/51442118,-25.28169,152.69631,2025-02-12T11:17:00Z,PRESENT,iNaturalist Australia
1276,badf31bf-0dee-422e-b077-02606a488b44,Acraea terpsicore,https://biodiversity.org.au/afd/taxa/ba632bea-a7b4-4b60-bf89-d63128cad841,-17.3853,145.3826,2021-04-08T11:00:00Z,PRESENT,Butterflies Australia
1277,bb03caa5-fc03-4f36-8a66-9fa877dae3e4,Passiflora foetida,https://id.biodiversity.org.au/taxon/apni/51442118,-25.360634,152.865925,2023-12-12T16:01:12Z,PRESENT,iNaturalist Australia
1278,bb56c340-932b-4f90-ad4f-fccadef3abe2,Passiflora foetida,https://id.biodiversity.org.au/taxon/apni/51442118,-27.14584,152.925339,2021-05-13T10:23:49Z,PRESENT,iNaturalist Australia
1279,bbcc0f1a-2238-4e19-828e-1c0293c4a21f,Acraea terpsicore,https://biodiversity.org.au/afd/taxa/ba632bea-a7b4-4b60-bf89-d63128cad841,-12.332978,130.893963,2023-05-08T11:43:28Z,PRESENT,iNaturalist Australia
1280,bbce677a-fb81-4af5-9d42-69ebab8a30b2,Acraea terpsicore,https://biodiversity.org.au/afd/taxa/ba632bea-a7b4-4b60-bf89-d63128cad841,-12.453966,130.949789,2024-05-18T13:36:00Z,PRESENT,iNaturalist Australia
1281,bbd06759-430b-4c5b-95f9-58be03dbc24d,Acraea terpsicore,https://biodiversity.org.au/afd/taxa/ba632bea-a7b4-4b60-bf89-d63128cad841,-22.900189,149.475843,2022-09-22T13:19:04Z,PRESENT,iNaturalist Australia
1282,bc1b3829-f057-4105-9a7d-36b40a8d6e4d,Passiflora foetida,https://id.biodiversity.org.au/taxon/apni/51442118,-27.44,153.12,2024-02-19T00:00:00Z,PRESENT,WeedScan
1283,bc202af6-3e62-4773-85df-c445ae7ceaae,Acraea terpsicore,https://biodiversity.org.au/afd/taxa/ba632bea-a7b4-4b60-bf89-d63128cad841,-16.468963,137.048283,2023-06-17T13:08:00Z,PRESENT,iNaturalist Australia
1284,bc7c30d9-1986-4474-a959-ef3bab2d1f7b,Acraea terpsicore,https://biodiversity.org.au/afd/taxa/ba632bea-a7b4-4b60-bf89-d63128cad841,-17.408858,145.062822,2021-05-25T09:46:00Z,PRESENT,iNaturalist Australia
1285,bc9f7b93-2ef6-47aa-9ce0-bce00589c946,Acraea terpsicore,https://biodiversity.org.au/afd/taxa/ba632bea-a7b4-4b60-bf89-d63128cad841,-23.841239,151.079631,2023-05-16T12:08:22Z,PRESENT,iNaturalist Australia
1286,bd08dd8e-d96f-4e43-aeaf-9a2cb8ed7bf4,Passiflora foetida,https://id.biodiversity.org.au/taxon/apni/51442118,-23.330138,150.51777,2023-11-02T17:29:10Z,PRESENT,iNaturalist Australia
1287,bd53e062-b320-4572-8d2a-512d8b5318af,Passiflora foetida,https://id.biodiversity.org.au/taxon/apni/51442118,-14.837383,133.090517,2021-08-12T00:00:00Z,PRESENT,Flora Atlas N.T.
1288,bd742df1-9f1c-44d3-83e5-54a1565aa77c,Acraea terpsicore,https://biodiversity.org.au/afd/taxa/ba632bea-a7b4-4b60-bf89-d63128cad841,-19.267834,146.704426,2021-04-25T08:43:05Z,PRESENT,iNaturalist Australia
1289,be155c15-64a2-49e2-a0e3-bc3a871aa014,Passiflora foetida,https://id.biodiversity.org.au/taxon/apni/51442118,-18.035141,142.269829,2024-02-07T09:46:32Z,PRESENT,iNaturalist Australia
1290,be1ef957-9516-4c2c-b21c-af7d4accc26b,Acraea terpsicore,https://biodiversity.org.au/afd/taxa/ba632bea-a7b4-4b60-bf89-d63128cad841,-18.0496,144.905,2021-04-25T10:15:00Z,PRESENT,Butterflies Australia
1291,be2a8f95-e41a-4d8f-bcec-4d9496961367,Passiflora foetida,https://id.biodiversity.org.au/taxon/apni/51442118,-14.483386,132.398887,2021-10-27T00:00:00Z,PRESENT,Flora Atlas N.T.
1292,be3e1e22-8f2e-4eda-ad72-62a94e622a44,Passiflora foetida,https://id.biodiversity.org.au/taxon/apni/51442118,-21.134817,148.528842,2024-03-23T17:35:00Z,PRESENT,iNaturalist Australia
1293,bea00b82-e161-4ffc-9ac6-52045680d456,Acraea terpsicore,https://biodiversity.org.au/afd/taxa/ba632bea-a7b4-4b60-bf89-d63128cad841,-13.29373,132.335158,2025-01-26T13:31:59Z,PRESENT,iNaturalist Australia
1294,bea91926-4c4f-42f3-8a9c-834213b820d1,Acraea terpsicore,https://biodiversity.org.au/afd/taxa/ba632bea-a7b4-4b60-bf89-d63128cad841,-16.070278,136.307222,2025-05-23T14:37:00Z,PRESENT,iNaturalist Australia
1295,bed4d102-4b74-4639-98a6-765df01bdd5e,Passiflora foetida,https://id.biodiversity.org.au/taxon/apni/51442118,-27.853762,153.343597,2025-02-12T08:03:24Z,PRESENT,iNaturalist Australia
1296,bf0f4d1b-57aa-4813-a821-8b49e334d9c5,Acraea terpsicore,https://biodiversity.org.au/afd/taxa/ba632bea-a7b4-4b60-bf89-d63128cad841,-26.619618,153.065605,2023-04-17T12:25:34Z,PRESENT,iNaturalist Australia
1297,bf2dbad6-31b2-4e9c-89de-aebe8671feb8,Passiflora foetida,https://id.biodiversity.org.au/taxon/apni/51442118,-27.427587,153.16981,2021-02-26T07:28:19Z,PRESENT,iNaturalist Australia
1298,bf443186-9b2c-401b-838a-9d14cc3fb889,Acraea terpsicore,https://biodiversity.org.au/afd/taxa/ba632bea-a7b4-4b60-bf89-d63128cad841,-19.251638,146.798644,2023-12-17T14:17:00Z,PRESENT,iNaturalist Australia
1299,bf551c1b-6e24-488a-83da-84516dcd5bcf,Acraea terpsicore,https://biodiversity.org.au/afd/taxa/ba632bea-a7b4-4b60-bf89-d63128cad841,-14.314736,132.42192,2023-02-14T16:11:00Z,PRESENT,iNaturalist Australia
1300,bf556155-60a3-498a-8306-a063457a21be,Passiflora foetida,https://id.biodiversity.org.au/name/apni/51741309,-27.805488,153.340676,2025-04-16T09:24:00Z,PRESENT,iNaturalist Australia
1301,bf5a94de-af4c-47d6-a171-08a6e7f74b8a,Acraea terpsicore,https://biodiversity.org.au/afd/taxa/ba632bea-a7b4-4b60-bf89-d63128cad841,-19.506628,140.281239,2023-05-01T12:14:59Z,PRESENT,iNaturalist Australia
1302,bf88422a-22c3-4e3a-a777-f73f8c3f2e90,Acraea terpsicore,https://biodiversity.org.au/afd/taxa/ba632bea-a7b4-4b60-bf89-d63128cad841,-18.9994,146.0748,2022-12-19T00:00:00Z,PRESENT,Butterflies Australia
1303,bfceb10b-7af8-4cc8-842b-e6825ebbacf4,Acraea terpsicore,https://biodiversity.org.au/afd/taxa/ba632bea-a7b4-4b60-bf89-d63128cad841,-19.325058,146.608945,2023-05-20T16:17:00Z,PRESENT,iNaturalist Australia
1304,bfd930f1-366c-4878-95d1-e47001b54346,Passiflora foetida,https://id.biodiversity.org.au/taxon/apni/51442118,-14.479863,132.384279,2021-10-27T00:00:00Z,PRESENT,Flora Atlas N.T.
1305,c0020349-3f6b-4147-bf08-74862a845ab1,Acraea terpsicore,https://biodiversity.org.au/afd/taxa/ba632bea-a7b4-4b60-bf89-d63128cad841,-19.20149,146.75151,2021-03-21T00:00:00Z,PRESENT,WildNet - Queensland Wildlife Data
1306,c004fa7b-730e-471f-98b8-d96fef206c39,Acraea terpsicore,https://biodiversity.org.au/afd/taxa/ba632bea-a7b4-4b60-bf89-d63128cad841,-21.3,149.2,2021-01-14T08:34:00Z,PRESENT,Earth Guardians Weekly Feed
1307,c0201d4f-5679-4aff-8bbe-facaa6912554,Acraea terpsicore,https://biodiversity.org.au/afd/taxa/ba632bea-a7b4-4b60-bf89-d63128cad841,-12.858945,132.818437,2023-04-30T09:35:00Z,PRESENT,iNaturalist Australia
1308,c03c5c42-c609-4df7-bdc2-6ab21d1c865d,Passiflora foetida,https://id.biodiversity.org.au/taxon/apni/51442118,-14.470109,132.264981,2021-11-24T00:00:00Z,PRESENT,Flora Atlas N.T.
1309,c06403ba-00c5-4800-b5fa-becf3bd88675,Passiflora foetida,https://id.biodiversity.org.au/taxon/apni/51442118,-16.446532,123.00593,2025-06-19T08:09:02Z,PRESENT,iNaturalist Australia
1310,c072d705-4d82-4022-be07-65505704e3fd,Acraea terpsicore,https://biodiversity.org.au/afd/taxa/ba632bea-a7b4-4b60-bf89-d63128cad841,-12.336417,130.897088,2025-05-23T17:10:00Z,PRESENT,iNaturalist Australia
1311,c0858458-613a-4be2-9715-4df369ce218c,Acraea terpsicore,https://biodiversity.org.au/afd/taxa/ba632bea-a7b4-4b60-bf89-d63128cad841,-14.180143,132.188026,2023-05-09T11:53:00Z,PRESENT,iNaturalist Australia
1312,c0c2e980-2a37-46b2-b8d8-027b6f85c71a,Acraea terpsicore,https://biodiversity.org.au/afd/taxa/ba632bea-a7b4-4b60-bf89-d63128cad841,-19.4702,144.2571,2022-11-23T23:45:00Z,PRESENT,Butterflies Australia
1313,c0caf221-5f53-4fe2-a2de-1fd370caeefe,Passiflora foetida,https://id.biodiversity.org.au/taxon/apni/51442118,-27.464108,152.935438,2023-01-21T06:18:22Z,PRESENT,iNaturalist Australia
1314,c0db34d6-25c7-45ec-bb8f-5a20084c3c7d,Passiflora foetida,https://id.biodiversity.org.au/taxon/apni/51442118,-27.551888,152.859658,2023-07-14T14:27:18Z,PRESENT,iNaturalist Australia
1315,c0e9b02e-9792-421f-b127-7e578fd3cb7a,Passiflora foetida,https://id.biodiversity.org.au/taxon/apni/51442118,-23.907088,151.252175,2022-04-24T11:20:44Z,PRESENT,iNaturalist Australia
1316,c1191c0f-93db-4811-83c3-1ad6ef902222,Acraea terpsicore,https://biodiversity.org.au/afd/taxa/ba632bea-a7b4-4b60-bf89-d63128cad841,-19.97861,148.25969,2022-09-21T01:00:00Z,PRESENT,Butterflies Australia
1317,c144f765-435d-4b26-8666-dbd0f0987762,Acraea terpsicore,https://biodiversity.org.au/afd/taxa/ba632bea-a7b4-4b60-bf89-d63128cad841,-14.452114,132.271515,2023-05-15T15:35:00Z,PRESENT,iNaturalist Australia
1318,c155b185-6095-4bff-bc9b-12a03a5f9a7d,Passiflora foetida,https://id.biodiversity.org.au/taxon/apni/51442118,-23.894459,151.220736,2024-11-20T09:01:34Z,PRESENT,iNaturalist Australia
1319,c15d37f5-17b9-4423-be0d-2e99c209c71e,Acraea terpsicore,https://biodiversity.org.au/afd/taxa/ba632bea-a7b4-4b60-bf89-d63128cad841,-19.3,146.8,2025-08-03T18:13:00Z,PRESENT,Earth Guardians Weekly Feed
1320,c166c606-ec65-4c41-b997-28590185df7a,Passiflora foetida,https://id.biodiversity.org.au/taxon/apni/51442118,-15.985528,127.93231,2022-09-14T09:48:00Z,PRESENT,iNaturalist Australia
1321,c16d256e-a0df-4693-b053-dcd188548883,Passiflora foetida,https://id.biodiversity.org.au/taxon/apni/51442118,-30.10947,153.210367,2025-08-02T13:37:01Z,PRESENT,iNaturalist Australia
1322,c1a93695-2062-4e62-8348-e870d8a07cdc,Passiflora foetida,https://id.biodiversity.org.au/taxon/apni/51442118,-12.784791,143.308001,2022-06-18T16:17:00Z,PRESENT,iNaturalist Australia
1323,c22a5eb1-eb52-494c-8fc9-ff949d2f0d20,Acraea terpsicore,https://biodiversity.org.au/afd/taxa/ba632bea-a7b4-4b60-bf89-d63128cad841,-16.992753,145.422517,2023-03-23T18:21:42Z,PRESENT,iNaturalist Australia
1324,c244508e-d2c3-4021-afd7-704f4bf3dcee,Passiflora foetida,https://id.biodiversity.org.au/taxon/apni/51442118,-27.477853,153.165478,2025-11-20T08:21:08Z,PRESENT,iNaturalist Australia
1325,c26c0828-0dae-47ca-b793-95605d8a1acb,Acraea terpsicore,https://biodiversity.org.au/afd/taxa/ba632bea-a7b4-4b60-bf89-d63128cad841,-15.425,145.0592,2022-06-23T16:00:00Z,PRESENT,Butterflies Australia
1326,c277b0bb-8959-4117-8705-796452fb3c7d,Passiflora foetida,https://id.biodiversity.org.au/name/apni/51741309,-19.2894,146.8427,2025-11-09T17:04:00Z,PRESENT,iNaturalist Australia
1327,c27ac12b-eda3-4c31-a328-e69b9d849261,Acraea terpsicore,https://biodiversity.org.au/afd/taxa/ba632bea-a7b4-4b60-bf89-d63128cad841,-12.371995,130.868864,2021-04-26T08:40:00Z,PRESENT,iNaturalist Australia
1328,c28343ba-c3c6-402f-adcd-b31378eb2a0e,Passiflora foetida,https://id.biodiversity.org.au/taxon/apni/51442118,-14.469092,132.26422,2021-06-10T00:00:00Z,PRESENT,Flora Atlas N.T.
1329,c2de3c77-10b2-4cc2-a921-384f4baffb9a,Passiflora foetida,https://id.biodiversity.org.au/taxon/apni/51442118,-27.93748,153.351325,2024-03-03T07:18:00Z,PRESENT,iNaturalist Australia
1330,c2f9d9d8-f23f-499b-98cf-2f235ca70e7e,Acraea terpsicore,https://biodiversity.org.au/afd/taxa/ba632bea-a7b4-4b60-bf89-d63128cad841,-22.019996,146.488007,2022-11-08T08:04:22Z,PRESENT,iNaturalist Australia
1331,c2fbae9f-4fc0-42bf-bf02-8f03fa43a944,Acraea terpsicore,https://biodiversity.org.au/afd/taxa/ba632bea-a7b4-4b60-bf89-d63128cad841,-19.258013,146.803889,2021-02-17T13:21:00Z,PRESENT,iNaturalist Australia
1332,c3065e6d-197c-4a4f-a9b8-7e3e2c5a4670,Acraea terpsicore,https://biodiversity.org.au/afd/taxa/ba632bea-a7b4-4b60-bf89-d63128cad841,-17.379722,144.959722,2025-08-23T11:54:00Z,PRESENT,iNaturalist Australia
1333,c3799295-1d90-498c-a7b8-c7d88dab5f77,Passiflora foetida,https://id.biodiversity.org.au/name/apni/51741309,-27.550272,152.508744,2024-11-27T08:07:00Z,PRESENT,iNaturalist Australia
1334,c3812ae6-f78e-493a-bd70-4afc999286c4,Passiflora foetida,https://id.biodiversity.org.au/taxon/apni/51442118,-25.330809,152.758873,2022-02-20T09:11:00Z,PRESENT,iNaturalist Australia
1335,c3b5cc2d-3ae6-42ac-967a-19d81fe92a51,Acraea terpsicore,https://biodiversity.org.au/afd/taxa/ba632bea-a7b4-4b60-bf89-d63128cad841,-17.3,123.6,2021-02-20T08:28:00Z,PRESENT,Earth Guardians Weekly Feed
1336,c3d2e834-8fa8-44d8-b57b-8b5f94ea35ff,Passiflora foetida,https://id.biodiversity.org.au/taxon/apni/51442118,-12.252745000000001,136.889179,2022-10-29T13:32:00Z,PRESENT,iNaturalist Australia
1337,c3d56ae7-3aa1-4ae5-868a-61423c3eaa70,Acraea terpsicore,https://biodiversity.org.au/afd/taxa/ba632bea-a7b4-4b60-bf89-d63128cad841,-17.46543,140.828975,2025-05-24T12:36:31Z,PRESENT,iNaturalist Australia
1338,c3d97c7b-84c0-4ae7-8964-bb6222532e0b,Acraea terpsicore,https://biodiversity.org.au/afd/taxa/ba632bea-a7b4-4b60-bf89-d63128cad841,-16.456757,145.372074,2023-07-08T12:33:00Z,PRESENT,iNaturalist Australia
1339,c3edf57e-ebeb-4550-82f1-495cd17a9b53,Acraea terpsicore,https://biodiversity.org.au/afd/taxa/ba632bea-a7b4-4b60-bf89-d63128cad841,-12.337059,130.907797,2024-06-22T12:49:00Z,PRESENT,iNaturalist Australia
1340,c4155d81-e741-4364-89e9-de07ffd84cff,Acraea terpsicore,https://biodiversity.org.au/afd/taxa/ba632bea-a7b4-4b60-bf89-d63128cad841,-17.379089,145.378185,2023-02-27T14:36:00Z,PRESENT,iNaturalist Australia
1341,c4310087-23fd-49ae-b343-4e1e3e169a68,Acraea terpsicore,https://biodiversity.org.au/afd/taxa/ba632bea-a7b4-4b60-bf89-d63128cad841,-13.8475,136.417,2022-06-17T15:45:00Z,PRESENT,Butterflies Australia
1342,c43ec431-4aa1-4fa7-9852-268676c2ce30,Acraea terpsicore,https://biodiversity.org.au/afd/taxa/ba632bea-a7b4-4b60-bf89-d63128cad841,-21.42133,144.998139,2022-10-11T10:16:00Z,PRESENT,iNaturalist Australia
1343,c4490458-ba0d-4a6d-89a3-7cce9803a12d,Acraea terpsicore,https://biodiversity.org.au/afd/taxa/ba632bea-a7b4-4b60-bf89-d63128cad841,-19.201536,146.753593,2024-10-31T09:50:00Z,PRESENT,iNaturalist Australia
1344,c49932fb-57d3-4a2b-8090-d1dab68664ca,Acraea terpsicore,https://biodiversity.org.au/afd/taxa/ba632bea-a7b4-4b60-bf89-d63128cad841,-19.276405,146.804589,2023-11-01T21:01:00Z,PRESENT,iNaturalist Australia
1345,c4a7a923-9074-4286-ba9b-b8811bd2ac2a,Acraea terpsicore,https://biodiversity.org.au/afd/taxa/ba632bea-a7b4-4b60-bf89-d63128cad841,-16.532975,145.13132,2025-06-28T13:00:00Z,PRESENT,iNaturalist Australia
1346,c4b5d81c-04ec-421e-8612-d8654ad7c289,Passiflora foetida,https://id.biodiversity.org.au/taxon/apni/51442118,-25.37062,152.606831,2024-03-14T08:05:08Z,PRESENT,iNaturalist Australia
1347,c4d18ff3-96d9-4a4b-b183-3affbd506314,Acraea terpsicore,https://biodiversity.org.au/afd/taxa/ba632bea-a7b4-4b60-bf89-d63128cad841,-14.324489,132.425355,2025-06-07T14:59:00Z,PRESENT,iNaturalist Australia
1348,c4d791a3-a07e-475f-946a-0ddc5dd2cbc1,Acraea terpsicore,https://biodiversity.org.au/afd/taxa/ba632bea-a7b4-4b60-bf89-d63128cad841,-27.377139,152.90713,2023-10-25T12:28:00Z,PRESENT,iNaturalist Australia
1349,c4e0c3af-8c27-4ece-b65f-763a53fa0f2e,Passiflora foetida,https://id.biodiversity.org.au/taxon/apni/51442118,-14.501168,132.336402,2022-10-20T00:00:00Z,PRESENT,Flora Atlas N.T.
1350,c505129f-f1d6-45a3-a7a7-cfc59308aa1f,Acraea terpsicore,https://biodiversity.org.au/afd/taxa/ba632bea-a7b4-4b60-bf89-d63128cad841,-20.588619,139.574461,2025-09-12T14:02:00Z,PRESENT,iNaturalist Australia
1351,c5602697-191c-4824-b44a-c6b4a89613fa,Acraea terpsicore,https://biodiversity.org.au/afd/taxa/ba632bea-a7b4-4b60-bf89-d63128cad841,-19.451644,146.9796,2025-05-31T11:15:00Z,PRESENT,iNaturalist Australia
1352,c5a883cb-9ce1-432a-9a53-5198dd90a802,Acraea terpsicore,https://biodiversity.org.au/afd/taxa/ba632bea-a7b4-4b60-bf89-d63128cad841,-19.7,147.5,2021-04-06T07:48:00Z,PRESENT,Earth Guardians Weekly Feed
1353,c5e8d83f-9a1b-43b7-8b4f-04fe554f741b,Passiflora foetida,https://id.biodiversity.org.au/taxon/apni/51442118,-25.329891,152.759179,2024-10-13T09:12:29Z,PRESENT,iNaturalist Australia
1354,c60b003c-8461-4ade-8b03-4d6d1a1a3d2c,Acraea terpsicore,https://biodiversity.org.au/afd/taxa/ba632bea-a7b4-4b60-bf89-d63128cad841,-26.679345,153.138502,2024-03-20T09:18:00Z,PRESENT,iNaturalist Australia
1355,c6238d23-92fd-4418-a1f4-0f9e19ad2752,Acraea terpsicore,https://biodiversity.org.au/afd/taxa/ba632bea-a7b4-4b60-bf89-d63128cad841,-19.206778,146.745295,2021-07-21T14:54:00Z,PRESENT,iNaturalist Australia
1356,c66ebfad-4b7a-4ff6-8f90-a2ec492e4dc3,Passiflora foetida,https://id.biodiversity.org.au/name/apni/51741309,-24.222396,151.440018,2024-09-28T07:42:44Z,PRESENT,iNaturalist Australia
1357,c66f5756-2bb5-4ab5-9bb6-7d0c25e6db4c,Passiflora foetida,https://id.biodiversity.org.au/taxon/apni/51442118,-19.252962,146.809971,2025-01-02T15:37:40Z,PRESENT,iNaturalist Australia
1358,c671a77b-d971-4d20-bb2d-a47a01259052,Acraea terpsicore,https://biodiversity.org.au/afd/taxa/ba632bea-a7b4-4b60-bf89-d63128cad841,-20.370143,148.377419,2022-07-09T12:26:00Z,PRESENT,iNaturalist Australia
1359,c6a376df-2922-408e-b234-a537f7db17ab,Passiflora foetida,https://id.biodiversity.org.au/taxon/apni/51442118,-27.540386,153.05186,2022-01-09T09:05:00Z,PRESENT,iNaturalist Australia
1360,c716a047-7fd2-4832-8e25-a475ec22842d,Passiflora foetida,https://id.biodiversity.org.au/taxon/apni/51442118,-26.813432,153.110427,2022-02-19T07:33:00Z,PRESENT,iNaturalist Australia
1361,c71d441f-864d-442d-aa2b-a4e1cc9b9f63,Acraea terpsicore,https://biodiversity.org.au/afd/taxa/ba632bea-a7b4-4b60-bf89-d63128cad841,-19.207633,146.741807,2021-05-16T14:43:00Z,PRESENT,iNaturalist Australia
1362,c76c9c21-522a-4afa-9b16-02fdd531878d,Acraea terpsicore,https://biodiversity.org.au/afd/taxa/ba632bea-a7b4-4b60-bf89-d63128cad841,-18.9307,144.4932,2022-09-20T16:15:00Z,PRESENT,Butterflies Australia
1363,c770ac43-ec4f-4625-aeba-eab1366e7aa9,Passiflora foetida,https://id.biodiversity.org.au/taxon/apni/51442118,-25.69,152.6,2024-06-02T00:00:00Z,PRESENT,WeedScan
1364,c7713357-4098-43b2-92b4-5b9ebaa08789,Acraea terpsicore,https://biodiversity.org.au/afd/taxa/ba632bea-a7b4-4b60-bf89-d63128cad841,-14.314736,132.42192,2023-02-14T16:31:00Z,PRESENT,iNaturalist Australia
1365,c7746a19-3ed4-46ce-b938-bf4d8a484404,Passiflora foetida,https://id.biodiversity.org.au/taxon/apni/51442118,-14.470411,132.263727,2021-11-15T00:00:00Z,PRESENT,Flora Atlas N.T.
1366,c78ec5c0-cf49-444f-9ab0-5c5ca4a20b48,Acraea terpsicore,https://biodiversity.org.au/afd/taxa/ba632bea-a7b4-4b60-bf89-d63128cad841,-21.693716,146.944605,2025-02-10T10:56:00Z,PRESENT,iNaturalist Australia
1367,c7970c52-8ac6-404f-a8d7-9a72d294d0aa,Acraea terpsicore,https://biodiversity.org.au/afd/taxa/ba632bea-a7b4-4b60-bf89-d63128cad841,-12.207471,130.891905,2025-05-21T18:37:13Z,PRESENT,iNaturalist Australia
1368,c7e5709c-bebd-4a28-b380-a30e02f8ac27,Passiflora foetida,https://id.biodiversity.org.au/taxon/apni/51442118,-25.33595,153.200792,2022-02-04T10:16:22Z,PRESENT,iNaturalist Australia
1369,c7f427d7-55c5-4d7c-bd9e-bc32d32d1004,Acraea terpsicore,https://biodiversity.org.au/afd/taxa/ba632bea-a7b4-4b60-bf89-d63128cad841,-17.338119,145.517411,2025-08-05T15:37:00Z,PRESENT,iNaturalist Australia
1370,c80b22d8-b1f3-4582-bee5-7485a980e122,Passiflora foetida,https://id.biodiversity.org.au/taxon/apni/51442118,-14.468604,132.265487,2021-06-10T00:00:00Z,PRESENT,Flora Atlas N.T.
1371,c8367e60-754d-45a3-a427-814ddebba4db,Acraea terpsicore,https://biodiversity.org.au/afd/taxa/ba632bea-a7b4-4b60-bf89-d63128cad841,-19.282002,146.811803,2021-09-01T11:49:00Z,PRESENT,iNaturalist Australia
1372,c8495b50-854a-48ed-adee-163177099406,Passiflora foetida,https://id.biodiversity.org.au/taxon/apni/51442118,-18.695975,146.338184,2025-06-02T15:02:00Z,PRESENT,iNaturalist Australia
1373,c87b2fc0-2590-43c4-924b-b10b3b22690c,Passiflora foetida,https://id.biodiversity.org.au/taxon/apni/51442118,-14.469878,132.265877,2022-01-27T00:00:00Z,PRESENT,Flora Atlas N.T.
1374,c87d99c1-5dd8-404c-8ff5-1eafc0a30d95,Acraea terpsicore,https://biodiversity.org.au/afd/taxa/ba632bea-a7b4-4b60-bf89-d63128cad841,-19.207633,146.741807,2021-05-16T14:58:00Z,PRESENT,iNaturalist Australia
1375,c8b5a992-ad08-480b-a0da-94349bc7ea39,Acraea terpsicore,https://biodiversity.org.au/afd/taxa/ba632bea-a7b4-4b60-bf89-d63128cad841,-20.709263,140.502309,2025-07-05T16:00:00Z,PRESENT,iNaturalist Australia
1376,c8f01611-8e4e-4cac-b71e-bb1ff886c6f0,Acraea terpsicore,https://biodiversity.org.au/afd/taxa/ba632bea-a7b4-4b60-bf89-d63128cad841,-16.9,145.4,2023-06-03T11:20:00Z,PRESENT,Earth Guardians Weekly Feed
1377,c94ce97b-9596-4b3f-aa2d-5ebe7da63958,Acraea terpsicore,https://biodiversity.org.au/afd/taxa/ba632bea-a7b4-4b60-bf89-d63128cad841,-21.3,149.2,2021-12-20T11:38:00Z,PRESENT,Earth Guardians Weekly Feed
1378,c973f244-c653-4558-b7d7-c77abce8c3c6,Acraea terpsicore,https://biodiversity.org.au/afd/taxa/ba632bea-a7b4-4b60-bf89-d63128cad841,-25.68278,152.214093,2025-06-01T07:47:35Z,PRESENT,iNaturalist Australia
1379,c979d0a4-7f03-44ff-b2d5-79384dfcf2b8,Acraea terpsicore,https://biodiversity.org.au/afd/taxa/ba632bea-a7b4-4b60-bf89-d63128cad841,-15.7,128.7,2021-01-30T09:09:00Z,PRESENT,Earth Guardians Weekly Feed
1380,c9a80c8e-9eb1-4bf8-bee7-5b4d172d7eaf,Acraea terpsicore,https://biodiversity.org.au/afd/taxa/ba632bea-a7b4-4b60-bf89-d63128cad841,-14.15535,136.42044,2021-06-17T00:00:00Z,PRESENT,Northern Territory Museum and Art Gallery provider for OZCAM
1381,c9b300b8-e9cf-4803-af76-901c7d94411b,Passiflora foetida,https://id.biodiversity.org.au/taxon/apni/51442118,-14.469653,132.265157,2021-06-10T00:00:00Z,PRESENT,Flora Atlas N.T.
1382,c9c95e58-5c0e-41dd-9b18-51452b7eb8e0,Passiflora foetida,https://id.biodiversity.org.au/taxon/apni/51442118,-27.477558,152.951875,2022-02-24T07:51:24Z,PRESENT,iNaturalist Australia
1383,c9dd011e-5532-4f1d-9577-b3ecdbc9586f,Passiflora foetida,https://id.biodiversity.org.au/name/apni/51741309,-25.563402,152.695506,2024-12-05T06:45:46Z,PRESENT,iNaturalist Australia
1384,c9efb272-0b67-4508-99f6-c13c0a8e7781,Passiflora foetida,https://id.biodiversity.org.au/name/apni/51741309,-27.550357,152.509205,2024-11-22T14:23:00Z,PRESENT,iNaturalist Australia
1385,c9f08661-b6b5-47e9-a52c-5c4ad00e9e6a,Acraea terpsicore,https://biodiversity.org.au/afd/taxa/ba632bea-a7b4-4b60-bf89-d63128cad841,-17.111672,145.683266,2021-03-26T12:22:00Z,PRESENT,iNaturalist Australia
1386,c9f785fc-73b8-4a7c-8294-d3e22ce1cc62,Passiflora foetida,https://id.biodiversity.org.au/taxon/apni/51442118,-28.335275,153.574307,2025-10-14T13:33:00Z,PRESENT,iNaturalist Australia
1387,ca1b0f48-cbf3-4ec9-a9c1-b1d84e431048,Passiflora foetida,https://id.biodiversity.org.au/taxon/apni/51442118,-28.193626,153.527721,2022-06-21T08:55:00Z,PRESENT,iNaturalist Australia
1388,ca605041-b33d-4965-834b-2cfb40477f37,Acraea terpsicore,https://biodiversity.org.au/afd/taxa/ba632bea-a7b4-4b60-bf89-d63128cad841,-16.521826,144.898614,2022-07-12T00:00:00Z,PRESENT,iNaturalist Australia
1389,ca75cfbf-b362-493e-b9c2-4f5e0423aa35,Acraea terpsicore,https://biodiversity.org.au/afd/taxa/ba632bea-a7b4-4b60-bf89-d63128cad841,-21.134643,148.528218,2024-10-06T09:10:00Z,PRESENT,iNaturalist Australia
1390,ca7aa655-d825-4415-bbd0-4a2c5d2056b2,Passiflora foetida,https://id.biodiversity.org.au/taxon/apni/51442118,-19.188,146.7719,2022-02-18T12:12:00Z,PRESENT,iNaturalist Australia
1391,ca7afe68-68db-468a-8bfb-c2473f053805,Acraea terpsicore,https://biodiversity.org.au/afd/taxa/ba632bea-a7b4-4b60-bf89-d63128cad841,-16.747602,145.66216,2021-09-21T10:50:00Z,PRESENT,iNaturalist Australia
1392,ca9f4082-39e2-4eb5-9465-c708debf5d88,Passiflora foetida,https://id.biodiversity.org.au/name/apni/51741309,-24.159697,151.88322,2024-10-15T10:46:35Z,PRESENT,iNaturalist Australia
1393,cae41f1d-f101-4604-bca1-ea4fbf44d4a6,Acraea terpsicore,https://biodiversity.org.au/afd/taxa/ba632bea-a7b4-4b60-bf89-d63128cad841,-22.345367,149.517778,2025-05-04T13:09:00Z,PRESENT,iNaturalist Australia
1394,caef3904-ac25-4440-84c0-fbeba1ea3d3b,Acraea terpsicore,https://biodiversity.org.au/afd/taxa/ba632bea-a7b4-4b60-bf89-d63128cad841,-19.320461,146.759065,2021-06-18T12:39:19Z,PRESENT,iNaturalist Australia
1395,cb557fc9-b0e5-4eb4-9fff-163b488add32,Acraea terpsicore,https://biodiversity.org.au/afd/taxa/ba632bea-a7b4-4b60-bf89-d63128cad841,-17.73836,141.03753,2023-08-18T01:49:00Z,PRESENT,Butterflies Australia
1396,cb8e8566-3629-4d06-97e3-9e769d071806,Acraea terpsicore,https://biodiversity.org.au/afd/taxa/ba632bea-a7b4-4b60-bf89-d63128cad841,-18.496958,143.32048,2025-06-10T17:25:13Z,PRESENT,iNaturalist Australia
1397,cbe51700-a0d9-4e25-b24a-b597b25f9d6a,Acraea terpsicore,https://biodiversity.org.au/afd/taxa/ba632bea-a7b4-4b60-bf89-d63128cad841,-30.176903,153.191928,2022-05-03T15:57:00Z,PRESENT,iNaturalist Australia
1398,cc3fa5fe-ddfd-4ec9-9d2d-413d89f9130b,Passiflora foetida,https://id.biodiversity.org.au/taxon/apni/51442118,-16.727097,144.277542,2025-07-20T16:02:00Z,PRESENT,iNaturalist Australia
1399,cc4a5480-b581-4ec0-a911-566c2b95ed95,Acraea terpsicore,https://biodiversity.org.au/afd/taxa/ba632bea-a7b4-4b60-bf89-d63128cad841,-14.182983,132.038188,2025-04-26T14:14:00Z,PRESENT,iNaturalist Australia
1400,cc9e37df-cb3f-4552-aedb-9cf0be4f6a65,Acraea terpsicore,https://biodiversity.org.au/afd/taxa/ba632bea-a7b4-4b60-bf89-d63128cad841,-19.259557,146.806312,2023-09-08T11:51:00Z,PRESENT,iNaturalist Australia
1401,cca41f80-efaa-428f-98b4-20aa01b42c07,Acraea terpsicore,https://biodiversity.org.au/afd/taxa/ba632bea-a7b4-4b60-bf89-d63128cad841,-27.530788,153.141358,2022-12-25T14:35:59Z,PRESENT,iNaturalist Australia
1402,cca70719-f445-48ab-8ccf-de13f2e27bf4,Acraea terpsicore,https://biodiversity.org.au/afd/taxa/ba632bea-a7b4-4b60-bf89-d63128cad841,-27.483194,152.955723,2025-04-06T11:18:00Z,PRESENT,iNaturalist Australia
1403,ccb7bae8-932b-43f7-97c9-100b8a2a7b40,Acraea terpsicore,https://biodiversity.org.au/afd/taxa/ba632bea-a7b4-4b60-bf89-d63128cad841,-17.74992,138.4816,2023-09-11T04:04:00Z,PRESENT,Butterflies Australia
1404,ccba7e04-21c6-412e-9ab4-cfbf2312e3d8,Passiflora foetida,https://id.biodiversity.org.au/taxon/apni/51442118,-14.468494,132.261816,2021-12-06T00:00:00Z,PRESENT,Flora Atlas N.T.
1405,ccc295b2-fe92-4e6e-aeac-1973b28cd867,Acraea terpsicore,https://biodiversity.org.au/afd/taxa/ba632bea-a7b4-4b60-bf89-d63128cad841,-20.701987,139.496667,2023-01-14T16:20:42Z,PRESENT,iNaturalist Australia
1406,cccc1dad-cd20-40ad-85d3-f78d5439590f,Acraea terpsicore,https://biodiversity.org.au/afd/taxa/ba632bea-a7b4-4b60-bf89-d63128cad841,-22.349479,149.521256,2024-11-27T07:46:00Z,PRESENT,iNaturalist Australia
1407,ccd67397-afca-48a2-8ace-bc44caa724be,Passiflora foetida,https://id.biodiversity.org.au/taxon/apni/51442118,-19.456546,147.483404,2023-06-29T16:19:14Z,PRESENT,iNaturalist Australia
1408,cd27667a-1293-4160-a106-aa54f3cbd64f,Passiflora foetida,https://id.biodiversity.org.au/taxon/apni/51442118,-27.543423,152.860936,2022-03-19T09:55:19Z,PRESENT,iNaturalist Australia
1409,cd8290d8-58c7-4a6c-be0f-9ce5cbc6d653,Passiflora foetida,https://id.biodiversity.org.au/name/apni/51741309,-24.552013,150.009294,2024-04-21T12:38:37Z,PRESENT,iNaturalist Australia
1410,cdac28ce-d5b5-419e-964c-efec03ea6034,Passiflora foetida,https://id.biodiversity.org.au/taxon/apni/51442118,-16.010947,145.442763,2025-11-12T09:31:02Z,PRESENT,iNaturalist Australia
1411,ce19e52c-c995-4a22-a3f1-ebf421674cc8,Passiflora foetida,https://id.biodiversity.org.au/name/apni/51741309,-21.146018,149.207048,2025-03-26T06:49:54Z,PRESENT,iNaturalist Australia
1412,ce2a12ce-8f79-4c38-8c8f-ae271729b896,Acraea terpsicore,https://biodiversity.org.au/afd/taxa/ba632bea-a7b4-4b60-bf89-d63128cad841,-19.240336,146.799416,2024-05-24T09:59:00Z,PRESENT,iNaturalist Australia
1413,ce3b03a8-dd6e-4db2-92b9-26181e4f3ed1,Acraea terpsicore,https://biodiversity.org.au/afd/taxa/ba632bea-a7b4-4b60-bf89-d63128cad841,-19.327605,146.751591,2023-02-21T15:19:00Z,PRESENT,iNaturalist Australia
1414,ce5d4b65-dd69-4d4f-88c9-ee5cb21fb0ce,Passiflora foetida,https://id.biodiversity.org.au/taxon/apni/51442118,-14.472692,132.259795,2021-06-10T00:00:00Z,PRESENT,Flora Atlas N.T.
1415,ce75bf8b-f59e-4fe0-aa1a-495de372c0d0,Acraea terpsicore,https://biodiversity.org.au/afd/taxa/ba632bea-a7b4-4b60-bf89-d63128cad841,-27.100348,152.930979,2022-01-04T10:54:00Z,PRESENT,iNaturalist Australia
1416,ce9b1a64-e483-40b4-bec8-5221a42c32bd,Passiflora foetida,https://id.biodiversity.org.au/name/apni/51741309,-16.16798,145.411434,2025-02-06T11:06:00Z,PRESENT,iNaturalist Australia
1417,cefbc6ef-af7d-44ad-bb10-844c674b6680,Passiflora foetida,https://id.biodiversity.org.au/taxon/apni/51442118,-14.470557,132.260955,2021-06-10T00:00:00Z,PRESENT,Flora Atlas N.T.
1418,cf0103d5-7e19-4c53-86bc-ab7152cb3e44,Passiflora foetida,https://id.biodiversity.org.au/taxon/apni/51442118,-14.469797,132.265783,2021-06-10T00:00:00Z,PRESENT,Flora Atlas N.T.
1419,cf0bf82d-572e-47fb-b91d-6d0937597cea,Acraea terpsicore,https://biodiversity.org.au/afd/taxa/ba632bea-a7b4-4b60-bf89-d63128cad841,-17.415091,145.059267,2021-06-06T11:02:00Z,PRESENT,iNaturalist Australia
1420,cf340507-ab0f-4115-b76f-b95b171127cc,Passiflora foetida,https://id.biodiversity.org.au/taxon/apni/51442118,-25.523251,152.670039,2022-02-22T10:11:00Z,PRESENT,iNaturalist Australia
1421,cf4232a8-56d6-47c1-9421-b1ba96c5e716,Passiflora foetida,https://id.biodiversity.org.au/taxon/apni/51442118,-15.43502,131.64072,2022-02-16T00:00:00Z,PRESENT,Flora Atlas N.T.
1422,cf47c9df-a27a-4198-96cf-c213dc387498,Acraea terpsicore,https://biodiversity.org.au/afd/taxa/ba632bea-a7b4-4b60-bf89-d63128cad841,-16.9,145.7,2023-03-27T13:00:00Z,PRESENT,Earth Guardians Weekly Feed
1423,cf537df7-3636-4997-8c36-d85727b434e9,Acraea terpsicore,https://biodiversity.org.au/afd/taxa/ba632bea-a7b4-4b60-bf89-d63128cad841,-12.432945,130.944804,2023-02-11T07:24:00Z,PRESENT,iNaturalist Australia
1424,cfcc1db0-4f04-422d-924f-c34ae8a1a277,Acraea terpsicore,https://biodiversity.org.au/afd/taxa/ba632bea-a7b4-4b60-bf89-d63128cad841,-16.446255,123.027981,2025-02-07T15:54:58Z,PRESENT,iNaturalist Australia
1425,cfd1869d-f451-43db-92d0-c4106cbfeaef,Acraea terpsicore,https://biodiversity.org.au/afd/taxa/ba632bea-a7b4-4b60-bf89-d63128cad841,-14.08263,136.4314,2021-06-17T00:00:00Z,PRESENT,Northern Territory Museum and Art Gallery provider for OZCAM
1426,d0092ee9-2f8c-4985-84e5-4bc413877ae7,Passiflora foetida,https://id.biodiversity.org.au/taxon/apni/51442118,-13.852488,136.417388,2021-09-20T13:29:00Z,PRESENT,iNaturalist Australia
1427,d0519b60-50ed-49ac-9075-bec0aa529b0a,Passiflora foetida,https://id.biodiversity.org.au/taxon/apni/51442118,-24.249426,151.937577,2024-09-06T10:01:00Z,PRESENT,iNaturalist Australia
1428,d07007e4-b59a-4bd4-834c-fda39693db2c,Acraea terpsicore,https://biodiversity.org.au/afd/taxa/ba632bea-a7b4-4b60-bf89-d63128cad841,-20.925833,149.015055,2021-06-21T11:01:00Z,PRESENT,iNaturalist Australia
1429,d0a709e3-b870-4647-9563-e3df6820d43f,Acraea terpsicore,https://biodiversity.org.au/afd/taxa/ba632bea-a7b4-4b60-bf89-d63128cad841,-18.131857,144.426191,2025-05-19T08:58:26Z,PRESENT,iNaturalist Australia
1430,d0bdc270-4088-4041-8a74-b8ec40e1af23,Acraea terpsicore,https://biodiversity.org.au/afd/taxa/ba632bea-a7b4-4b60-bf89-d63128cad841,-19.263338,146.805633,2025-04-11T12:14:31Z,PRESENT,iNaturalist Australia
1431,d0d6ad51-56ad-4958-b1c2-16cd7fe83b6b,Passiflora foetida,https://id.biodiversity.org.au/taxon/apni/51442118,-24.778313,152.425857,2021-01-07T06:27:44Z,PRESENT,iNaturalist Australia
1432,d0e15d0f-dc87-47a1-8ff2-12f1f2998502,Passiflora foetida,https://id.biodiversity.org.au/node/apni/2905971,-29.451326,153.20622,2021-11-16T00:00:00Z,PRESENT,NSW BioNet Atlas
1433,d0fb45e5-2173-4be2-a7f1-27c8e5801f81,Passiflora foetida,https://id.biodiversity.org.au/taxon/apni/51442118,-14.473209,132.262971,2021-06-10T00:00:00Z,PRESENT,Flora Atlas N.T.
1434,d12338b5-f36b-4572-adac-44dcd0ebb2e1,Acraea terpsicore,https://biodiversity.org.au/afd/taxa/ba632bea-a7b4-4b60-bf89-d63128cad841,-19.333853,146.74388,2024-07-25T13:50:07Z,PRESENT,iNaturalist Australia
1435,d12be6d0-1d19-496d-8324-438c4cc785b4,Passiflora foetida,https://id.biodiversity.org.au/taxon/apni/51442118,-14.322432,132.421552,2021-06-11T16:44:00Z,PRESENT,iNaturalist Australia
1436,d155c9dc-98c3-4ec8-8db4-b5bcec491a0e,Passiflora foetida,https://id.biodiversity.org.au/taxon/apni/51442118,-28.643847,153.62378,2024-12-07T10:33:58Z,PRESENT,iNaturalist Australia
1437,d1a784f0-e582-42d2-b8f6-ee1333624ef5,Acraea terpsicore,https://biodiversity.org.au/afd/taxa/ba632bea-a7b4-4b60-bf89-d63128cad841,-19.27602,147.03438,2023-05-08T00:00:00Z,PRESENT,WildNet - Queensland Wildlife Data
1438,d1c7ece5-1826-48dc-8e40-bb022ce08d3f,Acraea terpsicore,https://biodiversity.org.au/afd/taxa/ba632bea-a7b4-4b60-bf89-d63128cad841,-25.403763,152.903694,2024-02-24T08:27:00Z,PRESENT,iNaturalist Australia
1439,d1cd9b76-106e-43b8-b888-f9de510a2477,Passiflora foetida,https://id.biodiversity.org.au/taxon/apni/51442118,-23.13805,150.722369,2023-12-31T17:36:07Z,PRESENT,iNaturalist Australia
1440,d1e5a97e-3dd7-4c08-8edb-edf619b41df7,Acraea terpsicore,https://biodiversity.org.au/afd/taxa/ba632bea-a7b4-4b60-bf89-d63128cad841,-16.658,145.263,2021-04-18T10:15:00Z,PRESENT,Butterflies Australia
1441,d2039865-7cec-4241-b48c-6d0e67f79aef,Passiflora foetida,https://id.biodiversity.org.au/taxon/apni/51442118,-12.449877,130.826116,2021-08-30T08:31:27Z,PRESENT,iNaturalist Australia
1442,d22a4f91-2b6f-4543-9ba7-1af7c9841588,Passiflora foetida,https://id.biodiversity.org.au/taxon/apni/51442118,-21.153317,149.202776,2022-06-11T18:05:00Z,PRESENT,iNaturalist Australia
1443,d264d740-100a-47dc-bf06-d135dd4db6c2,Acraea terpsicore,https://biodiversity.org.au/afd/taxa/ba632bea-a7b4-4b60-bf89-d63128cad841,-19.168645,146.84745,2022-07-11T12:44:00Z,PRESENT,iNaturalist Australia
1444,d2658cae-43c4-4f8f-b56f-91ac291acedc,Acraea terpsicore,https://biodiversity.org.au/afd/taxa/ba632bea-a7b4-4b60-bf89-d63128cad841,-20.638308,147.856047,2025-07-23T11:55:53Z,PRESENT,iNaturalist Australia
1445,d288e4aa-6b1f-4ab8-be92-801a6496f43c,Passiflora foetida,https://id.biodiversity.org.au/taxon/apni/51442118,-27.4266,153.169248,2022-04-02T13:06:00Z,PRESENT,iNaturalist Australia
1446,d28d4a63-1ed8-431a-acca-931cbced9ce6,Passiflora foetida,https://id.biodiversity.org.au/taxon/apni/51442118,-10.688378,142.531797,2022-07-11T13:20:00Z,PRESENT,iNaturalist Australia
1447,d31ab104-93c2-42dc-a56e-6eb6838c2edb,Passiflora foetida,https://id.biodiversity.org.au/taxon/apni/51442118,-27.311408,152.970587,2024-11-02T17:07:08Z,PRESENT,iNaturalist Australia
1448,d34b85ed-cad6-42ed-a559-86b6b9dcab61,Passiflora foetida,https://id.biodiversity.org.au/taxon/apni/51442118,-19.259158,146.804736,2024-03-05T17:48:17Z,PRESENT,iNaturalist Australia
1449,d35af019-3250-45a8-9cbd-114dfb7a2095,Acraea terpsicore,https://biodiversity.org.au/afd/taxa/ba632bea-a7b4-4b60-bf89-d63128cad841,-19.260124,146.809458,2025-06-28T14:21:00Z,PRESENT,iNaturalist Australia
1450,d368e2e6-505d-4664-ba4f-50943e386610,Acraea terpsicore,https://biodiversity.org.au/afd/taxa/ba632bea-a7b4-4b60-bf89-d63128cad841,-19.29395,147.02626,2023-05-08T00:00:00Z,PRESENT,WildNet - Queensland Wildlife Data
1451,d3818959-7c8f-4589-a84c-302329fdefe6,Acraea terpsicore,https://biodiversity.org.au/afd/taxa/ba632bea-a7b4-4b60-bf89-d63128cad841,-13.293694,132.335175,2024-12-24T10:41:00Z,PRESENT,iNaturalist Australia
1452,d38de3d9-dc7d-41f0-9464-3588f147b31f,Passiflora foetida,https://id.biodiversity.org.au/taxon/apni/51442118,-27.623372,152.991174,2025-07-10T10:40:59Z,PRESENT,iNaturalist Australia
1453,d38fd3ab-8878-409e-90af-f78aca932463,Acraea terpsicore,https://biodiversity.org.au/afd/taxa/ba632bea-a7b4-4b60-bf89-d63128cad841,-22.481254,143.172076,2025-09-30T13:56:50Z,PRESENT,iNaturalist Australia
1454,d39df117-5ae0-4ce0-825b-0ae8102b84f1,Acraea terpsicore,https://biodiversity.org.au/afd/taxa/ba632bea-a7b4-4b60-bf89-d63128cad841,-19.203,146.7394,2025-06-06T09:47:00Z,PRESENT,iNaturalist Australia
1455,d3a703b6-be0e-41d1-8a7d-0f8e72470574,Passiflora foetida,https://id.biodiversity.org.au/taxon/apni/51442118,-12.718303,130.350005,2022-05-04T11:44:00Z,PRESENT,iNaturalist Australia
1456,d3cdecab-14c6-47f8-9ce3-25f76f21c72a,Acraea terpsicore,https://biodiversity.org.au/afd/taxa/ba632bea-a7b4-4b60-bf89-d63128cad841,-19.19019,146.773595,2025-04-16T16:32:00Z,PRESENT,iNaturalist Australia
1457,d3e59a2d-11c4-4584-a868-a1d3e630cc5c,Passiflora foetida,https://id.biodiversity.org.au/taxon/apni/51442118,-12.36243,130.866893,2022-05-05T09:20:00Z,PRESENT,iNaturalist Australia
1458,d4168de0-cd78-4299-abaf-5fbbc465c5e6,Acraea terpsicore,https://biodiversity.org.au/afd/taxa/ba632bea-a7b4-4b60-bf89-d63128cad841,-17.44326,140.84228,2023-08-15T17:03:00Z,PRESENT,Butterflies Australia
1459,d4246a2f-ecfa-4bc1-b106-cf04baa82700,Passiflora foetida,https://id.biodiversity.org.au/taxon/apni/51442118,-26.356406,153.051459,2022-03-29T16:50:53Z,PRESENT,iNaturalist Australia
1460,d42687ef-4682-4e70-81b7-710fd6df256a,Acraea terpsicore,https://biodiversity.org.au/afd/taxa/ba632bea-a7b4-4b60-bf89-d63128cad841,-13.822692,131.834423,2023-05-13T10:53:00Z,PRESENT,iNaturalist Australia
1461,d42f0da0-bbef-49d4-9a96-a2b5382908ea,Acraea terpsicore,https://biodiversity.org.au/afd/taxa/ba632bea-a7b4-4b60-bf89-d63128cad841,-18.5943,143.5978,2021-01-14T08:45:00Z,PRESENT,Butterflies Australia
1462,d4313886-c6b5-44b1-a737-f88ad06b79e0,Passiflora foetida,https://id.biodiversity.org.au/taxon/apni/51442118,-26.679586,153.138302,2023-04-10T08:56:00Z,PRESENT,iNaturalist Australia
1463,d448c16f-543c-4db2-ad89-84b1bc1a4d7a,Acraea terpsicore,https://biodiversity.org.au/afd/taxa/ba632bea-a7b4-4b60-bf89-d63128cad841,-17.3721,145.3159,2023-05-01T01:00:00Z,PRESENT,Butterflies Australia
1464,d45377fa-a5e0-4633-b847-fb00a926187f,Acraea terpsicore,https://biodiversity.org.au/afd/taxa/ba632bea-a7b4-4b60-bf89-d63128cad841,-16.841919999999998,145.73999,2022-02-28T02:14:00Z,PRESENT,Butterflies Australia
1465,d45fdcaa-2773-455e-8622-0e68e5b75c51,Passiflora foetida,https://id.biodiversity.org.au/taxon/apni/51442118,-26.919949,152.75675,2025-12-27T18:18:09Z,PRESENT,iNaturalist Australia
1466,d496026e-a46c-496e-84e2-ccfbe75b9502,Passiflora foetida,https://id.biodiversity.org.au/taxon/apni/51442118,-27.428382,153.168168,2021-12-04T09:08:00Z,PRESENT,iNaturalist Australia
1467,d4dd9cb2-ae24-4375-9849-278c870c3a51,Acraea terpsicore,https://biodiversity.org.au/afd/taxa/ba632bea-a7b4-4b60-bf89-d63128cad841,-19.203138,146.739638,2025-05-11T14:22:37Z,PRESENT,iNaturalist Australia
1468,d5916c2c-3f9e-4738-aa2e-c17223e87bf6,Passiflora foetida,https://id.biodiversity.org.au/taxon/apni/51442118,-26.378914,153.117944,2021-02-13T09:21:16Z,PRESENT,iNaturalist Australia
1469,d599166b-8777-4bdb-857f-eb9179c3d00c,Passiflora foetida,https://id.biodiversity.org.au/taxon/apni/51442118,-14.469998,132.261427,2021-06-10T00:00:00Z,PRESENT,Flora Atlas N.T.
1470,d59b99a9-a353-4444-8c3c-2b1ad7c5b1e7,Passiflora foetida,https://id.biodiversity.org.au/taxon/apni/51442118,-25.272095,152.724012,2022-05-10T09:22:00Z,PRESENT,iNaturalist Australia
1471,d59fc54f-592c-474a-9091-bebac419f736,Passiflora foetida,https://id.biodiversity.org.au/taxon/apni/51442118,-27.339441,153.077407,2025-12-05T13:26:24Z,PRESENT,iNaturalist Australia
1472,d5a4d924-33d0-4f2d-b37d-f8b740423fe0,Passiflora foetida,https://id.biodiversity.org.au/taxon/apni/51442118,-23.222149,150.663533,2021-01-20T07:53:00Z,PRESENT,iNaturalist Australia
1473,d5f9c1c1-7aea-4452-8f6a-21300648c5a9,Passiflora foetida,https://id.biodiversity.org.au/taxon/apni/51442118,-25.548032,152.695209,2023-06-24T07:51:52Z,PRESENT,iNaturalist Australia
1474,d6416f0b-dd7c-4216-884a-4e5855a27fe9,Passiflora foetida,https://id.biodiversity.org.au/taxon/apni/51442118,-23.048859,150.648786,2025-11-13T06:50:08Z,PRESENT,iNaturalist Australia
1475,d6543313-b401-47ab-b7ae-50a5eb1c0795,Passiflora foetida,https://id.biodiversity.org.au/taxon/apni/51442118,-19.269327,146.687374,2024-08-14T00:00:00Z,PRESENT,iNaturalist Australia
1476,d666e515-0882-4ecf-9d60-91109e5a0164,Acraea terpsicore,https://biodiversity.org.au/afd/taxa/ba632bea-a7b4-4b60-bf89-d63128cad841,-27.48562,152.95412,2022-01-09T02:07:00Z,PRESENT,Butterflies Australia
1477,d706e7d2-7fee-4926-a749-a59862a65d7a,Acraea terpsicore,https://biodiversity.org.au/afd/taxa/ba632bea-a7b4-4b60-bf89-d63128cad841,-14.5,132.2,2021-02-21T00:43:00Z,PRESENT,Earth Guardians Weekly Feed
1478,d7491feb-92a5-4de1-bcfe-e1ede823d473,Acraea terpsicore,https://biodiversity.org.au/afd/taxa/ba632bea-a7b4-4b60-bf89-d63128cad841,-10.578713,142.226696,2025-04-27T20:43:54Z,PRESENT,iNaturalist Australia
1479,d76f6b60-a2dc-48a7-9d2e-7095a3c718f5,Passiflora foetida,https://id.biodiversity.org.au/name/apni/51741309,-27.318854,153.055125,2025-11-16T07:32:37Z,PRESENT,iNaturalist Australia
1480,d784fc22-c427-43fb-aa12-f12b36fe5b7d,Acraea terpsicore,https://biodiversity.org.au/afd/taxa/ba632bea-a7b4-4b60-bf89-d63128cad841,-17.45122,140.8384,2023-08-14T17:30:00Z,PRESENT,Butterflies Australia
1481,d79acba1-f54b-4b59-a4e4-1964fed4f6f6,Acraea terpsicore,https://biodiversity.org.au/afd/taxa/ba632bea-a7b4-4b60-bf89-d63128cad841,-12.35098,130.904277,2022-07-07T02:59:00Z,PRESENT,Butterflies Australia
1482,d7e25400-5cb5-4d43-a4df-744b36d067d4,Acraea terpsicore,https://biodiversity.org.au/afd/taxa/ba632bea-a7b4-4b60-bf89-d63128cad841,-17.671814,141.072546,2023-06-22T14:14:00Z,PRESENT,iNaturalist Australia
1483,d8007e89-bf64-4054-9721-916437157b90,Acraea terpsicore,https://biodiversity.org.au/afd/taxa/ba632bea-a7b4-4b60-bf89-d63128cad841,-16.8,137,2022-08-15T14:42:00Z,PRESENT,Earth Guardians Weekly Feed
1484,d8273968-b3e1-4cf1-b724-6608a848dee2,Acraea terpsicore,https://biodiversity.org.au/afd/taxa/ba632bea-a7b4-4b60-bf89-d63128cad841,-26.62041,153.065417,2023-04-20T00:30:00Z,PRESENT,Butterflies Australia
1485,d829791a-78df-4970-a337-b6e4f21fc4de,Acraea terpsicore,https://biodiversity.org.au/afd/taxa/ba632bea-a7b4-4b60-bf89-d63128cad841,-12.395397000000001,130.930794,2025-01-08T13:21:00Z,PRESENT,iNaturalist Australia
1486,d83013dc-1a22-4f47-a7eb-9c2027b60e9f,Acraea terpsicore,https://biodiversity.org.au/afd/taxa/ba632bea-a7b4-4b60-bf89-d63128cad841,-17.149917,144.522797,2025-07-12T09:05:40Z,PRESENT,iNaturalist Australia
1487,d854c114-5ded-457a-8390-76631d7a8601,Passiflora foetida,https://id.biodiversity.org.au/taxon/apni/51442118,-19.194567,146.73468,2021-12-12T09:27:31Z,PRESENT,iNaturalist Australia
1488,d885b449-c8ed-4bd4-b04a-9a150cf8e485,Acraea terpsicore,https://biodiversity.org.au/afd/taxa/ba632bea-a7b4-4b60-bf89-d63128cad841,-19.196357,146.768698,2024-04-23T08:47:31Z,PRESENT,iNaturalist Australia
1489,d8e51e77-14ea-4ec7-b80a-a2d1ce7527c9,Passiflora foetida,https://id.biodiversity.org.au/taxon/apni/51442118,-13.861688,136.81173,2022-05-13T11:05:00Z,PRESENT,iNaturalist Australia
1490,d8f3c2b4-854f-4cc2-9a60-a4eb6d407384,Acraea terpsicore,https://biodiversity.org.au/afd/taxa/ba632bea-a7b4-4b60-bf89-d63128cad841,-12.451297,130.825372,2025-04-26T16:15:00Z,PRESENT,iNaturalist Australia
1491,d8f6bfc2-4621-473f-936d-53c5dace79fa,Acraea terpsicore,https://biodiversity.org.au/afd/taxa/ba632bea-a7b4-4b60-bf89-d63128cad841,-21.3,149.1,2023-01-25T10:31:46Z,PRESENT,Earth Guardians Weekly Feed
1492,d93f10a6-ddd4-4594-84d3-91410730a918,Acraea terpsicore,https://biodiversity.org.au/afd/taxa/ba632bea-a7b4-4b60-bf89-d63128cad841,-21.3,149.2,2023-12-14T06:49:00Z,PRESENT,Earth Guardians Weekly Feed
1493,d94ffd8c-a219-486c-a7c6-8cbbf4232b21,Acraea terpsicore,https://biodiversity.org.au/afd/taxa/ba632bea-a7b4-4b60-bf89-d63128cad841,-24.153899,151.88562,2025-08-05T09:15:00Z,PRESENT,iNaturalist Australia
1494,d95c9551-262c-4c9b-8d1a-608480fbf6c1,Acraea terpsicore,https://biodiversity.org.au/afd/taxa/ba632bea-a7b4-4b60-bf89-d63128cad841,-17.975116,122.344946,2025-04-27T13:04:00Z,PRESENT,iNaturalist Australia
1495,d962a0ca-7dfa-4a31-8dd8-1928b2388d41,Passiflora foetida,https://id.biodiversity.org.au/taxon/apni/51442118,-14.428134,132.208367,2021-12-08T00:00:00Z,PRESENT,Flora Atlas N.T.
1496,d9908074-7d15-4372-a124-2635ea205a4d,Acraea terpsicore,https://biodiversity.org.au/afd/taxa/ba632bea-a7b4-4b60-bf89-d63128cad841,-19.259872,146.8078,2022-07-17T11:39:32Z,PRESENT,iNaturalist Australia
1497,d9cfe769-4957-428c-b1e0-5ed60c6ca957,Acraea terpsicore,https://biodiversity.org.au/afd/taxa/ba632bea-a7b4-4b60-bf89-d63128cad841,-14.84944,144.167807,2022-07-08T10:18:00Z,PRESENT,iNaturalist Australia
1498,da0c6620-d8d4-41b5-8886-4845c96d65b3,Acraea terpsicore,https://biodiversity.org.au/afd/taxa/ba632bea-a7b4-4b60-bf89-d63128cad841,-17.050606,145.540475,2021-07-04T12:32:00Z,PRESENT,iNaturalist Australia
1499,da20e09a-ab83-4297-afa7-f38dbfeb8ae7,Acraea terpsicore,https://biodiversity.org.au/afd/taxa/ba632bea-a7b4-4b60-bf89-d63128cad841,-18.183458,142.265047,2022-07-18T12:45:00Z,PRESENT,iNaturalist Australia
1500,da2de76f-8846-4635-adef-d57d1bbe16b4,Passiflora foetida,https://id.biodiversity.org.au/taxon/apni/51442118,-26.790047,153.122056,2024-03-29T06:37:00Z,PRESENT,iNaturalist Australia
1501,da43ff6f-653c-460d-b83e-857a36a4b5bb,Passiflora foetida,https://id.biodiversity.org.au/taxon/apni/51442118,-27.540107,153.048887,2022-08-07T20:16:00Z,PRESENT,iNaturalist Australia
1502,da62d932-f75f-4109-8121-47aae1c1e26a,Passiflora foetida,https://id.biodiversity.org.au/taxon/apni/51442118,-16.776258,145.6694,2023-10-22T14:36:38Z,PRESENT,iNaturalist Australia
1503,da866a47-dff9-499e-85eb-55db2d0621ff,Passiflora foetida,https://id.biodiversity.org.au/taxon/apni/51442118,-26.733461,153.095192,2025-01-30T12:03:03Z,PRESENT,iNaturalist Australia
1504,dab7780a-7fb1-4612-92fe-0acee2cf8e32,Passiflora foetida,https://id.biodiversity.org.au/taxon/apni/51442118,-28.841661,153.289318,2025-05-09T00:00:00Z,PRESENT,iNaturalist Australia
1505,dabc5351-b833-4934-8c52-afcd95374c5a,Acraea terpsicore,https://biodiversity.org.au/afd/taxa/ba632bea-a7b4-4b60-bf89-d63128cad841,-18.14259,144.328905,2025-05-22T12:58:00Z,PRESENT,iNaturalist Australia
1506,db0f6eb2-54af-4afa-9bf9-2b43dcea7daf,Acraea terpsicore,https://biodiversity.org.au/afd/taxa/ba632bea-a7b4-4b60-bf89-d63128cad841,-19.217936,146.755049,2022-01-25T09:01:00Z,PRESENT,iNaturalist Australia
1507,db450931-93e7-48ca-bcba-adde534703fa,Passiflora foetida,https://id.biodiversity.org.au/taxon/apni/51442118,-24.797084,152.440134,2024-01-31T10:12:28Z,PRESENT,iNaturalist Australia
1508,db49dbb7-91da-46e8-8a03-68ba54c2038b,Acraea terpsicore,https://biodiversity.org.au/afd/taxa/ba632bea-a7b4-4b60-bf89-d63128cad841,-19.335125,146.754562,2021-06-20T18:19:00Z,PRESENT,iNaturalist Australia
1509,db89d758-0fd4-4c30-8b93-a5554984787c,Passiflora foetida,https://id.biodiversity.org.au/taxon/apni/51442118,-27.479606,152.96512,2021-12-25T11:33:00Z,PRESENT,iNaturalist Australia
1510,db99a9c9-aa9e-4334-b98e-54a63351f2bd,Acraea terpsicore,https://biodiversity.org.au/afd/taxa/ba632bea-a7b4-4b60-bf89-d63128cad841,-19.210512,146.768448,2025-06-16T10:50:00Z,PRESENT,iNaturalist Australia
1511,dc36dc78-a503-444e-8550-303e7fbc27e9,Passiflora foetida,https://id.biodiversity.org.au/taxon/apni/51442118,-14.47256,132.260337,2021-12-06T00:00:00Z,PRESENT,Flora Atlas N.T.
1512,dc48f054-06c4-4670-ba73-eaf52108b28a,Acraea terpsicore,https://biodiversity.org.au/afd/taxa/ba632bea-a7b4-4b60-bf89-d63128cad841,-23.155325,150.457318,2025-05-22T09:41:14Z,PRESENT,iNaturalist Australia
1513,dc4e5fca-e688-4a06-aeb4-0fe4a8907ff5,Acraea terpsicore,https://biodiversity.org.au/afd/taxa/ba632bea-a7b4-4b60-bf89-d63128cad841,-19.344316,146.598896,2023-05-23T09:23:00Z,PRESENT,iNaturalist Australia
1514,dc561c81-04e6-4030-b02d-70c347fc71eb,Passiflora foetida,https://id.biodiversity.org.au/taxon/apni/51442118,-27.550136,152.50885,2025-04-23T13:41:00Z,PRESENT,iNaturalist Australia
1515,dc5ff46c-c637-4c4e-a83f-e76888c431e6,Acraea terpsicore,https://biodiversity.org.au/afd/taxa/ba632bea-a7b4-4b60-bf89-d63128cad841,-12.367463,130.909894,2021-06-24T09:36:00Z,PRESENT,iNaturalist Australia
1516,dc719b4f-8bf4-43d2-a686-29edeee22e78,Acraea terpsicore,https://biodiversity.org.au/afd/taxa/ba632bea-a7b4-4b60-bf89-d63128cad841,-21.132188,148.525623,2024-10-07T10:49:00Z,PRESENT,iNaturalist Australia
1517,dca93406-913b-4788-a306-ac0976fba743,Acraea terpsicore,https://biodiversity.org.au/afd/taxa/ba632bea-a7b4-4b60-bf89-d63128cad841,-19.23506,146.76599,2023-11-05T07:23:00Z,PRESENT,iNaturalist Australia
1518,dcbf48d7-92e0-4e87-b3ba-523500a49d6a,Passiflora foetida,https://id.biodiversity.org.au/name/apni/51741309,-24.071436,151.299362,2025-04-01T09:25:04Z,PRESENT,iNaturalist Australia
1519,dcd3a85b-1bb5-4a4f-8868-75a37c7ac9fe,Passiflora foetida,https://id.biodiversity.org.au/taxon/apni/51442118,-20.284485,146.24147,2025-10-13T15:23:43Z,PRESENT,iNaturalist Australia
1520,dcf407fc-a9c3-4057-a1b6-79586cc7c5f1,Passiflora foetida,https://id.biodiversity.org.au/taxon/apni/51442118,-26.563586,153.057219,2024-09-17T09:19:14Z,PRESENT,iNaturalist Australia
1521,dd038807-8cfd-4d8b-b005-d82f71925f5e,Acraea terpsicore,https://biodiversity.org.au/afd/taxa/ba632bea-a7b4-4b60-bf89-d63128cad841,-16.80624,145.725301,2021-02-19T11:23:00Z,PRESENT,iNaturalist Australia
1522,dd84c792-beb8-42a8-affc-1daaf33e6fea,Acraea terpsicore,https://biodiversity.org.au/afd/taxa/ba632bea-a7b4-4b60-bf89-d63128cad841,-17.415091,145.059267,2021-06-06T11:10:00Z,PRESENT,iNaturalist Australia
1523,dda23875-22c5-4fbb-9082-044fc429a9a9,Acraea terpsicore,https://biodiversity.org.au/afd/taxa/ba632bea-a7b4-4b60-bf89-d63128cad841,-19.331778,146.759322,2025-05-06T18:01:52Z,PRESENT,iNaturalist Australia
1524,ddbf4905-e0f8-45fe-bcc5-b1cd56629472,Passiflora foetida,https://id.biodiversity.org.au/taxon/apni/51442118,-17.856987,146.116903,2023-09-08T09:59:00Z,PRESENT,iNaturalist Australia
1525,de1b7281-b1d5-49ca-8ece-9f0ddab0a1b0,Acraea terpsicore,https://biodiversity.org.au/afd/taxa/ba632bea-a7b4-4b60-bf89-d63128cad841,-20.768882,148.349065,2024-05-17T12:11:43Z,PRESENT,iNaturalist Australia
1526,de2dbe49-bf4c-41d4-bee3-01f1fedd46bc,Passiflora foetida,https://id.biodiversity.org.au/taxon/apni/51442118,-26.824455,152.94252,2025-02-19T07:26:10Z,PRESENT,iNaturalist Australia
1527,de633b68-fb6f-45fd-a2fd-921fe97580d3,Passiflora foetida,https://id.biodiversity.org.au/taxon/apni/51442118,-16.8,145.6,2023-06-22T16:08:00Z,PRESENT,Earth Guardians Weekly Feed
1528,de9a306e-d313-4fa3-aeb2-42b66f92a3fc,Passiflora foetida,https://id.biodiversity.org.au/name/apni/51741309,-24.804883,152.447037,2024-09-08T10:11:16Z,PRESENT,iNaturalist Australia
1529,df15f620-26f0-42d2-a0f1-82280eb54335,Acraea terpsicore,https://biodiversity.org.au/afd/taxa/ba632bea-a7b4-4b60-bf89-d63128cad841,-18.655476,146.148739,2022-10-03T08:09:00Z,PRESENT,iNaturalist Australia
1530,df19ab1c-8770-4691-b2a1-3b02c18c1c10,Passiflora foetida,https://id.biodiversity.org.au/taxon/apni/51442118,-24.234046,151.937274,2023-06-07T10:23:03Z,PRESENT,iNaturalist Australia
1531,df5e9de2-8c8c-4ab7-9f43-c01aa3be2dcc,Acraea terpsicore,https://biodiversity.org.au/afd/taxa/ba632bea-a7b4-4b60-bf89-d63128cad841,-20.592282,139.544548,2025-07-26T13:01:00Z,PRESENT,iNaturalist Australia
1532,df62831f-c1f5-45d8-a27a-4a4e693c6df9,Passiflora foetida,https://id.biodiversity.org.au/taxon/apni/51442118,-11.66253,133.31732,2021-04-13T00:00:00Z,PRESENT,Northern Territory Herbarium (DNA) AVH data
1533,dfd09a65-f4ff-4fc8-ab16-2b2df8e37c4c,Acraea terpsicore,https://biodiversity.org.au/afd/taxa/ba632bea-a7b4-4b60-bf89-d63128cad841,-30.256864,153.139868,2021-04-27T09:30:00Z,PRESENT,iNaturalist Australia
1534,e02d3c90-79b6-4b18-8636-ca173a410f6a,Acraea terpsicore,https://biodiversity.org.au/afd/taxa/ba632bea-a7b4-4b60-bf89-d63128cad841,-18.182647,142.265142,2025-05-16T11:02:00Z,PRESENT,iNaturalist Australia
1535,e03bc31f-df73-40a4-98ff-343c7dff73f3,Passiflora foetida,https://id.biodiversity.org.au/taxon/apni/51442118,-27.464637,153.137495,2022-05-31T20:03:00Z,PRESENT,iNaturalist Australia
1536,e06a9120-1c5c-473a-bfbe-7e506f5c519f,Passiflora foetida,https://id.biodiversity.org.au/taxon/apni/51442118,-25.282711,152.700572,2025-02-13T11:25:00Z,PRESENT,iNaturalist Australia
1537,e070b71e-1ff8-4b99-a8e9-c1d6cdb14615,Acraea terpsicore,https://biodiversity.org.au/afd/taxa/ba632bea-a7b4-4b60-bf89-d63128cad841,-25.187114,149.971476,2025-04-18T13:05:00Z,PRESENT,iNaturalist Australia
1538,e07bca54-bd8a-4c1c-a8c7-7b5eb8166ee1,Passiflora foetida,https://id.biodiversity.org.au/taxon/apni/51442118,-23.484684,150.34442,2022-06-15T09:16:06Z,PRESENT,iNaturalist Australia
1539,e0cf51c9-0350-4c82-b5f0-c5791a2ccd60,Passiflora foetida,https://id.biodiversity.org.au/name/apni/51741309,-21.404913,148.54544,2023-09-07T08:40:00Z,PRESENT,iNaturalist Australia
1540,e0eeb5c1-63af-4293-9d90-f9565916bb6d,Passiflora foetida,https://id.biodiversity.org.au/taxon/apni/51442118,-14.469789,132.264057,2022-01-27T00:00:00Z,PRESENT,Flora Atlas N.T.
1541,e100a742-ff73-4d4b-b101-128c9ec531dd,Acraea terpsicore,https://biodiversity.org.au/afd/taxa/ba632bea-a7b4-4b60-bf89-d63128cad841,-19.20311,146.748952,2021-05-01T22:40:00Z,PRESENT,NatureMapr
1542,e1275e2f-9196-4c8d-b79f-1e313005f61c,Acraea terpsicore,https://biodiversity.org.au/afd/taxa/ba632bea-a7b4-4b60-bf89-d63128cad841,-29.573857,152.849076,2022-03-02T14:31:00Z,PRESENT,iNaturalist Australia
1543,e136c6bc-d7f3-4c46-98af-b97bf2d62ced,Acraea terpsicore,https://biodiversity.org.au/afd/taxa/ba632bea-a7b4-4b60-bf89-d63128cad841,-26.610082,153.067419,2023-08-15T13:24:00Z,PRESENT,iNaturalist Australia
1544,e14bced2-0bde-4cca-9215-5cf85668ef51,Acraea terpsicore,https://biodiversity.org.au/afd/taxa/ba632bea-a7b4-4b60-bf89-d63128cad841,-15.615394,131.12163,2024-08-29T10:26:00Z,PRESENT,iNaturalist Australia
1545,e163d78d-8926-4c12-8787-d84f2091d00f,Passiflora foetida,https://id.biodiversity.org.au/taxon/apni/51442118,-23.89,151.25,2024-10-23T00:00:00Z,PRESENT,WeedScan
1546,e1726c13-5f63-4064-b5fd-22293d22a04f,Acraea terpsicore,https://biodiversity.org.au/afd/taxa/ba632bea-a7b4-4b60-bf89-d63128cad841,-12.731422,130.361849,2021-04-03T21:28:24Z,PRESENT,iNaturalist Australia
1547,e1836edb-6469-44e2-9633-3c13f7ec4595,Acraea terpsicore,https://biodiversity.org.au/afd/taxa/ba632bea-a7b4-4b60-bf89-d63128cad841,-12.333793,130.893571,2025-04-25T12:01:14Z,PRESENT,iNaturalist Australia
1548,e1b076ad-3d97-4603-8d97-b104f6bec389,Acraea terpsicore,https://biodiversity.org.au/afd/taxa/ba632bea-a7b4-4b60-bf89-d63128cad841,-19.23895,146.805169,2022-10-03T09:44:22Z,PRESENT,iNaturalist Australia
1549,e1d273f1-bc88-4b1f-9ae6-0a9142302f2b,Acraea terpsicore,https://biodiversity.org.au/afd/taxa/ba632bea-a7b4-4b60-bf89-d63128cad841,-20.942483,144.197717,2024-08-21T15:32:00Z,PRESENT,iNaturalist Australia
1550,e1e74b24-f094-467b-b09c-481dfbd07c7a,Passiflora foetida,https://id.biodiversity.org.au/taxon/apni/51442118,-14.468042,132.262836,2021-06-10T00:00:00Z,PRESENT,Flora Atlas N.T.
1551,e24ee915-b91f-4e43-85e1-f4b4eeeca5be,Acraea terpsicore,https://biodiversity.org.au/afd/taxa/ba632bea-a7b4-4b60-bf89-d63128cad841,-19.211034,146.510989,2021-03-28T10:23:30Z,PRESENT,iNaturalist Australia
1552,e2525298-5d6b-42a0-9966-62cb0b5a74ed,Acraea terpsicore,https://biodiversity.org.au/afd/taxa/ba632bea-a7b4-4b60-bf89-d63128cad841,-23.083317,148.012228,2025-06-05T09:42:00Z,PRESENT,iNaturalist Australia
1553,e28088ed-22ca-487b-9bd7-a977f08bdb53,Acraea terpsicore,https://biodiversity.org.au/afd/taxa/ba632bea-a7b4-4b60-bf89-d63128cad841,-20.339078,144.462012,2025-05-19T10:45:00Z,PRESENT,iNaturalist Australia
1554,e3127eac-3f62-4dd9-b27d-3e897d388e59,Acraea terpsicore,https://biodiversity.org.au/afd/taxa/ba632bea-a7b4-4b60-bf89-d63128cad841,-17.454586,138.358619,2023-06-20T10:09:00Z,PRESENT,iNaturalist Australia
1555,e33cc015-d625-43e3-9ec1-3d33d018cfc4,Acraea terpsicore,https://biodiversity.org.au/afd/taxa/ba632bea-a7b4-4b60-bf89-d63128cad841,-12.09638,133.185959,2021-07-27T11:03:25Z,PRESENT,iNaturalist Australia
1556,e33d674d-9e36-4ad8-b430-50c14d18089a,Acraea terpsicore,https://biodiversity.org.au/afd/taxa/ba632bea-a7b4-4b60-bf89-d63128cad841,-14.18174,144.231487,2022-08-06T09:23:00Z,PRESENT,iNaturalist Australia
1557,e35a98de-4603-4a77-9e04-d2b69bcf51b4,Acraea terpsicore,https://biodiversity.org.au/afd/taxa/ba632bea-a7b4-4b60-bf89-d63128cad841,-18.194339,144.606938,2021-07-05T13:50:00Z,PRESENT,iNaturalist Australia
1558,e3847e25-6d8e-41be-8b07-ef82a0f8a767,Passiflora foetida,https://id.biodiversity.org.au/taxon/apni/51442118,-12.535735,131.049158,2021-01-21T00:00:00Z,PRESENT,Flora Atlas N.T.
1559,e39185ac-3e91-4b23-a1c0-91114d551934,Acraea terpsicore,https://biodiversity.org.au/afd/taxa/ba632bea-a7b4-4b60-bf89-d63128cad841,-18.589563,145.805241,2021-06-20T22:38:00Z,PRESENT,iNaturalist Australia
1560,e3b3046d-9907-44a4-a759-29b110409924,Acraea terpsicore,https://biodiversity.org.au/afd/taxa/ba632bea-a7b4-4b60-bf89-d63128cad841,-19.318265,140.52681,2025-07-03T16:37:00Z,PRESENT,iNaturalist Australia
1561,e3b4ebbc-3dc2-43cb-b581-bfe2700ab0e1,Acraea terpsicore,https://biodiversity.org.au/afd/taxa/ba632bea-a7b4-4b60-bf89-d63128cad841,-12.357417,130.88575,2025-05-29T12:42:00Z,PRESENT,iNaturalist Australia
1562,e3b67b08-63ed-4184-8ea6-2a010a186b5a,Acraea terpsicore,https://biodiversity.org.au/afd/taxa/ba632bea-a7b4-4b60-bf89-d63128cad841,-30.35656,153.10465,2023-01-08T00:22:00Z,PRESENT,Butterflies Australia
1563,e3d11415-bead-4cf1-9c48-c355074142a0,Acraea terpsicore,https://biodiversity.org.au/afd/taxa/ba632bea-a7b4-4b60-bf89-d63128cad841,-18.300686,143.352218,2024-07-14T13:11:00Z,PRESENT,iNaturalist Australia
1564,e40c57cf-5ff3-4e99-9019-923bd9f18ce6,Acraea terpsicore,https://biodiversity.org.au/afd/taxa/ba632bea-a7b4-4b60-bf89-d63128cad841,-17.15757,144.52297,2022-08-31T04:41:00Z,PRESENT,Butterflies Australia
1565,e40ec964-1056-4aa7-a3c9-3ed0f0429ac0,Acraea terpsicore,https://biodiversity.org.au/afd/taxa/ba632bea-a7b4-4b60-bf89-d63128cad841,-20.001656,148.241641,2022-09-24T17:30:00Z,PRESENT,Butterflies Australia
1566,e43e3113-7f8d-40ac-91e0-61199064b2c4,Acraea terpsicore,https://biodiversity.org.au/afd/taxa/ba632bea-a7b4-4b60-bf89-d63128cad841,-19.326298,146.754616,2024-04-22T00:00:00Z,PRESENT,iNaturalist Australia
1567,e4a1bbdf-36a4-4b03-89d8-4fa904634fd0,Acraea terpsicore,https://biodiversity.org.au/afd/taxa/ba632bea-a7b4-4b60-bf89-d63128cad841,-12.347399,130.899014,2025-01-25T17:12:29Z,PRESENT,iNaturalist Australia
1568,e4b743a3-3952-46fc-a9bd-9ea806eade15,Acraea terpsicore,https://biodiversity.org.au/afd/taxa/ba632bea-a7b4-4b60-bf89-d63128cad841,-15.9748,144.8289,2022-05-25T01:30:00Z,PRESENT,Butterflies Australia
1569,e4fd24f1-86d0-4c5f-a3a5-54432bd5183f,Acraea terpsicore,https://biodiversity.org.au/afd/taxa/ba632bea-a7b4-4b60-bf89-d63128cad841,-16.271011,128.664625,2022-10-06T09:52:00Z,PRESENT,iNaturalist Australia
1570,e510ae74-338a-4cca-8c92-f0dfc35ca00e,Acraea terpsicore,https://biodiversity.org.au/afd/taxa/ba632bea-a7b4-4b60-bf89-d63128cad841,-15.630572,131.135467,2021-08-24T15:17:00Z,PRESENT,iNaturalist Australia
1571,e5975661-197a-4feb-8a93-f06f706d461a,Passiflora foetida,https://id.biodiversity.org.au/name/apni/51741309,-27.364709,153.101596,2025-05-07T11:16:16Z,PRESENT,iNaturalist Australia
1572,e5e08443-a982-41f6-906a-0e7a2d352aae,Acraea terpsicore,https://biodiversity.org.au/afd/taxa/ba632bea-a7b4-4b60-bf89-d63128cad841,-12.395267,130.932954,2024-12-24T09:55:00Z,PRESENT,iNaturalist Australia
1573,e5fd14ce-0b87-4873-8d34-7217924d482d,Acraea terpsicore,https://biodiversity.org.au/afd/taxa/ba632bea-a7b4-4b60-bf89-d63128cad841,-19.25807,146.802475,2025-04-17T10:16:00Z,PRESENT,iNaturalist Australia
1574,e65e268d-a79a-49e0-8e0f-c59e204a0310,Acraea terpsicore,https://biodiversity.org.au/afd/taxa/ba632bea-a7b4-4b60-bf89-d63128cad841,-20.090541,148.509071,2021-09-29T01:00:00Z,PRESENT,Butterflies Australia
1575,e6d233e6-8318-4e0c-89dc-ba1fd48a8ecf,Acraea terpsicore,https://biodiversity.org.au/afd/taxa/ba632bea-a7b4-4b60-bf89-d63128cad841,-20.071144,148.260142,2022-08-18T14:37:00Z,PRESENT,iNaturalist Australia
1576,e6f7b341-fc7a-4362-9e8e-a8274895f8a8,Passiflora foetida,https://id.biodiversity.org.au/taxon/apni/51442118,-27.48486,152.75299,2021-01-17T00:00:00Z,PRESENT,WildNet - Queensland Wildlife Data
1577,e70105d2-f7d5-4c5e-906c-5ae85f0838a7,Acraea terpsicore,https://biodiversity.org.au/afd/taxa/ba632bea-a7b4-4b60-bf89-d63128cad841,-16.478226,145.011524,2025-06-28T13:54:00Z,PRESENT,iNaturalist Australia
1578,e74ce9ce-bbd0-45e0-b17c-8dcaa81daca4,Passiflora foetida,https://id.biodiversity.org.au/taxon/apni/51442118,-27.543728,153.061931,2023-10-13T12:53:00Z,PRESENT,iNaturalist Australia
1579,e7ac2961-c9a0-4adf-b8b4-5a338392c8ad,Acraea terpsicore,https://biodiversity.org.au/afd/taxa/ba632bea-a7b4-4b60-bf89-d63128cad841,-21.4408,148.5343,2022-10-25T22:15:00Z,PRESENT,Butterflies Australia
1580,e7f7b7c3-76d1-4eb4-a6e4-0e11a1086e1e,Passiflora foetida,https://id.biodiversity.org.au/name/apni/51741309,-23.346769,150.936566,2023-11-26T10:10:25Z,PRESENT,iNaturalist Australia
1581,e80272e6-818e-4f16-8055-f7c883e692b5,Acraea terpsicore,https://biodiversity.org.au/afd/taxa/ba632bea-a7b4-4b60-bf89-d63128cad841,-17.150938,145.179857,2023-08-31T12:13:00Z,PRESENT,iNaturalist Australia
1582,e80a4b38-e215-4d5a-9715-9ac6ff602fc3,Passiflora foetida,https://id.biodiversity.org.au/taxon/apni/51442118,-12.670622,141.88817,2022-01-26T10:52:05Z,PRESENT,iNaturalist Australia
1583,e83544ab-8a72-4518-ac82-f0b0a29a6c8c,Passiflora foetida,https://id.biodiversity.org.au/taxon/apni/51442118,-14.471881,132.260714,2021-11-15T00:00:00Z,PRESENT,Flora Atlas N.T.
1584,e8378362-f784-4a6f-ac61-4a63273d510a,Passiflora foetida,https://id.biodiversity.org.au/taxon/apni/51442118,-12.33088,130.89774,2021-02-23T15:07:00Z,PRESENT,iNaturalist Australia
1585,e841b7d4-07a1-4b15-8108-5811ffbe9550,Passiflora foetida,https://id.biodiversity.org.au/taxon/apni/51442118,-14.469767,132.265676,2022-01-27T00:00:00Z,PRESENT,Flora Atlas N.T.
1586,e84356a0-8b3e-4edc-84f6-1a7f03a56fa6,Acraea terpsicore,https://biodiversity.org.au/afd/taxa/ba632bea-a7b4-4b60-bf89-d63128cad841,-19.163847,146.84708,2021-03-07T14:36:00Z,PRESENT,iNaturalist Australia
1587,e8485f8b-7645-49a8-a46d-59960e44dc9d,Passiflora foetida,https://id.biodiversity.org.au/name/apni/51741309,-27.454688,152.92585,2024-11-05T07:02:00Z,PRESENT,iNaturalist Australia
1588,e860f7c9-d360-4f92-86e5-bfb8c37b8196,Acraea terpsicore,https://biodiversity.org.au/afd/taxa/ba632bea-a7b4-4b60-bf89-d63128cad841,-27.384271,152.914538,2022-02-08T15:28:00Z,PRESENT,iNaturalist Australia
1589,e864cabc-384b-4729-b091-c4224bb1d297,Acraea terpsicore,https://biodiversity.org.au/afd/taxa/ba632bea-a7b4-4b60-bf89-d63128cad841,-23.078948,148.026937,2025-08-04T11:36:03Z,PRESENT,iNaturalist Australia
1590,e86917b2-92b4-4368-af2b-50f195741100,Acraea terpsicore,https://biodiversity.org.au/afd/taxa/ba632bea-a7b4-4b60-bf89-d63128cad841,-10.5784,142.2267,2021-03-17T11:00:00Z,PRESENT,Butterflies Australia
1591,e86ccb2e-22a9-4ca7-b19a-07b45540fded,Acraea terpsicore,https://biodiversity.org.au/afd/taxa/ba632bea-a7b4-4b60-bf89-d63128cad841,-20.1,146.2,2021-02-05T11:44:00Z,PRESENT,Earth Guardians Weekly Feed
1592,e88c16f1-4013-460b-8511-ea5fde9d05fc,Acraea terpsicore,https://biodiversity.org.au/afd/taxa/ba632bea-a7b4-4b60-bf89-d63128cad841,-18.09,144.4322,2021-03-23T03:00:00Z,PRESENT,Butterflies Australia
1593,e896586b-82da-48c3-a5ee-0f1912e81da1,Passiflora foetida,https://id.biodiversity.org.au/name/apni/51741309,-21.967469,149.6577,2024-12-07T05:15:00Z,PRESENT,iNaturalist Australia
1594,e898d274-439b-4617-a817-1827d34d4144,Acraea terpsicore,https://biodiversity.org.au/afd/taxa/ba632bea-a7b4-4b60-bf89-d63128cad841,-26.66613,153.139686,2024-02-21T13:13:48Z,PRESENT,iNaturalist Australia
1595,e8c301b1-cd72-4f86-b57e-8f6658925471,Acraea terpsicore,https://biodiversity.org.au/afd/taxa/ba632bea-a7b4-4b60-bf89-d63128cad841,-16.4986,145.0022,2021-03-31T02:00:00Z,PRESENT,Butterflies Australia
1596,e8ebe4ea-f590-4bfc-9083-f40101cd704c,Passiflora foetida,https://id.biodiversity.org.au/taxon/apni/51442118,-20.29362,146.26660999999999,2025-10-13T15:24:02Z,PRESENT,iNaturalist Australia
1597,e8fe948a-65d1-4e93-9549-dffafdafb418,Passiflora foetida,https://id.biodiversity.org.au/taxon/apni/51442118,-27.550881,152.511903,2025-06-08T11:30:00Z,PRESENT,iNaturalist Australia
1598,e8ffd0bf-705f-4633-bb29-f9157d5c75bb,Acraea terpsicore,https://biodiversity.org.au/afd/taxa/ba632bea-a7b4-4b60-bf89-d63128cad841,-17.38,144.954167,2021-06-04T13:31:00Z,PRESENT,iNaturalist Australia
1599,e9140586-084d-4edd-a04b-13bef07c934c,Acraea terpsicore,https://biodiversity.org.au/afd/taxa/ba632bea-a7b4-4b60-bf89-d63128cad841,-16.6544,145.5671,2022-05-05T01:15:00Z,PRESENT,Butterflies Australia
1600,e92dd62b-841f-40e6-9abb-c6d1aca316b1,Acraea terpsicore,https://biodiversity.org.au/afd/taxa/ba632bea-a7b4-4b60-bf89-d63128cad841,-12.428442,132.965317,2025-06-03T11:59:00Z,PRESENT,iNaturalist Australia
1601,e96564e3-482e-4ad8-9f06-b046b54bc578,Passiflora foetida,https://id.biodiversity.org.au/taxon/apni/51442118,-27.145853,152.925491,2021-05-13T10:25:24Z,PRESENT,iNaturalist Australia
1602,e988ce3a-d29b-4f86-a0d0-c19704c91c9b,Acraea terpsicore,https://biodiversity.org.au/afd/taxa/ba632bea-a7b4-4b60-bf89-d63128cad841,-17.975116,122.344946,2023-04-23T11:38:00Z,PRESENT,iNaturalist Australia
1603,e9d05600-4d33-4bc5-90a1-40641d9f127c,Acraea terpsicore,https://biodiversity.org.au/afd/taxa/ba632bea-a7b4-4b60-bf89-d63128cad841,-17.338003,144.679753,2025-09-15T13:27:00Z,PRESENT,iNaturalist Australia
1604,e9d3e7a4-6b85-4c48-86c6-c11f778eed6d,Acraea terpsicore,https://biodiversity.org.au/afd/taxa/ba632bea-a7b4-4b60-bf89-d63128cad841,-16.816345,145.370312,2022-03-06T11:57:00Z,PRESENT,iNaturalist Australia
1605,e9ed9fc0-d008-461d-a205-7e158c0f87b1,Acraea terpsicore,https://biodiversity.org.au/afd/taxa/ba632bea-a7b4-4b60-bf89-d63128cad841,-23.164882,150.77555,2025-12-31T11:39:00Z,PRESENT,iNaturalist Australia
1606,ea084246-54f0-4f42-a0b2-3307b7a2c3cb,Acraea terpsicore,https://biodiversity.org.au/afd/taxa/ba632bea-a7b4-4b60-bf89-d63128cad841,-23.644664,149.331094,2025-04-30T13:43:20Z,PRESENT,iNaturalist Australia
1607,ea209cf7-d40b-4154-859b-b85e9d9209ea,Passiflora foetida,https://id.biodiversity.org.au/taxon/apni/51442118,-27.54,152.99,2024-04-01T00:00:00Z,PRESENT,WeedScan
1608,ea29746d-30e2-49c4-8d0a-b96a7aa941a5,Acraea terpsicore,https://biodiversity.org.au/afd/taxa/ba632bea-a7b4-4b60-bf89-d63128cad841,-19.24039,146.782572,2023-05-10T08:22:00Z,PRESENT,iNaturalist Australia
1609,ea321b04-d4b7-414b-a0df-9e62ffbdefc8,Passiflora foetida,https://id.biodiversity.org.au/name/apni/51741309,-21.174464,149.194205,2023-06-05T21:36:00Z,PRESENT,iNaturalist Australia
1610,ea3a75ff-59b1-438d-a377-dc00ec13ccaa,Acraea terpsicore,https://biodiversity.org.au/afd/taxa/ba632bea-a7b4-4b60-bf89-d63128cad841,-17.3585,145.3281,2021-03-06T08:45:00Z,PRESENT,Butterflies Australia
1611,ea3bc106-a757-45b0-912d-95ae04674104,Passiflora foetida,https://id.biodiversity.org.au/name/apni/51741309,-27.549662,152.508732,2025-01-18T14:50:00Z,PRESENT,iNaturalist Australia
1612,ea7e5b14-1e72-4f68-93b2-54d90b445d27,Acraea terpsicore,https://biodiversity.org.au/afd/taxa/ba632bea-a7b4-4b60-bf89-d63128cad841,-12.429047,130.747965,2021-05-26T13:30:00Z,PRESENT,iNaturalist Australia
1613,ea85beea-a845-4e7e-b929-3a058a8e3ad6,Acraea terpsicore,https://biodiversity.org.au/afd/taxa/ba632bea-a7b4-4b60-bf89-d63128cad841,-10.576429,142.231033,2025-08-26T02:59:30Z,PRESENT,iNaturalist Australia
1614,ea86f56f-905d-4de9-b50f-5234fe21c8d9,Acraea terpsicore,https://biodiversity.org.au/afd/taxa/ba632bea-a7b4-4b60-bf89-d63128cad841,-17.706253,133.638319,2025-06-30T14:28:00Z,PRESENT,iNaturalist Australia
1615,eaacb986-b1f3-48cf-bc1a-8548427864d2,Passiflora foetida,https://id.biodiversity.org.au/name/apni/51741309,-27.549539,152.50916900000001,2025-12-26T08:49:00Z,PRESENT,iNaturalist Australia
1616,eab58b45-2e2f-41c5-ae70-0decdc5bc73f,Acraea terpsicore,https://biodiversity.org.au/afd/taxa/ba632bea-a7b4-4b60-bf89-d63128cad841,-19.406396,146.732254,2022-10-15T08:40:35Z,PRESENT,iNaturalist Australia
1617,eabe6d37-c3f7-42a8-b187-2e97b80e5214,Acraea terpsicore,https://biodiversity.org.au/afd/taxa/ba632bea-a7b4-4b60-bf89-d63128cad841,-19.017354,146.108929,2025-05-27T15:41:57Z,PRESENT,iNaturalist Australia
1618,ead734b3-562a-4b23-b146-b53e486e6138,Acraea terpsicore,https://biodiversity.org.au/afd/taxa/ba632bea-a7b4-4b60-bf89-d63128cad841,-19.034724,146.421737,2024-07-26T16:11:00Z,PRESENT,iNaturalist Australia
1619,eb15b62c-8f09-407b-99c1-cf47d2ffa6a9,Passiflora foetida,https://id.biodiversity.org.au/taxon/apni/51442118,-18.96721,146.29529,2022-05-03T00:00:00Z,PRESENT,WildNet - Queensland Wildlife Data
1620,eb19648b-4d2a-4ac6-8e4c-5398bb5e7f0e,Acraea terpsicore,https://biodiversity.org.au/afd/taxa/ba632bea-a7b4-4b60-bf89-d63128cad841,-12.39096,130.845915,2021-10-09T14:57:00Z,PRESENT,iNaturalist Australia
1621,eb3a1de7-2e8e-49b6-8b32-88d921b6ed2f,Passiflora foetida,https://id.biodiversity.org.au/taxon/apni/51442118,-12.565902,131.312265,2021-06-22T12:26:00Z,PRESENT,iNaturalist Australia
1622,eb40dfee-bbe4-40d8-a648-5b8da3190f2f,Acraea terpsicore,https://biodiversity.org.au/afd/taxa/ba632bea-a7b4-4b60-bf89-d63128cad841,-13.345287,131.132981,2024-05-14T13:46:00Z,PRESENT,iNaturalist Australia
1623,eb6df2c4-9408-4aa8-98cf-5f23879d0ea8,Acraea terpsicore,https://biodiversity.org.au/afd/taxa/ba632bea-a7b4-4b60-bf89-d63128cad841,-12.660516,131.77279,2022-05-01T16:24:00Z,PRESENT,iNaturalist Australia
1624,eb8d216c-ac1e-40db-a9e3-7f49a925ca23,Acraea terpsicore,https://biodiversity.org.au/afd/taxa/ba632bea-a7b4-4b60-bf89-d63128cad841,-12.650938,132.573927,2023-05-06T14:18:00Z,PRESENT,iNaturalist Australia
1625,eb91b55e-b0c1-4c6e-8dcd-029683fdd412,Acraea terpsicore,https://biodiversity.org.au/afd/taxa/ba632bea-a7b4-4b60-bf89-d63128cad841,-14.3,132.4,2021-01-24T10:49:00Z,PRESENT,Earth Guardians Weekly Feed
1626,ebc4da0e-90f8-4e44-9f7a-f700fc8ac47f,Acraea terpsicore,https://biodiversity.org.au/afd/taxa/ba632bea-a7b4-4b60-bf89-d63128cad841,-27.485728,152.951375,2022-01-02T10:59:00Z,PRESENT,iNaturalist Australia
1627,ebf0f06f-4c5f-47eb-baa6-7e4762097814,Acraea terpsicore,https://biodiversity.org.au/afd/taxa/ba632bea-a7b4-4b60-bf89-d63128cad841,-20.272255,148.714606,2023-07-10T09:36:00Z,PRESENT,iNaturalist Australia
1628,ec407008-32ea-4e69-bd69-b34169e02184,Passiflora foetida,https://id.biodiversity.org.au/taxon/apni/51442118,-12.572421,131.306343,2025-08-31T08:27:04Z,PRESENT,iNaturalist Australia
1629,ec52e41d-2081-4c4c-82b0-d775ec3ce8c6,Passiflora foetida,https://id.biodiversity.org.au/taxon/apni/51442118,-12.359337,130.87746,2022-05-05T12:13:00Z,PRESENT,iNaturalist Australia
1630,ec95d43b-a30d-4789-b9a5-c0d0817f007d,Passiflora foetida,https://id.biodiversity.org.au/taxon/apni/51442118,-12.408291,132.956542,2025-07-08T04:47:19Z,PRESENT,NatureMapr
1631,ecda7752-df3b-4284-9dc3-0b2ed8ee7546,Acraea terpsicore,https://biodiversity.org.au/afd/taxa/ba632bea-a7b4-4b60-bf89-d63128cad841,-19.239053,146.804688,2024-05-20T17:04:42Z,PRESENT,iNaturalist Australia
1632,ece4dada-d825-4db7-8829-60ff5bc9b4d0,Acraea terpsicore,https://biodiversity.org.au/afd/taxa/ba632bea-a7b4-4b60-bf89-d63128cad841,-18.22308,144.665875,2024-05-03T13:37:20Z,PRESENT,iNaturalist Australia
1633,ed1ad574-5808-4317-b139-04d859aa7e0d,Acraea terpsicore,https://biodiversity.org.au/afd/taxa/ba632bea-a7b4-4b60-bf89-d63128cad841,-12.554173,130.869717,2025-01-04T12:21:34Z,PRESENT,iNaturalist Australia
1634,ed4edf16-d5ac-46c4-bac4-4e171b48afd3,Passiflora foetida,https://id.biodiversity.org.au/taxon/apni/51442118,-14.312838,132.422897,2023-10-02T06:48:49Z,PRESENT,iNaturalist Australia
1635,ed659977-e701-4c77-908a-9c5545de0366,Acraea terpsicore,https://biodiversity.org.au/afd/taxa/ba632bea-a7b4-4b60-bf89-d63128cad841,-19.0274,146.4183,2022-12-21T00:00:00Z,PRESENT,Butterflies Australia
1636,ed6c9c5a-282b-4d43-803e-f9281b6d327d,Acraea terpsicore,https://biodiversity.org.au/afd/taxa/ba632bea-a7b4-4b60-bf89-d63128cad841,-18.204128,144.563907,2025-05-05T12:13:45Z,PRESENT,iNaturalist Australia
1637,ed765d70-b1f1-46b5-b9ba-88f1d917a302,Acraea terpsicore,https://biodiversity.org.au/afd/taxa/ba632bea-a7b4-4b60-bf89-d63128cad841,-18.2793,143.547855,2022-04-09T17:46:22Z,PRESENT,iNaturalist Australia
1638,edd6f51c-f112-44d9-98e9-d568ea621fa6,Passiflora foetida,https://id.biodiversity.org.au/taxon/apni/51442118,-14.467871,132.263604,2021-12-06T00:00:00Z,PRESENT,Flora Atlas N.T.
1639,edf10c30-b310-45d3-ac01-92f815d5fff2,Passiflora foetida,https://id.biodiversity.org.au/taxon/apni/51442118,-12.352419,130.872171,2023-01-15T07:50:06Z,PRESENT,iNaturalist Australia
1640,edf5453c-f515-4b3c-893c-a0f140f7fc99,Passiflora foetida,https://id.biodiversity.org.au/taxon/apni/51442118,-14.469248,132.261929,2021-06-10T00:00:00Z,PRESENT,Flora Atlas N.T.
1641,ee04b1bc-8c5c-4355-8c27-341ed26128e0,Passiflora foetida,https://id.biodiversity.org.au/taxon/apni/51442118,-14.470066,132.26479,2021-11-14T00:00:00Z,PRESENT,Flora Atlas N.T.
1642,ee481cb6-a50f-49e1-b814-47b3dd9a5769,Acraea terpsicore,https://biodiversity.org.au/afd/taxa/ba632bea-a7b4-4b60-bf89-d63128cad841,-10.581494,142.211231,2021-06-11T14:51:00Z,PRESENT,iNaturalist Australia
1643,ee4cfcd8-d91d-4152-b983-689c863e5260,Acraea terpsicore,https://biodiversity.org.au/afd/taxa/ba632bea-a7b4-4b60-bf89-d63128cad841,-18.0067,139.04892,2023-09-11T00:03:00Z,PRESENT,Butterflies Australia
1644,ee51dc08-40ed-4d39-8e42-38e147370f8d,Acraea terpsicore,https://biodiversity.org.au/afd/taxa/ba632bea-a7b4-4b60-bf89-d63128cad841,-11.522892,130.739028,2025-04-12T10:39:24Z,PRESENT,iNaturalist Australia
1645,ee5b2488-f5ac-4046-b71d-ff521595f6ae,Passiflora foetida,https://id.biodiversity.org.au/taxon/apni/51442118,-27.834527,153.300903,2024-11-10T16:44:16Z,PRESENT,iNaturalist Australia
1646,ee66754d-a668-4223-b2f4-9f9d8ed43d17,Acraea terpsicore,https://biodiversity.org.au/afd/taxa/ba632bea-a7b4-4b60-bf89-d63128cad841,-20.441535,145.532879,2022-09-24T11:53:00Z,PRESENT,iNaturalist Australia
1647,ee95f002-3726-4696-a986-8f8847880d8a,Passiflora foetida,https://id.biodiversity.org.au/taxon/apni/51442118,-25.705495,152.821145,2025-02-14T14:26:00Z,PRESENT,iNaturalist Australia
1648,eeda7c17-2fa1-4785-8232-f50aae17968a,Acraea terpsicore,https://biodiversity.org.au/afd/taxa/ba632bea-a7b4-4b60-bf89-d63128cad841,-19.15717,146.854684,2025-06-05T00:00:00Z,PRESENT,iNaturalist Australia
1649,eee23985-5eb5-4a5d-9bae-ddabcf88b2f7,Acraea terpsicore,https://biodiversity.org.au/afd/taxa/ba632bea-a7b4-4b60-bf89-d63128cad841,-18.380835,122.028988,2023-05-15T10:20:00Z,PRESENT,iNaturalist Australia
1650,eef69de6-ef98-4455-a0be-d3054145dc19,Passiflora foetida,https://id.biodiversity.org.au/taxon/apni/51442118,-27.583892,153.163392,2025-10-20T11:14:05Z,PRESENT,iNaturalist Australia
1651,ef084a68-2782-4684-b99c-c0b3377145e5,Acraea terpsicore,https://biodiversity.org.au/afd/taxa/ba632bea-a7b4-4b60-bf89-d63128cad841,-17.374467,145.315581,2022-03-01T23:00:00Z,PRESENT,Butterflies Australia
1652,ef09bd5a-ab31-461d-b373-f8229d0a5e3d,Acraea terpsicore,https://biodiversity.org.au/afd/taxa/ba632bea-a7b4-4b60-bf89-d63128cad841,-25.773507,152.959608,2022-02-21T08:30:00Z,PRESENT,iNaturalist Australia
1653,ef169118-bee1-4157-b1db-bda36c9e2329,Passiflora foetida,https://id.biodiversity.org.au/taxon/apni/51442118,-19.227722,146.775592,2022-05-14T06:50:14Z,PRESENT,iNaturalist Australia
1654,ef1b9193-8d48-4155-9972-22d98fcc7c16,Acraea terpsicore,https://biodiversity.org.au/afd/taxa/ba632bea-a7b4-4b60-bf89-d63128cad841,-17.360614,145.327192,2021-03-06T12:06:00Z,PRESENT,iNaturalist Australia
1655,ef779663-34e6-46c8-acfb-0d34da459064,Acraea terpsicore,https://biodiversity.org.au/afd/taxa/ba632bea-a7b4-4b60-bf89-d63128cad841,-27.496647,152.959618,2022-03-06T10:58:00Z,PRESENT,iNaturalist Australia
1656,ef97575b-582c-47ff-b202-019594ab95b8,Passiflora foetida,https://id.biodiversity.org.au/name/apni/51741309,-24.887153,152.471543,2024-03-01T07:22:53Z,PRESENT,iNaturalist Australia
1657,efbf7f4e-dc3a-4577-8a38-0db794629595,Acraea terpsicore,https://biodiversity.org.au/afd/taxa/ba632bea-a7b4-4b60-bf89-d63128cad841,-16.567777,145.183056,2023-01-28T12:59:00Z,PRESENT,iNaturalist Australia
1658,efe58568-19c9-46c2-8285-337452e00375,Passiflora foetida,https://id.biodiversity.org.au/name/apni/51741309,-27.567678,152.794555,2026-01-19T08:59:53Z,PRESENT,iNaturalist Australia
1659,f027d76a-95cb-4a44-91b7-ac22c0328bd7,Acraea terpsicore,https://biodiversity.org.au/afd/taxa/ba632bea-a7b4-4b60-bf89-d63128cad841,-19.60983,146.828903,2024-04-25T10:34:44Z,PRESENT,iNaturalist Australia
1660,f0303283-312b-4a93-9bd8-95c5b46c7ce0,Acraea terpsicore,https://biodiversity.org.au/afd/taxa/ba632bea-a7b4-4b60-bf89-d63128cad841,-20.343213,144.460662,2024-05-10T14:01:24Z,PRESENT,iNaturalist Australia
1661,f03713a7-0a91-4b15-af3d-c0df046fbe49,Passiflora foetida,https://id.biodiversity.org.au/taxon/apni/51442118,-27.537462,152.990517,2024-04-25T10:06:48Z,PRESENT,iNaturalist Australia
1662,f05387e0-3bdb-4d41-813c-a597321f15c9,Passiflora foetida,https://id.biodiversity.org.au/taxon/apni/51442118,-27.092048,153.445022,2022-11-29T16:17:00Z,PRESENT,iNaturalist Australia
1663,f0624aa5-28e5-4702-8358-fc946e90b4dc,Acraea terpsicore,https://biodiversity.org.au/afd/taxa/ba632bea-a7b4-4b60-bf89-d63128cad841,-18.728389,144.311995,2025-08-04T12:42:00Z,PRESENT,iNaturalist Australia
1664,f079d11e-c4db-431a-825f-c98ee0597d7a,Passiflora foetida,https://id.biodiversity.org.au/taxon/apni/51442118,-20.703422,118.295247,2024-08-24T17:23:00Z,PRESENT,iNaturalist Australia
1665,f089a68c-37a0-4b94-82b4-bac59ac78354,Passiflora foetida,https://id.biodiversity.org.au/taxon/apni/51442118,-25.071011,148.271057,2022-01-01T18:13:36Z,PRESENT,iNaturalist Australia
1666,f093cc1d-9d2f-410e-9013-c76647c63b52,Acraea terpsicore,https://biodiversity.org.au/afd/taxa/ba632bea-a7b4-4b60-bf89-d63128cad841,-19.207633,146.741807,2021-05-16T14:58:00Z,PRESENT,iNaturalist Australia
1667,f0ea2468-a7a2-41e8-9e62-0d42f4b34f0b,Acraea terpsicore,https://biodiversity.org.au/afd/taxa/ba632bea-a7b4-4b60-bf89-d63128cad841,-23.65659,148.078599,2023-06-11T11:03:50Z,PRESENT,iNaturalist Australia
1668,f0f6f5da-782b-4460-a3e3-b0a3628b4f5c,Passiflora foetida,https://id.biodiversity.org.au/taxon/apni/51442118,-22.345249,149.518728,2022-10-14T00:00:00Z,PRESENT,BRI AVH Data and Images
1669,f15e6f91-b9ad-48a5-8bb3-6d6ff6d65403,Passiflora foetida,https://id.biodiversity.org.au/taxon/apni/51442118,-21.134625,148.52875,2023-09-26T08:33:00Z,PRESENT,iNaturalist Australia
1670,f1731c8f-cf15-4225-a6fd-2c4c453aeefb,Passiflora foetida,https://id.biodiversity.org.au/taxon/apni/51442118,-24.880831,152.334818,2021-06-27T20:33:47Z,PRESENT,iNaturalist Australia
1671,f1afdb28-3809-43e7-8b77-c6e55f965d41,Acraea terpsicore,https://biodiversity.org.au/afd/taxa/ba632bea-a7b4-4b60-bf89-d63128cad841,-27.483221,152.955591,2022-01-11T11:07:00Z,PRESENT,iNaturalist Australia
1672,f1c6a866-6352-42ef-ae27-4c17eafa0c20,Passiflora foetida,https://id.biodiversity.org.au/taxon/apni/51442118,-19.305069,146.640272,2022-11-03T14:55:00Z,PRESENT,iNaturalist Australia
1673,f21a7568-2239-4481-965f-a673f112a2bc,Passiflora foetida,https://id.biodiversity.org.au/taxon/apni/51442118,-27.325103,153.049523,2022-12-12T15:45:00Z,PRESENT,iNaturalist Australia
1674,f22efa28-3636-4366-829d-8a89207f1fea,Passiflora foetida,https://id.biodiversity.org.au/taxon/apni/51442118,-25.02383,152.372038,2022-11-23T06:30:15Z,PRESENT,iNaturalist Australia
1675,f250429e-c29a-4cce-9749-d81ca84b7165,Passiflora foetida,https://id.biodiversity.org.au/name/apni/51741309,-27.549496,152.509704,2026-01-03T15:36:00Z,PRESENT,iNaturalist Australia
1676,f25f5ba1-fdf0-42da-841e-6627ded38cf6,Acraea terpsicore,https://biodiversity.org.au/afd/taxa/ba632bea-a7b4-4b60-bf89-d63128cad841,-18.421208,122.112633,2021-07-19T15:38:05Z,PRESENT,iNaturalist Australia
1677,f28e99c9-e6ae-4c6d-8058-1b930bab0daf,Passiflora foetida,https://id.biodiversity.org.au/taxon/apni/51442118,-19.190192,146.774262,2021-10-02T10:19:40Z,PRESENT,iNaturalist Australia
1678,f2bb06d1-cba0-4f95-bd0f-f0c08127256b,Passiflora foetida,https://id.biodiversity.org.au/taxon/apni/51442118,-14.468989,132.265366,2022-01-27T00:00:00Z,PRESENT,Flora Atlas N.T.
1679,f2f63bcb-f7b8-4cc7-bef3-7a1eae655b1c,Passiflora foetida,https://id.biodiversity.org.au/taxon/apni/51442118,-24.322312,151.956046,2021-10-20T12:17:18Z,PRESENT,iNaturalist Australia
1680,f33872dd-b8fc-4f43-a01d-dd36a3401219,Acraea terpsicore,https://biodiversity.org.au/afd/taxa/ba632bea-a7b4-4b60-bf89-d63128cad841,-27.580751,152.660144,2022-04-03T12:01:00Z,PRESENT,iNaturalist Australia
1681,f33911ea-bd95-4f2d-8e66-e1bf5a8625a5,Acraea terpsicore,https://biodiversity.org.au/afd/taxa/ba632bea-a7b4-4b60-bf89-d63128cad841,-27.380712,152.908785,2022-02-08T11:25:00Z,PRESENT,iNaturalist Australia
1682,f35e14c4-f66f-485b-8074-44ca2d7899cf,Passiflora foetida,https://id.biodiversity.org.au/taxon/apni/51442118,-24.854703,152.333022,2022-03-02T10:18:24Z,PRESENT,iNaturalist Australia
1683,f37b56f9-a9ae-42d0-ab30-bff4ad7c5a38,Acraea terpsicore,https://biodiversity.org.au/afd/taxa/ba632bea-a7b4-4b60-bf89-d63128cad841,-19.202405,146.749726,2022-05-02T08:14:30Z,PRESENT,iNaturalist Australia
1684,f382b451-f3ee-49de-baff-a45bd903344b,Acraea terpsicore,https://biodiversity.org.au/afd/taxa/ba632bea-a7b4-4b60-bf89-d63128cad841,-19.230497,146.770381,2025-07-06T09:49:00Z,PRESENT,iNaturalist Australia
1685,f39ec1aa-85ba-4729-8722-debea9d49ef3,Passiflora foetida,https://id.biodiversity.org.au/taxon/apni/51442118,-14.480765,132.393067,2021-10-27T00:00:00Z,PRESENT,Flora Atlas N.T.
1686,f3ccd0fa-ae36-455f-babc-7bdc6d30dd94,Acraea terpsicore,https://biodiversity.org.au/afd/taxa/ba632bea-a7b4-4b60-bf89-d63128cad841,-19.258553,146.802537,2022-10-28T11:54:23Z,PRESENT,iNaturalist Australia
1687,f3f97fa8-a404-4a1c-a133-b03beb6e3149,Passiflora foetida,https://id.biodiversity.org.au/taxon/apni/51442118,-27.984447,153.329972,2023-06-12T15:50:10Z,PRESENT,iNaturalist Australia
1688,f4042a8a-e5fd-4bc8-b867-4386d497a7fa,Acraea terpsicore,https://biodiversity.org.au/afd/taxa/ba632bea-a7b4-4b60-bf89-d63128cad841,-19.9818,148.260105,2022-12-20T10:51:00Z,PRESENT,iNaturalist Australia
1689,f41d15cc-54d4-4625-9083-345eac725d2e,Passiflora foetida,https://id.biodiversity.org.au/taxon/apni/51442118,-23.91423,151.259222,2025-04-27T07:26:39Z,PRESENT,iNaturalist Australia
1690,f4310871-871c-497e-98d6-ba166f99ce24,Acraea terpsicore,https://biodiversity.org.au/afd/taxa/ba632bea-a7b4-4b60-bf89-d63128cad841,-28.50604,153.544007,2022-03-12T11:21:32Z,PRESENT,iNaturalist Australia
1691,f44491d0-256c-47cd-890b-12594851927d,Acraea terpsicore,https://biodiversity.org.au/afd/taxa/ba632bea-a7b4-4b60-bf89-d63128cad841,-21.988877,146.333354,2025-08-24T19:52:36Z,PRESENT,iNaturalist Australia
1692,f44f907c-fc34-45d3-bbd9-3231b867c9c4,Passiflora foetida,https://id.biodiversity.org.au/taxon/apni/51442118,-27.611344,152.859268,2023-01-09T08:30:33Z,PRESENT,iNaturalist Australia
1693,f47313b5-f51f-4a8d-bade-8463798cc19e,Passiflora foetida,https://id.biodiversity.org.au/taxon/apni/51442118,-14.470808,132.259836,2021-06-10T00:00:00Z,PRESENT,Flora Atlas N.T.
1694,f4b09e14-f744-48b9-a163-fbcee37b0d2d,Acraea terpsicore,https://biodiversity.org.au/afd/taxa/ba632bea-a7b4-4b60-bf89-d63128cad841,-15.5032,145.2798,2022-05-29T02:30:00Z,PRESENT,Butterflies Australia
1695,f4d2d495-645c-4eaa-97eb-ba2d67be5576,Acraea terpsicore,https://biodiversity.org.au/afd/taxa/ba632bea-a7b4-4b60-bf89-d63128cad841,-16.529578,145.136494,2025-06-11T13:46:00Z,PRESENT,iNaturalist Australia
1696,f4d98525-e7de-4bd4-bc8c-cad19d525135,Acraea terpsicore,https://biodiversity.org.au/afd/taxa/ba632bea-a7b4-4b60-bf89-d63128cad841,-13.291345,132.334548,2023-05-01T09:40:00Z,PRESENT,iNaturalist Australia
1697,f4fa691d-c5da-4ab1-8189-23be08d340b9,Passiflora foetida,https://id.biodiversity.org.au/name/apni/51741309,-25.947114,152.643193,2025-03-22T07:04:03Z,PRESENT,iNaturalist Australia
1698,f515af40-65d6-4c34-9404-e7a07ae60c0c,Passiflora foetida,https://id.biodiversity.org.au/taxon/apni/51442118,-25.326969,152.704409,2022-10-06T10:02:39Z,PRESENT,iNaturalist Australia
1699,f51e8a3c-ef61-4e8d-ac77-6a634c944247,Passiflora foetida,https://id.biodiversity.org.au/taxon/apni/51442118,-16.438631,145.406297,2023-01-19T20:16:00Z,PRESENT,NatureMapr
1700,f54cdbbd-2630-4954-ab89-1025c72dd734,Acraea terpsicore,https://biodiversity.org.au/afd/taxa/ba632bea-a7b4-4b60-bf89-d63128cad841,-13.8566,136.43651,2021-06-20T00:00:00Z,PRESENT,Northern Territory Museum and Art Gallery provider for OZCAM
1701,f54d6be0-a08b-42fe-b0fc-20a918707f6b,Acraea terpsicore,https://biodiversity.org.au/afd/taxa/ba632bea-a7b4-4b60-bf89-d63128cad841,-12.462203,130.834732,2025-07-04T13:40:41Z,PRESENT,iNaturalist Australia
1702,f588efa0-904c-446d-822c-ff9aea5ea216,Acraea terpsicore,https://biodiversity.org.au/afd/taxa/ba632bea-a7b4-4b60-bf89-d63128cad841,-19.4092,146.734603,2024-06-30T12:26:08Z,PRESENT,iNaturalist Australia
1703,f5aa0f83-a725-4cf4-909a-bf8d3b75d8aa,Acraea terpsicore,https://biodiversity.org.au/afd/taxa/ba632bea-a7b4-4b60-bf89-d63128cad841,-14.08351,136.43106,2021-06-16T00:00:00Z,PRESENT,Northern Territory Museum and Art Gallery provider for OZCAM
1704,f5b4da5c-a059-4b59-9042-95880c27b96b,Passiflora foetida,https://id.biodiversity.org.au/taxon/apni/51442118,-27.364247,153.070632,2021-02-27T09:02:36Z,PRESENT,iNaturalist Australia
1705,f5bd7d35-1fab-4415-9cf7-e66303e1ad83,Acraea terpsicore,https://biodiversity.org.au/afd/taxa/ba632bea-a7b4-4b60-bf89-d63128cad841,-12.41161,130.825055,2024-05-18T16:52:37Z,PRESENT,iNaturalist Australia
1706,f5c8099f-2461-4725-828b-d9d3d25b2161,Acraea terpsicore,https://biodiversity.org.au/afd/taxa/ba632bea-a7b4-4b60-bf89-d63128cad841,-19.189942,146.773758,2025-07-13T13:51:19Z,PRESENT,iNaturalist Australia
1707,f5ebef02-4b54-4933-84ba-b2d2303ab598,Acraea terpsicore,https://biodiversity.org.au/afd/taxa/ba632bea-a7b4-4b60-bf89-d63128cad841,-23.799313,151.356343,2024-07-12T13:59:00Z,PRESENT,iNaturalist Australia
1708,f5f1fda1-e166-49e1-814f-56fc1ef381db,Passiflora foetida,https://id.biodiversity.org.au/taxon/apni/51442118,-28.168154,153.15638,2025-05-26T09:20:00Z,PRESENT,iNaturalist Australia
1709,f65e4101-89ed-4550-8061-e60fe37ae88c,Acraea terpsicore,https://biodiversity.org.au/afd/taxa/ba632bea-a7b4-4b60-bf89-d63128cad841,-19.2227,146.7794,2025-06-08T12:07:00Z,PRESENT,iNaturalist Australia
1710,f6cdbef6-4956-4acb-9952-8e9c1749c3b5,Acraea terpsicore,https://biodiversity.org.au/afd/taxa/ba632bea-a7b4-4b60-bf89-d63128cad841,-26.578612,148.791595,2022-01-28T12:25:24Z,PRESENT,iNaturalist Australia
1711,f6d51ce9-feda-4dbe-bddc-edfac0a47eb3,Passiflora foetida,https://id.biodiversity.org.au/node/apni/2905971,-29.478339,153.362254,2024-06-13T00:00:00Z,PRESENT,NSW BioNet Atlas
1712,f6e110b8-d8b1-40a3-813a-8d8ca77479b9,Acraea terpsicore,https://biodiversity.org.au/afd/taxa/ba632bea-a7b4-4b60-bf89-d63128cad841,-20.064842,146.27057,2025-08-23T03:01:01Z,PRESENT,iNaturalist Australia
1713,f701d45c-c92b-4b44-a3ad-eec17153b7bd,Acraea terpsicore,https://biodiversity.org.au/afd/taxa/ba632bea-a7b4-4b60-bf89-d63128cad841,-19.191259,146.771706,2022-03-06T10:08:00Z,PRESENT,iNaturalist Australia
1714,f709a76b-542f-4c05-858a-e983ceabb53d,Passiflora foetida,https://id.biodiversity.org.au/taxon/apni/51442118,-26.357136,153.000488,2023-01-28T10:10:47Z,PRESENT,iNaturalist Australia
1715,f766d159-e82b-47ee-993b-dde1b637a551,Acraea terpsicore,https://biodiversity.org.au/afd/taxa/ba632bea-a7b4-4b60-bf89-d63128cad841,-21.914313,148.37209,2022-02-14T14:02:04Z,PRESENT,iNaturalist Australia
1716,f789a8bb-ff4d-4745-a28c-3be40a3a936a,Acraea terpsicore,https://biodiversity.org.au/afd/taxa/ba632bea-a7b4-4b60-bf89-d63128cad841,-27.485586,152.954163,2022-02-12T10:26:00Z,PRESENT,iNaturalist Australia
1717,f7a49fd0-7bd0-414f-b623-7220568e341b,Acraea terpsicore,https://biodiversity.org.au/afd/taxa/ba632bea-a7b4-4b60-bf89-d63128cad841,-19.32507,146.76175,2023-04-25T14:12:12Z,PRESENT,iNaturalist Australia
1718,f7ea4020-f924-4163-b6a9-9289b4753b25,Acraea terpsicore,https://biodiversity.org.au/afd/taxa/ba632bea-a7b4-4b60-bf89-d63128cad841,-25.190929,149.972212,2025-04-27T12:34:00Z,PRESENT,iNaturalist Australia
1719,f8041a72-5d93-499e-80da-92ea00411577,Acraea terpsicore,https://biodiversity.org.au/afd/taxa/ba632bea-a7b4-4b60-bf89-d63128cad841,-12.371995,130.868864,2021-04-26T08:40:00Z,PRESENT,iNaturalist Australia
1720,f806cbba-3b9d-4556-8a38-b7b941aa075e,Acraea terpsicore,https://biodiversity.org.au/afd/taxa/ba632bea-a7b4-4b60-bf89-d63128cad841,-17.295303,145.478261,2021-08-04T11:36:00Z,PRESENT,iNaturalist Australia
1721,f80b53eb-f103-4557-ac51-91be7aac68b8,Acraea terpsicore,https://biodiversity.org.au/afd/taxa/ba632bea-a7b4-4b60-bf89-d63128cad841,-18.654694,146.150541,2022-06-24T00:00:00Z,PRESENT,iNaturalist Australia
1722,f8296fc7-9382-4a4a-a81b-b6699c56b855,Passiflora foetida,https://id.biodiversity.org.au/taxon/apni/51442118,-16.807479,145.725641,2022-02-11T10:45:08Z,PRESENT,iNaturalist Australia
1723,f839a92d-ecb3-4eec-a32e-d6d7302bdf95,Passiflora foetida,https://id.biodiversity.org.au/taxon/apni/51442118,-12.35193,130.875295,2021-05-30T12:38:00Z,PRESENT,iNaturalist Australia
1724,f847123c-48ff-4425-979b-a376ff423183,Acraea terpsicore,https://biodiversity.org.au/afd/taxa/ba632bea-a7b4-4b60-bf89-d63128cad841,-18.201149,144.571327,2025-05-01T15:51:00Z,PRESENT,iNaturalist Australia
1725,f8921dd2-19e0-460b-8a1b-01c7634c2a14,Acraea terpsicore,https://biodiversity.org.au/afd/taxa/ba632bea-a7b4-4b60-bf89-d63128cad841,-19.592898,146.838806,2024-07-15T12:08:00Z,PRESENT,iNaturalist Australia
1726,f93e0eeb-deaa-4909-a3f0-b4d4af999d0a,Acraea terpsicore,https://biodiversity.org.au/afd/taxa/ba632bea-a7b4-4b60-bf89-d63128cad841,-15.8,128.7,2021-02-03T15:17:00Z,PRESENT,Earth Guardians Weekly Feed
1727,f97a3efb-1ea2-4e9f-a452-3dfd186dbb48,Acraea terpsicore,https://biodiversity.org.au/afd/taxa/ba632bea-a7b4-4b60-bf89-d63128cad841,-15.63852,128.302199,2024-07-13T10:04:00Z,PRESENT,iNaturalist Australia
1728,f9b3aef4-8197-453f-89b5-3daf6945e736,Acraea terpsicore,https://biodiversity.org.au/afd/taxa/ba632bea-a7b4-4b60-bf89-d63128cad841,-21.146317,149.207567,2024-06-10T12:22:00Z,PRESENT,iNaturalist Australia
1729,f9c07bcd-a8b8-47a3-958f-c50ecb462ffd,Passiflora foetida,https://id.biodiversity.org.au/taxon/apni/51442118,-27.128282,152.935443,2021-02-24T17:11:00Z,PRESENT,iNaturalist Australia
1730,fa2df29b-ba1c-407e-95f7-061108427c01,Passiflora foetida,https://id.biodiversity.org.au/taxon/apni/51442118,-27.343967,153.074647,2022-12-13T16:13:00Z,PRESENT,iNaturalist Australia
1731,fa3edf7f-22a6-431c-865c-1baef2b82504,Passiflora foetida,https://id.biodiversity.org.au/taxon/apni/51442118,-16.438631,145.406297,2023-03-03T00:39:00Z,PRESENT,NatureMapr
1732,fa6e82c8-8ac8-461d-939c-a713baaf4212,Acraea terpsicore,https://biodiversity.org.au/afd/taxa/ba632bea-a7b4-4b60-bf89-d63128cad841,-26.610082,153.067419,2023-10-09T08:00:20Z,PRESENT,iNaturalist Australia
1733,fa7e36f3-ab9a-427c-9df2-d903e937c5ce,Passiflora foetida,https://id.biodiversity.org.au/taxon/apni/51442118,-14.472628,132.260661,2021-06-10T00:00:00Z,PRESENT,Flora Atlas N.T.
1734,fa80b06b-345f-4170-b5cc-7a6a4f3097be,Acraea terpsicore,https://biodiversity.org.au/afd/taxa/ba632bea-a7b4-4b60-bf89-d63128cad841,-19.207633,146.741807,2023-09-24T12:00:00Z,PRESENT,iNaturalist Australia
1735,fa8bf5c0-0f4b-4c2c-aa0e-2a3b89be7568,Acraea terpsicore,https://biodiversity.org.au/afd/taxa/ba632bea-a7b4-4b60-bf89-d63128cad841,-17.47894,140.84186,2023-08-16T01:14:00Z,PRESENT,Butterflies Australia
1736,faabc15d-d4a8-465b-b67f-bf808ba01ba6,Acraea terpsicore,https://biodiversity.org.au/afd/taxa/ba632bea-a7b4-4b60-bf89-d63128cad841,-19.210829,146.510833,2021-02-18T09:43:59Z,PRESENT,iNaturalist Australia
1737,fab449ae-9eef-48a9-8c36-8709762417d1,Acraea terpsicore,https://biodiversity.org.au/afd/taxa/ba632bea-a7b4-4b60-bf89-d63128cad841,-18.804667,139.151389,2021-08-06T15:00:00Z,PRESENT,iNaturalist Australia
1738,fab51900-2cb2-46a2-baa0-0ebe64ed1aed,Acraea terpsicore,https://biodiversity.org.au/afd/taxa/ba632bea-a7b4-4b60-bf89-d63128cad841,-15.644754,144.508356,2021-06-20T15:35:00Z,PRESENT,iNaturalist Australia
1739,fac10b82-8887-4a8a-a5e1-f34716730445,Passiflora foetida,https://id.biodiversity.org.au/taxon/apni/51442118,-14.4694,132.261254,2021-11-12T00:00:00Z,PRESENT,Flora Atlas N.T.
1740,fad077fd-8e00-41f2-aab9-96fe16664e67,Acraea terpsicore,https://biodiversity.org.au/afd/taxa/ba632bea-a7b4-4b60-bf89-d63128cad841,-14.315547,132.420989,2025-06-17T14:21:00Z,PRESENT,iNaturalist Australia
1741,fb21e66f-3350-4e6c-97a0-324bc01c9c54,Acraea terpsicore,https://biodiversity.org.au/afd/taxa/ba632bea-a7b4-4b60-bf89-d63128cad841,-26.866527,152.932101,2024-03-30T10:35:00Z,PRESENT,iNaturalist Australia
1742,fb84ded8-2ec2-47ff-b039-ce7bc642253f,Passiflora foetida,https://id.biodiversity.org.au/taxon/apni/51442118,-27.117453,153.437788,2023-05-12T10:44:00Z,PRESENT,iNaturalist Australia
1743,fb88f565-efd7-4f8e-b980-27b7d1a157ea,Acraea terpsicore,https://biodiversity.org.au/afd/taxa/ba632bea-a7b4-4b60-bf89-d63128cad841,-17.31256,145.58708,2021-04-11T13:32:00Z,PRESENT,Butterflies Australia
1744,fb9d7041-f264-4303-88ac-fa7baa9da636,Acraea terpsicore,https://biodiversity.org.au/afd/taxa/ba632bea-a7b4-4b60-bf89-d63128cad841,-18.750063,126.107831,2025-08-10T15:14:00Z,PRESENT,iNaturalist Australia
1745,fbb6371c-dacb-4ef2-b972-3e09228f27f7,Passiflora foetida,https://id.biodiversity.org.au/taxon/apni/51442118,-27.509041,153.183541,2025-11-22T11:43:34Z,PRESENT,iNaturalist Australia
1746,fbc517b5-6108-40e5-b3e7-8a8e1bbae0d4,Acraea terpsicore,https://biodiversity.org.au/afd/taxa/ba632bea-a7b4-4b60-bf89-d63128cad841,-18.215167,142.828462,2022-06-27T08:17:00Z,PRESENT,iNaturalist Australia
1747,fbc6b559-8058-45c5-93b6-7c4db7c6c7be,Acraea terpsicore,https://biodiversity.org.au/afd/taxa/ba632bea-a7b4-4b60-bf89-d63128cad841,-28.172833,153.066639,2025-03-22T12:32:00Z,PRESENT,iNaturalist Australia
1748,fbd7a8f9-4b06-412b-8017-625acc6dfe44,Acraea terpsicore,https://biodiversity.org.au/afd/taxa/ba632bea-a7b4-4b60-bf89-d63128cad841,-27.619487,153.169683,2021-02-28T09:30:00Z,PRESENT,iNaturalist Australia
1749,fc0d70a6-9378-4419-9f5a-2cbf7d145066,Acraea terpsicore,https://biodiversity.org.au/afd/taxa/ba632bea-a7b4-4b60-bf89-d63128cad841,-15.661044,130.480965,2021-01-04T11:57:23Z,PRESENT,iNaturalist Australia
1750,fc2fbaee-1b98-47e5-9725-23f82c9a475b,Passiflora foetida,https://id.biodiversity.org.au/taxon/apni/51442118,-24.796436,152.439378,2024-02-09T10:07:00Z,PRESENT,iNaturalist Australia
1751,fc87a681-c215-45a1-90d5-32fa8737bde2,Acraea terpsicore,https://biodiversity.org.au/afd/taxa/ba632bea-a7b4-4b60-bf89-d63128cad841,-12.557915,130.862386,2023-04-23T10:05:00Z,PRESENT,iNaturalist Australia
1752,fc8ba246-8f75-4a1c-ac5d-2490e5862899,Passiflora foetida,https://id.biodiversity.org.au/taxon/apni/51442118,-24,151.8,2021-01-25T11:55:00Z,PRESENT,Earth Guardians Weekly Feed
1753,fc9dc8ee-0901-40f1-98c0-9274a93e9a4f,Passiflora foetida,https://id.biodiversity.org.au/taxon/apni/51442118,-14.472216,132.261451,2021-12-06T00:00:00Z,PRESENT,Flora Atlas N.T.
1754,fcb5a4bb-2d42-480c-bdce-18b72a905f32,Acraea terpsicore,https://biodiversity.org.au/afd/taxa/ba632bea-a7b4-4b60-bf89-d63128cad841,-19.19,146.7738,2025-07-24T11:39:00Z,PRESENT,iNaturalist Australia
1755,fcb700e7-e8c6-4d79-a2df-43cbf7b252b9,Acraea terpsicore,https://biodiversity.org.au/afd/taxa/ba632bea-a7b4-4b60-bf89-d63128cad841,-15.897901,128.13175,2025-08-01T11:20:50Z,PRESENT,iNaturalist Australia
1756,fcc570b3-0db3-4781-9f6c-e6db8fbe52fe,Acraea terpsicore,https://biodiversity.org.au/afd/taxa/ba632bea-a7b4-4b60-bf89-d63128cad841,-27.633015,153.200115,2022-04-15T10:57:00Z,PRESENT,iNaturalist Australia
1757,fcfc6569-dae4-429d-8312-b85dade6a42f,Acraea terpsicore,https://biodiversity.org.au/afd/taxa/ba632bea-a7b4-4b60-bf89-d63128cad841,-18.204132,144.562408,2025-05-01T15:10:00Z,PRESENT,iNaturalist Australia
1758,fcff3249-0f52-4d14-a1f6-b308f2d84810,Passiflora foetida,https://id.biodiversity.org.au/taxon/apni/51442118,-13.859341,136.811099,2021-10-31T17:05:06Z,PRESENT,iNaturalist Australia
1759,fd00b449-116e-4911-9b39-7eae590c7b8d,Acraea terpsicore,https://biodiversity.org.au/afd/taxa/ba632bea-a7b4-4b60-bf89-d63128cad841,-23.600952,148.571701,2025-05-21T11:51:23Z,PRESENT,iNaturalist Australia
1760,fd1c8c41-fb56-4d50-b6d4-9450573d149d,Passiflora foetida,https://id.biodiversity.org.au/taxon/apni/51442118,-25.450136,153.153403,2025-02-25T08:52:00Z,PRESENT,iNaturalist Australia
1761,fd30023c-d718-4362-b945-efc077b51b83,Acraea terpsicore,https://biodiversity.org.au/afd/taxa/ba632bea-a7b4-4b60-bf89-d63128cad841,-16.167,136.75809,2024-07-10T17:01:00Z,PRESENT,iNaturalist Australia
1762,fd32abef-5347-4b57-92ad-3ee8799f2312,Acraea terpsicore,https://biodiversity.org.au/afd/taxa/ba632bea-a7b4-4b60-bf89-d63128cad841,-19.9895,148.2614,2022-06-29T01:00:00Z,PRESENT,Butterflies Australia
1763,fd704000-3aad-4045-a927-d64f013f6320,Passiflora foetida,https://id.biodiversity.org.au/taxon/apni/51442118,-27.4,152.9,2021-04-18T11:54:00Z,PRESENT,Earth Guardians Weekly Feed
1764,fd72b6bc-6f5f-4bec-8938-2aa260214cb3,Acraea terpsicore,https://biodiversity.org.au/afd/taxa/ba632bea-a7b4-4b60-bf89-d63128cad841,-26.597819,153.012334,2023-11-02T18:12:16Z,PRESENT,iNaturalist Australia
1765,fd8da6f7-7b21-40e7-93ea-0e765ddc6349,Acraea terpsicore,https://biodiversity.org.au/afd/taxa/ba632bea-a7b4-4b60-bf89-d63128cad841,-30.50413,153.00976,2022-01-09T17:48:00Z,PRESENT,iNaturalist Australia
1766,fdb8ba5d-ef70-4c51-b228-efd2b666b2f8,Acraea terpsicore,https://biodiversity.org.au/afd/taxa/ba632bea-a7b4-4b60-bf89-d63128cad841,-17.47162,141.17999,2023-08-15T01:53:00Z,PRESENT,Butterflies Australia
1767,fdba27cb-18c6-44af-b625-6c2414f84c1a,Acraea terpsicore,https://biodiversity.org.au/afd/taxa/ba632bea-a7b4-4b60-bf89-d63128cad841,-18.200678,144.658841,2022-07-17T13:18:40Z,PRESENT,iNaturalist Australia
1768,fddfa574-743e-49eb-8f66-f788a6cc7b8f,Acraea terpsicore,https://biodiversity.org.au/afd/taxa/ba632bea-a7b4-4b60-bf89-d63128cad841,-17.134302,144.53945,2025-06-21T12:57:20Z,PRESENT,iNaturalist Australia
1769,fdf72772-6690-4880-8420-4ef5b14ae6f9,Acraea terpsicore,https://biodiversity.org.au/afd/taxa/ba632bea-a7b4-4b60-bf89-d63128cad841,-20.194925,148.366472,2025-08-08T09:55:08Z,PRESENT,iNaturalist Australia
1770,fea51908-89c0-4059-89c3-d97dafec7562,Acraea terpsicore,https://biodiversity.org.au/afd/taxa/ba632bea-a7b4-4b60-bf89-d63128cad841,-30.645508,153.016612,2022-05-28T03:09:00Z,PRESENT,NatureMapr
1771,feb7368e-ca7d-40a4-ac7f-67e485cfb204,Passiflora foetida,https://id.biodiversity.org.au/taxon/apni/51442118,-16.7536,145.67,2023-12-30T11:44:00Z,PRESENT,iNaturalist Australia
1772,fef34eca-858b-4d0b-8bdc-628d656c7f43,Acraea terpsicore,https://biodiversity.org.au/afd/taxa/ba632bea-a7b4-4b60-bf89-d63128cad841,-13.5217,130.810945,2024-06-07T15:12:24Z,PRESENT,iNaturalist Australia
1773,ff0ffa0f-226c-4ebd-910e-b997f175ad48,Acraea terpsicore,https://biodiversity.org.au/afd/taxa/ba632bea-a7b4-4b60-bf89-d63128cad841,-28.909654,151.587222,2025-10-14T10:12:00Z,PRESENT,iNaturalist Australia
1774,ffb706f7-5f25-46de-8674-f956fb84d9f2,Acraea terpsicore,https://biodiversity.org.au/afd/taxa/ba632bea-a7b4-4b60-bf89-d63128cad841,-17.061046,145.753245,2021-02-04T08:27:00Z,PRESENT,iNaturalist Australia
1775,ffbf5dfb-f4dd-4cd6-a57f-85ed2710c135,Acraea terpsicore,https://biodiversity.org.au/afd/taxa/ba632bea-a7b4-4b60-bf89-d63128cad841,-10.6255,142.3125,2023-06-04T23:00:00Z,PRESENT,Butterflies Australia
1776,ffd038fd-246f-4131-b3eb-30eed570917a,Acraea terpsicore,https://biodiversity.org.au/afd/taxa/ba632bea-a7b4-4b60-bf89-d63128cad841,-22.462089,148.254165,2024-05-21T13:34:06Z,PRESENT,iNaturalist Australia
1777,ffd21ef7-377a-469e-9307-b34ff4501218,Passiflora foetida,https://id.biodiversity.org.au/taxon/apni/51442118,-23.269281,150.81875,2025-11-23T16:45:40Z,PRESENT,iNaturalist Australia
1778,fff2108d-4eba-4e7e-bea6-c3e9f11645ff,Passiflora foetida,https://id.biodiversity.org.au/name/apni/51741309,-27.461815,152.881066,2025-04-22T06:28:00Z,PRESENT,iNaturalist Australia
1779,fffe24fa-badd-416f-83a5-45cec25eeac8,Passiflora foetida,https://id.biodiversity.org.au/name/apni/51741309,-27.27743,152.849228,2025-11-25T09:11:11Z,PRESENT,iNaturalist Australia
