V1,recordID,scientificName,taxonConceptID,decimalLatitude,decimalLongitude,eventDate,occurrenceStatus,dataResourceName,group
1,001b2d3d-c195-4d56-9992-00b6e19d5c0c,Acraea terpsicore,https://biodiversity.org.au/afd/taxa/ba632bea-a7b4-4b60-bf89-d63128cad841,-22.159952,146.434071,2022-04-02T08:16:21Z,PRESENT,iNaturalist Australia,Acraea terpsicore
2,00204ab0-9233-46b1-8cca-464e5c0f1a8c,Acraea terpsicore,https://biodiversity.org.au/afd/taxa/ba632bea-a7b4-4b60-bf89-d63128cad841,-15.641154,135.711834,2023-06-16T12:09:00Z,PRESENT,iNaturalist Australia,Acraea terpsicore
3,0023bfb1-d869-445d-b9ef-5c87ca77e200,Acraea terpsicore,https://biodiversity.org.au/afd/taxa/ba632bea-a7b4-4b60-bf89-d63128cad841,-16.527194,145.47365,2025-07-21T08:54:34Z,PRESENT,iNaturalist Australia,Acraea terpsicore
4,0044fff9-b68a-4ab5-9ef2-4a6638b60684,Acraea terpsicore,https://biodiversity.org.au/afd/taxa/ba632bea-a7b4-4b60-bf89-d63128cad841,-27.486492,152.950487,2021-10-03T23:27:00Z,PRESENT,iNaturalist Australia,Acraea terpsicore
5,004e54b2-2a59-477f-b921-47a7f09b7e9d,Acraea terpsicore,https://biodiversity.org.au/afd/taxa/ba632bea-a7b4-4b60-bf89-d63128cad841,-14.452114,132.271515,2023-05-15T14:07:00Z,PRESENT,iNaturalist Australia,Acraea terpsicore
6,004fcf3d-399d-4b57-b7d3-e4e8bcc1b0bc,Acraea terpsicore,https://biodiversity.org.au/afd/taxa/ba632bea-a7b4-4b60-bf89-d63128cad841,-16.497694,145.003443,2019-08-18T09:01:00Z,PRESENT,iNaturalist Australia,Acraea terpsicore
7,006812ae-895b-4b0b-93c5-c2c26ce66c2a,Acraea terpsicore,https://biodiversity.org.au/afd/taxa/ba632bea-a7b4-4b60-bf89-d63128cad841,-20.588818,139.54348,2025-08-30T12:09:00Z,PRESENT,iNaturalist Australia,Acraea terpsicore
8,00714a80-1102-4929-bd12-f451d889a432,Acraea terpsicore,https://biodiversity.org.au/afd/taxa/ba632bea-a7b4-4b60-bf89-d63128cad841,-19.245129,146.786648,2022-10-27T08:27:00Z,PRESENT,iNaturalist Australia,Acraea terpsicore
9,00a0fff5-07b2-4be8-b92e-ff623ea6e26e,Acraea terpsicore,https://biodiversity.org.au/afd/taxa/ba632bea-a7b4-4b60-bf89-d63128cad841,-12.70994,131.090185,2025-01-19T07:26:00Z,PRESENT,iNaturalist Australia,Acraea terpsicore
10,00c0f624-0c37-4fad-a604-1b19be2176d9,Acraea terpsicore,https://biodiversity.org.au/afd/taxa/ba632bea-a7b4-4b60-bf89-d63128cad841,-15.648429,135.758556,2023-06-16T10:54:00Z,PRESENT,iNaturalist Australia,Acraea terpsicore
11,00e40328-e63c-416e-9622-11abd294e113,Acraea terpsicore,https://biodiversity.org.au/afd/taxa/ba632bea-a7b4-4b60-bf89-d63128cad841,-18.2214,144.6666,2021-03-21T12:30:00Z,PRESENT,Butterflies Australia,Acraea terpsicore
12,01115dd0-3423-49d9-bb2d-8dcf069f8c30,Acraea terpsicore,https://biodiversity.org.au/afd/taxa/ba632bea-a7b4-4b60-bf89-d63128cad841,-20.01522,148.26562,2025-02-03T05:53:00Z,PRESENT,Butterflies Australia,Acraea terpsicore
13,01466a57-63e8-4b7c-bc62-79adef787dc6,Acraea terpsicore,https://biodiversity.org.au/afd/taxa/ba632bea-a7b4-4b60-bf89-d63128cad841,-17.051269,145.374811,2022-06-18T11:40:28Z,PRESENT,iNaturalist Australia,Acraea terpsicore
14,01559586-2cbf-4f6d-857d-cf42f80c598c,Acraea terpsicore,https://biodiversity.org.au/afd/taxa/ba632bea-a7b4-4b60-bf89-d63128cad841,-14.180206,132.190483,2023-05-09T12:33:00Z,PRESENT,iNaturalist Australia,Acraea terpsicore
15,0156c8e9-2016-4919-8bc0-7e2bc60ca3f4,Acraea terpsicore,https://biodiversity.org.au/afd/taxa/ba632bea-a7b4-4b60-bf89-d63128cad841,-14.139527,134.474544,2025-08-05T13:32:00Z,PRESENT,iNaturalist Australia,Acraea terpsicore
16,01823edd-cec8-41a6-bf34-d952f4c6224a,Acraea terpsicore,https://biodiversity.org.au/afd/taxa/ba632bea-a7b4-4b60-bf89-d63128cad841,-19.064337,138.893823,2025-06-25T10:38:00Z,PRESENT,iNaturalist Australia,Acraea terpsicore
17,01a292c4-bbcb-4e60-ae07-f93b6869bfa3,Acraea terpsicore,https://biodiversity.org.au/afd/taxa/ba632bea-a7b4-4b60-bf89-d63128cad841,-14.184699,132.036624,2023-05-09T09:42:00Z,PRESENT,iNaturalist Australia,Acraea terpsicore
18,01a37baf-da81-4ddb-a61d-73da4c04687e,Acraea terpsicore,https://biodiversity.org.au/afd/taxa/ba632bea-a7b4-4b60-bf89-d63128cad841,-16.995939,125.205064,2024-06-07T11:48:00Z,PRESENT,iNaturalist Australia,Acraea terpsicore
19,01e62b52-8735-41d4-a6a4-94e021f99901,Acraea terpsicore,https://biodiversity.org.au/afd/taxa/ba632bea-a7b4-4b60-bf89-d63128cad841,-13.55331,132.27159,2019-11-29T00:00:00Z,PRESENT,Fauna Atlas N.T.,Acraea terpsicore
20,0207ec2a-b3c4-4f93-91cb-05b8edbc008e,Acraea terpsicore,https://biodiversity.org.au/afd/taxa/ba632bea-a7b4-4b60-bf89-d63128cad841,-21.939228,146.625252,2022-09-17T08:27:00Z,PRESENT,iNaturalist Australia,Acraea terpsicore
21,02651160-415d-4d81-b72a-6ffcb9c32e0f,Acraea terpsicore,https://biodiversity.org.au/afd/taxa/ba632bea-a7b4-4b60-bf89-d63128cad841,-20.551139,147.840941,2025-02-09T13:50:00Z,PRESENT,iNaturalist Australia,Acraea terpsicore
22,0266ccf5-0d06-4074-aa43-db4dee000faf,Acraea terpsicore,https://biodiversity.org.au/afd/taxa/ba632bea-a7b4-4b60-bf89-d63128cad841,-20.597835,139.537055,2025-09-10T14:33:00Z,PRESENT,iNaturalist Australia,Acraea terpsicore
23,027d8371-f3b2-4f8e-ad08-c235f85fb9f9,Acraea terpsicore,https://biodiversity.org.au/afd/taxa/ba632bea-a7b4-4b60-bf89-d63128cad841,-17.459284,140.832932,2025-09-08T21:15:52Z,PRESENT,iNaturalist Australia,Acraea terpsicore
24,028e4ed3-771e-4d3c-b04c-babe921743e0,Acraea terpsicore,https://biodiversity.org.au/afd/taxa/ba632bea-a7b4-4b60-bf89-d63128cad841,-19.187873,146.771961,2022-08-19T11:37:00Z,PRESENT,iNaturalist Australia,Acraea terpsicore
25,0296a66a-4c1f-4ad7-be65-5561bd460a0c,Acraea terpsicore,https://biodiversity.org.au/afd/taxa/ba632bea-a7b4-4b60-bf89-d63128cad841,-12.416627,130.835589,2025-05-22T11:18:22Z,PRESENT,iNaturalist Australia,Acraea terpsicore
26,02980021-89f6-418f-a400-1db092526d38,Acraea terpsicore,https://biodiversity.org.au/afd/taxa/ba632bea-a7b4-4b60-bf89-d63128cad841,-15.676903,126.400605,2025-05-29T13:15:22Z,PRESENT,iNaturalist Australia,Acraea terpsicore
27,02aa90de-0a8b-46c9-808b-fbf627e7c9cf,Acraea terpsicore,https://biodiversity.org.au/afd/taxa/ba632bea-a7b4-4b60-bf89-d63128cad841,-12.76174,131.50109,2013-02-17T00:00:00Z,PRESENT,Fauna Atlas N.T.,Acraea terpsicore
28,02ac1d6c-b516-4d50-909c-2dd0121ef50b,Acraea terpsicore,https://biodiversity.org.au/afd/taxa/ba632bea-a7b4-4b60-bf89-d63128cad841,-11.27261,131.85768,2014-08-12T00:00:00Z,PRESENT,Fauna Atlas N.T.,Acraea terpsicore
29,02c1fb9d-7fac-4eb7-854d-a2e7d168eb0d,Acraea terpsicore,https://biodiversity.org.au/afd/taxa/ba632bea-a7b4-4b60-bf89-d63128cad841,-15.630235,130.476251,2024-08-11T07:42:00Z,PRESENT,iNaturalist Australia,Acraea terpsicore
30,02c2097a-fbfc-433f-90e1-904f3d93617d,Acraea terpsicore,https://biodiversity.org.au/afd/taxa/ba632bea-a7b4-4b60-bf89-d63128cad841,-12.331667,130.894444,2013-01-12T00:00:00Z,PRESENT,Fauna Atlas N.T.,Acraea terpsicore
31,02dc7c44-202f-42b6-90b7-a5f6e9de1d26,Acraea terpsicore,https://biodiversity.org.au/afd/taxa/ba632bea-a7b4-4b60-bf89-d63128cad841,-19.243247,146.783585,2022-08-28T10:19:00Z,PRESENT,iNaturalist Australia,Acraea terpsicore
32,02e2d730-e703-4085-aef1-9bf80be8c458,Acraea terpsicore,https://biodiversity.org.au/afd/taxa/ba632bea-a7b4-4b60-bf89-d63128cad841,-25.670824,152.901328,2024-02-24T09:07:00Z,PRESENT,iNaturalist Australia,Acraea terpsicore
33,02fd7c60-2728-47be-9b20-cde24c5302e4,Acraea terpsicore,https://biodiversity.org.au/afd/taxa/ba632bea-a7b4-4b60-bf89-d63128cad841,-16.84042,145.74148,2022-02-27T13:08:00Z,PRESENT,Butterflies Australia,Acraea terpsicore
34,03000ea5-aed0-4370-abef-fc13e96fe932,Acraea terpsicore,https://biodiversity.org.au/afd/taxa/ba632bea-a7b4-4b60-bf89-d63128cad841,-13.099588,130.784247,2025-05-12T02:39:00Z,PRESENT,NatureMapr,Acraea terpsicore
35,0361eb83-2bb6-4277-9929-df42786f2873,Acraea terpsicore,https://biodiversity.org.au/afd/taxa/ba632bea-a7b4-4b60-bf89-d63128cad841,-12.411568,130.825034,2024-05-25T16:22:05Z,PRESENT,iNaturalist Australia,Acraea terpsicore
36,0383d36f-865d-4387-83a9-3fb1cd3cee7e,Acraea terpsicore,https://biodiversity.org.au/afd/taxa/ba632bea-a7b4-4b60-bf89-d63128cad841,-14.86245,132.99287,2013-05-17T00:00:00Z,PRESENT,Fauna Atlas N.T.,Acraea terpsicore
37,03aec671-e9f2-4954-8a38-9050d5824edf,Acraea terpsicore,https://biodiversity.org.au/afd/taxa/ba632bea-a7b4-4b60-bf89-d63128cad841,-12.41333,130.92194,2013-01-25T00:00:00Z,PRESENT,Fauna Atlas N.T.,Acraea terpsicore
38,03f1b8df-8a1f-40ff-b92e-ca9154920f94,Acraea terpsicore,https://biodiversity.org.au/afd/taxa/ba632bea-a7b4-4b60-bf89-d63128cad841,-19.24039,146.782572,2023-05-10T08:22:00Z,PRESENT,iNaturalist Australia,Acraea terpsicore
39,045c8330-9f95-4da5-ac26-d17b680f8d9f,Acraea terpsicore,https://biodiversity.org.au/afd/taxa/ba632bea-a7b4-4b60-bf89-d63128cad841,-15.974862,144.828815,2021-06-03T16:49:00Z,PRESENT,iNaturalist Australia,Acraea terpsicore
40,0468c4ee-ad7e-49f1-ad91-af54387ba5af,Acraea terpsicore,https://biodiversity.org.au/afd/taxa/ba632bea-a7b4-4b60-bf89-d63128cad841,-19.2436,146.79522,2022-01-06T16:59:00Z,PRESENT,Butterflies Australia,Acraea terpsicore
41,046c2cf0-33ce-4ac0-ab76-f3e47d90c4c6,Acraea terpsicore,https://biodiversity.org.au/afd/taxa/ba632bea-a7b4-4b60-bf89-d63128cad841,-27.485029,152.952764,2021-12-30T10:56:00Z,PRESENT,iNaturalist Australia,Acraea terpsicore
42,04750c3a-637a-4eeb-9d04-2c18dc0179d9,Acraea terpsicore,https://biodiversity.org.au/afd/taxa/ba632bea-a7b4-4b60-bf89-d63128cad841,-19.26016,146.809331,2025-06-28T14:25:00Z,PRESENT,iNaturalist Australia,Acraea terpsicore
43,047be604-1c75-4539-8ae2-36bbff11f2cf,Acraea terpsicore,https://biodiversity.org.au/afd/taxa/ba632bea-a7b4-4b60-bf89-d63128cad841,-21.04588,148.07328,2021-09-05T14:54:00Z,PRESENT,iNaturalist Australia,Acraea terpsicore
44,0499fedd-2251-4f6b-9310-0573112c9e4e,Acraea terpsicore,https://biodiversity.org.au/afd/taxa/ba632bea-a7b4-4b60-bf89-d63128cad841,-17.674875,141.06928,2025-06-05T12:15:00Z,PRESENT,iNaturalist Australia,Acraea terpsicore
45,04cc05a3-5e28-46a7-b2a9-2a3f07af26f4,Acraea terpsicore,https://biodiversity.org.au/afd/taxa/ba632bea-a7b4-4b60-bf89-d63128cad841,-27.485755,152.953927,2024-03-16T11:36:00Z,PRESENT,iNaturalist Australia,Acraea terpsicore
46,04d10778-28aa-443b-9cfd-e7ebaac824d0,Acraea terpsicore,https://biodiversity.org.au/afd/taxa/ba632bea-a7b4-4b60-bf89-d63128cad841,-19.1875,146.7708,2025-07-24T10:36:00Z,PRESENT,iNaturalist Australia,Acraea terpsicore
47,04d69915-5979-4bb9-a0ca-56a010313582,Acraea terpsicore,https://biodiversity.org.au/afd/taxa/ba632bea-a7b4-4b60-bf89-d63128cad841,-26.616998,153.06428,2024-01-21T09:56:08Z,PRESENT,iNaturalist Australia,Acraea terpsicore
48,050ce3da-4330-4dbe-a12a-b7d49da399bf,Acraea terpsicore,https://biodiversity.org.au/afd/taxa/ba632bea-a7b4-4b60-bf89-d63128cad841,-17.15758,144.52294,2025-06-09T01:45:00Z,PRESENT,Butterflies Australia,Acraea terpsicore
49,0523d1a4-e5a6-43bc-98e5-55886bdf815f,Acraea terpsicore,https://biodiversity.org.au/afd/taxa/ba632bea-a7b4-4b60-bf89-d63128cad841,-20.647481,145.289439,2019-07-31T11:02:00Z,PRESENT,iNaturalist Australia,Acraea terpsicore
50,0540c15c-e4be-4754-b19a-937c90bf503b,Acraea terpsicore,https://biodiversity.org.au/afd/taxa/ba632bea-a7b4-4b60-bf89-d63128cad841,-18.201661,142.246293,2022-09-02T13:45:00Z,PRESENT,iNaturalist Australia,Acraea terpsicore
51,054c0fff-9395-4f08-b9cf-c42c16761275,Acraea terpsicore,https://biodiversity.org.au/afd/taxa/ba632bea-a7b4-4b60-bf89-d63128cad841,-18.22115,144.66672,2025-03-10T11:05:00Z,PRESENT,Butterflies Australia,Acraea terpsicore
52,055c4944-f736-442b-ba0e-2c804131121f,Acraea terpsicore,https://biodiversity.org.au/afd/taxa/ba632bea-a7b4-4b60-bf89-d63128cad841,-15.466667,128.116667,2013-06-09T00:00:00Z,PRESENT,Fauna Atlas N.T.,Acraea terpsicore
53,05708994-96ec-4379-bd3a-4d0dfe3c81df,Acraea terpsicore,https://biodiversity.org.au/afd/taxa/ba632bea-a7b4-4b60-bf89-d63128cad841,-17.150938,145.179857,2023-08-31T12:35:00Z,PRESENT,iNaturalist Australia,Acraea terpsicore
54,05a3b87d-3396-4bc0-8861-9503ea4b1220,Acraea terpsicore,https://biodiversity.org.au/afd/taxa/ba632bea-a7b4-4b60-bf89-d63128cad841,-21.5742,146.91018,2024-09-04T23:07:00Z,PRESENT,Butterflies Australia,Acraea terpsicore
55,05be9d32-845f-4721-8715-c8a420f36bc1,Acraea terpsicore,https://biodiversity.org.au/afd/taxa/ba632bea-a7b4-4b60-bf89-d63128cad841,-16.800383,145.677842,2022-11-23T08:57:00Z,PRESENT,Earth Guardians Weekly Feed,Acraea terpsicore
56,0601ed49-6454-4baf-844d-98a45c470ce6,Acraea terpsicore,https://biodiversity.org.au/afd/taxa/ba632bea-a7b4-4b60-bf89-d63128cad841,-18.177,142.2522,2021-05-30T11:15:00Z,PRESENT,Butterflies Australia,Acraea terpsicore
57,068b5f62-061d-464c-a540-e15b8d60094d,Acraea terpsicore,https://biodiversity.org.au/afd/taxa/ba632bea-a7b4-4b60-bf89-d63128cad841,-19.271681,146.83689,2023-09-21T14:22:00Z,PRESENT,iNaturalist Australia,Acraea terpsicore
58,0717c61b-012a-44a4-929d-32ec5cc6682c,Acraea terpsicore,https://biodiversity.org.au/afd/taxa/ba632bea-a7b4-4b60-bf89-d63128cad841,-12.620615,141.880522,2019-09-23T14:32:00Z,PRESENT,iNaturalist Australia,Acraea terpsicore
59,076f7fa9-0b8a-47df-94b5-4b3a043f51bb,Acraea terpsicore,https://biodiversity.org.au/afd/taxa/ba632bea-a7b4-4b60-bf89-d63128cad841,-17.55065,133.54066,2013-09-18T00:00:00Z,PRESENT,Fauna Atlas N.T.,Acraea terpsicore
60,077fe21c-0bec-4066-bdf4-5dee83ce6789,Acraea terpsicore,https://biodiversity.org.au/afd/taxa/ba632bea-a7b4-4b60-bf89-d63128cad841,-13.933,143.2026,2022-05-15T04:15:00Z,PRESENT,Butterflies Australia,Acraea terpsicore
61,07a2b2b6-29d4-4cc7-98f4-777558cdb356,Acraea terpsicore,https://biodiversity.org.au/afd/taxa/ba632bea-a7b4-4b60-bf89-d63128cad841,-13.663028,134.331731,2025-03-23T09:48:00Z,PRESENT,iNaturalist Australia,Acraea terpsicore
62,07a8948e-4b4e-400d-b082-53e7585363ec,Acraea terpsicore,https://biodiversity.org.au/afd/taxa/ba632bea-a7b4-4b60-bf89-d63128cad841,-22.477087,143.1825,2022-09-25T03:00:00Z,PRESENT,Butterflies Australia,Acraea terpsicore
63,07b6e175-8a41-4a8f-9608-a8fa2b89cd42,Acraea terpsicore,https://biodiversity.org.au/afd/taxa/ba632bea-a7b4-4b60-bf89-d63128cad841,-12.703618,130.986945,2021-05-17T13:19:00Z,PRESENT,iNaturalist Australia,Acraea terpsicore
64,07cac7ac-fd1f-4ecf-8525-c23ba8b8b201,Acraea terpsicore,https://biodiversity.org.au/afd/taxa/ba632bea-a7b4-4b60-bf89-d63128cad841,-17.819711,122.211585,2024-09-13T10:37:00Z,PRESENT,iNaturalist Australia,Acraea terpsicore
65,083db274-25b7-48d4-9d74-e5b68e5612b9,Acraea terpsicore,https://biodiversity.org.au/afd/taxa/ba632bea-a7b4-4b60-bf89-d63128cad841,-19.982931,146.439457,2023-06-19T16:10:59Z,PRESENT,iNaturalist Australia,Acraea terpsicore
66,08460a45-6d2b-4953-9351-eaecd5b7af6d,Acraea terpsicore,https://biodiversity.org.au/afd/taxa/ba632bea-a7b4-4b60-bf89-d63128cad841,-12.406273,130.82499,2022-01-22T10:19:02Z,PRESENT,iNaturalist Australia,Acraea terpsicore
67,08474a75-8d29-40e5-9e60-4e1fe9b6fd24,Acraea terpsicore,https://biodiversity.org.au/afd/taxa/ba632bea-a7b4-4b60-bf89-d63128cad841,-14.182913,132.192081,2025-06-08T12:32:00Z,PRESENT,iNaturalist Australia,Acraea terpsicore
68,08a6ff82-76a4-4699-ac2f-09df12b12483,Acraea terpsicore,https://biodiversity.org.au/afd/taxa/ba632bea-a7b4-4b60-bf89-d63128cad841,-16.71154,144.80243,2025-04-23T00:38:00Z,PRESENT,Butterflies Australia,Acraea terpsicore
69,08b2d3d8-2c30-4076-9a42-e97274746e21,Acraea terpsicore,https://biodiversity.org.au/afd/taxa/ba632bea-a7b4-4b60-bf89-d63128cad841,-16.5305,145.1141,2019-05-05T16:34:00Z,PRESENT,iNaturalist Australia,Acraea terpsicore
70,08c650eb-63cc-4459-892b-9de6e492c778,Acraea terpsicore,https://biodiversity.org.au/afd/taxa/ba632bea-a7b4-4b60-bf89-d63128cad841,-17.337878,124.823017,2021-05-21T12:05:00Z,PRESENT,iNaturalist Australia,Acraea terpsicore
71,08e4cd23-2a84-4128-a47c-fdeaf78177d3,Acraea terpsicore,https://biodiversity.org.au/afd/taxa/ba632bea-a7b4-4b60-bf89-d63128cad841,-21.533282,146.860281,2021-05-03T11:38:00Z,PRESENT,iNaturalist Australia,Acraea terpsicore
72,08fdfb89-a1b0-450f-8775-dd0e9afe015d,Acraea terpsicore,https://biodiversity.org.au/afd/taxa/ba632bea-a7b4-4b60-bf89-d63128cad841,-16.803583,145.365645,2023-03-08T10:06:00Z,PRESENT,iNaturalist Australia,Acraea terpsicore
73,091158d8-46cd-4f35-ac6e-57bdff1e8607,Acraea terpsicore,https://biodiversity.org.au/afd/taxa/ba632bea-a7b4-4b60-bf89-d63128cad841,-21.91173,149.42334,2021-07-18T12:43:00Z,PRESENT,Butterflies Australia,Acraea terpsicore
74,09436ccd-977e-4adf-9dc9-a2a91dbe6349,Acraea terpsicore,https://biodiversity.org.au/afd/taxa/ba632bea-a7b4-4b60-bf89-d63128cad841,-10.579917,142.219391,2020-08-21T07:59:00Z,PRESENT,iNaturalist Australia,Acraea terpsicore
75,094fc159-4422-4fe1-af84-8b42947ad216,Acraea terpsicore,https://biodiversity.org.au/afd/taxa/ba632bea-a7b4-4b60-bf89-d63128cad841,-19.98591,148.25888,2025-02-05T00:03:00Z,PRESENT,Butterflies Australia,Acraea terpsicore
76,09707e54-9d1f-4a8e-b5ad-c0b8bf640a57,Acraea terpsicore,https://biodiversity.org.au/afd/taxa/ba632bea-a7b4-4b60-bf89-d63128cad841,-18.14004,144.812194,2022-08-16T14:08:05Z,PRESENT,iNaturalist Australia,Acraea terpsicore
77,0971a0b8-17f5-4679-af0e-ca0de6194a68,Acraea terpsicore,https://biodiversity.org.au/afd/taxa/ba632bea-a7b4-4b60-bf89-d63128cad841,-17.33702,124.823953,2025-06-17T13:13:00Z,PRESENT,iNaturalist Australia,Acraea terpsicore
78,097e92e3-258a-4b06-adc0-f8c0bdb73440,Acraea terpsicore,https://biodiversity.org.au/afd/taxa/ba632bea-a7b4-4b60-bf89-d63128cad841,-13.298864,132.336886,2018-01-17T21:33:00Z,PRESENT,iNaturalist Australia,Acraea terpsicore
79,097ef953-3634-4318-8e57-244ddc1e1152,Acraea terpsicore,https://biodiversity.org.au/afd/taxa/ba632bea-a7b4-4b60-bf89-d63128cad841,-28.19959,152.771167,2025-01-06T11:53:52Z,PRESENT,iNaturalist Australia,Acraea terpsicore
80,09888b3d-65d1-4f2f-b763-3beff7fd8a60,Acraea terpsicore,https://biodiversity.org.au/afd/taxa/ba632bea-a7b4-4b60-bf89-d63128cad841,-17.779675,122.282228,2024-09-13T13:05:00Z,PRESENT,iNaturalist Australia,Acraea terpsicore
81,09e7631f-749d-48ad-92aa-35f780a9e207,Acraea terpsicore,https://biodiversity.org.au/afd/taxa/ba632bea-a7b4-4b60-bf89-d63128cad841,-30.466878,152.85167,2025-10-19T14:24:44Z,PRESENT,iNaturalist Australia,Acraea terpsicore
82,09ed5c23-116b-4bc6-bc57-abd1a28082c7,Acraea terpsicore,https://biodiversity.org.au/afd/taxa/ba632bea-a7b4-4b60-bf89-d63128cad841,-18.244,142.5076,2021-06-01T09:45:00Z,PRESENT,Butterflies Australia,Acraea terpsicore
83,0a0dbd9c-8744-421f-a99f-b425ed291c4a,Acraea terpsicore,https://biodiversity.org.au/afd/taxa/ba632bea-a7b4-4b60-bf89-d63128cad841,-14.95306,133.22324,2015-04-05T00:00:00Z,PRESENT,Fauna Atlas N.T.,Acraea terpsicore
84,0a1ea031-c8d5-470f-8f5a-2d7a93546299,Acraea terpsicore,https://biodiversity.org.au/afd/taxa/ba632bea-a7b4-4b60-bf89-d63128cad841,-12.433333,130.95,2014-01-06T00:00:00Z,PRESENT,Fauna Atlas N.T.,Acraea terpsicore
85,0a523e58-b1ba-48a5-80ff-a256deb873a1,Acraea terpsicore,https://biodiversity.org.au/afd/taxa/ba632bea-a7b4-4b60-bf89-d63128cad841,-16.899393,145.755153,2024-07-18T12:46:23Z,PRESENT,iNaturalist Australia,Acraea terpsicore
86,0ad95e1b-dde1-412a-b5de-7d85c57e00fc,Acraea terpsicore,https://biodiversity.org.au/afd/taxa/ba632bea-a7b4-4b60-bf89-d63128cad841,-22.593286,144.54698,2024-05-07T11:10:00Z,PRESENT,iNaturalist Australia,Acraea terpsicore
87,0b5ab531-8c86-403f-8e0e-b08d7627ce83,Acraea terpsicore,https://biodiversity.org.au/afd/taxa/ba632bea-a7b4-4b60-bf89-d63128cad841,-18.203889,142.245574,2023-06-23T10:07:00Z,PRESENT,iNaturalist Australia,Acraea terpsicore
88,0b836f9f-6c39-4ab0-85df-c2bdc35c0994,Acraea terpsicore,https://biodiversity.org.au/afd/taxa/ba632bea-a7b4-4b60-bf89-d63128cad841,-16.521982,144.898686,2022-07-12T00:00:00Z,PRESENT,iNaturalist Australia,Acraea terpsicore
89,0b8a7d08-d2eb-449a-90ad-760cd4de0f6c,Acraea terpsicore,https://biodiversity.org.au/afd/taxa/ba632bea-a7b4-4b60-bf89-d63128cad841,-16.56237,144.89715,2025-07-14T23:29:00Z,PRESENT,Butterflies Australia,Acraea terpsicore
90,0bf353c6-57eb-4e7a-97e0-2bedd621abd5,Acraea terpsicore,https://biodiversity.org.au/afd/taxa/ba632bea-a7b4-4b60-bf89-d63128cad841,-12.398056,130.895833,2013-01-12T00:00:00Z,PRESENT,Fauna Atlas N.T.,Acraea terpsicore
91,0c0011b9-c53a-4679-8e76-b95857336df0,Acraea terpsicore,https://biodiversity.org.au/afd/taxa/ba632bea-a7b4-4b60-bf89-d63128cad841,-16.747747,145.662376,2021-08-25T11:26:00Z,PRESENT,iNaturalist Australia,Acraea terpsicore
92,0c5cd040-d7d7-405d-9be7-d540b307f963,Acraea terpsicore,https://biodiversity.org.au/afd/taxa/ba632bea-a7b4-4b60-bf89-d63128cad841,-17.31234,145.58737,2022-03-10T10:15:00Z,PRESENT,Butterflies Australia,Acraea terpsicore
93,0c6bf5e3-4b88-49ee-bcac-65e7576a4d06,Acraea terpsicore,https://biodiversity.org.au/afd/taxa/ba632bea-a7b4-4b60-bf89-d63128cad841,-12.616667,131.1,2013-02-23T00:00:00Z,PRESENT,Fauna Atlas N.T.,Acraea terpsicore
94,0cc007d9-80c7-4970-8a3c-e9a5c45b64df,Acraea terpsicore,https://biodiversity.org.au/afd/taxa/ba632bea-a7b4-4b60-bf89-d63128cad841,-13.861688,136.81173,2022-05-13T11:17:00Z,PRESENT,iNaturalist Australia,Acraea terpsicore
95,0ce5626c-a307-4534-a057-873a646ca6c9,Acraea terpsicore,https://biodiversity.org.au/afd/taxa/ba632bea-a7b4-4b60-bf89-d63128cad841,-16.804134,145.56268,2021-08-11T13:55:00Z,PRESENT,iNaturalist Australia,Acraea terpsicore
96,0cfb7035-7754-4b98-8d51-28d6054396b9,Acraea terpsicore,https://biodiversity.org.au/afd/taxa/ba632bea-a7b4-4b60-bf89-d63128cad841,-17.66279,141.102225,2022-06-27T12:39:00Z,PRESENT,iNaturalist Australia,Acraea terpsicore
97,0d053991-23e3-43a1-89a2-69a0d72035e5,Acraea terpsicore,https://biodiversity.org.au/afd/taxa/ba632bea-a7b4-4b60-bf89-d63128cad841,-17.467,138.36415,2023-09-12T09:58:00Z,PRESENT,Butterflies Australia,Acraea terpsicore
98,0d0ea1c8-e1b2-4de3-b434-4aa2d34fc766,Acraea terpsicore,https://biodiversity.org.au/afd/taxa/ba632bea-a7b4-4b60-bf89-d63128cad841,-19.189867,146.773833,2024-06-06T16:10:29Z,PRESENT,iNaturalist Australia,Acraea terpsicore
99,0d0f6f00-8cae-4572-a3b3-e9ea4cb68c92,Acraea terpsicore,https://biodiversity.org.au/afd/taxa/ba632bea-a7b4-4b60-bf89-d63128cad841,-15.96831,128.02908,2013-04-20T00:00:00Z,PRESENT,Fauna Atlas N.T.,Acraea terpsicore
100,0d7627e4-a6b1-4135-96f4-7e6267057f80,Acraea terpsicore,https://biodiversity.org.au/afd/taxa/ba632bea-a7b4-4b60-bf89-d63128cad841,-13.80357,130.69643,2013-06-09T00:00:00Z,PRESENT,Northern Territory Museum and Art Gallery provider for OZCAM,Acraea terpsicore
101,0da5787a-83c3-4883-8c84-bb653ff0bc29,Acraea terpsicore,https://biodiversity.org.au/afd/taxa/ba632bea-a7b4-4b60-bf89-d63128cad841,-16.60022,144.25057,2025-07-22T03:11:00Z,PRESENT,Butterflies Australia,Acraea terpsicore
102,0dd430dd-f756-4310-b2a9-acea3979a6d2,Acraea terpsicore,https://biodiversity.org.au/afd/taxa/ba632bea-a7b4-4b60-bf89-d63128cad841,-18.301064,143.351473,2021-05-07T14:16:00Z,PRESENT,iNaturalist Australia,Acraea terpsicore
103,0dedbeb0-2c56-468d-aed6-e9b3c1d47fe7,Acraea terpsicore,https://biodiversity.org.au/afd/taxa/ba632bea-a7b4-4b60-bf89-d63128cad841,-17.95,122.233333,2015-09-26T00:00:00Z,PRESENT,Fauna Atlas N.T.,Acraea terpsicore
104,0df987d7-918e-44b6-984b-525488ac8c69,Acraea terpsicore,https://biodiversity.org.au/afd/taxa/ba632bea-a7b4-4b60-bf89-d63128cad841,-28.265242,153.57785,2022-03-12T09:41:02Z,PRESENT,iNaturalist Australia,Acraea terpsicore
105,0e1ec128-ce91-4eb6-bc24-5ca2c5f7f237,Acraea terpsicore,https://biodiversity.org.au/afd/taxa/ba632bea-a7b4-4b60-bf89-d63128cad841,-17.394103,123.989336,2023-09-12T07:38:24Z,PRESENT,Earth Guardians Weekly Feed,Acraea terpsicore
106,0e35385f-eefe-4010-aa16-2c9095784c22,Acraea terpsicore,https://biodiversity.org.au/afd/taxa/ba632bea-a7b4-4b60-bf89-d63128cad841,-17.374389999999998,144.8039,2025-06-09T02:48:00Z,PRESENT,Butterflies Australia,Acraea terpsicore
107,0e90c845-c999-4018-b56d-1c80f40c613d,Acraea terpsicore,https://biodiversity.org.au/afd/taxa/ba632bea-a7b4-4b60-bf89-d63128cad841,-12.330917,136.933806,2014-09-09T00:00:00Z,PRESENT,Fauna Atlas N.T.,Acraea terpsicore
108,0ea39230-f4ce-429e-8d55-267c12d850b8,Acraea terpsicore,https://biodiversity.org.au/afd/taxa/ba632bea-a7b4-4b60-bf89-d63128cad841,-17.976234,122.179337,2023-04-30T13:28:00Z,PRESENT,iNaturalist Australia,Acraea terpsicore
109,0eed95a2-0d6c-4cd1-99bb-51184957742c,Acraea terpsicore,https://biodiversity.org.au/afd/taxa/ba632bea-a7b4-4b60-bf89-d63128cad841,-12.38023,130.99432,2013-12-12T00:00:00Z,PRESENT,Fauna Atlas N.T.,Acraea terpsicore
110,0f207737-9e7e-43e7-a35f-62334bdd3464,Acraea terpsicore,https://biodiversity.org.au/afd/taxa/ba632bea-a7b4-4b60-bf89-d63128cad841,-27.341651,152.929,2021-03-21T11:44:00Z,PRESENT,Earth Guardians Weekly Feed,Acraea terpsicore
111,0f2ee94a-bec6-456d-bd44-56a518e014b6,Acraea terpsicore,https://biodiversity.org.au/afd/taxa/ba632bea-a7b4-4b60-bf89-d63128cad841,-16.499686,145.002245,2019-08-17T20:26:00Z,PRESENT,iNaturalist Australia,Acraea terpsicore
112,0f3323b7-0362-47bd-9159-83d1a7ded6e3,Acraea terpsicore,https://biodiversity.org.au/afd/taxa/ba632bea-a7b4-4b60-bf89-d63128cad841,-20.3456,144.4567,2022-09-22T10:30:00Z,PRESENT,Butterflies Australia,Acraea terpsicore
113,0f51d53e-dc1f-404d-84ab-fd29a3d4a1cf,Acraea terpsicore,https://biodiversity.org.au/afd/taxa/ba632bea-a7b4-4b60-bf89-d63128cad841,-16.52877,145.112836,2025-05-24T14:53:00Z,PRESENT,iNaturalist Australia,Acraea terpsicore
114,0f9caba6-b76a-49c7-8e86-43aed438d996,Acraea terpsicore,https://biodiversity.org.au/afd/taxa/ba632bea-a7b4-4b60-bf89-d63128cad841,-27.485657,152.954174,2024-03-18T11:46:56Z,PRESENT,iNaturalist Australia,Acraea terpsicore
115,0fba7054-29a5-4b94-a5fc-eed5614d98d8,Acraea terpsicore,https://biodiversity.org.au/afd/taxa/ba632bea-a7b4-4b60-bf89-d63128cad841,-25.855164,152.699987,2022-05-08T11:53:00Z,PRESENT,iNaturalist Australia,Acraea terpsicore
116,103e627a-52aa-4887-b02d-e2ff5f689d18,Acraea terpsicore,https://biodiversity.org.au/afd/taxa/ba632bea-a7b4-4b60-bf89-d63128cad841,-19.257832,145.917639,2025-06-12T15:00:00Z,PRESENT,iNaturalist Australia,Acraea terpsicore
117,1067019d-a696-49f1-a553-69f2c04b854d,Acraea terpsicore,https://biodiversity.org.au/afd/taxa/ba632bea-a7b4-4b60-bf89-d63128cad841,-14.3173,132.4553,2014-04-15T00:00:00Z,PRESENT,Fauna Atlas N.T.,Acraea terpsicore
118,106dda2a-e03a-4e31-a911-32be373e2177,Acraea terpsicore,https://biodiversity.org.au/afd/taxa/ba632bea-a7b4-4b60-bf89-d63128cad841,-19.259863,146.808822,2025-08-18T13:33:01Z,PRESENT,iNaturalist Australia,Acraea terpsicore
119,10a9e2ee-07ee-4e19-a11b-0574cdd931c6,Acraea terpsicore,https://biodiversity.org.au/afd/taxa/ba632bea-a7b4-4b60-bf89-d63128cad841,-17.3788,145.38465,2025-05-28T10:00:00Z,PRESENT,Butterflies Australia,Acraea terpsicore
120,10b93231-6f74-48d2-aa42-f10dce5b638c,Acraea terpsicore,https://biodiversity.org.au/afd/taxa/ba632bea-a7b4-4b60-bf89-d63128cad841,-26.955751,152.949014,2025-01-28T13:07:00Z,PRESENT,iNaturalist Australia,Acraea terpsicore
121,10bd1c1a-e066-435f-bfb0-d270d95f8d71,Acraea terpsicore,https://biodiversity.org.au/afd/taxa/ba632bea-a7b4-4b60-bf89-d63128cad841,-17.072694,125.312274,2019-06-28T09:16:00Z,PRESENT,iNaturalist Australia,Acraea terpsicore
122,10dffa40-2488-480c-a7a2-3fa77a4f061b,Acraea terpsicore,https://biodiversity.org.au/afd/taxa/ba632bea-a7b4-4b60-bf89-d63128cad841,-12.41333,130.92194,2013-12-17T00:00:00Z,PRESENT,Fauna Atlas N.T.,Acraea terpsicore
123,11043018-d5ed-4130-93e4-259256ffbd0f,Acraea terpsicore,https://biodiversity.org.au/afd/taxa/ba632bea-a7b4-4b60-bf89-d63128cad841,-12.553333,131.080833,2013-02-02T00:00:00Z,PRESENT,Fauna Atlas N.T.,Acraea terpsicore
124,1148e04f-6f5b-4a24-80fb-5b46938757b7,Acraea terpsicore,https://biodiversity.org.au/afd/taxa/ba632bea-a7b4-4b60-bf89-d63128cad841,-12.683333,131.083333,2013-02-05T00:00:00Z,PRESENT,Fauna Atlas N.T.,Acraea terpsicore
125,1167f7d1-4854-4db2-ba1b-cab34b00fe73,Acraea terpsicore,https://biodiversity.org.au/afd/taxa/ba632bea-a7b4-4b60-bf89-d63128cad841,-13.43555,132.41565,2013-03-26T00:00:00Z,PRESENT,Fauna Atlas N.T.,Acraea terpsicore
126,116f18e1-6933-465b-a365-fde43b760332,Acraea terpsicore,https://biodiversity.org.au/afd/taxa/ba632bea-a7b4-4b60-bf89-d63128cad841,-16.499624,145.001302,2017-05-08T09:33:32Z,PRESENT,iNaturalist Australia,Acraea terpsicore
127,1187562b-73db-480b-8e04-a6fd2979eddb,Acraea terpsicore,https://biodiversity.org.au/afd/taxa/ba632bea-a7b4-4b60-bf89-d63128cad841,-25.560326,152.681231,2025-12-26T10:08:00Z,PRESENT,iNaturalist Australia,Acraea terpsicore
128,11a60cb8-ae2f-4192-8a33-c04868bb33b5,Acraea terpsicore,https://biodiversity.org.au/afd/taxa/ba632bea-a7b4-4b60-bf89-d63128cad841,-27.485577,152.954153,2022-01-11T11:39:00Z,PRESENT,iNaturalist Australia,Acraea terpsicore
129,11cbf1c7-6841-4b8e-9550-e7f797a9f371,Acraea terpsicore,https://biodiversity.org.au/afd/taxa/ba632bea-a7b4-4b60-bf89-d63128cad841,-12.63838,141.859102,2022-09-04T11:47:00Z,PRESENT,iNaturalist Australia,Acraea terpsicore
130,11cfd57d-ce02-4440-9e8e-28aefdf2be33,Acraea terpsicore,https://biodiversity.org.au/afd/taxa/ba632bea-a7b4-4b60-bf89-d63128cad841,-19.39452,146.736542,2024-08-14T00:00:00Z,PRESENT,iNaturalist Australia,Acraea terpsicore
131,11fc230c-ab54-4bd1-9226-5b6de90ce996,Acraea terpsicore,https://biodiversity.org.au/afd/taxa/ba632bea-a7b4-4b60-bf89-d63128cad841,-17.613428,145.482405,2026-02-17T13:20:57Z,PRESENT,iNaturalist Australia,Acraea terpsicore
132,120f8117-3ab0-4f59-bb64-2b9711cad39e,Acraea terpsicore,https://biodiversity.org.au/afd/taxa/ba632bea-a7b4-4b60-bf89-d63128cad841,-19.496964,146.299115,2017-07-29T00:00:00Z,PRESENT,BowerBird,Acraea terpsicore
133,1256919b-df6e-41f8-942f-86b966a09c87,Acraea terpsicore,https://biodiversity.org.au/afd/taxa/ba632bea-a7b4-4b60-bf89-d63128cad841,-19.298787,146.78064,2021-08-05T12:03:00Z,PRESENT,iNaturalist Australia,Acraea terpsicore
134,126319d6-3280-43b7-b8b0-af2d7b21a6ab,Acraea terpsicore,https://biodiversity.org.au/afd/taxa/ba632bea-a7b4-4b60-bf89-d63128cad841,-16.485753,145.468037,2025-12-25T11:44:57Z,PRESENT,iNaturalist Australia,Acraea terpsicore
135,12a6f7a0-cc72-48d3-ae12-a0ba30cd73d6,Acraea terpsicore,https://biodiversity.org.au/afd/taxa/ba632bea-a7b4-4b60-bf89-d63128cad841,-25.286077,152.758412,2026-02-18T14:56:00Z,PRESENT,iNaturalist Australia,Acraea terpsicore
136,12b71263-1ff3-491b-8af8-42fb6e62387b,Acraea terpsicore,https://biodiversity.org.au/afd/taxa/ba632bea-a7b4-4b60-bf89-d63128cad841,-12.429117,130.747846,2021-05-26T12:27:00Z,PRESENT,iNaturalist Australia,Acraea terpsicore
137,12b73232-3f00-4caf-92c9-0fda720a14f2,Acraea terpsicore,https://biodiversity.org.au/afd/taxa/ba632bea-a7b4-4b60-bf89-d63128cad841,-18.626146,145.874765,2025-08-19T12:57:02Z,PRESENT,iNaturalist Australia,Acraea terpsicore
138,12d11e90-e26e-4b08-b87f-414fad9797b1,Acraea terpsicore,https://biodiversity.org.au/afd/taxa/ba632bea-a7b4-4b60-bf89-d63128cad841,-19.256127,146.804361,2022-07-12T17:32:00Z,PRESENT,iNaturalist Australia,Acraea terpsicore
139,136cdb98-ddb5-48e2-8027-cb83d347b826,Acraea terpsicore,https://biodiversity.org.au/afd/taxa/ba632bea-a7b4-4b60-bf89-d63128cad841,-13.943564,131.248362,2016-05-09T00:00:00Z,PRESENT,iNaturalist Australia,Acraea terpsicore
140,13b4bc54-c802-41a5-8084-c4ede0cdc2d5,Acraea terpsicore,https://biodiversity.org.au/afd/taxa/ba632bea-a7b4-4b60-bf89-d63128cad841,-18.194352,144.569619,2025-05-25T11:41:00Z,PRESENT,iNaturalist Australia,Acraea terpsicore
141,13d800c5-30a8-4a2e-83b0-76f53491a634,Acraea terpsicore,https://biodiversity.org.au/afd/taxa/ba632bea-a7b4-4b60-bf89-d63128cad841,-19.258963,146.816948,2025-06-23T16:03:00Z,PRESENT,iNaturalist Australia,Acraea terpsicore
142,13f4b7fe-dfcc-4bb0-9c02-2ae5ff99847c,Acraea terpsicore,https://biodiversity.org.au/afd/taxa/ba632bea-a7b4-4b60-bf89-d63128cad841,-12.375,130.896667,2013-01-04T00:00:00Z,PRESENT,Fauna Atlas N.T.,Acraea terpsicore
143,141184cd-28b3-4700-a05a-4a53e03e0cbc,Acraea terpsicore,https://biodiversity.org.au/afd/taxa/ba632bea-a7b4-4b60-bf89-d63128cad841,-24.849728,152.327718,2024-07-21T12:23:00Z,PRESENT,iNaturalist Australia,Acraea terpsicore
144,142f8146-4b7f-41d0-ae07-4907f18a8bb6,Acraea terpsicore,https://biodiversity.org.au/afd/taxa/ba632bea-a7b4-4b60-bf89-d63128cad841,-30.276372,153.131694,2025-12-14T11:04:33Z,PRESENT,iNaturalist Australia,Acraea terpsicore
145,144b2b9a-ad16-455f-8ba1-6c69303695b1,Acraea terpsicore,https://biodiversity.org.au/afd/taxa/ba632bea-a7b4-4b60-bf89-d63128cad841,-13.69162,132.02452,2013-06-08T00:00:00Z,PRESENT,Fauna Atlas N.T.,Acraea terpsicore
146,145845fc-60a9-4bec-9730-3ee0e7b4a1ab,Acraea terpsicore,https://biodiversity.org.au/afd/taxa/ba632bea-a7b4-4b60-bf89-d63128cad841,-19.15003,146.86787,2017-07-20T00:00:00Z,PRESENT,WildNet - Queensland Wildlife Data,Acraea terpsicore
147,147f2dd3-a060-437d-a11a-51e94ecc8492,Acraea terpsicore,https://biodiversity.org.au/afd/taxa/ba632bea-a7b4-4b60-bf89-d63128cad841,-19.20162,146.75263,2023-01-01T16:31:29Z,PRESENT,iNaturalist Australia,Acraea terpsicore
148,14e8ae23-17f2-41a7-8292-7fa7c28e69f2,Acraea terpsicore,https://biodiversity.org.au/afd/taxa/ba632bea-a7b4-4b60-bf89-d63128cad841,-18.655825,146.149556,2020-10-22T13:35:00Z,PRESENT,iNaturalist Australia,Acraea terpsicore
149,14f21c2d-adc6-4c34-a90b-db2efef771c9,Acraea terpsicore,https://biodiversity.org.au/afd/taxa/ba632bea-a7b4-4b60-bf89-d63128cad841,-12.433333,130.95,2013-12-04T00:00:00Z,PRESENT,Fauna Atlas N.T.,Acraea terpsicore
150,15172121-5675-47b3-9937-ddaa7ac9f1cb,Acraea terpsicore,https://biodiversity.org.au/afd/taxa/ba632bea-a7b4-4b60-bf89-d63128cad841,-14.31803,132.42026,2014-04-14T00:00:00Z,PRESENT,Fauna Atlas N.T.,Acraea terpsicore
151,152d3172-a3f9-49f6-aaae-032a9d3fb714,Acraea terpsicore,https://biodiversity.org.au/afd/taxa/ba632bea-a7b4-4b60-bf89-d63128cad841,-19.97074,148.067871,2022-08-18T10:16:00Z,PRESENT,iNaturalist Australia,Acraea terpsicore
152,156d2304-7ccd-4420-b305-56d6b6261ce8,Acraea terpsicore,https://biodiversity.org.au/afd/taxa/ba632bea-a7b4-4b60-bf89-d63128cad841,-16.112444,130.422056,2015-05-25T00:00:00Z,PRESENT,Fauna Atlas N.T.,Acraea terpsicore
153,15b39a74-e96c-4236-be1b-eff323eeef5a,Acraea terpsicore,https://biodiversity.org.au/afd/taxa/ba632bea-a7b4-4b60-bf89-d63128cad841,-18.290475,143.549378,2025-07-19T15:13:16Z,PRESENT,iNaturalist Australia,Acraea terpsicore
154,15eb3557-a4b5-40a9-b31c-2a05bf6d2908,Acraea terpsicore,https://biodiversity.org.au/afd/taxa/ba632bea-a7b4-4b60-bf89-d63128cad841,-12.031443,135.566286,2025-02-18T18:00:00Z,PRESENT,iNaturalist Australia,Acraea terpsicore
155,15f6f4ce-487c-4e47-90b7-5f8e4d850c1b,Acraea terpsicore,https://biodiversity.org.au/afd/taxa/ba632bea-a7b4-4b60-bf89-d63128cad841,-12.41333,130.92194,2013-01-25T00:00:00Z,PRESENT,Fauna Atlas N.T.,Acraea terpsicore
156,16045f70-e831-4e6a-baba-01d727c39090,Acraea terpsicore,https://biodiversity.org.au/afd/taxa/ba632bea-a7b4-4b60-bf89-d63128cad841,-17.81521,144.39043,2024-08-20T12:31:00Z,PRESENT,iNaturalist Australia,Acraea terpsicore
157,16143d1c-1136-448b-bf1c-c11ff1bb7b34,Acraea terpsicore,https://biodiversity.org.au/afd/taxa/ba632bea-a7b4-4b60-bf89-d63128cad841,-16.575256,145.184803,2023-07-20T12:12:00Z,PRESENT,iNaturalist Australia,Acraea terpsicore
158,163e27ce-d105-4355-a782-ee8b2beba855,Acraea terpsicore,https://biodiversity.org.au/afd/taxa/ba632bea-a7b4-4b60-bf89-d63128cad841,-13.80357,130.69643,2013-06-09T00:00:00Z,PRESENT,Northern Territory Museum and Art Gallery provider for OZCAM,Acraea terpsicore
159,1645c885-7f62-40e0-9c39-7765f718ff4d,Acraea terpsicore,https://biodiversity.org.au/afd/taxa/ba632bea-a7b4-4b60-bf89-d63128cad841,-13.98175,127.17274,2013-06-14T00:00:00Z,PRESENT,Fauna Atlas N.T.,Acraea terpsicore
160,166d93a5-188d-49c2-bc32-e33794926a39,Acraea terpsicore,https://biodiversity.org.au/afd/taxa/ba632bea-a7b4-4b60-bf89-d63128cad841,-20.272128,148.72233,2021-08-10T11:44:00Z,PRESENT,iNaturalist Australia,Acraea terpsicore
161,1674ddae-333c-4565-bbef-b2b7023fde67,Acraea terpsicore,https://biodiversity.org.au/afd/taxa/ba632bea-a7b4-4b60-bf89-d63128cad841,-10.57826,142.2301,2023-02-17T13:08:00Z,PRESENT,Butterflies Australia,Acraea terpsicore
162,16b649c2-e43f-43d4-89e0-569b895e595d,Acraea terpsicore,https://biodiversity.org.au/afd/taxa/ba632bea-a7b4-4b60-bf89-d63128cad841,-15.99668,127.98529,2013-04-19T00:00:00Z,PRESENT,Fauna Atlas N.T.,Acraea terpsicore
163,16be9166-06d6-43b1-b062-15d013b8dc8e,Acraea terpsicore,https://biodiversity.org.au/afd/taxa/ba632bea-a7b4-4b60-bf89-d63128cad841,-16.119,128.739,2013-05-19T00:00:00Z,PRESENT,"Observation.org, Nature data from around the World",Acraea terpsicore
164,16e354b1-6920-48b7-b5d8-813df5269986,Acraea terpsicore,https://biodiversity.org.au/afd/taxa/ba632bea-a7b4-4b60-bf89-d63128cad841,-19.1358,143.4721,2022-05-04T00:00:00Z,PRESENT,Queensland Museum provider for OZCAM,Acraea terpsicore
165,16f6e139-5cf3-42c8-a4b4-ec0423c52f97,Acraea terpsicore,https://biodiversity.org.au/afd/taxa/ba632bea-a7b4-4b60-bf89-d63128cad841,-14.04389,127.3203,2015-06-01T00:00:00Z,PRESENT,Fauna Atlas N.T.,Acraea terpsicore
166,16ffa468-3fd5-4bdf-b0c5-8af3fe1c69e8,Acraea terpsicore,https://biodiversity.org.au/afd/taxa/ba632bea-a7b4-4b60-bf89-d63128cad841,-16.51874,145.103369,2019-08-18T10:40:00Z,PRESENT,iNaturalist Australia,Acraea terpsicore
167,17636ddb-18bf-4eb9-8289-307e6d267a7f,Acraea terpsicore,https://biodiversity.org.au/afd/taxa/ba632bea-a7b4-4b60-bf89-d63128cad841,-12.763548,143.286777,2023-07-13T09:39:00Z,PRESENT,iNaturalist Australia,Acraea terpsicore
168,176a6fda-c213-4edb-897e-a38a8a4d076a,Acraea terpsicore,https://biodiversity.org.au/afd/taxa/ba632bea-a7b4-4b60-bf89-d63128cad841,-12.575,131.1,2013-02-14T00:00:00Z,PRESENT,Fauna Atlas N.T.,Acraea terpsicore
169,17907161-b9dd-4b7c-8ea4-3e59dd2e9e02,Acraea terpsicore,https://biodiversity.org.au/afd/taxa/ba632bea-a7b4-4b60-bf89-d63128cad841,-12.993269,131.747655,2020-05-16T10:52:45Z,PRESENT,iNaturalist Australia,Acraea terpsicore
170,179df240-d170-4add-a07b-7f1db58560a6,Acraea terpsicore,https://biodiversity.org.au/afd/taxa/ba632bea-a7b4-4b60-bf89-d63128cad841,-12.483333,130.966667,2013-01-26T00:00:00Z,PRESENT,Fauna Atlas N.T.,Acraea terpsicore
171,179e826f-51e8-4135-b923-50823479b5d3,Acraea terpsicore,https://biodiversity.org.au/afd/taxa/ba632bea-a7b4-4b60-bf89-d63128cad841,-20.92465,149.04829,2020-03-08T15:32:00Z,PRESENT,Butterflies Australia,Acraea terpsicore
172,18000ade-2eaf-4ac8-9b77-2c11795903d2,Acraea terpsicore,https://biodiversity.org.au/afd/taxa/ba632bea-a7b4-4b60-bf89-d63128cad841,-17.9442,122.228885,2023-04-29T10:18:00Z,PRESENT,iNaturalist Australia,Acraea terpsicore
173,1816aa16-4096-4ed9-a339-8c29855d6d2d,Acraea terpsicore,https://biodiversity.org.au/afd/taxa/ba632bea-a7b4-4b60-bf89-d63128cad841,-27.52998,152.62393,2022-05-23T08:08:10Z,PRESENT,iNaturalist Australia,Acraea terpsicore
174,183842b8-602f-4875-90c5-79319c51f324,Acraea terpsicore,https://biodiversity.org.au/afd/taxa/ba632bea-a7b4-4b60-bf89-d63128cad841,-19.234433,146.78307,2023-06-28T09:46:36Z,PRESENT,iNaturalist Australia,Acraea terpsicore
175,1849c228-6e51-4404-94b4-2e6287dfdec8,Acraea terpsicore,https://biodiversity.org.au/afd/taxa/ba632bea-a7b4-4b60-bf89-d63128cad841,-21.4471,148.5311,2022-10-26T08:30:00Z,PRESENT,Butterflies Australia,Acraea terpsicore
176,18a5cb99-c5c0-49f2-b781-53774f50fa6f,Acraea terpsicore,https://biodiversity.org.au/afd/taxa/ba632bea-a7b4-4b60-bf89-d63128cad841,-12.786667,130.977222,2013-04-02T00:00:00Z,PRESENT,Fauna Atlas N.T.,Acraea terpsicore
177,18bfacbb-3448-4caf-8626-e32b87ffa968,Acraea terpsicore,https://biodiversity.org.au/afd/taxa/ba632bea-a7b4-4b60-bf89-d63128cad841,-18.499875,143.436955,2021-05-16T03:58:00Z,PRESENT,iNaturalist Australia,Acraea terpsicore
178,18e2ffdf-9150-4754-acb2-9050419a4fea,Acraea terpsicore,https://biodiversity.org.au/afd/taxa/ba632bea-a7b4-4b60-bf89-d63128cad841,-17.599,145.5523,2021-04-16T11:00:00Z,PRESENT,Butterflies Australia,Acraea terpsicore
179,18e4ee51-85b6-4ee4-ace9-695acc0e6802,Acraea terpsicore,https://biodiversity.org.au/afd/taxa/ba632bea-a7b4-4b60-bf89-d63128cad841,-15.96831,128.02908,2013-04-20T00:00:00Z,PRESENT,Fauna Atlas N.T.,Acraea terpsicore
180,194e72f0-a772-45aa-8777-f25765cb2695,Acraea terpsicore,https://biodiversity.org.au/afd/taxa/ba632bea-a7b4-4b60-bf89-d63128cad841,-18.641211,146.035172,2018-09-06T10:07:00Z,PRESENT,iNaturalist Australia,Acraea terpsicore
181,1952cdba-5ad9-4250-ada6-5e72d982c37d,Acraea terpsicore,https://biodiversity.org.au/afd/taxa/ba632bea-a7b4-4b60-bf89-d63128cad841,-10.574478,142.228041,2022-07-15T10:23:00Z,PRESENT,iNaturalist Australia,Acraea terpsicore
182,19a360c9-9c8b-45da-b603-25060acc82b6,Acraea terpsicore,https://biodiversity.org.au/afd/taxa/ba632bea-a7b4-4b60-bf89-d63128cad841,-27.485827,152.952802,2022-02-06T11:52:35Z,PRESENT,iNaturalist Australia,Acraea terpsicore
183,19a80589-de69-4e60-83a4-01f71f32055b,Acraea terpsicore,https://biodiversity.org.au/afd/taxa/ba632bea-a7b4-4b60-bf89-d63128cad841,-18.201799,144.573575,2025-08-21T12:18:00Z,PRESENT,iNaturalist Australia,Acraea terpsicore
184,19b5829e-a974-4926-9e2b-a33dec8b6e5b,Acraea terpsicore,https://biodiversity.org.au/afd/taxa/ba632bea-a7b4-4b60-bf89-d63128cad841,-12.467336,130.847172,2025-08-29T10:21:05Z,PRESENT,iNaturalist Australia,Acraea terpsicore
185,19c3c1ec-dcf3-4907-8872-ec4bdf50b691,Acraea terpsicore,https://biodiversity.org.au/afd/taxa/ba632bea-a7b4-4b60-bf89-d63128cad841,-21.53216,146.85949,2024-09-04T05:08:00Z,PRESENT,Butterflies Australia,Acraea terpsicore
186,1a23be17-3347-410d-a37a-945b10cbc586,Acraea terpsicore,https://biodiversity.org.au/afd/taxa/ba632bea-a7b4-4b60-bf89-d63128cad841,-14.4828,127.6717,2015-05-15T00:00:00Z,PRESENT,Fauna Atlas N.T.,Acraea terpsicore
187,1a3216fe-495d-4f0f-b20f-f316f8a0cf90,Acraea terpsicore,https://biodiversity.org.au/afd/taxa/ba632bea-a7b4-4b60-bf89-d63128cad841,-30.176836,153.185728,2021-02-02T15:20:00Z,PRESENT,iNaturalist Australia,Acraea terpsicore
188,1a48d6c4-bf76-4f44-bfb8-a93563e39b9a,Acraea terpsicore,https://biodiversity.org.au/afd/taxa/ba632bea-a7b4-4b60-bf89-d63128cad841,-19.279342,146.726868,2021-06-13T00:04:00Z,PRESENT,NatureMapr,Acraea terpsicore
189,1a761345-33ac-4d11-8a3c-60d786d4d1a2,Acraea terpsicore,https://biodiversity.org.au/afd/taxa/ba632bea-a7b4-4b60-bf89-d63128cad841,-19.17697,146.838176,2017-05-21T00:42:36Z,PRESENT,ALA species sightings and OzAtlas,Acraea terpsicore
190,1a7e805f-ea21-437e-8ffd-1219dd9553dc,Acraea terpsicore,https://biodiversity.org.au/afd/taxa/ba632bea-a7b4-4b60-bf89-d63128cad841,-16.96726,144.31008,2025-06-09T23:33:00Z,PRESENT,Butterflies Australia,Acraea terpsicore
191,1a7fc233-359e-40ff-ba90-6718801b3586,Acraea terpsicore,https://biodiversity.org.au/afd/taxa/ba632bea-a7b4-4b60-bf89-d63128cad841,-12.485016,130.86461,2025-05-15T20:22:41Z,PRESENT,iNaturalist Australia,Acraea terpsicore
192,1a9bc718-72f8-4b2d-ab7f-11a7a4b85530,Acraea terpsicore,https://biodiversity.org.au/afd/taxa/ba632bea-a7b4-4b60-bf89-d63128cad841,-12.331667,130.894444,2014-03-02T00:00:00Z,PRESENT,Fauna Atlas N.T.,Acraea terpsicore
193,1aa11841-2d6c-43a8-92b5-b741f8c4ef2a,Acraea terpsicore,https://biodiversity.org.au/afd/taxa/ba632bea-a7b4-4b60-bf89-d63128cad841,-17.600091,145.551715,2022-03-05T09:45:00Z,PRESENT,Butterflies Australia,Acraea terpsicore
194,1ab18687-d4d0-488c-87ec-abcfb10488dc,Acraea terpsicore,https://biodiversity.org.au/afd/taxa/ba632bea-a7b4-4b60-bf89-d63128cad841,-17.10392,131.52442,2018-09-15T00:00:00Z,PRESENT,Northern Territory Museum and Art Gallery provider for OZCAM,Acraea terpsicore
195,1ae37152-2d83-46f1-8207-07cce5f65df4,Acraea terpsicore,https://biodiversity.org.au/afd/taxa/ba632bea-a7b4-4b60-bf89-d63128cad841,-16.29039,127.197061,2024-07-11T05:39:00Z,PRESENT,Butterflies Australia,Acraea terpsicore
196,1b170fe5-cc2c-4825-9551-219fd24f0044,Acraea terpsicore,https://biodiversity.org.au/afd/taxa/ba632bea-a7b4-4b60-bf89-d63128cad841,-17.5417,145.51925,2018-11-01T00:00:00Z,PRESENT,WildNet - Queensland Wildlife Data,Acraea terpsicore
197,1b8632b4-8a6d-445e-b7e5-9a04a9d4c0c0,Acraea terpsicore,https://biodiversity.org.au/afd/taxa/ba632bea-a7b4-4b60-bf89-d63128cad841,-19.067168,146.593364,2025-04-20T10:27:05Z,PRESENT,iNaturalist Australia,Acraea terpsicore
198,1bb5f39a-3294-412a-b1e5-25ccb6466e29,Acraea terpsicore,https://biodiversity.org.au/afd/taxa/ba632bea-a7b4-4b60-bf89-d63128cad841,-12.467,131.068,2013-02-17T00:00:00Z,PRESENT,Fauna Atlas N.T.,Acraea terpsicore
199,1bd77a66-c761-406f-9e5d-1fdbbae28e01,Acraea terpsicore,https://biodiversity.org.au/afd/taxa/ba632bea-a7b4-4b60-bf89-d63128cad841,-12.331667,130.894444,2013-01-12T00:00:00Z,PRESENT,Fauna Atlas N.T.,Acraea terpsicore
200,1be0b230-192b-4771-b9b6-a83ec133d7f8,Acraea terpsicore,https://biodiversity.org.au/afd/taxa/ba632bea-a7b4-4b60-bf89-d63128cad841,-18.654638,146.1501,2017-07-15T11:47:00Z,PRESENT,iNaturalist Australia,Acraea terpsicore
201,1c51a4e1-b30b-4d28-beeb-dbd5e841536c,Acraea terpsicore,https://biodiversity.org.au/afd/taxa/ba632bea-a7b4-4b60-bf89-d63128cad841,-12.43777,130.83377,2015-08-18T00:00:00Z,PRESENT,Fauna Atlas N.T.,Acraea terpsicore
202,1c6f5c8c-8ce8-44e3-b51a-239c35d0715e,Acraea terpsicore,https://biodiversity.org.au/afd/taxa/ba632bea-a7b4-4b60-bf89-d63128cad841,-12.41333,130.92195,2013-02-01T00:00:00Z,PRESENT,Northern Territory Museum and Art Gallery provider for OZCAM,Acraea terpsicore
203,1ce9c095-81e2-42b9-b5a3-b1c759a95283,Acraea terpsicore,https://biodiversity.org.au/afd/taxa/ba632bea-a7b4-4b60-bf89-d63128cad841,-21.011004,149.155976,2025-06-29T12:02:12Z,PRESENT,iNaturalist Australia,Acraea terpsicore
204,1cecd508-332e-4faf-a620-dac3692cffef,Acraea terpsicore,https://biodiversity.org.au/afd/taxa/ba632bea-a7b4-4b60-bf89-d63128cad841,-25.493159,148.814269,2021-02-11T12:01:00Z,PRESENT,iNaturalist Australia,Acraea terpsicore
205,1cfa6271-7c78-463a-b8d9-fa3e057f9a48,Acraea terpsicore,https://biodiversity.org.au/afd/taxa/ba632bea-a7b4-4b60-bf89-d63128cad841,-19.242884,146.80573,2019-04-19T13:56:00Z,PRESENT,iNaturalist Australia,Acraea terpsicore
206,1d39c681-cd46-40a1-8586-3571033b2cec,Acraea terpsicore,https://biodiversity.org.au/afd/taxa/ba632bea-a7b4-4b60-bf89-d63128cad841,-12.868088,131.628353,2025-06-09T11:18:00Z,PRESENT,iNaturalist Australia,Acraea terpsicore
207,1d5b57db-8730-4356-99ce-3ec917bb5240,Acraea terpsicore,https://biodiversity.org.au/afd/taxa/ba632bea-a7b4-4b60-bf89-d63128cad841,-16.933199,145.728593,2017-03-31T00:00:00Z,PRESENT,BowerBird,Acraea terpsicore
208,1d7f87c2-58e4-44e6-a979-7b345f55aa40,Acraea terpsicore,https://biodiversity.org.au/afd/taxa/ba632bea-a7b4-4b60-bf89-d63128cad841,-19.300922,146.75715,2025-03-03T12:54:00Z,PRESENT,iNaturalist Australia,Acraea terpsicore
209,1dbd51e5-a3ae-448a-b4ac-2cc93e0bf8b2,Acraea terpsicore,https://biodiversity.org.au/afd/taxa/ba632bea-a7b4-4b60-bf89-d63128cad841,-12.838333,131.133611,2013-03-16T00:00:00Z,PRESENT,Fauna Atlas N.T.,Acraea terpsicore
210,1dc180b5-3174-4106-a683-4fabdf00da25,Acraea terpsicore,https://biodiversity.org.au/afd/taxa/ba632bea-a7b4-4b60-bf89-d63128cad841,-20.786049,140.730066,2025-09-28T09:58:00Z,PRESENT,iNaturalist Australia,Acraea terpsicore
211,1dc4c5fb-dbde-4fc6-bf71-5b5be9db076a,Acraea terpsicore,https://biodiversity.org.au/afd/taxa/ba632bea-a7b4-4b60-bf89-d63128cad841,-12.41333,130.92195,2013-01-09T00:00:00Z,PRESENT,Northern Territory Museum and Art Gallery provider for OZCAM,Acraea terpsicore
212,1dca0530-04a5-4664-8576-cedf7f127fa6,Acraea terpsicore,https://biodiversity.org.au/afd/taxa/ba632bea-a7b4-4b60-bf89-d63128cad841,-12.906384,131.651784,2023-02-06T10:48:00Z,PRESENT,iNaturalist Australia,Acraea terpsicore
213,1de81bcb-6e4d-487f-815b-fbd4a5830589,Acraea terpsicore,https://biodiversity.org.au/afd/taxa/ba632bea-a7b4-4b60-bf89-d63128cad841,-15.432198,128.129762,2025-08-03T10:45:00Z,PRESENT,iNaturalist Australia,Acraea terpsicore
214,1e2519b4-b109-4cf8-874f-5c939ecb670e,Acraea terpsicore,https://biodiversity.org.au/afd/taxa/ba632bea-a7b4-4b60-bf89-d63128cad841,-17.06017,145.474377,2022-03-21T11:36:00Z,PRESENT,iNaturalist Australia,Acraea terpsicore
215,1e368358-3944-487a-890c-2757c9ebc13b,Acraea terpsicore,https://biodiversity.org.au/afd/taxa/ba632bea-a7b4-4b60-bf89-d63128cad841,-13.352662,141.720642,2025-03-03T18:04:43Z,PRESENT,iNaturalist Australia,Acraea terpsicore
216,1e59e4b8-aeb6-488f-9edf-3c8eeb2ed465,Acraea terpsicore,https://biodiversity.org.au/afd/taxa/ba632bea-a7b4-4b60-bf89-d63128cad841,-19.329631,146.745672,2024-06-03T12:04:00Z,PRESENT,iNaturalist Australia,Acraea terpsicore
217,1eccaf5a-6393-423f-9d9b-0beac7424ebf,Acraea terpsicore,https://biodiversity.org.au/afd/taxa/ba632bea-a7b4-4b60-bf89-d63128cad841,-16.0717,127.1633,2014-06-02T00:00:00Z,PRESENT,Fauna Atlas N.T.,Acraea terpsicore
218,1edf2aca-94d7-4157-ab37-030bf09c29cf,Acraea terpsicore,https://biodiversity.org.au/afd/taxa/ba632bea-a7b4-4b60-bf89-d63128cad841,-19.280461,146.733498,2023-11-04T14:02:00Z,PRESENT,iNaturalist Australia,Acraea terpsicore
219,1f7ab863-58cf-4d8b-a8b6-3c0b1d70e00b,Acraea terpsicore,https://biodiversity.org.au/afd/taxa/ba632bea-a7b4-4b60-bf89-d63128cad841,-18.26792,146.02852,2026-02-22T00:17:22Z,PRESENT,iNaturalist Australia,Acraea terpsicore
220,1f8d982b-6e6a-4d51-9cbc-8507859c5a1a,Acraea terpsicore,https://biodiversity.org.au/afd/taxa/ba632bea-a7b4-4b60-bf89-d63128cad841,-19.260175,146.809315,2025-06-28T15:06:00Z,PRESENT,iNaturalist Australia,Acraea terpsicore
221,1fc1f474-c40a-414b-9c2a-1bb20c1f0e37,Acraea terpsicore,https://biodiversity.org.au/afd/taxa/ba632bea-a7b4-4b60-bf89-d63128cad841,-28.066035,152.639794,2025-01-06T00:00:00Z,PRESENT,iNaturalist Australia,Acraea terpsicore
222,1fc6b55d-0ded-4109-84b2-c4d609ae8d81,Acraea terpsicore,https://biodiversity.org.au/afd/taxa/ba632bea-a7b4-4b60-bf89-d63128cad841,-15.615188,131.130279,2024-08-12T02:28:00Z,PRESENT,iNaturalist Australia,Acraea terpsicore
223,1fc7af4f-9654-485d-8213-1a8b40d3be50,Acraea terpsicore,https://biodiversity.org.au/afd/taxa/ba632bea-a7b4-4b60-bf89-d63128cad841,-19.257819,146.803961,2024-05-22T15:58:00Z,PRESENT,iNaturalist Australia,Acraea terpsicore
224,1fd634ed-da0b-4191-bd3c-47d97b6c53c7,Acraea terpsicore,https://biodiversity.org.au/afd/taxa/ba632bea-a7b4-4b60-bf89-d63128cad841,-17.85683,145.44638,2023-06-13T01:27:00Z,PRESENT,Butterflies Australia,Acraea terpsicore
225,1feed062-d09f-4e0d-98a6-64694c24b1a9,Acraea terpsicore,https://biodiversity.org.au/afd/taxa/ba632bea-a7b4-4b60-bf89-d63128cad841,-17.42757,145.44774,2025-09-02T02:05:00Z,PRESENT,Butterflies Australia,Acraea terpsicore
226,1ff10b5f-50a1-4573-be19-6b63b78b466c,Acraea terpsicore,https://biodiversity.org.au/afd/taxa/ba632bea-a7b4-4b60-bf89-d63128cad841,-17.017253,145.752303,2024-02-11T16:54:21Z,PRESENT,iNaturalist Australia,Acraea terpsicore
227,2002b1e7-62e6-4c27-b532-8ecfbb5f2232,Acraea terpsicore,https://biodiversity.org.au/afd/taxa/ba632bea-a7b4-4b60-bf89-d63128cad841,-16.81119,144.16835,2025-06-10T12:34:00Z,PRESENT,Butterflies Australia,Acraea terpsicore
228,201aedb3-5b9e-4c47-bf11-461aac79c091,Acraea terpsicore,https://biodiversity.org.au/afd/taxa/ba632bea-a7b4-4b60-bf89-d63128cad841,-12.433333,130.95,2014-01-06T00:00:00Z,PRESENT,Fauna Atlas N.T.,Acraea terpsicore
229,2051f7f4-b5b6-48e6-82f4-fa6f77e680c5,Acraea terpsicore,https://biodiversity.org.au/afd/taxa/ba632bea-a7b4-4b60-bf89-d63128cad841,-15.577218,135.427476,2023-08-03T11:29:00Z,PRESENT,iNaturalist Australia,Acraea terpsicore
230,209a1bff-9761-40e9-a436-d2ce97246d85,Acraea terpsicore,https://biodiversity.org.au/afd/taxa/ba632bea-a7b4-4b60-bf89-d63128cad841,-16.96859,125.50436,2015-07-15T20:21:00Z,PRESENT,iNaturalist Australia,Acraea terpsicore
231,20eef9f9-b285-4007-b190-093a69ef1567,Acraea terpsicore,https://biodiversity.org.au/afd/taxa/ba632bea-a7b4-4b60-bf89-d63128cad841,-12.90845,131.64551,2013-06-29T00:00:00Z,PRESENT,Fauna Atlas N.T.,Acraea terpsicore
232,21048459-06ef-4ccf-afd2-ce6eeb267ce1,Acraea terpsicore,https://biodiversity.org.au/afd/taxa/ba632bea-a7b4-4b60-bf89-d63128cad841,-16.12389,129.04917,2013-08-03T00:00:00Z,PRESENT,Fauna Atlas N.T.,Acraea terpsicore
233,2110deb2-cb5f-4dfe-8cc5-0141667b10b6,Acraea terpsicore,https://biodiversity.org.au/afd/taxa/ba632bea-a7b4-4b60-bf89-d63128cad841,-18.43647,143.7753,2024-10-13T01:30:00Z,PRESENT,Butterflies Australia,Acraea terpsicore
234,21235a00-013b-4b4a-8ecc-d7d153c0ef25,Acraea terpsicore,https://biodiversity.org.au/afd/taxa/ba632bea-a7b4-4b60-bf89-d63128cad841,-14.701099,132.06971,2017-03-15T11:53:00Z,PRESENT,iNaturalist Australia,Acraea terpsicore
235,2129c182-de13-4199-978c-59b7002c368d,Acraea terpsicore,https://biodiversity.org.au/afd/taxa/ba632bea-a7b4-4b60-bf89-d63128cad841,-27.48551,152.954116,2026-01-07T12:37:00Z,PRESENT,iNaturalist Australia,Acraea terpsicore
236,212bfc3e-3e4d-4e7f-ab74-77c90e138677,Acraea terpsicore,https://biodiversity.org.au/afd/taxa/ba632bea-a7b4-4b60-bf89-d63128cad841,-15.54112,128.22513,2024-06-30T06:30:00Z,PRESENT,Butterflies Australia,Acraea terpsicore
237,213aefc6-768f-436e-b377-b2aacd109ecd,Acraea terpsicore,https://biodiversity.org.au/afd/taxa/ba632bea-a7b4-4b60-bf89-d63128cad841,-12.395908,130.931107,2023-06-05T11:46:00Z,PRESENT,iNaturalist Australia,Acraea terpsicore
238,213ec40b-b342-45a8-a039-849369614571,Acraea terpsicore,https://biodiversity.org.au/afd/taxa/ba632bea-a7b4-4b60-bf89-d63128cad841,-17.038091,145.350049,2021-08-03T13:12:00Z,PRESENT,iNaturalist Australia,Acraea terpsicore
239,214d47c6-c9f2-4f30-9c88-07177343ebf5,Acraea terpsicore,https://biodiversity.org.au/afd/taxa/ba632bea-a7b4-4b60-bf89-d63128cad841,-26.866453,152.93187,2024-02-19T11:57:52Z,PRESENT,iNaturalist Australia,Acraea terpsicore
240,21723c19-bcf3-49d0-9d7b-0cd08799da5e,Acraea terpsicore,https://biodiversity.org.au/afd/taxa/ba632bea-a7b4-4b60-bf89-d63128cad841,-17.44233,140.84395,2023-08-16T02:39:00Z,PRESENT,Butterflies Australia,Acraea terpsicore
241,21a323c3-6e11-4266-9a08-e242c9ef00cb,Acraea terpsicore,https://biodiversity.org.au/afd/taxa/ba632bea-a7b4-4b60-bf89-d63128cad841,-12.41333,130.92194,2013-01-25T00:00:00Z,PRESENT,Fauna Atlas N.T.,Acraea terpsicore
242,2204c36f-1b93-429e-91bd-39364c294573,Acraea terpsicore,https://biodiversity.org.au/afd/taxa/ba632bea-a7b4-4b60-bf89-d63128cad841,-10.5963,142.3183,2023-06-05T10:45:00Z,PRESENT,Butterflies Australia,Acraea terpsicore
243,220f663e-7411-40ee-9727-32ca8c07f062,Acraea terpsicore,https://biodiversity.org.au/afd/taxa/ba632bea-a7b4-4b60-bf89-d63128cad841,-19.243896,146.79496,2022-01-06T17:46:00Z,PRESENT,iNaturalist Australia,Acraea terpsicore
244,223a89d7-b8ff-4b90-bce4-b2879b14a405,Acraea terpsicore,https://biodiversity.org.au/afd/taxa/ba632bea-a7b4-4b60-bf89-d63128cad841,-18.043333,143.811389,2017-02-22T00:00:00Z,PRESENT,Queensland Museum provider for OZCAM,Acraea terpsicore
245,2243d48c-c903-4834-b697-e61865cbaa82,Acraea terpsicore,https://biodiversity.org.au/afd/taxa/ba632bea-a7b4-4b60-bf89-d63128cad841,-12.4,130.916667,2013-01-29T00:00:00Z,PRESENT,Fauna Atlas N.T.,Acraea terpsicore
246,225c9356-bb64-47bd-af38-a9320abecba0,Acraea terpsicore,https://biodiversity.org.au/afd/taxa/ba632bea-a7b4-4b60-bf89-d63128cad841,-19.40634,146.732031,2025-07-11T09:33:00Z,PRESENT,iNaturalist Australia,Acraea terpsicore
247,22706f8b-dacb-4718-ab46-1eb49f05ce74,Acraea terpsicore,https://biodiversity.org.au/afd/taxa/ba632bea-a7b4-4b60-bf89-d63128cad841,-15.65278,130.47972,2013-03-30T00:00:00Z,PRESENT,Fauna Atlas N.T.,Acraea terpsicore
248,22a48919-19e5-4030-9fe8-c4c9b94bee48,Acraea terpsicore,https://biodiversity.org.au/afd/taxa/ba632bea-a7b4-4b60-bf89-d63128cad841,-18.502675,122.083275,2025-03-31T06:57:58Z,PRESENT,iNaturalist Australia,Acraea terpsicore
249,22ba2a56-db33-45d8-8e21-11e93af40987,Acraea terpsicore,https://biodiversity.org.au/afd/taxa/ba632bea-a7b4-4b60-bf89-d63128cad841,-18.300058,143.351345,2017-08-22T15:45:00Z,PRESENT,iNaturalist Australia,Acraea terpsicore
250,230e2fcc-cf96-4fb5-b89b-14e1336f0d14,Acraea terpsicore,https://biodiversity.org.au/afd/taxa/ba632bea-a7b4-4b60-bf89-d63128cad841,-21.936431,146.285863,2022-03-23T10:14:10Z,PRESENT,iNaturalist Australia,Acraea terpsicore
251,2344a27e-589c-497d-a69b-677abfbc9f19,Acraea terpsicore,https://biodiversity.org.au/afd/taxa/ba632bea-a7b4-4b60-bf89-d63128cad841,-16.8457,145.643,2021-08-05T11:00:00Z,PRESENT,Butterflies Australia,Acraea terpsicore
252,2354bda3-b4c7-4e84-b686-cca43fb09361,Acraea terpsicore,https://biodiversity.org.au/afd/taxa/ba632bea-a7b4-4b60-bf89-d63128cad841,-21.909449,149.463603,2022-01-04T09:47:00Z,PRESENT,iNaturalist Australia,Acraea terpsicore
253,23a682c4-3091-4185-bdb3-e1377f02b9cc,Acraea terpsicore,https://biodiversity.org.au/afd/taxa/ba632bea-a7b4-4b60-bf89-d63128cad841,-19.333536,146.754471,2017-04-26T00:00:00Z,PRESENT,BowerBird,Acraea terpsicore
254,23ee3f4d-19d8-493c-a3b9-d345eac2154f,Acraea terpsicore,https://biodiversity.org.au/afd/taxa/ba632bea-a7b4-4b60-bf89-d63128cad841,-19.207633,146.741807,2021-08-29T13:56:00Z,PRESENT,iNaturalist Australia,Acraea terpsicore
255,242e94a9-f40a-48e8-9173-3138948847fe,Acraea terpsicore,https://biodiversity.org.au/afd/taxa/ba632bea-a7b4-4b60-bf89-d63128cad841,-17.3788,145.38465,2025-10-03T10:00:00Z,PRESENT,Butterflies Australia,Acraea terpsicore
256,246a1ecf-fa9a-4228-bbf9-e1a0d803a0d6,Acraea terpsicore,https://biodiversity.org.au/afd/taxa/ba632bea-a7b4-4b60-bf89-d63128cad841,-17.313756,145.585965,2023-04-15T11:55:00Z,PRESENT,Butterflies Australia,Acraea terpsicore
257,2480055d-3b11-42f6-9c7f-d9c210b40d98,Acraea terpsicore,https://biodiversity.org.au/afd/taxa/ba632bea-a7b4-4b60-bf89-d63128cad841,-18.34801,143.78877,2025-01-23T00:11:00Z,PRESENT,Butterflies Australia,Acraea terpsicore
258,24b85653-5444-4783-92f1-92cdd4d781da,Acraea terpsicore,https://biodiversity.org.au/afd/taxa/ba632bea-a7b4-4b60-bf89-d63128cad841,-17.394609,123.991511,2023-09-12T07:38:00Z,PRESENT,iNaturalist Australia,Acraea terpsicore
259,24ca7f0a-7df9-4aa3-ad4f-ee9d95c95def,Acraea terpsicore,https://biodiversity.org.au/afd/taxa/ba632bea-a7b4-4b60-bf89-d63128cad841,-18.309023,143.783893,2022-04-09T10:06:19Z,PRESENT,iNaturalist Australia,Acraea terpsicore
260,24e9ebbe-299a-4311-9acf-7fd0dc75de75,Acraea terpsicore,https://biodiversity.org.au/afd/taxa/ba632bea-a7b4-4b60-bf89-d63128cad841,-17.17036,141.76747,2025-06-12T03:57:00Z,PRESENT,Butterflies Australia,Acraea terpsicore
261,24ef51ae-3c3d-4558-ac3e-c0fc707e6ab3,Acraea terpsicore,https://biodiversity.org.au/afd/taxa/ba632bea-a7b4-4b60-bf89-d63128cad841,-19.16524,146.848224,2024-08-06T15:22:00Z,PRESENT,iNaturalist Australia,Acraea terpsicore
262,25033e06-17a4-4302-b7e2-f5de001dbcd5,Acraea terpsicore,https://biodiversity.org.au/afd/taxa/ba632bea-a7b4-4b60-bf89-d63128cad841,-21.4196,144.9979,2021-06-27T12:45:00Z,PRESENT,Butterflies Australia,Acraea terpsicore
263,25076a32-dda2-474f-8307-6e0235e69844,Acraea terpsicore,https://biodiversity.org.au/afd/taxa/ba632bea-a7b4-4b60-bf89-d63128cad841,-17.85336,138.61942,2023-09-11T13:29:00Z,PRESENT,Butterflies Australia,Acraea terpsicore
264,2528e211-bffa-489b-88df-9199b96b2d6e,Acraea terpsicore,https://biodiversity.org.au/afd/taxa/ba632bea-a7b4-4b60-bf89-d63128cad841,-18.211666,144.561523,2024-08-05T12:19:00Z,PRESENT,iNaturalist Australia,Acraea terpsicore
265,25477257-ee8d-4bbe-9899-43a8482aaecc,Acraea terpsicore,https://biodiversity.org.au/afd/taxa/ba632bea-a7b4-4b60-bf89-d63128cad841,-17.87869,139.342915,2023-09-10T11:30:00Z,PRESENT,Butterflies Australia,Acraea terpsicore
266,2563b578-9c13-4917-b47e-36afa101caff,Acraea terpsicore,https://biodiversity.org.au/afd/taxa/ba632bea-a7b4-4b60-bf89-d63128cad841,-12.710278,130.989722,2013-02-18T00:00:00Z,PRESENT,Fauna Atlas N.T.,Acraea terpsicore
267,25d05fe9-7ce8-40dd-96cb-a76f8bd8fe85,Acraea terpsicore,https://biodiversity.org.au/afd/taxa/ba632bea-a7b4-4b60-bf89-d63128cad841,-15.460922,128.10183,2025-08-05T15:54:00Z,PRESENT,iNaturalist Australia,Acraea terpsicore
268,25e8f527-a821-4635-97bf-cba63113d3be,Acraea terpsicore,https://biodiversity.org.au/afd/taxa/ba632bea-a7b4-4b60-bf89-d63128cad841,-18.51,143.89,2023-03-28T10:47:00Z,PRESENT,iNaturalist Australia,Acraea terpsicore
269,25ee2ecf-b778-4235-a94d-135504a8c71f,Acraea terpsicore,https://biodiversity.org.au/afd/taxa/ba632bea-a7b4-4b60-bf89-d63128cad841,-16.786808,145.690603,2021-10-05T09:03:00Z,PRESENT,iNaturalist Australia,Acraea terpsicore
270,261bf7a6-7456-48c7-9fae-749d0b072fa6,Acraea terpsicore,https://biodiversity.org.au/afd/taxa/ba632bea-a7b4-4b60-bf89-d63128cad841,-19.924932,147.848148,2021-09-30T10:00:00Z,PRESENT,Butterflies Australia,Acraea terpsicore
271,26255c49-2b99-4e49-b71b-0cae5dca0abf,Acraea terpsicore,https://biodiversity.org.au/afd/taxa/ba632bea-a7b4-4b60-bf89-d63128cad841,-14.4,132.3,2021-01-13T19:02:00Z,PRESENT,Earth Guardians Weekly Feed,Acraea terpsicore
272,266323e0-8c79-4240-af02-972f7425f5b2,Acraea terpsicore,https://biodiversity.org.au/afd/taxa/ba632bea-a7b4-4b60-bf89-d63128cad841,-19.332308,146.753369,2017-08-20T04:19:00Z,PRESENT,iNaturalist Australia,Acraea terpsicore
273,26b74a01-1ae1-4d54-ad9e-adb6c2c894d9,Acraea terpsicore,https://biodiversity.org.au/afd/taxa/ba632bea-a7b4-4b60-bf89-d63128cad841,-19.259962,146.808747,2025-05-04T11:56:05Z,PRESENT,iNaturalist Australia,Acraea terpsicore
274,26d1bea6-362f-4262-87d2-e83859df0ddd,Acraea terpsicore,https://biodiversity.org.au/afd/taxa/ba632bea-a7b4-4b60-bf89-d63128cad841,-15.466667,128.116667,2013-06-09T00:00:00Z,PRESENT,Fauna Atlas N.T.,Acraea terpsicore
275,26e4f8c8-0331-4bdc-89ed-75db117b67f8,Acraea terpsicore,https://biodiversity.org.au/afd/taxa/ba632bea-a7b4-4b60-bf89-d63128cad841,-19.17375,146.834125,2021-04-27T08:00:19Z,PRESENT,iNaturalist Australia,Acraea terpsicore
276,26fbada4-f1a5-4082-8757-565ad89c584c,Acraea terpsicore,https://biodiversity.org.au/afd/taxa/ba632bea-a7b4-4b60-bf89-d63128cad841,-12.575,131.1,2013-02-15T00:00:00Z,PRESENT,Fauna Atlas N.T.,Acraea terpsicore
277,2719b307-1f93-4c09-9843-4e746c5439e7,Acraea terpsicore,https://biodiversity.org.au/afd/taxa/ba632bea-a7b4-4b60-bf89-d63128cad841,-16.451973,123.009145,2022-09-07T09:06:00Z,PRESENT,iNaturalist Australia,Acraea terpsicore
278,275d2b9a-9311-42d8-8dfc-7b64fcf7888a,Acraea terpsicore,https://biodiversity.org.au/afd/taxa/ba632bea-a7b4-4b60-bf89-d63128cad841,-19.222857,146.756771,2022-05-22T09:57:00Z,PRESENT,iNaturalist Australia,Acraea terpsicore
279,279c11f7-6a0e-46fb-b77f-4716f7805f61,Acraea terpsicore,https://biodiversity.org.au/afd/taxa/ba632bea-a7b4-4b60-bf89-d63128cad841,-17.371796,145.357402,2026-02-15T12:35:00Z,PRESENT,iNaturalist Australia,Acraea terpsicore
280,27c82ad9-8036-4333-9a0b-a37b08af9694,Acraea terpsicore,https://biodiversity.org.au/afd/taxa/ba632bea-a7b4-4b60-bf89-d63128cad841,-18.1868,144.0068,2021-06-01T02:15:00Z,PRESENT,Butterflies Australia,Acraea terpsicore
281,27cdb5d4-c3cb-4a2e-ab9c-40a8b9caccaa,Acraea terpsicore,https://biodiversity.org.au/afd/taxa/ba632bea-a7b4-4b60-bf89-d63128cad841,-27.3375,153.07778,2021-02-28T10:54:00Z,PRESENT,Butterflies Australia,Acraea terpsicore
282,27d5bbef-2d1a-4808-8043-1d7aaafe078c,Acraea terpsicore,https://biodiversity.org.au/afd/taxa/ba632bea-a7b4-4b60-bf89-d63128cad841,-13.55331,132.27159,2013-04-04T00:00:00Z,PRESENT,Fauna Atlas N.T.,Acraea terpsicore
283,27e2744a-df03-49ad-ba13-9426e29f8647,Acraea terpsicore,https://biodiversity.org.au/afd/taxa/ba632bea-a7b4-4b60-bf89-d63128cad841,-12.41333,130.92194,2013-01-25T00:00:00Z,PRESENT,Fauna Atlas N.T.,Acraea terpsicore
284,27eb8f97-d9bf-40c0-b848-91f590296f37,Acraea terpsicore,https://biodiversity.org.au/afd/taxa/ba632bea-a7b4-4b60-bf89-d63128cad841,-14.646944,132.040556,2013-06-02T00:00:00Z,PRESENT,Fauna Atlas N.T.,Acraea terpsicore
285,28116d11-be4f-4c6a-bf2d-817cf73b1640,Acraea terpsicore,https://biodiversity.org.au/afd/taxa/ba632bea-a7b4-4b60-bf89-d63128cad841,-16.068357,136.30497,2023-06-17T10:30:00Z,PRESENT,iNaturalist Australia,Acraea terpsicore
286,281ee558-9b64-444a-991f-54e7abda38af,Acraea terpsicore,https://biodiversity.org.au/afd/taxa/ba632bea-a7b4-4b60-bf89-d63128cad841,-18.72661,143.46073,2025-05-19T10:06:00Z,PRESENT,iNaturalist Australia,Acraea terpsicore
287,28305be7-12ca-4c86-9471-f0fd8321d0d6,Acraea terpsicore,https://biodiversity.org.au/afd/taxa/ba632bea-a7b4-4b60-bf89-d63128cad841,-19.187723,146.770839,2024-07-26T13:03:00Z,PRESENT,iNaturalist Australia,Acraea terpsicore
288,28549ad1-94bc-4095-8a87-8598429767b0,Acraea terpsicore,https://biodiversity.org.au/afd/taxa/ba632bea-a7b4-4b60-bf89-d63128cad841,-12.41333,130.92194,2013-06-20T00:00:00Z,PRESENT,Fauna Atlas N.T.,Acraea terpsicore
289,28b2e586-2c9a-4e45-9ded-36268258989c,Acraea terpsicore,https://biodiversity.org.au/afd/taxa/ba632bea-a7b4-4b60-bf89-d63128cad841,-19.2705,146.7241,2025-08-02T14:32:00Z,PRESENT,iNaturalist Australia,Acraea terpsicore
290,290e826e-1ef5-4d8e-b776-455d0f245f1e,Acraea terpsicore,https://biodiversity.org.au/afd/taxa/ba632bea-a7b4-4b60-bf89-d63128cad841,-21.12238,146.4476,2024-09-04T03:04:00Z,PRESENT,Butterflies Australia,Acraea terpsicore
291,291092e8-28ef-44b8-8c6e-c12e6e1f610c,Acraea terpsicore,https://biodiversity.org.au/afd/taxa/ba632bea-a7b4-4b60-bf89-d63128cad841,-15.975397,144.828838,2022-06-24T11:02:00Z,PRESENT,iNaturalist Australia,Acraea terpsicore
292,2956700a-b06f-46a4-91ea-0b234403c195,Acraea terpsicore,https://biodiversity.org.au/afd/taxa/ba632bea-a7b4-4b60-bf89-d63128cad841,-19.233528,146.78333,2021-12-10T16:34:00Z,PRESENT,iNaturalist Australia,Acraea terpsicore
293,295c545b-9b1d-430c-a905-ecd65f0f02cf,Acraea terpsicore,https://biodiversity.org.au/afd/taxa/ba632bea-a7b4-4b60-bf89-d63128cad841,-20.065282,146.274569,2019-08-05T08:59:00Z,PRESENT,iNaturalist Australia,Acraea terpsicore
294,29631d0d-5edf-4f8f-9f1f-174bf76aec3d,Acraea terpsicore,https://biodiversity.org.au/afd/taxa/ba632bea-a7b4-4b60-bf89-d63128cad841,-19.118487,146.856165,2025-06-27T15:44:00Z,PRESENT,iNaturalist Australia,Acraea terpsicore
295,296d8dfd-5650-4eb2-b97e-190c2654569f,Acraea terpsicore,https://biodiversity.org.au/afd/taxa/ba632bea-a7b4-4b60-bf89-d63128cad841,-19.210829,146.510833,2021-01-26T11:59:09Z,PRESENT,iNaturalist Australia,Acraea terpsicore
296,297843b3-d752-466d-987d-3558a363463c,Acraea terpsicore,https://biodiversity.org.au/afd/taxa/ba632bea-a7b4-4b60-bf89-d63128cad841,-15.575292,128.696631,2018-02-12T00:00:00Z,PRESENT,BowerBird,Acraea terpsicore
297,297b504b-bf74-4e4f-81b4-83d7bf9ac3e9,Acraea terpsicore,https://biodiversity.org.au/afd/taxa/ba632bea-a7b4-4b60-bf89-d63128cad841,-19.2758,146.7241,2025-02-10T10:45:00Z,PRESENT,Butterflies Australia,Acraea terpsicore
298,29e69f19-1495-4571-a5ec-952f8593a31b,Acraea terpsicore,https://biodiversity.org.au/afd/taxa/ba632bea-a7b4-4b60-bf89-d63128cad841,-20.345406,144.459584,2019-08-01T17:18:00Z,PRESENT,iNaturalist Australia,Acraea terpsicore
299,2a29331c-46b0-4661-b1fc-658c943a3735,Acraea terpsicore,https://biodiversity.org.au/afd/taxa/ba632bea-a7b4-4b60-bf89-d63128cad841,-14.9225,133.133611,2023-06-21T00:00:00Z,PRESENT,iNaturalist Australia,Acraea terpsicore
300,2a359ad4-00b0-4096-a07c-aa5f68570e64,Acraea terpsicore,https://biodiversity.org.au/afd/taxa/ba632bea-a7b4-4b60-bf89-d63128cad841,-27.485709,152.951443,2022-03-05T14:44:00Z,PRESENT,iNaturalist Australia,Acraea terpsicore
301,2a5f10bf-5ed6-4f73-9c96-34b181815bf8,Acraea terpsicore,https://biodiversity.org.au/afd/taxa/ba632bea-a7b4-4b60-bf89-d63128cad841,-19.329297,146.749222,2026-02-23T19:40:02Z,PRESENT,iNaturalist Australia,Acraea terpsicore
302,2a687407-311a-4973-81fb-1a0d1c2e05b3,Acraea terpsicore,https://biodiversity.org.au/afd/taxa/ba632bea-a7b4-4b60-bf89-d63128cad841,-26.382753,152.56955,2024-03-03T13:16:58Z,PRESENT,iNaturalist Australia,Acraea terpsicore
303,2a9719bb-464c-4a22-849c-1c96c6256aa1,Acraea terpsicore,https://biodiversity.org.au/afd/taxa/ba632bea-a7b4-4b60-bf89-d63128cad841,-19.202235,146.751854,2017-04-25T09:31:00Z,PRESENT,iNaturalist Australia,Acraea terpsicore
304,2b0d8cac-a6bc-47c9-bd61-3f00976c2e1e,Acraea terpsicore,https://biodiversity.org.au/afd/taxa/ba632bea-a7b4-4b60-bf89-d63128cad841,-12.683333,131.083333,2013-02-05T00:00:00Z,PRESENT,Fauna Atlas N.T.,Acraea terpsicore
305,2b14f76d-449b-4466-8b42-ee8346512d4f,Acraea terpsicore,https://biodiversity.org.au/afd/taxa/ba632bea-a7b4-4b60-bf89-d63128cad841,-12.65,131.1,2013-02-16T00:00:00Z,PRESENT,Fauna Atlas N.T.,Acraea terpsicore
306,2b253705-8cc4-4e13-808d-6cb6459872cf,Acraea terpsicore,https://biodiversity.org.au/afd/taxa/ba632bea-a7b4-4b60-bf89-d63128cad841,-17.976475,122.346368,2023-07-04T18:36:00Z,PRESENT,iNaturalist Australia,Acraea terpsicore
307,2b28cb46-e903-43eb-aebf-91bb5885beaf,Acraea terpsicore,https://biodiversity.org.au/afd/taxa/ba632bea-a7b4-4b60-bf89-d63128cad841,-25.233771,152.944123,2025-02-20T14:28:15Z,PRESENT,iNaturalist Australia,Acraea terpsicore
308,2b2e5f4d-43ae-4912-ba61-1a5a7e608438,Acraea terpsicore,https://biodiversity.org.au/afd/taxa/ba632bea-a7b4-4b60-bf89-d63128cad841,-19.81529,146.091816,2019-08-07T12:26:00Z,PRESENT,iNaturalist Australia,Acraea terpsicore
309,2b743aac-951f-49e7-9496-61c8549ced0c,Acraea terpsicore,https://biodiversity.org.au/afd/taxa/ba632bea-a7b4-4b60-bf89-d63128cad841,-12.433333,130.95,2013-04-06T00:00:00Z,PRESENT,Fauna Atlas N.T.,Acraea terpsicore
310,2b813f80-75a6-455f-a92d-467cf76ce74c,Acraea terpsicore,https://biodiversity.org.au/afd/taxa/ba632bea-a7b4-4b60-bf89-d63128cad841,-15.63528,128.67028,2014-05-03T00:00:00Z,PRESENT,Fauna Atlas N.T.,Acraea terpsicore
311,2b8f2c23-e57d-4e66-96e9-0d1a62ec14c4,Acraea terpsicore,https://biodiversity.org.au/afd/taxa/ba632bea-a7b4-4b60-bf89-d63128cad841,-14.04389,127.3203,2015-06-01T00:00:00Z,PRESENT,Fauna Atlas N.T.,Acraea terpsicore
312,2b9c46d8-995e-4c3a-9d5f-8aca32e33678,Acraea terpsicore,https://biodiversity.org.au/afd/taxa/ba632bea-a7b4-4b60-bf89-d63128cad841,-22.47605,143.1828,2022-09-25T12:15:00Z,PRESENT,Butterflies Australia,Acraea terpsicore
313,2b9f4eb4-2b2a-4fa4-8e6e-0e6d97488e58,Acraea terpsicore,https://biodiversity.org.au/afd/taxa/ba632bea-a7b4-4b60-bf89-d63128cad841,-28.492967,153.550675,2022-02-07T10:23:47Z,PRESENT,iNaturalist Australia,Acraea terpsicore
314,2bae258d-4f83-43c9-8ade-5407d99ba8e1,Acraea terpsicore,https://biodiversity.org.au/afd/taxa/ba632bea-a7b4-4b60-bf89-d63128cad841,-19.213671,146.769444,2017-10-25T12:06:00Z,PRESENT,iNaturalist Australia,Acraea terpsicore
315,2bb6ff66-b221-427b-839d-6971a9e2329e,Acraea terpsicore,https://biodiversity.org.au/afd/taxa/ba632bea-a7b4-4b60-bf89-d63128cad841,-19.259317,146.80675,2017-05-06T00:00:00Z,PRESENT,BowerBird,Acraea terpsicore
316,2bbc15c8-e884-4a75-9532-dbee1addb926,Acraea terpsicore,https://biodiversity.org.au/afd/taxa/ba632bea-a7b4-4b60-bf89-d63128cad841,-23.41751,146.41666,2021-08-26T11:11:00Z,PRESENT,iNaturalist Australia,Acraea terpsicore
317,2bda3df5-7eb8-4a45-a44e-576a003875a9,Acraea terpsicore,https://biodiversity.org.au/afd/taxa/ba632bea-a7b4-4b60-bf89-d63128cad841,-17.599452,146.121318,2024-02-25T12:15:13Z,PRESENT,iNaturalist Australia,Acraea terpsicore
318,2be62968-d0c8-438a-b34d-7ef299467970,Acraea terpsicore,https://biodiversity.org.au/afd/taxa/ba632bea-a7b4-4b60-bf89-d63128cad841,-12.349239,130.898633,2024-07-07T10:21:00Z,PRESENT,iNaturalist Australia,Acraea terpsicore
319,2be76c38-5f4c-4353-81de-05dfc05e47b8,Acraea terpsicore,https://biodiversity.org.au/afd/taxa/ba632bea-a7b4-4b60-bf89-d63128cad841,-17.335703,144.946528,2023-04-28T10:07:00Z,PRESENT,iNaturalist Australia,Acraea terpsicore
320,2c1dc31e-b113-4e9e-a45c-c721e3b7afcd,Acraea terpsicore,https://biodiversity.org.au/afd/taxa/ba632bea-a7b4-4b60-bf89-d63128cad841,-17.26575,144.57665,2026-02-09T04:31:00Z,PRESENT,Butterflies Australia,Acraea terpsicore
321,2c8c30ee-ad90-4f11-80ce-e7ee6f7c977a,Acraea terpsicore,https://biodiversity.org.au/afd/taxa/ba632bea-a7b4-4b60-bf89-d63128cad841,-11.758633,130.640622,2025-04-03T17:15:00Z,PRESENT,iNaturalist Australia,Acraea terpsicore
322,2ca6ebf0-2f99-4dda-b6cf-9fccf3ef6ff5,Acraea terpsicore,https://biodiversity.org.au/afd/taxa/ba632bea-a7b4-4b60-bf89-d63128cad841,-14.39513,132.14429,2014-04-16T00:00:00Z,PRESENT,Fauna Atlas N.T.,Acraea terpsicore
323,2cb0d722-021f-4609-911c-5cbfa3f78655,Acraea terpsicore,https://biodiversity.org.au/afd/taxa/ba632bea-a7b4-4b60-bf89-d63128cad841,-14.14035,134.47461,2013-08-03T00:00:00Z,PRESENT,Fauna Atlas N.T.,Acraea terpsicore
324,2cc0841a-404d-42b4-ab40-ffeca508fa26,Acraea terpsicore,https://biodiversity.org.au/afd/taxa/ba632bea-a7b4-4b60-bf89-d63128cad841,-16.60262,144.25696,2025-07-22T02:49:00Z,PRESENT,Butterflies Australia,Acraea terpsicore
325,2d144e86-323e-4310-a282-93d48148c4c7,Acraea terpsicore,https://biodiversity.org.au/afd/taxa/ba632bea-a7b4-4b60-bf89-d63128cad841,-16.478448,145.462162,2024-07-17T13:42:00Z,PRESENT,iNaturalist Australia,Acraea terpsicore
326,2d7afc0e-9d2a-4c09-81a1-0ce1ffae55da,Acraea terpsicore,https://biodiversity.org.au/afd/taxa/ba632bea-a7b4-4b60-bf89-d63128cad841,-16.9,145.8,2022-04-03T10:49:00Z,PRESENT,Earth Guardians Weekly Feed,Acraea terpsicore
327,2d7b63cf-3d39-4b9c-81b5-b78592508d9c,Acraea terpsicore,https://biodiversity.org.au/afd/taxa/ba632bea-a7b4-4b60-bf89-d63128cad841,-19.194371,146.765669,2021-12-28T11:41:00Z,PRESENT,iNaturalist Australia,Acraea terpsicore
328,2dd37fec-93b0-4682-b071-1ee2e99291dc,Acraea terpsicore,https://biodiversity.org.au/afd/taxa/ba632bea-a7b4-4b60-bf89-d63128cad841,-25.179,143.142,2019-09-27T14:00:00Z,PRESENT,ALA species sightings and OzAtlas,Acraea terpsicore
329,2e00c563-7833-448f-97bb-c85b0626817e,Acraea terpsicore,https://biodiversity.org.au/afd/taxa/ba632bea-a7b4-4b60-bf89-d63128cad841,-18.201661,142.246293,2022-09-03T08:12:00Z,PRESENT,iNaturalist Australia,Acraea terpsicore
330,2e18f787-8034-47f7-a405-a0568a5c3973,Acraea terpsicore,https://biodiversity.org.au/afd/taxa/ba632bea-a7b4-4b60-bf89-d63128cad841,-17.6629,141.09126,2023-08-18T10:48:00Z,PRESENT,Butterflies Australia,Acraea terpsicore
331,2e24cad9-da04-4134-9bac-9cc53c9aadee,Acraea terpsicore,https://biodiversity.org.au/afd/taxa/ba632bea-a7b4-4b60-bf89-d63128cad841,-19.207633,146.741807,2021-05-16T15:30:00Z,PRESENT,iNaturalist Australia,Acraea terpsicore
332,2e32d8d6-74a4-4045-ba6e-d66903083068,Acraea terpsicore,https://biodiversity.org.au/afd/taxa/ba632bea-a7b4-4b60-bf89-d63128cad841,-17.41457,128.305083,2025-06-22T10:33:26Z,PRESENT,iNaturalist Australia,Acraea terpsicore
333,2e3ba2f4-7903-4c4c-9352-9be6249187e7,Acraea terpsicore,https://biodiversity.org.au/afd/taxa/ba632bea-a7b4-4b60-bf89-d63128cad841,-19.207633,146.741807,2023-07-08T09:11:51Z,PRESENT,iNaturalist Australia,Acraea terpsicore
334,2e63077d-c738-472a-9ca0-b0fc5afb15fb,Acraea terpsicore,https://biodiversity.org.au/afd/taxa/ba632bea-a7b4-4b60-bf89-d63128cad841,-16.7203,125.9275,2014-05-15T00:00:00Z,PRESENT,Fauna Atlas N.T.,Acraea terpsicore
335,2e7e9e91-7029-4b4d-a942-ded899c29e42,Acraea terpsicore,https://biodiversity.org.au/afd/taxa/ba632bea-a7b4-4b60-bf89-d63128cad841,-13.483,132.583,2013-07-27T00:00:00Z,PRESENT,Fauna Atlas N.T.,Acraea terpsicore
336,2ea15d9b-f52e-4d00-89e2-05f205397592,Acraea terpsicore,https://biodiversity.org.au/afd/taxa/ba632bea-a7b4-4b60-bf89-d63128cad841,-27.475767,152.976473,2022-03-21T13:55:00Z,PRESENT,iNaturalist Australia,Acraea terpsicore
337,2ecb354c-106f-4ac6-8cab-7ad46270a9e0,Acraea terpsicore,https://biodiversity.org.au/afd/taxa/ba632bea-a7b4-4b60-bf89-d63128cad841,-16.2405,127.6045,2014-05-28T00:00:00Z,PRESENT,Fauna Atlas N.T.,Acraea terpsicore
338,2ed550e8-1ae6-4096-a0ae-34213f97947e,Acraea terpsicore,https://biodiversity.org.au/afd/taxa/ba632bea-a7b4-4b60-bf89-d63128cad841,-13.49623,131.03572,2015-04-12T00:00:00Z,PRESENT,Fauna Atlas N.T.,Acraea terpsicore
339,2eee036b-1a3f-4695-8c25-fe4edab5b0c2,Acraea terpsicore,https://biodiversity.org.au/afd/taxa/ba632bea-a7b4-4b60-bf89-d63128cad841,-20.64418,147.1439,2019-06-20T00:00:00Z,PRESENT,WildNet - Queensland Wildlife Data,Acraea terpsicore
340,2f172f26-e187-4bce-8be9-128c8e77c7b1,Acraea terpsicore,https://biodiversity.org.au/afd/taxa/ba632bea-a7b4-4b60-bf89-d63128cad841,-13.49623,131.03572,2014-04-20T00:00:00Z,PRESENT,Fauna Atlas N.T.,Acraea terpsicore
341,2f232a5c-2a92-4035-8dce-cd56b718432e,Acraea terpsicore,https://biodiversity.org.au/afd/taxa/ba632bea-a7b4-4b60-bf89-d63128cad841,-27.472442,152.940592,2020-08-09T12:54:19Z,PRESENT,iNaturalist Australia,Acraea terpsicore
342,2f29327e-f04f-4c40-9dcc-4018c186fe9c,Acraea terpsicore,https://biodiversity.org.au/afd/taxa/ba632bea-a7b4-4b60-bf89-d63128cad841,-20.089414,146.281672,2022-05-01T17:05:00Z,PRESENT,iNaturalist Australia,Acraea terpsicore
343,2f39c38f-89e6-4025-8702-89041c35f7b4,Acraea terpsicore,https://biodiversity.org.au/afd/taxa/ba632bea-a7b4-4b60-bf89-d63128cad841,-18.300727,143.351291,2017-08-23T11:25:00Z,PRESENT,iNaturalist Australia,Acraea terpsicore
344,2f57c72d-585e-48f0-bb8d-5442e232b584,Acraea terpsicore,https://biodiversity.org.au/afd/taxa/ba632bea-a7b4-4b60-bf89-d63128cad841,-12.433333,130.95,2013-08-21T00:00:00Z,PRESENT,Fauna Atlas N.T.,Acraea terpsicore
345,2f639660-87d4-435f-aa4b-e5f495780516,Acraea terpsicore,https://biodiversity.org.au/afd/taxa/ba632bea-a7b4-4b60-bf89-d63128cad841,-13.49632,131.03578,2022-03-24T14:48:00Z,PRESENT,Butterflies Australia,Acraea terpsicore
346,2f68fe6b-4325-4735-b1ff-1d0d5e5429e6,Acraea terpsicore,https://biodiversity.org.au/afd/taxa/ba632bea-a7b4-4b60-bf89-d63128cad841,-19.259947,146.808687,2025-04-07T13:22:40Z,PRESENT,iNaturalist Australia,Acraea terpsicore
347,2fa1124d-5cfd-494f-9157-aa905e753859,Acraea terpsicore,https://biodiversity.org.au/afd/taxa/ba632bea-a7b4-4b60-bf89-d63128cad841,-19.67662,138.39597,2023-09-07T09:58:00Z,PRESENT,Butterflies Australia,Acraea terpsicore
348,2fabe730-8482-4c94-9f3c-6fd929363d0b,Acraea terpsicore,https://biodiversity.org.au/afd/taxa/ba632bea-a7b4-4b60-bf89-d63128cad841,-18.142352,144.328578,2022-09-12T11:45:00Z,PRESENT,Butterflies Australia,Acraea terpsicore
349,3060041d-01e5-4e03-9f5b-6677036d4e86,Acraea terpsicore,https://biodiversity.org.au/afd/taxa/ba632bea-a7b4-4b60-bf89-d63128cad841,-14.324222,132.425605,2019-05-30T16:44:00Z,PRESENT,iNaturalist Australia,Acraea terpsicore
350,3060b1a7-51d5-44fe-a36f-9d202b9dc357,Acraea terpsicore,https://biodiversity.org.au/afd/taxa/ba632bea-a7b4-4b60-bf89-d63128cad841,-25.167397,143.239215,2019-09-29T13:23:00Z,PRESENT,iNaturalist Australia,Acraea terpsicore
351,3067a8e9-5cf1-4367-a951-9e2a5466f2a9,Acraea terpsicore,https://biodiversity.org.au/afd/taxa/ba632bea-a7b4-4b60-bf89-d63128cad841,-19.36369,146.44081,2021-05-09T00:00:00Z,PRESENT,WildNet - Queensland Wildlife Data,Acraea terpsicore
352,30a8ac6e-9f1e-4335-8db2-60372b058fc8,Acraea terpsicore,https://biodiversity.org.au/afd/taxa/ba632bea-a7b4-4b60-bf89-d63128cad841,-19.25849,146.802732,2025-06-05T11:14:00Z,PRESENT,iNaturalist Australia,Acraea terpsicore
353,30dbfab5-97ee-49f5-b80b-dca2d225700f,Acraea terpsicore,https://biodiversity.org.au/afd/taxa/ba632bea-a7b4-4b60-bf89-d63128cad841,-20.763087,135.191791,2025-07-28T10:51:00Z,PRESENT,iNaturalist Australia,Acraea terpsicore
354,30e930b2-7297-42af-a98a-fe15fe190596,Acraea terpsicore,https://biodiversity.org.au/afd/taxa/ba632bea-a7b4-4b60-bf89-d63128cad841,-27.485589,152.954201,2022-03-05T13:55:00Z,PRESENT,iNaturalist Australia,Acraea terpsicore
355,315cd1a1-7016-45ed-a7d4-3ad45e94ef93,Acraea terpsicore,https://biodiversity.org.au/afd/taxa/ba632bea-a7b4-4b60-bf89-d63128cad841,-16.464755,143.253588,2025-06-11T10:30:00Z,PRESENT,Butterflies Australia,Acraea terpsicore
356,316606f9-e3c2-4745-8aac-dbc23d656ebc,Acraea terpsicore,https://biodiversity.org.au/afd/taxa/ba632bea-a7b4-4b60-bf89-d63128cad841,-21.638362,149.351206,2025-05-31T16:03:45Z,PRESENT,iNaturalist Australia,Acraea terpsicore
357,31b86cc6-58e9-4a34-87a0-f93835064096,Acraea terpsicore,https://biodiversity.org.au/afd/taxa/ba632bea-a7b4-4b60-bf89-d63128cad841,-12.6,131.16667,2013-02-19T00:00:00Z,PRESENT,Fauna Atlas N.T.,Acraea terpsicore
358,31c4db85-0460-4548-b828-f9c3be6e8738,Acraea terpsicore,https://biodiversity.org.au/afd/taxa/ba632bea-a7b4-4b60-bf89-d63128cad841,-12.41333,130.92195,2013-02-01T00:00:00Z,PRESENT,Northern Territory Museum and Art Gallery provider for OZCAM,Acraea terpsicore
359,31c9c44e-06d6-4b0e-8de8-964427cb5e62,Acraea terpsicore,https://biodiversity.org.au/afd/taxa/ba632bea-a7b4-4b60-bf89-d63128cad841,-19.847887,146.135692,2019-08-06T10:10:00Z,PRESENT,iNaturalist Australia,Acraea terpsicore
360,32341203-30b2-4ad2-9f3b-93387dcb8fb6,Acraea terpsicore,https://biodiversity.org.au/afd/taxa/ba632bea-a7b4-4b60-bf89-d63128cad841,-18.654775,146.15052,2022-02-28T07:47:00Z,PRESENT,iNaturalist Australia,Acraea terpsicore
361,3250c118-223c-43d2-9325-71c3b887c960,Acraea terpsicore,https://biodiversity.org.au/afd/taxa/ba632bea-a7b4-4b60-bf89-d63128cad841,-16.903061,145.755793,2025-06-30T20:58:00Z,PRESENT,iNaturalist Australia,Acraea terpsicore
362,32686eda-e587-408c-9bc2-a158da83e50c,Acraea terpsicore,https://biodiversity.org.au/afd/taxa/ba632bea-a7b4-4b60-bf89-d63128cad841,-30.224572,153.169646,2021-05-12T08:34:00Z,PRESENT,iNaturalist Australia,Acraea terpsicore
363,327179ca-3151-4ae2-aaae-1d27ffb0e4f1,Acraea terpsicore,https://biodiversity.org.au/afd/taxa/ba632bea-a7b4-4b60-bf89-d63128cad841,-17.464372,140.83236,2025-05-09T17:02:00Z,PRESENT,iNaturalist Australia,Acraea terpsicore
364,328d92d6-9805-4cbe-8340-c44c1eb4db2f,Acraea terpsicore,https://biodiversity.org.au/afd/taxa/ba632bea-a7b4-4b60-bf89-d63128cad841,-19.342832,146.782537,2023-04-10T07:43:00Z,PRESENT,iNaturalist Australia,Acraea terpsicore
365,32a4bcf6-b8c7-4465-9701-72b70c4f69c7,Acraea terpsicore,https://biodiversity.org.au/afd/taxa/ba632bea-a7b4-4b60-bf89-d63128cad841,-14.500551,132.238709,2024-05-18T16:25:00Z,PRESENT,iNaturalist Australia,Acraea terpsicore
366,32b5a62f-fb2a-40fc-9795-7ae8e8cd297f,Acraea terpsicore,https://biodiversity.org.au/afd/taxa/ba632bea-a7b4-4b60-bf89-d63128cad841,-25.819578,152.723712,2024-04-02T09:14:00Z,PRESENT,iNaturalist Australia,Acraea terpsicore
367,335d6b1c-2615-4c05-9ea1-e5530a888e51,Acraea terpsicore,https://biodiversity.org.au/afd/taxa/ba632bea-a7b4-4b60-bf89-d63128cad841,-19.317292,146.746474,2021-07-09T23:26:00Z,PRESENT,NatureMapr,Acraea terpsicore
368,3361a802-2ae9-4ba9-904a-28cb374b7eb1,Acraea terpsicore,https://biodiversity.org.au/afd/taxa/ba632bea-a7b4-4b60-bf89-d63128cad841,-18.155208,144.308662,2021-04-08T11:44:07Z,PRESENT,iNaturalist Australia,Acraea terpsicore
369,33a58970-1fb9-49c3-8e5a-b711866dc08a,Acraea terpsicore,https://biodiversity.org.au/afd/taxa/ba632bea-a7b4-4b60-bf89-d63128cad841,-21.171275,148.900065,2024-06-07T10:57:00Z,PRESENT,iNaturalist Australia,Acraea terpsicore
370,33c1ca18-dd38-4de8-ae70-34bfb713a5ad,Acraea terpsicore,https://biodiversity.org.au/afd/taxa/ba632bea-a7b4-4b60-bf89-d63128cad841,-18.713362,146.29837,2025-05-25T10:01:11Z,PRESENT,iNaturalist Australia,Acraea terpsicore
371,33cb96c3-2742-4d86-8a6a-c6012c20794c,Acraea terpsicore,https://biodiversity.org.au/afd/taxa/ba632bea-a7b4-4b60-bf89-d63128cad841,-18.2017,142.2461,2021-05-31T12:45:00Z,PRESENT,Butterflies Australia,Acraea terpsicore
372,34150caf-6190-426c-9654-7b2f5eb40271,Acraea terpsicore,https://biodiversity.org.au/afd/taxa/ba632bea-a7b4-4b60-bf89-d63128cad841,-17.4255,145.4418,2021-08-02T10:45:00Z,PRESENT,Butterflies Australia,Acraea terpsicore
373,341e8d38-012a-40b8-9e5e-9307b3e27081,Acraea terpsicore,https://biodiversity.org.au/afd/taxa/ba632bea-a7b4-4b60-bf89-d63128cad841,-13.49632,131.03578,2022-03-24T14:40:00Z,PRESENT,Butterflies Australia,Acraea terpsicore
374,3420ee48-9f2c-4b85-a898-0a2ac0ea2178,Acraea terpsicore,https://biodiversity.org.au/afd/taxa/ba632bea-a7b4-4b60-bf89-d63128cad841,-19.983175,148.229478,2026-02-26T05:35:30Z,PRESENT,iNaturalist Australia,Acraea terpsicore
375,343e1491-d4e2-4231-8c9c-4a18b82c76b4,Acraea terpsicore,https://biodiversity.org.au/afd/taxa/ba632bea-a7b4-4b60-bf89-d63128cad841,-12.372922,142.61582,2021-06-21T17:58:00Z,PRESENT,iNaturalist Australia,Acraea terpsicore
376,345d3732-52b1-455f-8eb2-7a26b0518031,Acraea terpsicore,https://biodiversity.org.au/afd/taxa/ba632bea-a7b4-4b60-bf89-d63128cad841,-27.53078,153.1415,2022-12-25T14:50:00Z,PRESENT,Butterflies Australia,Acraea terpsicore
377,347216dc-c6d3-4b76-8173-8fb8c0e3e401,Acraea terpsicore,https://biodiversity.org.au/afd/taxa/ba632bea-a7b4-4b60-bf89-d63128cad841,-26.439964,153.169743,2023-02-10T18:16:12Z,PRESENT,iNaturalist Australia,Acraea terpsicore
378,348da2bc-f6ad-47b7-b625-26d792a85f86,Acraea terpsicore,https://biodiversity.org.au/afd/taxa/ba632bea-a7b4-4b60-bf89-d63128cad841,-12.36523,130.90957,2025-09-06T09:05:00Z,PRESENT,iNaturalist Australia,Acraea terpsicore
379,34a39317-dd21-4fb3-88cd-ae512fcfb9ba,Acraea terpsicore,https://biodiversity.org.au/afd/taxa/ba632bea-a7b4-4b60-bf89-d63128cad841,-14.910775,133.0835,2025-05-24T11:23:00Z,PRESENT,iNaturalist Australia,Acraea terpsicore
380,34df9184-dad8-4bcf-ba40-a3a471aa78d0,Acraea terpsicore,https://biodiversity.org.au/afd/taxa/ba632bea-a7b4-4b60-bf89-d63128cad841,-16.5045,132.81273,2021-06-08T12:34:00Z,PRESENT,Butterflies Australia,Acraea terpsicore
381,354dc2b8-ef2e-4353-b5cc-ce7113ba4a2a,Acraea terpsicore,https://biodiversity.org.au/afd/taxa/ba632bea-a7b4-4b60-bf89-d63128cad841,-19.188416,146.771866,2019-01-11T10:06:00Z,PRESENT,iNaturalist Australia,Acraea terpsicore
382,35561ea8-5932-4ecb-b5d9-993952777469,Acraea terpsicore,https://biodiversity.org.au/afd/taxa/ba632bea-a7b4-4b60-bf89-d63128cad841,-12.41333,130.92195,2013-02-01T00:00:00Z,PRESENT,Northern Territory Museum and Art Gallery provider for OZCAM,Acraea terpsicore
383,3580199d-9b8d-493e-8a10-e317f2b79535,Acraea terpsicore,https://biodiversity.org.au/afd/taxa/ba632bea-a7b4-4b60-bf89-d63128cad841,-17.19244,141.72603,2025-06-12T04:26:00Z,PRESENT,Butterflies Australia,Acraea terpsicore
384,35f5c02f-3e3f-4446-85e8-d2dd5f909da5,Acraea terpsicore,https://biodiversity.org.au/afd/taxa/ba632bea-a7b4-4b60-bf89-d63128cad841,-13.69162,132.02452,2013-06-08T00:00:00Z,PRESENT,Fauna Atlas N.T.,Acraea terpsicore
385,35f7f8ad-5f2e-4856-b144-4e785eb04be8,Acraea terpsicore,https://biodiversity.org.au/afd/taxa/ba632bea-a7b4-4b60-bf89-d63128cad841,-12.400416,130.933951,2025-05-17T09:26:19Z,PRESENT,iNaturalist Australia,Acraea terpsicore
386,35fb1793-bd3b-4477-b14d-98de27ab8a54,Acraea terpsicore,https://biodiversity.org.au/afd/taxa/ba632bea-a7b4-4b60-bf89-d63128cad841,-19.23384,146.771751,2019-06-04T00:00:00Z,PRESENT,iNaturalist Australia,Acraea terpsicore
387,36018a79-510f-40b7-9f6f-dce7c3db88e2,Acraea terpsicore,https://biodiversity.org.au/afd/taxa/ba632bea-a7b4-4b60-bf89-d63128cad841,-29.577514999999998,153.334985,2023-03-23T11:07:01Z,PRESENT,iNaturalist Australia,Acraea terpsicore
388,360ab8c1-9016-4ca5-8581-67fb1114b095,Acraea terpsicore,https://biodiversity.org.au/afd/taxa/ba632bea-a7b4-4b60-bf89-d63128cad841,-15.718,128.65,2013-04-27T00:00:00Z,PRESENT,Fauna Atlas N.T.,Acraea terpsicore
389,3632f4f3-2eac-43e5-9175-c4be4a5a8045,Acraea terpsicore,https://biodiversity.org.au/afd/taxa/ba632bea-a7b4-4b60-bf89-d63128cad841,-14.3083,125.987091,2015-02-01T00:00:00Z,PRESENT,Fauna Atlas N.T.,Acraea terpsicore
390,3681d775-cc56-43d9-be4c-181ac4ea0cd0,Acraea terpsicore,https://biodiversity.org.au/afd/taxa/ba632bea-a7b4-4b60-bf89-d63128cad841,-12.537972,131.045912,2026-02-23T12:06:00Z,PRESENT,iNaturalist Australia,Acraea terpsicore
391,36ad4767-4880-4541-a635-53aee4dfc4fd,Acraea terpsicore,https://biodiversity.org.au/afd/taxa/ba632bea-a7b4-4b60-bf89-d63128cad841,-22.079558,143.510863,2022-09-07T16:36:57Z,PRESENT,iNaturalist Australia,Acraea terpsicore
392,36b18e32-eadc-40de-b1cc-7b165d37223a,Acraea terpsicore,https://biodiversity.org.au/afd/taxa/ba632bea-a7b4-4b60-bf89-d63128cad841,-18.70949,146.29952,2024-05-05T08:17:46Z,PRESENT,iNaturalist Australia,Acraea terpsicore
393,36d2882e-5b35-4cd5-bb84-8fe4ab7292fe,Acraea terpsicore,https://biodiversity.org.au/afd/taxa/ba632bea-a7b4-4b60-bf89-d63128cad841,-19.207633,146.741807,2017-07-04T00:00:00Z,PRESENT,BowerBird,Acraea terpsicore
394,36f25ddc-55dc-432d-b2bc-77b866ffa5fb,Acraea terpsicore,https://biodiversity.org.au/afd/taxa/ba632bea-a7b4-4b60-bf89-d63128cad841,-18.900537,144.070952,2025-02-21T10:55:00Z,PRESENT,iNaturalist Australia,Acraea terpsicore
395,380e90b2-167a-411a-8795-8b1a8124f62d,Acraea terpsicore,https://biodiversity.org.au/afd/taxa/ba632bea-a7b4-4b60-bf89-d63128cad841,-14.31803,132.42026,2014-04-14T00:00:00Z,PRESENT,Fauna Atlas N.T.,Acraea terpsicore
396,3811ca13-efb3-4328-88c0-a0cb173ea2bf,Acraea terpsicore,https://biodiversity.org.au/afd/taxa/ba632bea-a7b4-4b60-bf89-d63128cad841,-12.967042,130.759542,2014-03-24T00:00:00Z,PRESENT,Fauna Atlas N.T.,Acraea terpsicore
397,38199ceb-0deb-435c-b823-d68aac709194,Acraea terpsicore,https://biodiversity.org.au/afd/taxa/ba632bea-a7b4-4b60-bf89-d63128cad841,-12.406732,130.911923,2024-12-25T11:04:00Z,PRESENT,iNaturalist Australia,Acraea terpsicore
398,383e751a-8861-4e7d-9cb0-9bda256b57c4,Acraea terpsicore,https://biodiversity.org.au/afd/taxa/ba632bea-a7b4-4b60-bf89-d63128cad841,-18.2228,142.2451,2021-05-30T03:00:00Z,PRESENT,Butterflies Australia,Acraea terpsicore
399,3858cab3-2707-4be4-8afc-6a57304d7d5a,Acraea terpsicore,https://biodiversity.org.au/afd/taxa/ba632bea-a7b4-4b60-bf89-d63128cad841,-12.407041,130.913089,2024-12-25T11:18:00Z,PRESENT,iNaturalist Australia,Acraea terpsicore
400,38acfe8e-e26d-4a24-81c2-a38fd3eb9eae,Acraea terpsicore,https://biodiversity.org.au/afd/taxa/ba632bea-a7b4-4b60-bf89-d63128cad841,-14.806205,126.939767,2024-06-28T16:10:00Z,PRESENT,iNaturalist Australia,Acraea terpsicore
401,38b4c492-5f84-4f9d-afc5-568c0dcdbd9c,Acraea terpsicore,https://biodiversity.org.au/afd/taxa/ba632bea-a7b4-4b60-bf89-d63128cad841,-14.733333,134.716667,2019-11-29T00:00:00Z,PRESENT,Fauna Atlas N.T.,Acraea terpsicore
402,38bfdc16-e840-45e5-ae91-c82229c65911,Acraea terpsicore,https://biodiversity.org.au/afd/taxa/ba632bea-a7b4-4b60-bf89-d63128cad841,-22.391431999999998,146.698421,2025-08-04T16:55:00Z,PRESENT,iNaturalist Australia,Acraea terpsicore
403,390f4df9-e57c-404b-80f2-e10558ef4d94,Acraea terpsicore,https://biodiversity.org.au/afd/taxa/ba632bea-a7b4-4b60-bf89-d63128cad841,-27.48533,152.95436,2022-02-22T13:32:00Z,PRESENT,Butterflies Australia,Acraea terpsicore
404,392c1a64-e50e-45a4-ad2f-48d119a94100,Acraea terpsicore,https://biodiversity.org.au/afd/taxa/ba632bea-a7b4-4b60-bf89-d63128cad841,-14.18235,132.187483,2017-06-03T16:17:00Z,PRESENT,iNaturalist Australia,Acraea terpsicore
405,39634353-c5c0-4b7f-b7b2-df3eaa6db228,Acraea terpsicore,https://biodiversity.org.au/afd/taxa/ba632bea-a7b4-4b60-bf89-d63128cad841,-12.575,131.1,2013-02-14T00:00:00Z,PRESENT,Fauna Atlas N.T.,Acraea terpsicore
406,39ba4183-b629-4ff6-a229-0ab0b1cb8c9a,Acraea terpsicore,https://biodiversity.org.au/afd/taxa/ba632bea-a7b4-4b60-bf89-d63128cad841,-13.49623,131.03572,2013-06-10T00:00:00Z,PRESENT,Fauna Atlas N.T.,Acraea terpsicore
407,39c84670-b9c2-46ec-abfc-0a7a4428d566,Acraea terpsicore,https://biodiversity.org.au/afd/taxa/ba632bea-a7b4-4b60-bf89-d63128cad841,-19.24039,146.782572,2023-05-10T08:22:00Z,PRESENT,iNaturalist Australia,Acraea terpsicore
408,39db10de-6b41-4923-9c3c-613798eb40c2,Acraea terpsicore,https://biodiversity.org.au/afd/taxa/ba632bea-a7b4-4b60-bf89-d63128cad841,-12.41333,130.92194,2013-01-21T00:00:00Z,PRESENT,Fauna Atlas N.T.,Acraea terpsicore
409,39e6011a-4893-4e78-9eee-9929743323ae,Acraea terpsicore,https://biodiversity.org.au/afd/taxa/ba632bea-a7b4-4b60-bf89-d63128cad841,-17.66705,141.092195,2022-07-15T16:55:33Z,PRESENT,iNaturalist Australia,Acraea terpsicore
410,3a25bbbe-a7e1-42e7-9012-9db4330fb2b7,Acraea terpsicore,https://biodiversity.org.au/afd/taxa/ba632bea-a7b4-4b60-bf89-d63128cad841,-18.1789,144.6108,2021-03-21T11:00:00Z,PRESENT,Butterflies Australia,Acraea terpsicore
411,3a335cf0-7004-415f-810e-112388aaf84d,Acraea terpsicore,https://biodiversity.org.au/afd/taxa/ba632bea-a7b4-4b60-bf89-d63128cad841,-18.6884,144.7111,2021-06-20T12:15:00Z,PRESENT,Butterflies Australia,Acraea terpsicore
412,3a389d33-0cc1-433d-ac87-323fa4a0c432,Acraea terpsicore,https://biodiversity.org.au/afd/taxa/ba632bea-a7b4-4b60-bf89-d63128cad841,-18.30091,143.352441,2025-05-17T09:47:00Z,PRESENT,iNaturalist Australia,Acraea terpsicore
413,3a5f270e-f22b-4d50-a678-88bcf59b91eb,Acraea terpsicore,https://biodiversity.org.au/afd/taxa/ba632bea-a7b4-4b60-bf89-d63128cad841,-18.217724,139.881071,2022-07-15T14:22:00Z,PRESENT,iNaturalist Australia,Acraea terpsicore
414,3a78faa8-1260-4de7-a6f8-7fdbfc987129,Acraea terpsicore,https://biodiversity.org.au/afd/taxa/ba632bea-a7b4-4b60-bf89-d63128cad841,-19.29374,147.02814,2018-06-21T00:00:00Z,PRESENT,WildNet - Queensland Wildlife Data,Acraea terpsicore
415,3ad85afd-c679-41ed-b8e6-5eaa4db4f775,Acraea terpsicore,https://biodiversity.org.au/afd/taxa/ba632bea-a7b4-4b60-bf89-d63128cad841,-20.918582,149.044556,2021-04-27T10:44:00Z,PRESENT,iNaturalist Australia,Acraea terpsicore
416,3ae64150-3ab3-49e3-a78e-b1dbf3041654,Acraea terpsicore,https://biodiversity.org.au/afd/taxa/ba632bea-a7b4-4b60-bf89-d63128cad841,-12.868,131.63,2013-05-06T00:00:00Z,PRESENT,Fauna Atlas N.T.,Acraea terpsicore
417,3b178b7e-d001-4d29-b8fe-1f37030e7e3f,Acraea terpsicore,https://biodiversity.org.au/afd/taxa/ba632bea-a7b4-4b60-bf89-d63128cad841,-23.677233,141.109878,2025-07-30T11:07:00Z,PRESENT,iNaturalist Australia,Acraea terpsicore
418,3b865d32-eaab-4798-824a-6ece77c365df,Acraea terpsicore,https://biodiversity.org.au/afd/taxa/ba632bea-a7b4-4b60-bf89-d63128cad841,-19.319299,146.701863,2018-08-20T14:56:00Z,PRESENT,iNaturalist Australia,Acraea terpsicore
419,3ba9d2d9-6763-4a97-95af-bf9b11dec591,Acraea terpsicore,https://biodiversity.org.au/afd/taxa/ba632bea-a7b4-4b60-bf89-d63128cad841,-14.04,126.306667,2025-07-04T10:13:00Z,PRESENT,iNaturalist Australia,Acraea terpsicore
420,3be25609-ca50-46d1-99bc-897dde9e2340,Acraea terpsicore,https://biodiversity.org.au/afd/taxa/ba632bea-a7b4-4b60-bf89-d63128cad841,-12.838333,131.133611,2013-03-16T00:00:00Z,PRESENT,Fauna Atlas N.T.,Acraea terpsicore
421,3beba50c-4ec4-4dce-8f7f-ae8f847aa942,Acraea terpsicore,https://biodiversity.org.au/afd/taxa/ba632bea-a7b4-4b60-bf89-d63128cad841,-18.02588,146.05508,2025-06-30T11:15:00Z,PRESENT,Butterflies Australia,Acraea terpsicore
422,3bf15690-41fd-4238-a219-7cbe4539eda8,Acraea terpsicore,https://biodiversity.org.au/afd/taxa/ba632bea-a7b4-4b60-bf89-d63128cad841,-15.575485,135.426497,2023-05-15T16:14:29Z,PRESENT,iNaturalist Australia,Acraea terpsicore
423,3c1fc1f6-9634-4e80-809f-00660eb3782c,Acraea terpsicore,https://biodiversity.org.au/afd/taxa/ba632bea-a7b4-4b60-bf89-d63128cad841,-14.735692,144.066708,2025-07-26T10:48:11Z,PRESENT,iNaturalist Australia,Acraea terpsicore
424,3c3aab22-7892-495b-a005-e704f76a8591,Acraea terpsicore,https://biodiversity.org.au/afd/taxa/ba632bea-a7b4-4b60-bf89-d63128cad841,-20.195358,148.39846,2023-08-18T09:20:00Z,PRESENT,iNaturalist Australia,Acraea terpsicore
425,3c513653-5fe1-40bd-ad71-5a4e97066213,Acraea terpsicore,https://biodiversity.org.au/afd/taxa/ba632bea-a7b4-4b60-bf89-d63128cad841,-16.321488,128.799624,2025-10-01T08:34:00Z,PRESENT,iNaturalist Australia,Acraea terpsicore
426,3c72391f-4735-4661-b0ba-4aca0a5984a4,Acraea terpsicore,https://biodiversity.org.au/afd/taxa/ba632bea-a7b4-4b60-bf89-d63128cad841,-15.974646,144.828963,2021-03-24T12:00:00Z,PRESENT,Butterflies Australia,Acraea terpsicore
427,3c84b82a-9c0b-4eb7-8cd3-23d7ff645138,Acraea terpsicore,https://biodiversity.org.au/afd/taxa/ba632bea-a7b4-4b60-bf89-d63128cad841,-19.258963,146.816948,2025-06-23T15:51:00Z,PRESENT,iNaturalist Australia,Acraea terpsicore
428,3ca8cea1-c2f3-4229-a7d5-56824628af42,Acraea terpsicore,https://biodiversity.org.au/afd/taxa/ba632bea-a7b4-4b60-bf89-d63128cad841,-19.254787,146.789153,2024-03-23T08:42:22Z,PRESENT,iNaturalist Australia,Acraea terpsicore
429,3cb15937-1f35-4d2f-97b4-e916220d91a5,Acraea terpsicore,https://biodiversity.org.au/afd/taxa/ba632bea-a7b4-4b60-bf89-d63128cad841,-10.606274,142.255288,2022-01-24T18:49:00Z,PRESENT,iNaturalist Australia,Acraea terpsicore
430,3d0fffd1-cde5-415f-98d8-490dbfaf55eb,Acraea terpsicore,https://biodiversity.org.au/afd/taxa/ba632bea-a7b4-4b60-bf89-d63128cad841,-16.786484,145.691019,2022-04-11T09:51:00Z,PRESENT,iNaturalist Australia,Acraea terpsicore
431,3d1d6dd9-85d1-4d5d-aea6-317fee6e618b,Acraea terpsicore,https://biodiversity.org.au/afd/taxa/ba632bea-a7b4-4b60-bf89-d63128cad841,-27.651697,153.009031,2024-04-14T13:51:00Z,PRESENT,iNaturalist Australia,Acraea terpsicore
432,3d1f01b7-593a-47f7-a2c1-8dc1d96443d3,Acraea terpsicore,https://biodiversity.org.au/afd/taxa/ba632bea-a7b4-4b60-bf89-d63128cad841,-19.984163,148.262057,2025-02-03T12:00:00Z,PRESENT,Butterflies Australia,Acraea terpsicore
433,3d240253-803d-484a-ab24-34fd3c375adc,Acraea terpsicore,https://biodiversity.org.au/afd/taxa/ba632bea-a7b4-4b60-bf89-d63128cad841,-20.342923,148.960734,2024-12-25T12:37:40Z,PRESENT,iNaturalist Australia,Acraea terpsicore
434,3d31c09d-240a-42a0-a493-f021390ac40f,Acraea terpsicore,https://biodiversity.org.au/afd/taxa/ba632bea-a7b4-4b60-bf89-d63128cad841,-19.745842,147.495808,2025-02-08T12:15:00Z,PRESENT,Butterflies Australia,Acraea terpsicore
435,3d5b33f7-7589-47da-84cb-e9181cab3636,Acraea terpsicore,https://biodiversity.org.au/afd/taxa/ba632bea-a7b4-4b60-bf89-d63128cad841,-18.207813,144.572052,2025-05-01T14:09:00Z,PRESENT,iNaturalist Australia,Acraea terpsicore
436,3d8d6e06-bc37-4aa9-bc6c-92fde1b71e6e,Acraea terpsicore,https://biodiversity.org.au/afd/taxa/ba632bea-a7b4-4b60-bf89-d63128cad841,-21.531325,146.859569,2025-04-11T15:00:31Z,PRESENT,iNaturalist Australia,Acraea terpsicore
437,3da970c4-f4e9-40cc-98a2-636dfa626bab,Acraea terpsicore,https://biodiversity.org.au/afd/taxa/ba632bea-a7b4-4b60-bf89-d63128cad841,-27.49513,152.95787,2022-03-06T00:00:00Z,PRESENT,WildNet - Queensland Wildlife Data,Acraea terpsicore
438,3dbdcbfa-4ef2-4a75-bd8e-8dfa27074784,Acraea terpsicore,https://biodiversity.org.au/afd/taxa/ba632bea-a7b4-4b60-bf89-d63128cad841,-19.201724,146.752389,2022-01-02T15:07:00Z,PRESENT,iNaturalist Australia,Acraea terpsicore
439,3dd497b0-1b82-48a6-a0f3-d4c4678b5c97,Acraea terpsicore,https://biodiversity.org.au/afd/taxa/ba632bea-a7b4-4b60-bf89-d63128cad841,-15.592532,128.278677,2015-04-13T08:40:00Z,PRESENT,iNaturalist Australia,Acraea terpsicore
440,3dd89d49-851f-4c7d-b5d5-046adb2d6d8f,Acraea terpsicore,https://biodiversity.org.au/afd/taxa/ba632bea-a7b4-4b60-bf89-d63128cad841,-19.805557,146.081886,2019-08-08T07:52:00Z,PRESENT,iNaturalist Australia,Acraea terpsicore
441,3e0ff39c-7123-42b9-8c91-fcaf636ce86c,Acraea terpsicore,https://biodiversity.org.au/afd/taxa/ba632bea-a7b4-4b60-bf89-d63128cad841,-27.485466,152.954193,2022-03-06T12:34:12Z,PRESENT,iNaturalist Australia,Acraea terpsicore
442,3e259d00-e6fc-4033-9812-06e69b1b9017,Acraea terpsicore,https://biodiversity.org.au/afd/taxa/ba632bea-a7b4-4b60-bf89-d63128cad841,-16.99019,144.297279,2022-07-18T12:53:59Z,PRESENT,iNaturalist Australia,Acraea terpsicore
443,3e4e8f3c-29a0-473c-baac-f0296b48ff40,Acraea terpsicore,https://biodiversity.org.au/afd/taxa/ba632bea-a7b4-4b60-bf89-d63128cad841,-14.39513,132.14429,2014-04-16T00:00:00Z,PRESENT,Fauna Atlas N.T.,Acraea terpsicore
444,3e6f1324-f1d5-44e7-a0a9-959cfe9e065d,Acraea terpsicore,https://biodiversity.org.au/afd/taxa/ba632bea-a7b4-4b60-bf89-d63128cad841,-12.435275,130.741103,2025-03-05T20:54:47Z,PRESENT,iNaturalist Australia,Acraea terpsicore
445,3e884869-8ca8-4426-aa36-1115d2b583a6,Acraea terpsicore,https://biodiversity.org.au/afd/taxa/ba632bea-a7b4-4b60-bf89-d63128cad841,-18.528151,146.331454,2021-08-04T12:26:00Z,PRESENT,iNaturalist Australia,Acraea terpsicore
446,3ebd87a1-728f-4fdc-a14e-96767217e2d9,Acraea terpsicore,https://biodiversity.org.au/afd/taxa/ba632bea-a7b4-4b60-bf89-d63128cad841,-20.630549,147.134342,2024-07-01T12:50:00Z,PRESENT,iNaturalist Australia,Acraea terpsicore
447,3ebd8a8f-fe5c-4c67-885e-1ac8d6a500cd,Acraea terpsicore,https://biodiversity.org.au/afd/taxa/ba632bea-a7b4-4b60-bf89-d63128cad841,-17.31296,145.58673,2021-04-12T10:49:00Z,PRESENT,Butterflies Australia,Acraea terpsicore
448,3f9a214b-74c1-448b-893b-ff39def4ee60,Acraea terpsicore,https://biodiversity.org.au/afd/taxa/ba632bea-a7b4-4b60-bf89-d63128cad841,-18.949155,145.914389,2022-08-14T09:57:49Z,PRESENT,iNaturalist Australia,Acraea terpsicore
449,3fabeaf5-5bc7-42ba-9c6f-1fe38c42c758,Acraea terpsicore,https://biodiversity.org.au/afd/taxa/ba632bea-a7b4-4b60-bf89-d63128cad841,-13.526,132.541,2013-07-25T00:00:00Z,PRESENT,Fauna Atlas N.T.,Acraea terpsicore
450,3fbc3eb6-f5dd-49d7-9caf-d56bb266e607,Acraea terpsicore,https://biodiversity.org.au/afd/taxa/ba632bea-a7b4-4b60-bf89-d63128cad841,-14.14035,134.47461,2013-08-03T00:00:00Z,PRESENT,Fauna Atlas N.T.,Acraea terpsicore
451,3fefbdb1-072f-478e-9c05-7e3cb142d0a1,Acraea terpsicore,https://biodiversity.org.au/afd/taxa/ba632bea-a7b4-4b60-bf89-d63128cad841,-18.131107,142.214574,2025-04-06T07:40:10Z,PRESENT,iNaturalist Australia,Acraea terpsicore
452,3ff13ccd-1f6c-4dcf-ba75-565af70693a1,Acraea terpsicore,https://biodiversity.org.au/afd/taxa/ba632bea-a7b4-4b60-bf89-d63128cad841,-23.441008,144.258575,2021-06-09T16:12:10Z,PRESENT,iNaturalist Australia,Acraea terpsicore
453,3ffcb91c-f4b8-4915-804a-12582fe38fdb,Acraea terpsicore,https://biodiversity.org.au/afd/taxa/ba632bea-a7b4-4b60-bf89-d63128cad841,-20.58954,139.57504,2023-09-03T03:34:00Z,PRESENT,Butterflies Australia,Acraea terpsicore
454,405dd2c7-a0e3-4e1a-83ab-5daddc36d98d,Acraea terpsicore,https://biodiversity.org.au/afd/taxa/ba632bea-a7b4-4b60-bf89-d63128cad841,-17.4287,145.405,2021-04-22T10:45:00Z,PRESENT,Butterflies Australia,Acraea terpsicore
455,4074001a-de65-4152-b4cb-73b342f8980e,Acraea terpsicore,https://biodiversity.org.au/afd/taxa/ba632bea-a7b4-4b60-bf89-d63128cad841,-19.324115,146.750537,2024-08-07T00:00:00Z,PRESENT,iNaturalist Australia,Acraea terpsicore
456,40b677c4-3eca-4bb6-a720-c8297d31b139,Acraea terpsicore,https://biodiversity.org.au/afd/taxa/ba632bea-a7b4-4b60-bf89-d63128cad841,-12.446708,130.87726,2021-04-20T11:14:00Z,PRESENT,iNaturalist Australia,Acraea terpsicore
457,40ba89eb-e338-43df-b17c-80fb3f10736c,Acraea terpsicore,https://biodiversity.org.au/afd/taxa/ba632bea-a7b4-4b60-bf89-d63128cad841,-19.311114,146.724295,2025-05-17T11:30:00Z,PRESENT,iNaturalist Australia,Acraea terpsicore
458,40c0e7ac-94e8-49fc-ba20-3f3253352dfd,Acraea terpsicore,https://biodiversity.org.au/afd/taxa/ba632bea-a7b4-4b60-bf89-d63128cad841,-12.867472,131.629079,2019-07-06T10:38:00Z,PRESENT,iNaturalist Australia,Acraea terpsicore
459,40d0d3b6-1b36-4861-ae1d-ee6716afbdb0,Acraea terpsicore,https://biodiversity.org.au/afd/taxa/ba632bea-a7b4-4b60-bf89-d63128cad841,-13.98175,127.17274,2013-06-14T00:00:00Z,PRESENT,Fauna Atlas N.T.,Acraea terpsicore
460,40d1a75a-339f-49ea-9330-7c9cb63280cd,Acraea terpsicore,https://biodiversity.org.au/afd/taxa/ba632bea-a7b4-4b60-bf89-d63128cad841,-17.491402,128.583462,2025-05-11T11:58:42Z,PRESENT,iNaturalist Australia,Acraea terpsicore
461,40f1f9f5-1329-4a19-b273-ca3dd9cd8ade,Acraea terpsicore,https://biodiversity.org.au/afd/taxa/ba632bea-a7b4-4b60-bf89-d63128cad841,-19.233505,146.78261,2022-07-18T12:01:00Z,PRESENT,iNaturalist Australia,Acraea terpsicore
462,4101dddb-167b-4d4d-9688-6363f9b88340,Acraea terpsicore,https://biodiversity.org.au/afd/taxa/ba632bea-a7b4-4b60-bf89-d63128cad841,-19.189533,146.77385,2024-11-03T11:23:40Z,PRESENT,iNaturalist Australia,Acraea terpsicore
463,410ccd67-02b9-4733-a734-a3268ce0e100,Acraea terpsicore,https://biodiversity.org.au/afd/taxa/ba632bea-a7b4-4b60-bf89-d63128cad841,-17.465925,140.842058,2024-07-27T12:03:00Z,PRESENT,iNaturalist Australia,Acraea terpsicore
464,41757507-ddf3-4b94-9942-08551825d55f,Acraea terpsicore,https://biodiversity.org.au/afd/taxa/ba632bea-a7b4-4b60-bf89-d63128cad841,-12.906941,131.653024,2018-04-18T23:37:00Z,PRESENT,iNaturalist Australia,Acraea terpsicore
465,418986eb-8efc-4289-a8f4-c8dc8b1f18ef,Acraea terpsicore,https://biodiversity.org.au/afd/taxa/ba632bea-a7b4-4b60-bf89-d63128cad841,-18.1844,142.2656,2021-05-30T09:15:00Z,PRESENT,Butterflies Australia,Acraea terpsicore
466,41b58a49-eac0-4cca-88aa-58ef2a2013f1,Acraea terpsicore,https://biodiversity.org.au/afd/taxa/ba632bea-a7b4-4b60-bf89-d63128cad841,-19.319383,146.70172,2018-09-10T09:14:00Z,PRESENT,iNaturalist Australia,Acraea terpsicore
467,41c5c3ba-701e-4cb0-adcd-bdc687f4c0e8,Acraea terpsicore,https://biodiversity.org.au/afd/taxa/ba632bea-a7b4-4b60-bf89-d63128cad841,-12.343043,130.964198,2024-08-23T00:00:00Z,PRESENT,iNaturalist Australia,Acraea terpsicore
468,41d410ae-3a22-469e-9934-6c82eabd59bd,Acraea terpsicore,https://biodiversity.org.au/afd/taxa/ba632bea-a7b4-4b60-bf89-d63128cad841,-18.300961,142.82393,2018-09-04T12:18:00Z,PRESENT,iNaturalist Australia,Acraea terpsicore
469,420506ca-188e-4dcb-8650-b5f4e4629251,Acraea terpsicore,https://biodiversity.org.au/afd/taxa/ba632bea-a7b4-4b60-bf89-d63128cad841,-12.37308,130.88657,2015-01-19T00:00:00Z,PRESENT,Fauna Atlas N.T.,Acraea terpsicore
470,423665b3-2067-499d-ba5c-8935e0fe5873,Acraea terpsicore,https://biodiversity.org.au/afd/taxa/ba632bea-a7b4-4b60-bf89-d63128cad841,-27.485642,152.954136,2022-03-21T12:36:00Z,PRESENT,iNaturalist Australia,Acraea terpsicore
471,424a4fe2-eda2-4f40-acbc-0035218dd27d,Acraea terpsicore,https://biodiversity.org.au/afd/taxa/ba632bea-a7b4-4b60-bf89-d63128cad841,-20.089289,146.24588,2019-06-28T13:18:00Z,PRESENT,iNaturalist Australia,Acraea terpsicore
472,42612a2e-5b69-48d2-a84d-ecb9f299b2aa,Acraea terpsicore,https://biodiversity.org.au/afd/taxa/ba632bea-a7b4-4b60-bf89-d63128cad841,-22.849943,149.436125,2022-02-18T11:00:00Z,PRESENT,Butterflies Australia,Acraea terpsicore
473,429aeee4-298e-4a73-b487-32c3656aa666,Acraea terpsicore,https://biodiversity.org.au/afd/taxa/ba632bea-a7b4-4b60-bf89-d63128cad841,-20.441106,145.533523,2019-07-30T13:57:00Z,PRESENT,iNaturalist Australia,Acraea terpsicore
474,42a404bc-be2c-4e68-8c5d-c6173068dacc,Acraea terpsicore,https://biodiversity.org.au/afd/taxa/ba632bea-a7b4-4b60-bf89-d63128cad841,-19.405325,146.729717,2021-08-27T14:46:00Z,PRESENT,iNaturalist Australia,Acraea terpsicore
475,42dc4f07-945c-4652-b880-3a01f5b2ff45,Acraea terpsicore,https://biodiversity.org.au/afd/taxa/ba632bea-a7b4-4b60-bf89-d63128cad841,-12.6,131.16667,2013-02-19T00:00:00Z,PRESENT,Fauna Atlas N.T.,Acraea terpsicore
476,42dc8fe9-3fc3-410a-9a3b-884f0fc31457,Acraea terpsicore,https://biodiversity.org.au/afd/taxa/ba632bea-a7b4-4b60-bf89-d63128cad841,-18.6461,139.2526,2023-09-08T09:00:00Z,PRESENT,Butterflies Australia,Acraea terpsicore
477,433988b9-d783-4e51-b2b6-f5f85eed1c6c,Acraea terpsicore,https://biodiversity.org.au/afd/taxa/ba632bea-a7b4-4b60-bf89-d63128cad841,-14.437844,132.274594,2023-04-27T09:53:33Z,PRESENT,iNaturalist Australia,Acraea terpsicore
478,436f6f57-73a3-4a0c-aacb-75e2c67dfcfd,Acraea terpsicore,https://biodiversity.org.au/afd/taxa/ba632bea-a7b4-4b60-bf89-d63128cad841,-18.657486,146.145424,2021-09-29T08:35:00Z,PRESENT,iNaturalist Australia,Acraea terpsicore
479,43730079-39d3-4fb5-aa30-037a49b7e569,Acraea terpsicore,https://biodiversity.org.au/afd/taxa/ba632bea-a7b4-4b60-bf89-d63128cad841,-12.371995,130.868864,2021-05-01T08:36:00Z,PRESENT,iNaturalist Australia,Acraea terpsicore
480,43751e7b-368e-4638-a97c-555cbea9dd84,Acraea terpsicore,https://biodiversity.org.au/afd/taxa/ba632bea-a7b4-4b60-bf89-d63128cad841,-19.195593,146.762863,2025-05-08T20:54:22Z,PRESENT,iNaturalist Australia,Acraea terpsicore
481,43e3058f-ebdb-4448-8164-b47a1e06b36e,Acraea terpsicore,https://biodiversity.org.au/afd/taxa/ba632bea-a7b4-4b60-bf89-d63128cad841,-17.407108,124.950625,2021-08-15T10:33:00Z,PRESENT,iNaturalist Australia,Acraea terpsicore
482,43f3393f-0dff-4951-b176-664780b3d16e,Acraea terpsicore,https://biodiversity.org.au/afd/taxa/ba632bea-a7b4-4b60-bf89-d63128cad841,-17.343889,144.686944,2017-05-06T00:00:00Z,PRESENT,Queensland Museum provider for OZCAM,Acraea terpsicore
483,4419b404-546e-44c7-b14a-e17d2883e9fc,Acraea terpsicore,https://biodiversity.org.au/afd/taxa/ba632bea-a7b4-4b60-bf89-d63128cad841,-16.65775,125.9513,2014-05-15T00:00:00Z,PRESENT,Fauna Atlas N.T.,Acraea terpsicore
484,4428ef48-e480-4ea3-8fa7-efb814681f76,Acraea terpsicore,https://biodiversity.org.au/afd/taxa/ba632bea-a7b4-4b60-bf89-d63128cad841,-19.1903,146.774033,2025-06-18T11:13:00Z,PRESENT,iNaturalist Australia,Acraea terpsicore
485,442929ab-e5c5-4b52-ab9b-9a2214f48f8d,Acraea terpsicore,https://biodiversity.org.au/afd/taxa/ba632bea-a7b4-4b60-bf89-d63128cad841,-12.90845,131.64551,2013-06-29T00:00:00Z,PRESENT,Fauna Atlas N.T.,Acraea terpsicore
486,4435cdb0-3391-4f7b-b9ce-864b1d61ca81,Acraea terpsicore,https://biodiversity.org.au/afd/taxa/ba632bea-a7b4-4b60-bf89-d63128cad841,-18.01553,138.94977,2023-09-11T10:51:00Z,PRESENT,Butterflies Australia,Acraea terpsicore
487,444f4a26-fcc0-4f18-b10b-e56e701dfd7c,Acraea terpsicore,https://biodiversity.org.au/afd/taxa/ba632bea-a7b4-4b60-bf89-d63128cad841,-19.28119,146.810345,2017-09-07T15:55:15Z,PRESENT,Encyclopedia of Life Images - Flickr Group,Acraea terpsicore
488,446ce341-1fbb-4824-9a0f-c5c6d5dd1722,Acraea terpsicore,https://biodiversity.org.au/afd/taxa/ba632bea-a7b4-4b60-bf89-d63128cad841,-12.575,131.1,2013-02-15T00:00:00Z,PRESENT,Fauna Atlas N.T.,Acraea terpsicore
489,4479e8b5-daa0-450a-b6e0-af4aa9e19f3d,Acraea terpsicore,https://biodiversity.org.au/afd/taxa/ba632bea-a7b4-4b60-bf89-d63128cad841,-18.0451,144.9011,2021-04-25T09:15:00Z,PRESENT,Butterflies Australia,Acraea terpsicore
490,44b1f38e-8d76-412b-afa4-43dfd2e670ab,Acraea terpsicore,https://biodiversity.org.au/afd/taxa/ba632bea-a7b4-4b60-bf89-d63128cad841,-22.817217,150.809652,2022-01-10T12:00:35Z,PRESENT,iNaturalist Australia,Acraea terpsicore
491,44b9c78d-a907-4e61-8fcb-723f21392f72,Acraea terpsicore,https://biodiversity.org.au/afd/taxa/ba632bea-a7b4-4b60-bf89-d63128cad841,-12.629275,141.87445,2022-08-24T11:29:27Z,PRESENT,iNaturalist Australia,Acraea terpsicore
492,44b9f4d6-3d3e-4d94-905b-f1d88a7ce5cd,Acraea terpsicore,https://biodiversity.org.au/afd/taxa/ba632bea-a7b4-4b60-bf89-d63128cad841,-12.433333,130.95,2013-04-08T00:00:00Z,PRESENT,Fauna Atlas N.T.,Acraea terpsicore
493,44c57557-50f3-48ab-9b40-4a2eed8dad1b,Acraea terpsicore,https://biodiversity.org.au/afd/taxa/ba632bea-a7b4-4b60-bf89-d63128cad841,-17.410641,145.06215,2021-05-25T10:14:00Z,PRESENT,iNaturalist Australia,Acraea terpsicore
494,44d182b9-cdb2-436a-8f91-458771ce8a47,Acraea terpsicore,https://biodiversity.org.au/afd/taxa/ba632bea-a7b4-4b60-bf89-d63128cad841,-27.485933,152.950914,2022-03-09T13:06:35Z,PRESENT,iNaturalist Australia,Acraea terpsicore
495,450f545e-3ed8-4042-a049-aeaa9990ca11,Acraea terpsicore,https://biodiversity.org.au/afd/taxa/ba632bea-a7b4-4b60-bf89-d63128cad841,-16.112444,130.422056,2015-05-25T00:00:00Z,PRESENT,Fauna Atlas N.T.,Acraea terpsicore
496,4533ace0-86af-4207-809b-ab4c3c2f9573,Acraea terpsicore,https://biodiversity.org.au/afd/taxa/ba632bea-a7b4-4b60-bf89-d63128cad841,-19.316733,146.679278,2024-08-14T00:00:00Z,PRESENT,iNaturalist Australia,Acraea terpsicore
497,45389ac9-1891-4540-8679-e8450391c723,Acraea terpsicore,https://biodiversity.org.au/afd/taxa/ba632bea-a7b4-4b60-bf89-d63128cad841,-15.8217,127.5192,2014-05-30T00:00:00Z,PRESENT,Fauna Atlas N.T.,Acraea terpsicore
498,45d8e8dc-6e0d-45fe-918c-ec69e44d36ff,Acraea terpsicore,https://biodiversity.org.au/afd/taxa/ba632bea-a7b4-4b60-bf89-d63128cad841,-12.41333,130.92195,2013-02-01T00:00:00Z,PRESENT,Northern Territory Museum and Art Gallery provider for OZCAM,Acraea terpsicore
499,461a39df-cb44-4883-a938-02946bdedb92,Acraea terpsicore,https://biodiversity.org.au/afd/taxa/ba632bea-a7b4-4b60-bf89-d63128cad841,-21.367752,144.640709,2017-08-14T00:00:00Z,PRESENT,iNaturalist Australia,Acraea terpsicore
500,464cc066-77da-4a1a-8633-991c7c1ea96a,Acraea terpsicore,https://biodiversity.org.au/afd/taxa/ba632bea-a7b4-4b60-bf89-d63128cad841,-19.165311,146.848243,2022-07-09T12:49:00Z,PRESENT,iNaturalist Australia,Acraea terpsicore
501,465367ae-7770-4cb5-bed4-c1b97b5ec514,Acraea terpsicore,https://biodiversity.org.au/afd/taxa/ba632bea-a7b4-4b60-bf89-d63128cad841,-12.366272,130.864533,2025-04-30T16:02:13Z,PRESENT,iNaturalist Australia,Acraea terpsicore
502,465df1a5-0580-4635-a0c5-35d859532678,Acraea terpsicore,https://biodiversity.org.au/afd/taxa/ba632bea-a7b4-4b60-bf89-d63128cad841,-20.695353,139.511458,2022-12-26T15:01:55Z,PRESENT,iNaturalist Australia,Acraea terpsicore
503,468b61f2-18e6-43a2-adec-bd8ff5377883,Acraea terpsicore,https://biodiversity.org.au/afd/taxa/ba632bea-a7b4-4b60-bf89-d63128cad841,-27.490894,153.186294,2022-04-02T09:57:49Z,PRESENT,iNaturalist Australia,Acraea terpsicore
504,46ec7ee3-9868-47f3-b157-36e3d64858e1,Acraea terpsicore,https://biodiversity.org.au/afd/taxa/ba632bea-a7b4-4b60-bf89-d63128cad841,-26.504386,153.087115,2022-02-22T12:05:00Z,PRESENT,iNaturalist Australia,Acraea terpsicore
505,46ed78f7-1668-42fe-82db-ae97fbb4249f,Acraea terpsicore,https://biodiversity.org.au/afd/taxa/ba632bea-a7b4-4b60-bf89-d63128cad841,-12.4405,130.95,2013-07-24T00:00:00Z,PRESENT,Northern Territory Museum and Art Gallery provider for OZCAM,Acraea terpsicore
506,472249e8-f75b-4df8-b58b-94b3b1501115,Acraea terpsicore,https://biodiversity.org.au/afd/taxa/ba632bea-a7b4-4b60-bf89-d63128cad841,-27.296806,152.226853,2021-04-10T11:20:31Z,PRESENT,iNaturalist Australia,Acraea terpsicore
507,47276f22-7709-4a06-b4e1-4cd39acf5eaf,Acraea terpsicore,https://biodiversity.org.au/afd/taxa/ba632bea-a7b4-4b60-bf89-d63128cad841,-19.188238,146.771665,2025-10-04T09:41:00Z,PRESENT,iNaturalist Australia,Acraea terpsicore
508,474cd032-01da-4d4b-b279-517f0b0be50b,Acraea terpsicore,https://biodiversity.org.au/afd/taxa/ba632bea-a7b4-4b60-bf89-d63128cad841,-10.6,142.254,2020-03-07T09:45:00Z,PRESENT,Butterflies Australia,Acraea terpsicore
509,47e3231f-3f83-4388-90ef-ca5be9f684b2,Acraea terpsicore,https://biodiversity.org.au/afd/taxa/ba632bea-a7b4-4b60-bf89-d63128cad841,-16.575399,145.188884,2020-09-19T15:36:00Z,PRESENT,iNaturalist Australia,Acraea terpsicore
510,483e981c-f448-4c3d-b31c-ab8e6daff90b,Acraea terpsicore,https://biodiversity.org.au/afd/taxa/ba632bea-a7b4-4b60-bf89-d63128cad841,-18.1394,144.3215,2021-03-23T09:45:00Z,PRESENT,Butterflies Australia,Acraea terpsicore
511,488bf260-378a-45d3-aa0a-591a3da6eea5,Acraea terpsicore,https://biodiversity.org.au/afd/taxa/ba632bea-a7b4-4b60-bf89-d63128cad841,-19.207633,146.741807,2021-05-16T15:30:00Z,PRESENT,iNaturalist Australia,Acraea terpsicore
512,489f0a4b-5d4f-463a-81d9-df0d74da6989,Acraea terpsicore,https://biodiversity.org.au/afd/taxa/ba632bea-a7b4-4b60-bf89-d63128cad841,-16.483973,145.462252,2022-06-16T14:03:00Z,PRESENT,iNaturalist Australia,Acraea terpsicore
513,48a713df-64cf-48c9-b867-d948ed50caf4,Acraea terpsicore,https://biodiversity.org.au/afd/taxa/ba632bea-a7b4-4b60-bf89-d63128cad841,-19.5708,146.840761,2022-01-03T14:02:00Z,PRESENT,iNaturalist Australia,Acraea terpsicore
514,48b1234e-e5d7-4ebd-ab9e-865333406abb,Acraea terpsicore,https://biodiversity.org.au/afd/taxa/ba632bea-a7b4-4b60-bf89-d63128cad841,-27.485505,152.954085,2022-01-09T12:42:00Z,PRESENT,iNaturalist Australia,Acraea terpsicore
515,49300451-6ac4-4e59-ad20-69d4a35e0c58,Acraea terpsicore,https://biodiversity.org.au/afd/taxa/ba632bea-a7b4-4b60-bf89-d63128cad841,-18.219397,144.666963,2021-07-05T12:00:00Z,PRESENT,iNaturalist Australia,Acraea terpsicore
516,493e0a1a-f35a-4e6b-988f-61daf77580ca,Acraea terpsicore,https://biodiversity.org.au/afd/taxa/ba632bea-a7b4-4b60-bf89-d63128cad841,-14.315547,132.420989,2025-06-17T14:12:00Z,PRESENT,iNaturalist Australia,Acraea terpsicore
517,4952fbd7-0183-44e1-ba68-1a408b3729fe,Acraea terpsicore,https://biodiversity.org.au/afd/taxa/ba632bea-a7b4-4b60-bf89-d63128cad841,-12.868,131.63,2013-05-06T00:00:00Z,PRESENT,Fauna Atlas N.T.,Acraea terpsicore
518,49531536-03ce-4494-826b-e16bc1341c6f,Acraea terpsicore,https://biodiversity.org.au/afd/taxa/ba632bea-a7b4-4b60-bf89-d63128cad841,-12.463733,130.844445,2025-04-27T13:57:00Z,PRESENT,iNaturalist Australia,Acraea terpsicore
519,49c21f46-d36a-4167-b76e-aa0cb789deb7,Acraea terpsicore,https://biodiversity.org.au/afd/taxa/ba632bea-a7b4-4b60-bf89-d63128cad841,-15.761804,131.122191,2024-08-29T00:00:00Z,PRESENT,iNaturalist Australia,Acraea terpsicore
520,49c9558e-6816-4a4e-b971-6df9078c37d4,Acraea terpsicore,https://biodiversity.org.au/afd/taxa/ba632bea-a7b4-4b60-bf89-d63128cad841,-18.179,142.2607,2021-05-30T10:30:00Z,PRESENT,Butterflies Australia,Acraea terpsicore
521,49f57443-a6e1-417c-a27c-40fd73cb557a,Acraea terpsicore,https://biodiversity.org.au/afd/taxa/ba632bea-a7b4-4b60-bf89-d63128cad841,-17.89555,139.2966,2023-09-09T13:47:00Z,PRESENT,Butterflies Australia,Acraea terpsicore
522,4a15bda9-2fb7-47cc-9005-0460c61c3c6c,Acraea terpsicore,https://biodiversity.org.au/afd/taxa/ba632bea-a7b4-4b60-bf89-d63128cad841,-12.90706,131.650384,2020-05-16T12:38:00Z,PRESENT,iNaturalist Australia,Acraea terpsicore
523,4a880e15-5aae-4efa-a017-be4557e5d40c,Acraea terpsicore,https://biodiversity.org.au/afd/taxa/ba632bea-a7b4-4b60-bf89-d63128cad841,-20.015747,148.265945,2025-02-05T11:00:00Z,PRESENT,Butterflies Australia,Acraea terpsicore
524,4a91a927-def9-493f-8d12-043afa212a58,Acraea terpsicore,https://biodiversity.org.au/afd/taxa/ba632bea-a7b4-4b60-bf89-d63128cad841,-20.571748,148.476251,2025-05-22T10:17:34Z,PRESENT,iNaturalist Australia,Acraea terpsicore
525,4ac35279-31ed-45eb-8106-0fd9eef658a8,Acraea terpsicore,https://biodiversity.org.au/afd/taxa/ba632bea-a7b4-4b60-bf89-d63128cad841,-26.595451,153.013527,2023-02-14T18:16:58Z,PRESENT,iNaturalist Australia,Acraea terpsicore
526,4adc0b2a-a2c2-441f-af82-0c4b225d1729,Acraea terpsicore,https://biodiversity.org.au/afd/taxa/ba632bea-a7b4-4b60-bf89-d63128cad841,-12.37308,130.88657,2013-02-14T00:00:00Z,PRESENT,Fauna Atlas N.T.,Acraea terpsicore
527,4ae31d79-d4bc-4bb6-90f0-7341ba31ea2b,Acraea terpsicore,https://biodiversity.org.au/afd/taxa/ba632bea-a7b4-4b60-bf89-d63128cad841,-15.25611,129.67198,2013-04-24T00:00:00Z,PRESENT,Fauna Atlas N.T.,Acraea terpsicore
528,4aeeca4f-7bb1-4afb-b871-003e5b990782,Acraea terpsicore,https://biodiversity.org.au/afd/taxa/ba632bea-a7b4-4b60-bf89-d63128cad841,-13.36516,131.087021,2023-06-09T09:48:00Z,PRESENT,iNaturalist Australia,Acraea terpsicore
529,4b0a83c2-b4d8-4472-ae33-3acbb4d7e2bd,Acraea terpsicore,https://biodiversity.org.au/afd/taxa/ba632bea-a7b4-4b60-bf89-d63128cad841,-19.355769,146.733184,2023-03-27T07:43:00Z,PRESENT,iNaturalist Australia,Acraea terpsicore
530,4b0d8ff3-d3bc-4d75-924a-d36849e8bedb,Acraea terpsicore,https://biodiversity.org.au/afd/taxa/ba632bea-a7b4-4b60-bf89-d63128cad841,-12.37308,130.88657,2015-01-29T00:00:00Z,PRESENT,Fauna Atlas N.T.,Acraea terpsicore
531,4b1002ff-e110-4118-92c1-20528af599d9,Acraea terpsicore,https://biodiversity.org.au/afd/taxa/ba632bea-a7b4-4b60-bf89-d63128cad841,-25.405383,152.906177,2024-03-02T01:48:00Z,PRESENT,iNaturalist Australia,Acraea terpsicore
532,4b623387-f98b-462f-97df-ab5d57bee764,Acraea terpsicore,https://biodiversity.org.au/afd/taxa/ba632bea-a7b4-4b60-bf89-d63128cad841,-16.747595,145.662188,2021-08-16T12:52:00Z,PRESENT,iNaturalist Australia,Acraea terpsicore
533,4b7f22e5-7722-496e-8e5f-7667b833251e,Acraea terpsicore,https://biodiversity.org.au/afd/taxa/ba632bea-a7b4-4b60-bf89-d63128cad841,-14.216667,126.25,2015-06-01T00:00:00Z,PRESENT,Fauna Atlas N.T.,Acraea terpsicore
534,4ba23e98-ea9b-4a60-854a-35a19a1e028f,Acraea terpsicore,https://biodiversity.org.au/afd/taxa/ba632bea-a7b4-4b60-bf89-d63128cad841,-12.279805,131.023774,2025-05-25T11:42:44Z,PRESENT,iNaturalist Australia,Acraea terpsicore
535,4bb05ba0-a18e-4aed-8ad0-fcb3bfcbd351,Acraea terpsicore,https://biodiversity.org.au/afd/taxa/ba632bea-a7b4-4b60-bf89-d63128cad841,-20.341164,144.460081,2025-06-16T11:57:07Z,PRESENT,iNaturalist Australia,Acraea terpsicore
536,4be999f2-6a6e-4092-b4e5-ec97749d361f,Acraea terpsicore,https://biodiversity.org.au/afd/taxa/ba632bea-a7b4-4b60-bf89-d63128cad841,-21.63427,148.675093,2018-08-13T12:57:00Z,PRESENT,iNaturalist Australia,Acraea terpsicore
537,4bfce294-ae27-4c4e-a6ad-f0a470186002,Acraea terpsicore,https://biodiversity.org.au/afd/taxa/ba632bea-a7b4-4b60-bf89-d63128cad841,-14.39796,132.510892,2020-05-12T13:12:00Z,PRESENT,Earth Guardians Weekly Feed,Acraea terpsicore
538,4c01d930-a3bb-4795-9950-5881d5d62ad2,Acraea terpsicore,https://biodiversity.org.au/afd/taxa/ba632bea-a7b4-4b60-bf89-d63128cad841,-19.257824,146.803931,2025-08-17T10:08:00Z,PRESENT,iNaturalist Australia,Acraea terpsicore
539,4c3aad42-2092-4a8f-b6c4-e5160922c2ff,Acraea terpsicore,https://biodiversity.org.au/afd/taxa/ba632bea-a7b4-4b60-bf89-d63128cad841,-18.1662,142.2167,2021-05-31T10:30:00Z,PRESENT,Butterflies Australia,Acraea terpsicore
540,4c460a16-9fc0-45ad-8800-c7c59f1c74eb,Acraea terpsicore,https://biodiversity.org.au/afd/taxa/ba632bea-a7b4-4b60-bf89-d63128cad841,-20.324317,148.632654,2022-12-28T08:30:00Z,PRESENT,iNaturalist Australia,Acraea terpsicore
541,4c553a56-c01e-434b-a782-3fdbd9a5a4ec,Acraea terpsicore,https://biodiversity.org.au/afd/taxa/ba632bea-a7b4-4b60-bf89-d63128cad841,-17.343889,144.686944,2017-05-06T00:00:00Z,PRESENT,Queensland Museum provider for OZCAM,Acraea terpsicore
542,4c7a9a3a-163e-4964-96a9-9a7b204441e2,Acraea terpsicore,https://biodiversity.org.au/afd/taxa/ba632bea-a7b4-4b60-bf89-d63128cad841,-20.271805,148.718775,2025-01-07T09:45:05Z,PRESENT,iNaturalist Australia,Acraea terpsicore
543,4c8c9e88-e0a1-42c0-83da-023b4b1b4ef1,Acraea terpsicore,https://biodiversity.org.au/afd/taxa/ba632bea-a7b4-4b60-bf89-d63128cad841,-14.322422,132.419108,2015-05-07T16:16:00Z,PRESENT,iNaturalist Australia,Acraea terpsicore
544,4ced0fdb-9f52-4108-81c5-65c4eba84e45,Acraea terpsicore,https://biodiversity.org.au/afd/taxa/ba632bea-a7b4-4b60-bf89-d63128cad841,-14.315848,132.421589,2025-06-17T16:36:00Z,PRESENT,iNaturalist Australia,Acraea terpsicore
545,4cee76f2-3f22-4079-84c1-dd548a82fe30,Acraea terpsicore,https://biodiversity.org.au/afd/taxa/ba632bea-a7b4-4b60-bf89-d63128cad841,-12.895258,131.627988,2025-02-08T09:54:01Z,PRESENT,iNaturalist Australia,Acraea terpsicore
546,4d3db9e0-52d1-4ee9-bd46-e683ff4a1c7f,Acraea terpsicore,https://biodiversity.org.au/afd/taxa/ba632bea-a7b4-4b60-bf89-d63128cad841,-19.301674,146.77758,2025-05-05T09:24:20Z,PRESENT,iNaturalist Australia,Acraea terpsicore
547,4d4e4482-bb24-4850-a7bd-5ea7e5d5032e,Acraea terpsicore,https://biodiversity.org.au/afd/taxa/ba632bea-a7b4-4b60-bf89-d63128cad841,-19.195947,146.769726,2025-09-20T09:45:00Z,PRESENT,Butterflies Australia,Acraea terpsicore
548,4d69d6dd-5fec-40ef-be14-f6428b6a85e7,Acraea terpsicore,https://biodiversity.org.au/afd/taxa/ba632bea-a7b4-4b60-bf89-d63128cad841,-13.943564,131.248362,2016-05-09T00:00:00Z,PRESENT,BowerBird,Acraea terpsicore
549,4d84d551-275f-4d27-9752-d14ef183fb02,Acraea terpsicore,https://biodiversity.org.au/afd/taxa/ba632bea-a7b4-4b60-bf89-d63128cad841,-23.41751,146.41666,2021-08-26T11:11:00Z,PRESENT,iNaturalist Australia,Acraea terpsicore
550,4d9ddce2-c3b6-4932-ac31-72a6ec7d19ae,Acraea terpsicore,https://biodiversity.org.au/afd/taxa/ba632bea-a7b4-4b60-bf89-d63128cad841,-15.766667,128.733333,2013-05-11T00:00:00Z,PRESENT,Fauna Atlas N.T.,Acraea terpsicore
551,4dd13760-5d60-4814-8d08-597f0e9fdc6f,Acraea terpsicore,https://biodiversity.org.au/afd/taxa/ba632bea-a7b4-4b60-bf89-d63128cad841,-24.803189,152.441211,2025-01-29T10:12:00Z,PRESENT,iNaturalist Australia,Acraea terpsicore
552,4de0bef8-0c57-40ad-b2f0-35bb38d40ba1,Acraea terpsicore,https://biodiversity.org.au/afd/taxa/ba632bea-a7b4-4b60-bf89-d63128cad841,-16.981663,145.550492,2022-03-03T15:15:00Z,PRESENT,iNaturalist Australia,Acraea terpsicore
553,4df01899-e5b6-4eab-97ad-6687981f35cb,Acraea terpsicore,https://biodiversity.org.au/afd/taxa/ba632bea-a7b4-4b60-bf89-d63128cad841,-12.6997,143.3299,2022-03-25T04:30:00Z,PRESENT,Butterflies Australia,Acraea terpsicore
554,4df5478f-1e64-441c-aa71-3b959c4917e2,Acraea terpsicore,https://biodiversity.org.au/afd/taxa/ba632bea-a7b4-4b60-bf89-d63128cad841,-14.46667,132.26667,2013-05-12T00:00:00Z,PRESENT,Fauna Atlas N.T.,Acraea terpsicore
555,4e29ff7a-d5f9-442b-a0b7-051cd21d8981,Acraea terpsicore,https://biodiversity.org.au/afd/taxa/ba632bea-a7b4-4b60-bf89-d63128cad841,-16.83921,145.74087,2022-02-27T13:16:00Z,PRESENT,Butterflies Australia,Acraea terpsicore
556,4e39c88c-abba-48e3-b7a7-c26ac77b9946,Acraea terpsicore,https://biodiversity.org.au/afd/taxa/ba632bea-a7b4-4b60-bf89-d63128cad841,-12.367059,130.908887,2025-01-01T09:19:42Z,PRESENT,iNaturalist Australia,Acraea terpsicore
557,4e3b504f-605e-4ec3-88f9-cb1dcad0bae3,Acraea terpsicore,https://biodiversity.org.au/afd/taxa/ba632bea-a7b4-4b60-bf89-d63128cad841,-24.559852,151.883583,2024-06-21T12:46:00Z,PRESENT,iNaturalist Australia,Acraea terpsicore
558,4e4cf835-164e-4b7c-b9e1-a3a238eb89a8,Acraea terpsicore,https://biodiversity.org.au/afd/taxa/ba632bea-a7b4-4b60-bf89-d63128cad841,-14.438646,132.271238,2024-06-04T18:01:15Z,PRESENT,iNaturalist Australia,Acraea terpsicore
559,4e55285a-171d-42bb-a7ef-7bf27b265bb2,Acraea terpsicore,https://biodiversity.org.au/afd/taxa/ba632bea-a7b4-4b60-bf89-d63128cad841,-13.038611,130.924167,2013-01-28T00:00:00Z,PRESENT,Fauna Atlas N.T.,Acraea terpsicore
560,4ebcf40b-2434-494b-8765-88dd97ea983f,Acraea terpsicore,https://biodiversity.org.au/afd/taxa/ba632bea-a7b4-4b60-bf89-d63128cad841,-13.58283,131.45871,2014-04-19T00:00:00Z,PRESENT,Fauna Atlas N.T.,Acraea terpsicore
561,4ef24d1a-1471-4885-aac0-ef9edb5b1d99,Acraea terpsicore,https://biodiversity.org.au/afd/taxa/ba632bea-a7b4-4b60-bf89-d63128cad841,-14.183749,132.188197,2025-05-15T05:06:00Z,PRESENT,NatureMapr,Acraea terpsicore
562,4f04fc8a-ce20-4327-ab64-55e78066456f,Acraea terpsicore,https://biodiversity.org.au/afd/taxa/ba632bea-a7b4-4b60-bf89-d63128cad841,-19.20097,146.75454,2025-01-22T11:51:00Z,PRESENT,Butterflies Australia,Acraea terpsicore
563,4f1d842b-631b-4ab0-9f15-1ba67ce2e747,Acraea terpsicore,https://biodiversity.org.au/afd/taxa/ba632bea-a7b4-4b60-bf89-d63128cad841,-14.5525,133.11417,2014-06-23T00:00:00Z,PRESENT,Fauna Atlas N.T.,Acraea terpsicore
564,4f22753b-5383-4fa5-82c4-bda6d14274de,Acraea terpsicore,https://biodiversity.org.au/afd/taxa/ba632bea-a7b4-4b60-bf89-d63128cad841,-21.57095,146.90542,2024-09-04T05:42:00Z,PRESENT,Butterflies Australia,Acraea terpsicore
565,4f2ae871-9a1d-4ade-ba40-63cf6343215f,Acraea terpsicore,https://biodiversity.org.au/afd/taxa/ba632bea-a7b4-4b60-bf89-d63128cad841,-19.188598,146.772212,2022-06-23T11:32:00Z,PRESENT,iNaturalist Australia,Acraea terpsicore
566,4f409bc6-53af-4f05-a12d-1ff86810abb6,Acraea terpsicore,https://biodiversity.org.au/afd/taxa/ba632bea-a7b4-4b60-bf89-d63128cad841,-22.348058,149.522536,2024-09-17T12:25:00Z,PRESENT,iNaturalist Australia,Acraea terpsicore
567,4f580f0f-421a-40b2-b870-1782144bca14,Acraea terpsicore,https://biodiversity.org.au/afd/taxa/ba632bea-a7b4-4b60-bf89-d63128cad841,-14.926073,144.197167,2021-07-22T13:56:00Z,PRESENT,iNaturalist Australia,Acraea terpsicore
568,4f692c3a-2b1a-48c5-9547-0039ea2f3653,Acraea terpsicore,https://biodiversity.org.au/afd/taxa/ba632bea-a7b4-4b60-bf89-d63128cad841,-16.465861,143.306905,2025-06-10T03:45:00Z,PRESENT,Butterflies Australia,Acraea terpsicore
569,4f85a215-09c2-4d81-89c2-c183147dd9e0,Acraea terpsicore,https://biodiversity.org.au/afd/taxa/ba632bea-a7b4-4b60-bf89-d63128cad841,-19.315038,146.751845,2019-06-29T00:13:00Z,PRESENT,NatureMapr,Acraea terpsicore
570,4f89165b-3354-47f9-a398-6dc88a68431c,Acraea terpsicore,https://biodiversity.org.au/afd/taxa/ba632bea-a7b4-4b60-bf89-d63128cad841,-15.90152,128.130539,2025-06-25T10:42:42Z,PRESENT,iNaturalist Australia,Acraea terpsicore
571,4fb5c056-9c26-42aa-92c1-d6f65c5968f2,Acraea terpsicore,https://biodiversity.org.au/afd/taxa/ba632bea-a7b4-4b60-bf89-d63128cad841,-16.076868,144.79725,2021-04-12T09:30:00Z,PRESENT,Butterflies Australia,Acraea terpsicore
572,4fb8c61a-e008-48b8-b50b-115893b976eb,Acraea terpsicore,https://biodiversity.org.au/afd/taxa/ba632bea-a7b4-4b60-bf89-d63128cad841,-12.347069,130.895929,2024-07-07T10:04:00Z,PRESENT,iNaturalist Australia,Acraea terpsicore
573,4fda6e80-f35a-4b4a-89ee-363e13ce3fa2,Acraea terpsicore,https://biodiversity.org.au/afd/taxa/ba632bea-a7b4-4b60-bf89-d63128cad841,-19.321992,146.766738,2019-08-11T13:44:56Z,PRESENT,iNaturalist Australia,Acraea terpsicore
574,4ffe7c1f-3619-4398-aca1-f6d89b3362a8,Acraea terpsicore,https://biodiversity.org.au/afd/taxa/ba632bea-a7b4-4b60-bf89-d63128cad841,-12.36608,130.864945,2025-04-30T16:03:27Z,PRESENT,iNaturalist Australia,Acraea terpsicore
575,502dff0e-9a89-417a-828c-30e3b9c98966,Acraea terpsicore,https://biodiversity.org.au/afd/taxa/ba632bea-a7b4-4b60-bf89-d63128cad841,-21.476828,149.114656,2025-05-21T13:09:04Z,PRESENT,iNaturalist Australia,Acraea terpsicore
576,504ef900-24f8-4798-9fce-f0d5b24acb6d,Acraea terpsicore,https://biodiversity.org.au/afd/taxa/ba632bea-a7b4-4b60-bf89-d63128cad841,-12.411598,130.828086,2019-09-16T04:05:00Z,PRESENT,iNaturalist Australia,Acraea terpsicore
577,50abde1e-af48-4923-973d-daf0e6383ca4,Acraea terpsicore,https://biodiversity.org.au/afd/taxa/ba632bea-a7b4-4b60-bf89-d63128cad841,-19.255614,146.789398,2025-10-02T09:24:00Z,PRESENT,iNaturalist Australia,Acraea terpsicore
578,50d223c6-09d4-4f62-a0c6-b5aa15ae0ed3,Acraea terpsicore,https://biodiversity.org.au/afd/taxa/ba632bea-a7b4-4b60-bf89-d63128cad841,-12.433333,130.95,2013-04-06T00:00:00Z,PRESENT,Fauna Atlas N.T.,Acraea terpsicore
579,50d6c58f-2d20-4889-b21f-731f3de34d22,Acraea terpsicore,https://biodiversity.org.au/afd/taxa/ba632bea-a7b4-4b60-bf89-d63128cad841,-17.3788,145.38465,2025-07-10T10:15:00Z,PRESENT,Butterflies Australia,Acraea terpsicore
580,5154a250-9735-4ae1-9f66-bbff62fb74b5,Acraea terpsicore,https://biodiversity.org.au/afd/taxa/ba632bea-a7b4-4b60-bf89-d63128cad841,-27.485642,152.954073,2022-02-05T12:31:00Z,PRESENT,iNaturalist Australia,Acraea terpsicore
581,5162778b-d434-4643-b23c-dfa9561d26d2,Acraea terpsicore,https://biodiversity.org.au/afd/taxa/ba632bea-a7b4-4b60-bf89-d63128cad841,-18.0581,144.0678,2021-03-22T12:00:00Z,PRESENT,Butterflies Australia,Acraea terpsicore
582,517ad5ac-e7e5-4c30-a153-5d34f430e8e0,Acraea terpsicore,https://biodiversity.org.au/afd/taxa/ba632bea-a7b4-4b60-bf89-d63128cad841,-29.833993,153.063874,2022-01-07T11:06:00Z,PRESENT,iNaturalist Australia,Acraea terpsicore
583,51c4b147-7dee-4d57-a82e-a64bde69848b,Acraea terpsicore,https://biodiversity.org.au/afd/taxa/ba632bea-a7b4-4b60-bf89-d63128cad841,-18.295548,143.369656,2023-02-16T16:46:00Z,PRESENT,iNaturalist Australia,Acraea terpsicore
584,51ec8bb1-4abf-4e55-9289-46d0b718ab5f,Acraea terpsicore,https://biodiversity.org.au/afd/taxa/ba632bea-a7b4-4b60-bf89-d63128cad841,-17.164901,144.517195,2026-02-10T09:15:00Z,PRESENT,Butterflies Australia,Acraea terpsicore
585,51f7686f-f7cb-415f-933a-d60496f8e27f,Acraea terpsicore,https://biodiversity.org.au/afd/taxa/ba632bea-a7b4-4b60-bf89-d63128cad841,-12.233187,141.725941,2021-06-02T13:53:00Z,PRESENT,iNaturalist Australia,Acraea terpsicore
586,51f7c918-8df0-4376-ab25-4d95f09f6ddd,Acraea terpsicore,https://biodiversity.org.au/afd/taxa/ba632bea-a7b4-4b60-bf89-d63128cad841,-20.361867,144.460997,2025-08-13T10:47:06Z,PRESENT,iNaturalist Australia,Acraea terpsicore
587,52122597-f0ad-49c1-b97d-49cd67df0dde,Acraea terpsicore,https://biodiversity.org.au/afd/taxa/ba632bea-a7b4-4b60-bf89-d63128cad841,-19.196075,146.766933,2023-03-20T10:10:00Z,PRESENT,iNaturalist Australia,Acraea terpsicore
588,5257cff8-42cb-4471-9708-b2971e27e8b2,Acraea terpsicore,https://biodiversity.org.au/afd/taxa/ba632bea-a7b4-4b60-bf89-d63128cad841,-19.1902,146.7668,2021-03-09T11:30:00Z,PRESENT,Butterflies Australia,Acraea terpsicore
589,527f4e05-cf06-49c3-a5cb-bc93bc4b2d6c,Acraea terpsicore,https://biodiversity.org.au/afd/taxa/ba632bea-a7b4-4b60-bf89-d63128cad841,-12.354167,130.880556,2013-01-19T00:00:00Z,PRESENT,Fauna Atlas N.T.,Acraea terpsicore
590,529dab7d-a2d5-4da3-994a-ff5f548c7a4d,Acraea terpsicore,https://biodiversity.org.au/afd/taxa/ba632bea-a7b4-4b60-bf89-d63128cad841,-19.97872,148.25883,2020-09-11T10:10:00Z,PRESENT,Butterflies Australia,Acraea terpsicore
591,52fa2f90-25ac-4de6-a101-37b0ac29a1e6,Acraea terpsicore,https://biodiversity.org.au/afd/taxa/ba632bea-a7b4-4b60-bf89-d63128cad841,-20.345593,144.459786,2025-05-21T17:41:00Z,PRESENT,iNaturalist Australia,Acraea terpsicore
592,530da384-0f65-4e2a-85ba-52b7388bef87,Acraea terpsicore,https://biodiversity.org.au/afd/taxa/ba632bea-a7b4-4b60-bf89-d63128cad841,-24.148103,150.686988,2022-02-27T10:36:51Z,PRESENT,iNaturalist Australia,Acraea terpsicore
593,5314844d-412c-48f0-8369-410a4861d7c0,Acraea terpsicore,https://biodiversity.org.au/afd/taxa/ba632bea-a7b4-4b60-bf89-d63128cad841,-26.5061,153.086582,2024-04-06T15:51:11Z,PRESENT,iNaturalist Australia,Acraea terpsicore
594,5345344a-a85e-4b71-b75d-db8b961d003f,Acraea terpsicore,https://biodiversity.org.au/afd/taxa/ba632bea-a7b4-4b60-bf89-d63128cad841,-14.18095,132.19424,2014-04-17T00:00:00Z,PRESENT,Fauna Atlas N.T.,Acraea terpsicore
595,53872a3e-72e8-41de-b654-9d116918a4d3,Acraea terpsicore,https://biodiversity.org.au/afd/taxa/ba632bea-a7b4-4b60-bf89-d63128cad841,-12.670951,141.888428,2022-01-26T10:48:00Z,PRESENT,iNaturalist Australia,Acraea terpsicore
596,5392c0ee-382b-42b0-adac-ebf61b3c1ec4,Acraea terpsicore,https://biodiversity.org.au/afd/taxa/ba632bea-a7b4-4b60-bf89-d63128cad841,-14.917434,133.072102,2023-02-10T15:47:00Z,PRESENT,iNaturalist Australia,Acraea terpsicore
597,53bcaabf-6885-4d3a-92de-1fc658d3aae9,Acraea terpsicore,https://biodiversity.org.au/afd/taxa/ba632bea-a7b4-4b60-bf89-d63128cad841,-16.56431,144.89268,2025-07-14T23:07:00Z,PRESENT,Butterflies Australia,Acraea terpsicore
598,53ea59e2-014e-4522-8aef-28171ba4f02f,Acraea terpsicore,https://biodiversity.org.au/afd/taxa/ba632bea-a7b4-4b60-bf89-d63128cad841,-20.442061,145.533722,2019-08-04T14:21:00Z,PRESENT,iNaturalist Australia,Acraea terpsicore
599,53f8904b-f7c0-475f-bd09-894d5a8243c7,Acraea terpsicore,https://biodiversity.org.au/afd/taxa/ba632bea-a7b4-4b60-bf89-d63128cad841,-12.41333,130.92194,2013-02-14T00:00:00Z,PRESENT,Fauna Atlas N.T.,Acraea terpsicore
600,542232ef-044f-4848-9da7-cf8af10a0373,Acraea terpsicore,https://biodiversity.org.au/afd/taxa/ba632bea-a7b4-4b60-bf89-d63128cad841,-20.724925,139.49303,2024-06-22T14:25:00Z,PRESENT,iNaturalist Australia,Acraea terpsicore
601,5427aea8-477b-4b39-9d9f-2a575ede50b4,Acraea terpsicore,https://biodiversity.org.au/afd/taxa/ba632bea-a7b4-4b60-bf89-d63128cad841,-26.39023,152.97501,2023-02-18T15:48:00Z,PRESENT,Butterflies Australia,Acraea terpsicore
602,5462258e-7974-47d0-bde2-f50198a2a6b6,Acraea terpsicore,https://biodiversity.org.au/afd/taxa/ba632bea-a7b4-4b60-bf89-d63128cad841,-14.216667,126.25,2015-06-01T00:00:00Z,PRESENT,Fauna Atlas N.T.,Acraea terpsicore
603,5468b680-7800-4f7f-9c46-4e8eb7385648,Acraea terpsicore,https://biodiversity.org.au/afd/taxa/ba632bea-a7b4-4b60-bf89-d63128cad841,-12.272818,130.903123,2023-07-28T10:55:37Z,PRESENT,iNaturalist Australia,Acraea terpsicore
604,54711b82-7c5f-468c-b577-102e691bb0f7,Acraea terpsicore,https://biodiversity.org.au/afd/taxa/ba632bea-a7b4-4b60-bf89-d63128cad841,-20.014869,148.266111,2025-09-04T12:06:00Z,PRESENT,iNaturalist Australia,Acraea terpsicore
605,54840194-f05e-4ca8-9590-9d4e9d4359c5,Acraea terpsicore,https://biodiversity.org.au/afd/taxa/ba632bea-a7b4-4b60-bf89-d63128cad841,-19.23129,146.7638,2022-09-04T10:15:00Z,PRESENT,Butterflies Australia,Acraea terpsicore
606,5493c571-83b0-4b8d-984e-67b9068c0e24,Acraea terpsicore,https://biodiversity.org.au/afd/taxa/ba632bea-a7b4-4b60-bf89-d63128cad841,-19.97834,148.25976,2022-09-23T11:45:00Z,PRESENT,Butterflies Australia,Acraea terpsicore
607,549dea22-0fb3-4b3b-bd7b-b53420e78c34,Acraea terpsicore,https://biodiversity.org.au/afd/taxa/ba632bea-a7b4-4b60-bf89-d63128cad841,-15.721436,135.640326,2023-06-15T13:25:00Z,PRESENT,iNaturalist Australia,Acraea terpsicore
608,54c7ad6e-d3d5-4f8e-bfc7-5ef1926a9e42,Acraea terpsicore,https://biodiversity.org.au/afd/taxa/ba632bea-a7b4-4b60-bf89-d63128cad841,-19.190292,146.774028,2025-06-30T19:11:00Z,PRESENT,iNaturalist Australia,Acraea terpsicore
609,54cdd700-02b9-4034-88d3-f46cd1730e25,Acraea terpsicore,https://biodiversity.org.au/afd/taxa/ba632bea-a7b4-4b60-bf89-d63128cad841,-17.877222,140.823056,2021-07-26T14:54:00Z,PRESENT,iNaturalist Australia,Acraea terpsicore
610,54d4f725-65a8-4327-b3b5-e7110b0c9234,Acraea terpsicore,https://biodiversity.org.au/afd/taxa/ba632bea-a7b4-4b60-bf89-d63128cad841,-20.014565,148.266034,2021-10-14T09:52:00Z,PRESENT,iNaturalist Australia,Acraea terpsicore
611,54eb4249-6b5b-4248-b0cd-276f826ec714,Acraea terpsicore,https://biodiversity.org.au/afd/taxa/ba632bea-a7b4-4b60-bf89-d63128cad841,-15.765381,128.742154,2024-04-09T16:49:00Z,PRESENT,iNaturalist Australia,Acraea terpsicore
612,550af3aa-b165-4892-bf46-7ee65d06da4b,Acraea terpsicore,https://biodiversity.org.au/afd/taxa/ba632bea-a7b4-4b60-bf89-d63128cad841,-13.233333,131.1,2013-02-13T00:00:00Z,PRESENT,Fauna Atlas N.T.,Acraea terpsicore
613,551cbc1c-825c-49bb-87bf-a5e0776dfb7c,Acraea terpsicore,https://biodiversity.org.au/afd/taxa/ba632bea-a7b4-4b60-bf89-d63128cad841,-27.64364,151.93432,2020-11-12T00:00:00Z,PRESENT,WildNet - Queensland Wildlife Data,Acraea terpsicore
614,55205354-1088-4a0d-a434-35d308e12fa6,Acraea terpsicore,https://biodiversity.org.au/afd/taxa/ba632bea-a7b4-4b60-bf89-d63128cad841,-19.455045,147.229242,2018-06-21T10:17:00Z,PRESENT,iNaturalist Australia,Acraea terpsicore
615,55211a60-a7ae-4787-b023-7be12ddabb84,Acraea terpsicore,https://biodiversity.org.au/afd/taxa/ba632bea-a7b4-4b60-bf89-d63128cad841,-14.149075,126.239286,2025-08-03T11:50:00Z,PRESENT,iNaturalist Australia,Acraea terpsicore
616,552b7ed3-45e6-43ec-8451-6bf029650cf3,Acraea terpsicore,https://biodiversity.org.au/afd/taxa/ba632bea-a7b4-4b60-bf89-d63128cad841,-12.41333,130.92194,2013-01-25T00:00:00Z,PRESENT,Fauna Atlas N.T.,Acraea terpsicore
617,55481924-fcef-40cf-b985-673ac2b84a3f,Acraea terpsicore,https://biodiversity.org.au/afd/taxa/ba632bea-a7b4-4b60-bf89-d63128cad841,-20.5608,145.0622,2021-06-23T11:45:00Z,PRESENT,Butterflies Australia,Acraea terpsicore
618,559919d2-6558-4881-84eb-027df34ff3ac,Acraea terpsicore,https://biodiversity.org.au/afd/taxa/ba632bea-a7b4-4b60-bf89-d63128cad841,-15.65278,130.47972,2013-03-30T00:00:00Z,PRESENT,Fauna Atlas N.T.,Acraea terpsicore
619,560946fe-5b24-4583-b01c-4740e93d8038,Acraea terpsicore,https://biodiversity.org.au/afd/taxa/ba632bea-a7b4-4b60-bf89-d63128cad841,-12.41333,130.92194,2013-01-07T00:00:00Z,PRESENT,Fauna Atlas N.T.,Acraea terpsicore
620,562c0c71-141b-45cd-acc9-891a8d38e001,Acraea terpsicore,https://biodiversity.org.au/afd/taxa/ba632bea-a7b4-4b60-bf89-d63128cad841,-15.935,127.2213,2014-05-30T00:00:00Z,PRESENT,Fauna Atlas N.T.,Acraea terpsicore
621,56397303-c3e4-4ba4-bd34-ca7c703296c8,Acraea terpsicore,https://biodiversity.org.au/afd/taxa/ba632bea-a7b4-4b60-bf89-d63128cad841,-21.3,149.2,2023-11-26T06:28:00Z,PRESENT,Earth Guardians Weekly Feed,Acraea terpsicore
622,563aa846-b39f-43a0-8485-522df8b96fb2,Acraea terpsicore,https://biodiversity.org.au/afd/taxa/ba632bea-a7b4-4b60-bf89-d63128cad841,-27.490846,153.186106,2022-03-23T12:30:21Z,PRESENT,iNaturalist Australia,Acraea terpsicore
623,56c72032-0429-4917-b2e7-9c7eae194578,Acraea terpsicore,https://biodiversity.org.au/afd/taxa/ba632bea-a7b4-4b60-bf89-d63128cad841,-19.30987,146.775302,2019-09-03T09:47:00Z,PRESENT,iNaturalist Australia,Acraea terpsicore
624,56ead9bb-7e02-430e-976b-261124717c42,Acraea terpsicore,https://biodiversity.org.au/afd/taxa/ba632bea-a7b4-4b60-bf89-d63128cad841,-19.146791,146.774278,2025-07-13T15:08:00Z,PRESENT,Earth Guardians Weekly Feed,Acraea terpsicore
625,56fb44b7-6a68-424a-9e08-014b50b11160,Acraea terpsicore,https://biodiversity.org.au/afd/taxa/ba632bea-a7b4-4b60-bf89-d63128cad841,-19.19658,146.768639,2025-11-03T09:28:35Z,PRESENT,iNaturalist Australia,Acraea terpsicore
626,5706c394-d792-4740-9376-c9256c280fb3,Acraea terpsicore,https://biodiversity.org.au/afd/taxa/ba632bea-a7b4-4b60-bf89-d63128cad841,-12.64848,131.10952,2023-01-17T10:50:00Z,PRESENT,iNaturalist Australia,Acraea terpsicore
627,570b5190-a59f-4aca-be2d-b8784a578995,Acraea terpsicore,https://biodiversity.org.au/afd/taxa/ba632bea-a7b4-4b60-bf89-d63128cad841,-11.27261,131.85768,2014-08-12T00:00:00Z,PRESENT,Fauna Atlas N.T.,Acraea terpsicore
628,5732b315-814a-4eb5-8d07-fd7609ff9b09,Acraea terpsicore,https://biodiversity.org.au/afd/taxa/ba632bea-a7b4-4b60-bf89-d63128cad841,-12.41333,130.92194,2013-01-17T00:00:00Z,PRESENT,Fauna Atlas N.T.,Acraea terpsicore
629,573481f5-1462-482d-bacc-b3b59d0a1467,Acraea terpsicore,https://biodiversity.org.au/afd/taxa/ba632bea-a7b4-4b60-bf89-d63128cad841,-17.409631,145.062215,2023-04-21T10:13:00Z,PRESENT,iNaturalist Australia,Acraea terpsicore
630,57580197-79f2-47f8-8d5c-c62cd141b31a,Acraea terpsicore,https://biodiversity.org.au/afd/taxa/ba632bea-a7b4-4b60-bf89-d63128cad841,-27.485699,152.951467,2022-03-05T14:52:00Z,PRESENT,iNaturalist Australia,Acraea terpsicore
631,57a9a128-a7b5-4d78-8e48-f492ca5fc01b,Acraea terpsicore,https://biodiversity.org.au/afd/taxa/ba632bea-a7b4-4b60-bf89-d63128cad841,-20.274837,148.71913,2020-06-14T11:41:26Z,PRESENT,iNaturalist Australia,Acraea terpsicore
632,57ad7edf-6079-44e4-9f38-6e8b22cf120f,Acraea terpsicore,https://biodiversity.org.au/afd/taxa/ba632bea-a7b4-4b60-bf89-d63128cad841,-19.198838,146.751162,2024-03-12T07:40:00Z,PRESENT,iNaturalist Australia,Acraea terpsicore
633,583d40b1-bdbb-4e33-b6a6-1759551d652c,Acraea terpsicore,https://biodiversity.org.au/afd/taxa/ba632bea-a7b4-4b60-bf89-d63128cad841,-12.425833,130.942222,2018-08-22T08:59:00Z,PRESENT,iNaturalist Australia,Acraea terpsicore
634,58598285-9e96-4d7b-8c9b-7addbeec2b4a,Acraea terpsicore,https://biodiversity.org.au/afd/taxa/ba632bea-a7b4-4b60-bf89-d63128cad841,-18.0948,144.0911,2021-03-22T01:00:00Z,PRESENT,Butterflies Australia,Acraea terpsicore
635,58674a32-2a3e-4518-8db4-1d02432299af,Acraea terpsicore,https://biodiversity.org.au/afd/taxa/ba632bea-a7b4-4b60-bf89-d63128cad841,-21.131792,148.491011,2021-04-12T12:38:06Z,PRESENT,iNaturalist Australia,Acraea terpsicore
636,587f102c-80a1-4cfb-8ea9-116a5471d427,Acraea terpsicore,https://biodiversity.org.au/afd/taxa/ba632bea-a7b4-4b60-bf89-d63128cad841,-18.2904,143.54318,2025-08-31T03:18:00Z,PRESENT,Butterflies Australia,Acraea terpsicore
637,58c67f45-0634-4dec-92ba-528d2d95d7f8,Acraea terpsicore,https://biodiversity.org.au/afd/taxa/ba632bea-a7b4-4b60-bf89-d63128cad841,-17.26801,145.4847,2021-04-09T15:29:00Z,PRESENT,Butterflies Australia,Acraea terpsicore
638,58d3a023-04ae-4aab-9de9-d9a7253c81b3,Acraea terpsicore,https://biodiversity.org.au/afd/taxa/ba632bea-a7b4-4b60-bf89-d63128cad841,-16.228577,128.739776,2025-10-01T01:38:00Z,PRESENT,iNaturalist Australia,Acraea terpsicore
639,593cec12-af01-444f-b1ee-a12e7fafe737,Acraea terpsicore,https://biodiversity.org.au/afd/taxa/ba632bea-a7b4-4b60-bf89-d63128cad841,-20.066874,148.450875,2024-07-24T09:25:00Z,PRESENT,iNaturalist Australia,Acraea terpsicore
640,59577c5a-a092-4ee2-a11a-7bf481f32ee0,Acraea terpsicore,https://biodiversity.org.au/afd/taxa/ba632bea-a7b4-4b60-bf89-d63128cad841,-12.454333,130.947672,2024-04-26T18:06:00Z,PRESENT,iNaturalist Australia,Acraea terpsicore
641,595cc683-f14a-4c00-9435-f4d92d19e293,Acraea terpsicore,https://biodiversity.org.au/afd/taxa/ba632bea-a7b4-4b60-bf89-d63128cad841,-12.467,131.068,2013-12-27T00:00:00Z,PRESENT,Fauna Atlas N.T.,Acraea terpsicore
642,599433e0-f749-4405-bf29-ac143b6290c4,Acraea terpsicore,https://biodiversity.org.au/afd/taxa/ba632bea-a7b4-4b60-bf89-d63128cad841,-14.439257,132.270211,2023-04-08T13:01:00Z,PRESENT,iNaturalist Australia,Acraea terpsicore
643,5999a877-455a-4650-830c-aa40329fcb7d,Acraea terpsicore,https://biodiversity.org.au/afd/taxa/ba632bea-a7b4-4b60-bf89-d63128cad841,-17.303341,145.63601,2017-03-28T13:03:00Z,PRESENT,ALA species sightings and OzAtlas,Acraea terpsicore
644,59a441bf-0b9d-4d6d-9b5d-21b82bd63cf1,Acraea terpsicore,https://biodiversity.org.au/afd/taxa/ba632bea-a7b4-4b60-bf89-d63128cad841,-17.55065,133.54066,2013-09-18T00:00:00Z,PRESENT,Fauna Atlas N.T.,Acraea terpsicore
645,59d2b77d-fe22-4bfa-becc-a6e2553131e5,Acraea terpsicore,https://biodiversity.org.au/afd/taxa/ba632bea-a7b4-4b60-bf89-d63128cad841,-14.452114,132.271515,2013-07-29T16:58:00Z,PRESENT,iNaturalist Australia,Acraea terpsicore
646,59e7e0fc-56b8-410b-967c-221e7b3dc658,Acraea terpsicore,https://biodiversity.org.au/afd/taxa/ba632bea-a7b4-4b60-bf89-d63128cad841,-19.519116,146.873128,2025-06-12T13:36:00Z,PRESENT,iNaturalist Australia,Acraea terpsicore
647,5a1a1a5e-b0c8-4e11-847f-e9ea008910f4,Acraea terpsicore,https://biodiversity.org.au/afd/taxa/ba632bea-a7b4-4b60-bf89-d63128cad841,-27.33673,153.07953,2021-02-28T11:40:00Z,PRESENT,Butterflies Australia,Acraea terpsicore
648,5a7a7056-bd5d-4ce0-b6e1-a32cbd55053f,Acraea terpsicore,https://biodiversity.org.au/afd/taxa/ba632bea-a7b4-4b60-bf89-d63128cad841,-12.369364,130.908814,2025-09-06T11:47:00Z,PRESENT,iNaturalist Australia,Acraea terpsicore
649,5a807017-0716-46ca-8a03-1c1b72df0762,Acraea terpsicore,https://biodiversity.org.au/afd/taxa/ba632bea-a7b4-4b60-bf89-d63128cad841,-19.207633,146.741807,2021-05-16T14:43:00Z,PRESENT,iNaturalist Australia,Acraea terpsicore
650,5a9616fd-b708-4e0c-9822-4a247cdd54fc,Acraea terpsicore,https://biodiversity.org.au/afd/taxa/ba632bea-a7b4-4b60-bf89-d63128cad841,-13.55331,132.27159,2018-03-13T00:00:00Z,PRESENT,Fauna Atlas N.T.,Acraea terpsicore
651,5ab67335-d08d-4a61-8b99-977413a0a13f,Acraea terpsicore,https://biodiversity.org.au/afd/taxa/ba632bea-a7b4-4b60-bf89-d63128cad841,-18.553579,143.582934,2025-05-17T11:37:00Z,PRESENT,iNaturalist Australia,Acraea terpsicore
652,5acebcab-70f2-4d10-9a8b-6027a39dc6d8,Acraea terpsicore,https://biodiversity.org.au/afd/taxa/ba632bea-a7b4-4b60-bf89-d63128cad841,-17.91649,145.35196,2023-06-12T02:30:00Z,PRESENT,Butterflies Australia,Acraea terpsicore
653,5ade29d5-3089-44fd-b56d-fe8dfb0ebe8a,Acraea terpsicore,https://biodiversity.org.au/afd/taxa/ba632bea-a7b4-4b60-bf89-d63128cad841,-16.818234,124.920597,2021-06-26T14:49:00Z,PRESENT,iNaturalist Australia,Acraea terpsicore
654,5b03ea19-584c-4c50-b0cb-c7461a9102c9,Acraea terpsicore,https://biodiversity.org.au/afd/taxa/ba632bea-a7b4-4b60-bf89-d63128cad841,-18.201661,142.246293,2022-09-02T13:46:00Z,PRESENT,iNaturalist Australia,Acraea terpsicore
655,5b0b2345-33b8-4d6c-9f0f-9f381600001c,Acraea terpsicore,https://biodiversity.org.au/afd/taxa/ba632bea-a7b4-4b60-bf89-d63128cad841,-12.236543,141.7165,2023-05-18T12:02:00Z,PRESENT,iNaturalist Australia,Acraea terpsicore
656,5b277a66-3305-4533-a4e8-6eb2cdc5df6f,Acraea terpsicore,https://biodiversity.org.au/afd/taxa/ba632bea-a7b4-4b60-bf89-d63128cad841,-12.338757,130.89286,2021-02-03T12:47:57Z,PRESENT,iNaturalist Australia,Acraea terpsicore
657,5b89b38d-828d-4532-9e9f-eb0232901f28,Acraea terpsicore,https://biodiversity.org.au/afd/taxa/ba632bea-a7b4-4b60-bf89-d63128cad841,-19.475991,145.709568,2019-08-08T11:29:00Z,PRESENT,iNaturalist Australia,Acraea terpsicore
658,5ba02d90-e8d1-4b21-8750-8ce4ba6ba0b9,Acraea terpsicore,https://biodiversity.org.au/afd/taxa/ba632bea-a7b4-4b60-bf89-d63128cad841,-16.0183,127.5328,2014-05-31T00:00:00Z,PRESENT,Fauna Atlas N.T.,Acraea terpsicore
659,5bbf8471-ffc7-4176-bdf8-1dcda2cc10f1,Acraea terpsicore,https://biodiversity.org.au/afd/taxa/ba632bea-a7b4-4b60-bf89-d63128cad841,-23.867027,148.136532,2022-07-12T14:29:04Z,PRESENT,iNaturalist Australia,Acraea terpsicore
660,5bc452d4-8de7-424d-804a-43830294c017,Acraea terpsicore,https://biodiversity.org.au/afd/taxa/ba632bea-a7b4-4b60-bf89-d63128cad841,-20.273295,148.715873,2022-11-26T14:42:00Z,PRESENT,iNaturalist Australia,Acraea terpsicore
661,5bc92d9d-3b95-441f-8039-f1ffe0511d3b,Acraea terpsicore,https://biodiversity.org.au/afd/taxa/ba632bea-a7b4-4b60-bf89-d63128cad841,-19.162405,146.847096,2022-07-09T13:19:00Z,PRESENT,iNaturalist Australia,Acraea terpsicore
662,5be94234-e129-4d69-8188-d8bfa1a82bac,Acraea terpsicore,https://biodiversity.org.au/afd/taxa/ba632bea-a7b4-4b60-bf89-d63128cad841,-19.257845,146.804003,2025-07-04T15:25:46Z,PRESENT,iNaturalist Australia,Acraea terpsicore
663,5bebcdbd-43e7-488a-8293-11a569151067,Acraea terpsicore,https://biodiversity.org.au/afd/taxa/ba632bea-a7b4-4b60-bf89-d63128cad841,-30.296087,153.138514,2022-11-02T02:48:00Z,PRESENT,NatureMapr,Acraea terpsicore
664,5c100651-f281-481a-b9e8-91a90d62bc1d,Acraea terpsicore,https://biodiversity.org.au/afd/taxa/ba632bea-a7b4-4b60-bf89-d63128cad841,-19.331684,146.755879,2017-05-16T15:02:00Z,PRESENT,iNaturalist Australia,Acraea terpsicore
665,5c2b73b4-ea67-4682-8aae-85d749240d19,Acraea terpsicore,https://biodiversity.org.au/afd/taxa/ba632bea-a7b4-4b60-bf89-d63128cad841,-25.790273,152.6967,2025-03-06T08:52:00Z,PRESENT,iNaturalist Australia,Acraea terpsicore
666,5c36922a-3b09-42ae-9922-c197328039a0,Acraea terpsicore,https://biodiversity.org.au/afd/taxa/ba632bea-a7b4-4b60-bf89-d63128cad841,-27.514665,152.844107,2022-03-06T12:08:07Z,PRESENT,iNaturalist Australia,Acraea terpsicore
667,5c9dc0a5-64f3-4e9c-8c2f-0dc974cd4605,Acraea terpsicore,https://biodiversity.org.au/afd/taxa/ba632bea-a7b4-4b60-bf89-d63128cad841,-18.808346,139.786534,2019-09-15T15:24:00Z,PRESENT,iNaturalist Australia,Acraea terpsicore
668,5d44cad9-4ec3-4614-9516-8a5d3fb0b8ef,Acraea terpsicore,https://biodiversity.org.au/afd/taxa/ba632bea-a7b4-4b60-bf89-d63128cad841,-10.593463,142.247147,2020-02-15T12:30:00Z,PRESENT,iNaturalist Australia,Acraea terpsicore
669,5dcbb458-c40a-4bed-b602-4a965b5f1091,Acraea terpsicore,https://biodiversity.org.au/afd/taxa/ba632bea-a7b4-4b60-bf89-d63128cad841,-14.5,132.2,2021-02-06T10:17:00Z,PRESENT,Earth Guardians Weekly Feed,Acraea terpsicore
670,5dce41a9-9d3c-4c3a-ab21-15e1fe681044,Acraea terpsicore,https://biodiversity.org.au/afd/taxa/ba632bea-a7b4-4b60-bf89-d63128cad841,-21.02832,148.8933,2021-07-10T09:13:00Z,PRESENT,Butterflies Australia,Acraea terpsicore
671,5e91ef3e-e902-457f-ad93-4ac483051bb8,Acraea terpsicore,https://biodiversity.org.au/afd/taxa/ba632bea-a7b4-4b60-bf89-d63128cad841,-20.101328,148.553186,2025-07-23T13:29:00Z,PRESENT,iNaturalist Australia,Acraea terpsicore
672,5e927db6-c2bc-48d7-bcf9-b25dd7beffb6,Acraea terpsicore,https://biodiversity.org.au/afd/taxa/ba632bea-a7b4-4b60-bf89-d63128cad841,-15.433263,144.982625,2022-06-25T12:00:00Z,PRESENT,Butterflies Australia,Acraea terpsicore
673,5eaafa6f-6ac9-449b-a8f6-efe8597296d1,Acraea terpsicore,https://biodiversity.org.au/afd/taxa/ba632bea-a7b4-4b60-bf89-d63128cad841,-17.74008,139.54788,2023-09-10T08:32:00Z,PRESENT,Butterflies Australia,Acraea terpsicore
674,5f2c89d8-de7d-40a9-b49b-500305f6e4b9,Acraea terpsicore,https://biodiversity.org.au/afd/taxa/ba632bea-a7b4-4b60-bf89-d63128cad841,-16.787868,145.693065,2025-08-21T12:33:00Z,PRESENT,iNaturalist Australia,Acraea terpsicore
675,5f59d1e7-b0aa-4ec7-bc3c-00c9022f4850,Acraea terpsicore,https://biodiversity.org.au/afd/taxa/ba632bea-a7b4-4b60-bf89-d63128cad841,-18.040031,144.881387,2021-07-04T14:52:00Z,PRESENT,iNaturalist Australia,Acraea terpsicore
676,5f5a7f41-312f-43ba-832a-1426bf548f84,Acraea terpsicore,https://biodiversity.org.au/afd/taxa/ba632bea-a7b4-4b60-bf89-d63128cad841,-13.49612,131.03555,2013-04-06T00:00:00Z,PRESENT,Northern Territory Museum and Art Gallery provider for OZCAM,Acraea terpsicore
677,5f5c39fc-8e28-4425-ba21-ce72f19febb5,Acraea terpsicore,https://biodiversity.org.au/afd/taxa/ba632bea-a7b4-4b60-bf89-d63128cad841,-19.2583,146.803131,2021-03-02T10:08:00Z,PRESENT,iNaturalist Australia,Acraea terpsicore
678,5f9d109d-937e-49e1-8589-ec0278e252dc,Acraea terpsicore,https://biodiversity.org.au/afd/taxa/ba632bea-a7b4-4b60-bf89-d63128cad841,-19.177492,146.844085,2022-04-04T09:17:47Z,PRESENT,iNaturalist Australia,Acraea terpsicore
679,5fb8f90d-862d-4b4f-944b-6b822ba9ce48,Acraea terpsicore,https://biodiversity.org.au/afd/taxa/ba632bea-a7b4-4b60-bf89-d63128cad841,-12.349239,130.898633,2023-04-24T08:32:00Z,PRESENT,iNaturalist Australia,Acraea terpsicore
680,5fd25b64-af0e-4c9e-bc55-6ce2d5d1941a,Acraea terpsicore,https://biodiversity.org.au/afd/taxa/ba632bea-a7b4-4b60-bf89-d63128cad841,-16.516504,145.101392,2019-08-18T10:17:00Z,PRESENT,iNaturalist Australia,Acraea terpsicore
681,5fd34e56-a9a8-4b0a-a903-2752857f2d9f,Acraea terpsicore,https://biodiversity.org.au/afd/taxa/ba632bea-a7b4-4b60-bf89-d63128cad841,-12.41333,130.92194,2013-01-07T00:00:00Z,PRESENT,Fauna Atlas N.T.,Acraea terpsicore
682,5feb4a96-481f-42d9-99fc-b2b8d2be37b9,Acraea terpsicore,https://biodiversity.org.au/afd/taxa/ba632bea-a7b4-4b60-bf89-d63128cad841,-26.61576,153.063643,2023-04-16T08:25:59Z,PRESENT,iNaturalist Australia,Acraea terpsicore
683,5ff49fbd-0876-4315-b849-d23fc64e23fe,Acraea terpsicore,https://biodiversity.org.au/afd/taxa/ba632bea-a7b4-4b60-bf89-d63128cad841,-20.000368,148.249079,2024-08-31T10:12:00Z,PRESENT,iNaturalist Australia,Acraea terpsicore
684,601c4810-30b2-480d-bbc9-5c8529fc846f,Acraea terpsicore,https://biodiversity.org.au/afd/taxa/ba632bea-a7b4-4b60-bf89-d63128cad841,-27.236837,152.92987,2021-06-13T09:46:00Z,PRESENT,iNaturalist Australia,Acraea terpsicore
685,6024d96e-2b15-41a0-9c13-9095b47faaab,Acraea terpsicore,https://biodiversity.org.au/afd/taxa/ba632bea-a7b4-4b60-bf89-d63128cad841,-22.110775,145.193478,2025-06-26T15:53:36Z,PRESENT,iNaturalist Australia,Acraea terpsicore
686,602e54ea-4101-42e3-a7fa-5874ce891a93,Acraea terpsicore,https://biodiversity.org.au/afd/taxa/ba632bea-a7b4-4b60-bf89-d63128cad841,-18.300685,143.525216,2023-02-16T12:14:00Z,PRESENT,iNaturalist Australia,Acraea terpsicore
687,6056e4fd-7913-4d1f-8ba5-6c7c025a4c4d,Acraea terpsicore,https://biodiversity.org.au/afd/taxa/ba632bea-a7b4-4b60-bf89-d63128cad841,-29.412722,153.361766,2025-01-03T15:43:12Z,PRESENT,iNaturalist Australia,Acraea terpsicore
688,6057addd-116b-44fd-ab7f-47883474b9cb,Acraea terpsicore,https://biodiversity.org.au/afd/taxa/ba632bea-a7b4-4b60-bf89-d63128cad841,-12.69358,141.91293,2020-05-06T13:24:00Z,PRESENT,Butterflies Australia,Acraea terpsicore
689,60a49765-bcc8-49c7-96ad-c8291794b7b1,Acraea terpsicore,https://biodiversity.org.au/afd/taxa/ba632bea-a7b4-4b60-bf89-d63128cad841,-15.99668,127.98529,2013-04-19T00:00:00Z,PRESENT,Fauna Atlas N.T.,Acraea terpsicore
690,610ac417-34f7-46a6-9583-c2368b5b8bca,Acraea terpsicore,https://biodiversity.org.au/afd/taxa/ba632bea-a7b4-4b60-bf89-d63128cad841,-20.4672,145.4892,2021-06-21T10:00:00Z,PRESENT,Butterflies Australia,Acraea terpsicore
691,613726b8-a421-43cc-8525-81049b82da95,Acraea terpsicore,https://biodiversity.org.au/afd/taxa/ba632bea-a7b4-4b60-bf89-d63128cad841,-13.491678,131.04905,2025-11-13T09:29:00Z,PRESENT,iNaturalist Australia,Acraea terpsicore
692,6164e508-1c4c-4250-a144-c3c90348b389,Acraea terpsicore,https://biodiversity.org.au/afd/taxa/ba632bea-a7b4-4b60-bf89-d63128cad841,-15.517838,128.834925,2025-03-10T08:30:48Z,PRESENT,iNaturalist Australia,Acraea terpsicore
693,616ae597-cad3-447c-b613-afe94cbf0b75,Acraea terpsicore,https://biodiversity.org.au/afd/taxa/ba632bea-a7b4-4b60-bf89-d63128cad841,-16.787844,145.693086,2022-02-27T15:54:00Z,PRESENT,iNaturalist Australia,Acraea terpsicore
694,61b265eb-7ec0-4fe5-aa71-6731ef06ace9,Acraea terpsicore,https://biodiversity.org.au/afd/taxa/ba632bea-a7b4-4b60-bf89-d63128cad841,-17.3788,145.38465,2023-04-20T11:15:00Z,PRESENT,Butterflies Australia,Acraea terpsicore
695,620aad29-abd6-4deb-923d-77697439e1f3,Acraea terpsicore,https://biodiversity.org.au/afd/taxa/ba632bea-a7b4-4b60-bf89-d63128cad841,-27.124051,152.898515,2024-01-14T08:33:00Z,PRESENT,iNaturalist Australia,Acraea terpsicore
696,621e01d5-b989-470c-9737-2976a85de6e4,Acraea terpsicore,https://biodiversity.org.au/afd/taxa/ba632bea-a7b4-4b60-bf89-d63128cad841,-19.698288,146.840225,2023-04-12T10:58:48Z,PRESENT,iNaturalist Australia,Acraea terpsicore
697,62917f6d-b72e-4f2f-a5a1-eec53f73b529,Acraea terpsicore,https://biodiversity.org.au/afd/taxa/ba632bea-a7b4-4b60-bf89-d63128cad841,-18.0554,144.9104,2021-04-25T11:45:00Z,PRESENT,Butterflies Australia,Acraea terpsicore
698,62ae0687-d708-4eed-aa48-024eef1fcd9a,Acraea terpsicore,https://biodiversity.org.au/afd/taxa/ba632bea-a7b4-4b60-bf89-d63128cad841,-16.833146,145.704081,2018-08-31T15:45:00Z,PRESENT,iNaturalist Australia,Acraea terpsicore
699,62c4c9ca-a038-4ea6-add5-51d2eecbdf16,Acraea terpsicore,https://biodiversity.org.au/afd/taxa/ba632bea-a7b4-4b60-bf89-d63128cad841,-19.28887,146.72424,2024-07-25T11:37:00Z,PRESENT,Butterflies Australia,Acraea terpsicore
700,62d901b2-2d5c-4f63-a989-adeb7fed4e16,Acraea terpsicore,https://biodiversity.org.au/afd/taxa/ba632bea-a7b4-4b60-bf89-d63128cad841,-18.200489,144.577102,2017-04-24T05:05:52Z,PRESENT,iNaturalist Australia,Acraea terpsicore
701,62de466e-fa34-409b-b878-2349a5a63f26,Acraea terpsicore,https://biodiversity.org.au/afd/taxa/ba632bea-a7b4-4b60-bf89-d63128cad841,-12.41333,130.92195,2013-02-01T00:00:00Z,PRESENT,Northern Territory Museum and Art Gallery provider for OZCAM,Acraea terpsicore
702,632a6cf7-9ab2-4560-969a-5c5a368b974f,Acraea terpsicore,https://biodiversity.org.au/afd/taxa/ba632bea-a7b4-4b60-bf89-d63128cad841,-14.485017,132.25306,2019-05-10T12:40:00Z,PRESENT,iNaturalist Australia,Acraea terpsicore
703,6346cfb9-1491-4db6-9bea-f5d4edde4a09,Acraea terpsicore,https://biodiversity.org.au/afd/taxa/ba632bea-a7b4-4b60-bf89-d63128cad841,-12.41333,130.92194,2013-01-25T00:00:00Z,PRESENT,Fauna Atlas N.T.,Acraea terpsicore
704,63593421-cc6d-4685-b69f-90f6ceec74ef,Acraea terpsicore,https://biodiversity.org.au/afd/taxa/ba632bea-a7b4-4b60-bf89-d63128cad841,-19.28119,146.810345,2017-09-07T15:50:49Z,PRESENT,Encyclopedia of Life Images - Flickr Group,Acraea terpsicore
705,63c1dc4b-40f1-4206-b18a-40063051ca65,Acraea terpsicore,https://biodiversity.org.au/afd/taxa/ba632bea-a7b4-4b60-bf89-d63128cad841,-16.33293,143.0252,2025-06-11T02:34:00Z,PRESENT,Butterflies Australia,Acraea terpsicore
706,64129b9c-5ad1-4cb9-8d81-538f8ef1685c,Acraea terpsicore,https://biodiversity.org.au/afd/taxa/ba632bea-a7b4-4b60-bf89-d63128cad841,-14.181135,132.190806,2019-04-28T00:00:00Z,PRESENT,iNaturalist Australia,Acraea terpsicore
707,649dd3b9-1184-4754-acca-17a4cc824f6f,Acraea terpsicore,https://biodiversity.org.au/afd/taxa/ba632bea-a7b4-4b60-bf89-d63128cad841,-15.606636,131.079869,2025-04-18T07:56:25Z,PRESENT,iNaturalist Australia,Acraea terpsicore
708,6574b03f-bcb8-438d-b709-25936a6b1585,Acraea terpsicore,https://biodiversity.org.au/afd/taxa/ba632bea-a7b4-4b60-bf89-d63128cad841,-19.2584,146.8035,2025-02-09T01:00:00Z,PRESENT,Butterflies Australia,Acraea terpsicore
709,65a57258-b611-4f44-84ba-0e875df3c95b,Acraea terpsicore,https://biodiversity.org.au/afd/taxa/ba632bea-a7b4-4b60-bf89-d63128cad841,-12.90021,131.16206,2013-02-23T00:00:00Z,PRESENT,Fauna Atlas N.T.,Acraea terpsicore
710,660030ec-c538-45f5-a882-af5e2df8357b,Acraea terpsicore,https://biodiversity.org.au/afd/taxa/ba632bea-a7b4-4b60-bf89-d63128cad841,-27.515801,152.844754,2022-03-06T12:01:00Z,PRESENT,iNaturalist Australia,Acraea terpsicore
711,66048631-fbf1-4b61-a815-e01c5ea1897b,Acraea terpsicore,https://biodiversity.org.au/afd/taxa/ba632bea-a7b4-4b60-bf89-d63128cad841,-12.370347,130.90977,2025-05-01T07:06:27Z,PRESENT,iNaturalist Australia,Acraea terpsicore
712,6624207c-96bb-4fb9-9927-5503d4cfcccf,Acraea terpsicore,https://biodiversity.org.au/afd/taxa/ba632bea-a7b4-4b60-bf89-d63128cad841,-24.7126,150.987,2022-10-13T10:00:00Z,PRESENT,Butterflies Australia,Acraea terpsicore
713,662d6108-7ba2-432a-9d45-f32b5f453267,Acraea terpsicore,https://biodiversity.org.au/afd/taxa/ba632bea-a7b4-4b60-bf89-d63128cad841,-19.256757,146.810028,2024-08-02T15:27:00Z,PRESENT,iNaturalist Australia,Acraea terpsicore
714,6635df8f-fa38-4e74-b0c9-25a7877bb061,Acraea terpsicore,https://biodiversity.org.au/afd/taxa/ba632bea-a7b4-4b60-bf89-d63128cad841,-12.462203,130.834733,2025-07-04T13:40:41Z,PRESENT,iNaturalist Australia,Acraea terpsicore
715,6649015b-1320-42ac-9f5f-8e3de87663a7,Acraea terpsicore,https://biodiversity.org.au/afd/taxa/ba632bea-a7b4-4b60-bf89-d63128cad841,-27.131083,152.894883,2024-03-02T12:29:22Z,PRESENT,iNaturalist Australia,Acraea terpsicore
716,66739d25-a365-4ccb-9aed-e6430cc0d899,Acraea terpsicore,https://biodiversity.org.au/afd/taxa/ba632bea-a7b4-4b60-bf89-d63128cad841,-15.8803,127.2192,2014-06-03T00:00:00Z,PRESENT,Fauna Atlas N.T.,Acraea terpsicore
717,66946d35-1e5a-430e-aeff-9c58268ef6b9,Acraea terpsicore,https://biodiversity.org.au/afd/taxa/ba632bea-a7b4-4b60-bf89-d63128cad841,-12.196622,134.279802,2021-05-14T15:09:00Z,PRESENT,iNaturalist Australia,Acraea terpsicore
718,66d6f0be-6788-424a-a3d2-24d2c6a2e219,Acraea terpsicore,https://biodiversity.org.au/afd/taxa/ba632bea-a7b4-4b60-bf89-d63128cad841,-21.53447,148.23757,2022-03-10T13:03:00Z,PRESENT,Butterflies Australia,Acraea terpsicore
719,66f3cff4-0f12-43da-93c1-875fa255f9f8,Acraea terpsicore,https://biodiversity.org.au/afd/taxa/ba632bea-a7b4-4b60-bf89-d63128cad841,-19.334278,146.715884,2024-05-11T19:08:00Z,PRESENT,iNaturalist Australia,Acraea terpsicore
720,670fe543-d155-4369-8abb-eaf2a479ce5b,Acraea terpsicore,https://biodiversity.org.au/afd/taxa/ba632bea-a7b4-4b60-bf89-d63128cad841,-12.700545,130.99765,2024-05-10T11:14:14Z,PRESENT,iNaturalist Australia,Acraea terpsicore
721,671be3d1-3b3a-46a6-b26e-4f0881e32d47,Acraea terpsicore,https://biodiversity.org.au/afd/taxa/ba632bea-a7b4-4b60-bf89-d63128cad841,-17.47114,144.61929,2025-05-18T00:31:00Z,PRESENT,Butterflies Australia,Acraea terpsicore
722,671f96f9-9d07-41ee-996c-4e4cb8a9f4cc,Acraea terpsicore,https://biodiversity.org.au/afd/taxa/ba632bea-a7b4-4b60-bf89-d63128cad841,-19.188655,146.772454,2022-07-01T12:31:00Z,PRESENT,iNaturalist Australia,Acraea terpsicore
723,67343ed9-de32-4f0f-a399-a1022c3af1ee,Acraea terpsicore,https://biodiversity.org.au/afd/taxa/ba632bea-a7b4-4b60-bf89-d63128cad841,-12.5634,131.30342,2013-06-28T00:00:00Z,PRESENT,Northern Territory Museum and Art Gallery provider for OZCAM,Acraea terpsicore
724,676ad064-3c91-4bb6-9292-f21476cf88d7,Acraea terpsicore,https://biodiversity.org.au/afd/taxa/ba632bea-a7b4-4b60-bf89-d63128cad841,-17.86132,143.68304,2025-07-03T00:37:00Z,PRESENT,Butterflies Australia,Acraea terpsicore
725,6794cab2-5282-461d-a255-442b5e696993,Acraea terpsicore,https://biodiversity.org.au/afd/taxa/ba632bea-a7b4-4b60-bf89-d63128cad841,-19.97852,148.25974,2020-09-12T11:08:00Z,PRESENT,Butterflies Australia,Acraea terpsicore
726,67bf678b-82c8-4170-9f84-d8244e6692ba,Acraea terpsicore,https://biodiversity.org.au/afd/taxa/ba632bea-a7b4-4b60-bf89-d63128cad841,-14.314349,132.421975,2025-06-07T13:19:00Z,PRESENT,iNaturalist Australia,Acraea terpsicore
727,68173c3f-14ed-41d7-bc76-f99a9e4df84c,Acraea terpsicore,https://biodiversity.org.au/afd/taxa/ba632bea-a7b4-4b60-bf89-d63128cad841,-12.409386,130.824568,2023-03-16T09:30:00Z,PRESENT,iNaturalist Australia,Acraea terpsicore
728,682a6f57-639f-4a37-a532-c01797b38a59,Acraea terpsicore,https://biodiversity.org.au/afd/taxa/ba632bea-a7b4-4b60-bf89-d63128cad841,-19.174317,146.841386,2022-06-19T12:18:20Z,PRESENT,iNaturalist Australia,Acraea terpsicore
729,6854169c-6cd8-4afb-8bda-ba169325b72a,Acraea terpsicore,https://biodiversity.org.au/afd/taxa/ba632bea-a7b4-4b60-bf89-d63128cad841,-19.33373,146.753324,2019-06-04T15:03:00Z,PRESENT,iNaturalist Australia,Acraea terpsicore
730,687971f2-7052-4f73-9a5b-a8505c8e5755,Acraea terpsicore,https://biodiversity.org.au/afd/taxa/ba632bea-a7b4-4b60-bf89-d63128cad841,-18.01655,139.02888,2023-09-11T10:09:00Z,PRESENT,Butterflies Australia,Acraea terpsicore
731,68c4accf-9663-4641-b576-6af616e78e79,Acraea terpsicore,https://biodiversity.org.au/afd/taxa/ba632bea-a7b4-4b60-bf89-d63128cad841,-21.979403,146.286603,2025-05-12T17:29:56Z,PRESENT,iNaturalist Australia,Acraea terpsicore
732,68d15c37-9191-4cfb-a5ed-d835f8d554cd,Acraea terpsicore,https://biodiversity.org.au/afd/taxa/ba632bea-a7b4-4b60-bf89-d63128cad841,-13.29,132.335,2013-04-01T00:00:00Z,PRESENT,Fauna Atlas N.T.,Acraea terpsicore
733,68f50a22-273b-4921-a25c-457cffe447e8,Acraea terpsicore,https://biodiversity.org.au/afd/taxa/ba632bea-a7b4-4b60-bf89-d63128cad841,-16.3363,126.9025,2014-06-04T00:00:00Z,PRESENT,Fauna Atlas N.T.,Acraea terpsicore
734,692781c6-19cc-4c00-a2b1-f056b3765276,Acraea terpsicore,https://biodiversity.org.au/afd/taxa/ba632bea-a7b4-4b60-bf89-d63128cad841,-19.23962,146.80095,2017-07-17T00:00:00Z,PRESENT,WildNet - Queensland Wildlife Data,Acraea terpsicore
735,694fd117-8f46-4268-93af-da31f9c572fd,Acraea terpsicore,https://biodiversity.org.au/afd/taxa/ba632bea-a7b4-4b60-bf89-d63128cad841,-10.5968,142.3136,2023-06-05T11:15:00Z,PRESENT,Butterflies Australia,Acraea terpsicore
736,696d6bff-efa7-4414-bac4-cbcc775bb586,Acraea terpsicore,https://biodiversity.org.au/afd/taxa/ba632bea-a7b4-4b60-bf89-d63128cad841,-18.96839,146.02501,2024-06-12T05:00:00Z,PRESENT,Butterflies Australia,Acraea terpsicore
737,69cb6395-61aa-4b21-a123-40fa94eb8cfe,Acraea terpsicore,https://biodiversity.org.au/afd/taxa/ba632bea-a7b4-4b60-bf89-d63128cad841,-12.90845,131.64551,2014-06-28T00:00:00Z,PRESENT,Fauna Atlas N.T.,Acraea terpsicore
738,69fae921-7eb1-41fb-9d8c-8796bff8b610,Acraea terpsicore,https://biodiversity.org.au/afd/taxa/ba632bea-a7b4-4b60-bf89-d63128cad841,-14.140114,134.474535,2025-09-05T11:50:00Z,PRESENT,iNaturalist Australia,Acraea terpsicore
739,6a00d958-26f0-4651-9975-09f7c4ea9f01,Acraea terpsicore,https://biodiversity.org.au/afd/taxa/ba632bea-a7b4-4b60-bf89-d63128cad841,-10.601686,142.253087,2020-03-07T12:13:00Z,PRESENT,iNaturalist Australia,Acraea terpsicore
740,6a07845d-6ae6-4886-ab00-84578b0c155a,Acraea terpsicore,https://biodiversity.org.au/afd/taxa/ba632bea-a7b4-4b60-bf89-d63128cad841,-12.357338,130.870357,2025-05-19T14:46:00Z,PRESENT,iNaturalist Australia,Acraea terpsicore
741,6a6bfe0f-9f3d-4a07-8695-154153cc1791,Acraea terpsicore,https://biodiversity.org.au/afd/taxa/ba632bea-a7b4-4b60-bf89-d63128cad841,-21.40362,148.545255,2025-07-14T12:00:00Z,PRESENT,iNaturalist Australia,Acraea terpsicore
742,6a6ca6d5-6f58-47cc-aa9e-0fc83d5bc9b1,Acraea terpsicore,https://biodiversity.org.au/afd/taxa/ba632bea-a7b4-4b60-bf89-d63128cad841,-26.939126,152.803853,2024-03-02T10:12:11Z,PRESENT,iNaturalist Australia,Acraea terpsicore
743,6a859698-9dfb-4472-ad00-f815c24849bf,Acraea terpsicore,https://biodiversity.org.au/afd/taxa/ba632bea-a7b4-4b60-bf89-d63128cad841,-25.289327,151.89575,2022-03-29T09:03:00Z,PRESENT,iNaturalist Australia,Acraea terpsicore
744,6a8aadfa-413b-4a02-aea7-029b7d65791b,Acraea terpsicore,https://biodiversity.org.au/afd/taxa/ba632bea-a7b4-4b60-bf89-d63128cad841,-17.484844,140.840366,2025-08-10T10:04:00Z,PRESENT,iNaturalist Australia,Acraea terpsicore
745,6aabe3ca-68d0-4b60-98e5-0970442a5d6c,Acraea terpsicore,https://biodiversity.org.au/afd/taxa/ba632bea-a7b4-4b60-bf89-d63128cad841,-15.718,128.65,2013-04-27T00:00:00Z,PRESENT,Fauna Atlas N.T.,Acraea terpsicore
746,6afa3cd1-377f-4d0a-a937-cc6a8bf18b6f,Acraea terpsicore,https://biodiversity.org.au/afd/taxa/ba632bea-a7b4-4b60-bf89-d63128cad841,-19.260144,146.809566,2025-06-28T15:29:00Z,PRESENT,iNaturalist Australia,Acraea terpsicore
747,6afd182b-a857-4de3-9372-c58e068323bc,Acraea terpsicore,https://biodiversity.org.au/afd/taxa/ba632bea-a7b4-4b60-bf89-d63128cad841,-12.398,130.861,2013-01-23T00:00:00Z,PRESENT,Fauna Atlas N.T.,Acraea terpsicore
748,6b15d9e3-0a41-4d84-a902-25780e54fa2d,Acraea terpsicore,https://biodiversity.org.au/afd/taxa/ba632bea-a7b4-4b60-bf89-d63128cad841,-17.79439,138.53697,2023-09-11T13:46:00Z,PRESENT,Butterflies Australia,Acraea terpsicore
749,6b23e15b-4d3f-4edd-b0da-d16ef8c3582d,Acraea terpsicore,https://biodiversity.org.au/afd/taxa/ba632bea-a7b4-4b60-bf89-d63128cad841,-12.821332,131.974454,2023-05-14T11:56:00Z,PRESENT,iNaturalist Australia,Acraea terpsicore
750,6bec1600-279e-4c78-9a77-9cc4223e1bc7,Acraea terpsicore,https://biodiversity.org.au/afd/taxa/ba632bea-a7b4-4b60-bf89-d63128cad841,-19.200719,146.754997,2025-07-03T15:40:36Z,PRESENT,iNaturalist Australia,Acraea terpsicore
751,6c23d656-2c3e-4659-a3dc-ad670838fdcf,Acraea terpsicore,https://biodiversity.org.au/afd/taxa/ba632bea-a7b4-4b60-bf89-d63128cad841,-16.838444,145.738772,2026-02-17T12:37:34Z,PRESENT,iNaturalist Australia,Acraea terpsicore
752,6c251c88-6d7e-414f-ad2b-b1e02da10d53,Acraea terpsicore,https://biodiversity.org.au/afd/taxa/ba632bea-a7b4-4b60-bf89-d63128cad841,-20.290279,148.674594,2025-05-04T11:49:20Z,PRESENT,iNaturalist Australia,Acraea terpsicore
753,6c4f59fc-a1b9-45e3-8dab-276f83e02183,Acraea terpsicore,https://biodiversity.org.au/afd/taxa/ba632bea-a7b4-4b60-bf89-d63128cad841,-17.85695,138.62785,2023-09-11T13:08:00Z,PRESENT,Butterflies Australia,Acraea terpsicore
754,6c505818-e646-4efb-8582-be31d9bb6963,Acraea terpsicore,https://biodiversity.org.au/afd/taxa/ba632bea-a7b4-4b60-bf89-d63128cad841,-12.41333,130.92194,2013-01-25T00:00:00Z,PRESENT,Fauna Atlas N.T.,Acraea terpsicore
755,6c7d443f-2c38-4e08-b340-c8433204f4a6,Acraea terpsicore,https://biodiversity.org.au/afd/taxa/ba632bea-a7b4-4b60-bf89-d63128cad841,-28.647421,153.634712,2022-06-01T09:59:57Z,PRESENT,iNaturalist Australia,Acraea terpsicore
756,6c819b43-13a0-43c9-a4c3-617eb45b5c53,Acraea terpsicore,https://biodiversity.org.au/afd/taxa/ba632bea-a7b4-4b60-bf89-d63128cad841,-15.640635,135.712115,2023-06-16T11:57:00Z,PRESENT,iNaturalist Australia,Acraea terpsicore
757,6c895142-10f9-409b-987f-0c5de08d528e,Acraea terpsicore,https://biodiversity.org.au/afd/taxa/ba632bea-a7b4-4b60-bf89-d63128cad841,-19.185,146.7677,2025-06-13T14:22:00Z,PRESENT,iNaturalist Australia,Acraea terpsicore
758,6ccdfbf1-1577-4645-ba5a-27b862f8177e,Acraea terpsicore,https://biodiversity.org.au/afd/taxa/ba632bea-a7b4-4b60-bf89-d63128cad841,-14.190385,132.076264,2023-05-09T10:20:00Z,PRESENT,iNaturalist Australia,Acraea terpsicore
759,6cdb5b85-b9b3-4fa0-84f6-10958a8a2fa5,Acraea terpsicore,https://biodiversity.org.au/afd/taxa/ba632bea-a7b4-4b60-bf89-d63128cad841,-12.41333,130.92195,2013-02-01T00:00:00Z,PRESENT,Northern Territory Museum and Art Gallery provider for OZCAM,Acraea terpsicore
760,6cfb7aca-3ff2-475d-b57c-545a2f79add4,Acraea terpsicore,https://biodiversity.org.au/afd/taxa/ba632bea-a7b4-4b60-bf89-d63128cad841,-16.747718,145.662126,2021-08-16T12:15:00Z,PRESENT,iNaturalist Australia,Acraea terpsicore
761,6d50641f-5626-40c4-acf2-4134238e2ece,Acraea terpsicore,https://biodiversity.org.au/afd/taxa/ba632bea-a7b4-4b60-bf89-d63128cad841,-25.060275,148.23613,2023-04-13T10:15:33Z,PRESENT,iNaturalist Australia,Acraea terpsicore
762,6d551edb-fad6-424d-97cf-c02db0e1c5a8,Acraea terpsicore,https://biodiversity.org.au/afd/taxa/ba632bea-a7b4-4b60-bf89-d63128cad841,-16.107193,144.776782,2025-06-27T16:00:00Z,PRESENT,iNaturalist Australia,Acraea terpsicore
763,6d8070b1-eada-495f-9098-44bc2723cbbb,Acraea terpsicore,https://biodiversity.org.au/afd/taxa/ba632bea-a7b4-4b60-bf89-d63128cad841,-27.588278,153.159924,2022-03-12T13:34:00Z,PRESENT,iNaturalist Australia,Acraea terpsicore
764,6d834458-0b5d-43d1-b408-e60df53cb521,Acraea terpsicore,https://biodiversity.org.au/afd/taxa/ba632bea-a7b4-4b60-bf89-d63128cad841,-19.178037,146.844483,2022-04-03T09:25:06Z,PRESENT,iNaturalist Australia,Acraea terpsicore
765,6da96012-ca75-47de-88d3-e8abe9aab815,Acraea terpsicore,https://biodiversity.org.au/afd/taxa/ba632bea-a7b4-4b60-bf89-d63128cad841,-16.315965,128.701236,2023-07-13T08:37:44Z,PRESENT,iNaturalist Australia,Acraea terpsicore
766,6db446f0-437a-4aaf-a816-ae8fc69e323a,Acraea terpsicore,https://biodiversity.org.au/afd/taxa/ba632bea-a7b4-4b60-bf89-d63128cad841,-21.170586,148.89989,2022-04-22T12:09:00Z,PRESENT,iNaturalist Australia,Acraea terpsicore
767,6def6eb6-a71e-4f4b-b92c-66d39d916780,Acraea terpsicore,https://biodiversity.org.au/afd/taxa/ba632bea-a7b4-4b60-bf89-d63128cad841,-19.270598,146.724293,2022-04-03T14:07:00Z,PRESENT,iNaturalist Australia,Acraea terpsicore
768,6df55edf-5826-4252-98fc-a9e741ab9579,Acraea terpsicore,https://biodiversity.org.au/afd/taxa/ba632bea-a7b4-4b60-bf89-d63128cad841,-13.55331,132.27159,2018-03-13T00:00:00Z,PRESENT,Fauna Atlas N.T.,Acraea terpsicore
769,6e27e6a7-17e0-47ec-a3d3-a8bf4aef7b75,Acraea terpsicore,https://biodiversity.org.au/afd/taxa/ba632bea-a7b4-4b60-bf89-d63128cad841,-17.29995,123.624989,2015-09-15T00:00:00Z,PRESENT,BowerBird,Acraea terpsicore
770,6e285a01-24b2-49b8-96f7-404704d4eae3,Acraea terpsicore,https://biodiversity.org.au/afd/taxa/ba632bea-a7b4-4b60-bf89-d63128cad841,-17,145.7,2023-04-15T11:22:00Z,PRESENT,Earth Guardians Weekly Feed,Acraea terpsicore
771,6e31aee1-cd24-49e8-b14d-d70aa5861106,Acraea terpsicore,https://biodiversity.org.au/afd/taxa/ba632bea-a7b4-4b60-bf89-d63128cad841,-25.197411,152.307633,2023-02-07T14:03:00Z,PRESENT,iNaturalist Australia,Acraea terpsicore
772,6e3e7cb4-da9c-4612-b04d-358f4ceb20e2,Acraea terpsicore,https://biodiversity.org.au/afd/taxa/ba632bea-a7b4-4b60-bf89-d63128cad841,-15.56717,144.44738,2017-03-16T00:00:00Z,PRESENT,WildNet - Queensland Wildlife Data,Acraea terpsicore
773,6e850de6-56b9-4c26-9b4d-c1bdccda03e7,Acraea terpsicore,https://biodiversity.org.au/afd/taxa/ba632bea-a7b4-4b60-bf89-d63128cad841,-27.62238,152.30544,2020-11-04T10:54:15Z,PRESENT,iNaturalist Australia,Acraea terpsicore
774,6e87ee41-007c-4244-8416-46466d360569,Acraea terpsicore,https://biodiversity.org.au/afd/taxa/ba632bea-a7b4-4b60-bf89-d63128cad841,-12.41333,130.92195,2013-02-01T00:00:00Z,PRESENT,Northern Territory Museum and Art Gallery provider for OZCAM,Acraea terpsicore
775,6e8a8b24-0e23-46e3-89a8-03dbccad22a5,Acraea terpsicore,https://biodiversity.org.au/afd/taxa/ba632bea-a7b4-4b60-bf89-d63128cad841,-26.50685,153.086564,2023-02-26T12:49:10Z,PRESENT,iNaturalist Australia,Acraea terpsicore
776,6e97e398-ba91-4006-ad98-654f9045487a,Acraea terpsicore,https://biodiversity.org.au/afd/taxa/ba632bea-a7b4-4b60-bf89-d63128cad841,-19.195883,146.774492,2024-04-13T09:37:55Z,PRESENT,iNaturalist Australia,Acraea terpsicore
777,6eb04571-75db-4c50-a3b8-0314476964ca,Acraea terpsicore,https://biodiversity.org.au/afd/taxa/ba632bea-a7b4-4b60-bf89-d63128cad841,-15.606494,131.115214,2024-09-11T00:00:00Z,PRESENT,iNaturalist Australia,Acraea terpsicore
778,6edd12f0-ad1b-4890-b84b-eaf958faaebb,Acraea terpsicore,https://biodiversity.org.au/afd/taxa/ba632bea-a7b4-4b60-bf89-d63128cad841,-18.999487,144.982618,2025-06-02T15:35:00Z,PRESENT,iNaturalist Australia,Acraea terpsicore
779,6f15ca2d-7e91-48a8-96a6-5042d635612a,Acraea terpsicore,https://biodiversity.org.au/afd/taxa/ba632bea-a7b4-4b60-bf89-d63128cad841,-18.0168,144.0233,2021-03-22T09:45:00Z,PRESENT,Butterflies Australia,Acraea terpsicore
780,6f3e3500-a26d-4392-aa2d-d740c1086847,Acraea terpsicore,https://biodiversity.org.au/afd/taxa/ba632bea-a7b4-4b60-bf89-d63128cad841,-19.189257,146.773593,2025-05-10T11:36:58Z,PRESENT,iNaturalist Australia,Acraea terpsicore
781,6f6dbd48-c079-418a-90e3-d0c8da26a9cb,Acraea terpsicore,https://biodiversity.org.au/afd/taxa/ba632bea-a7b4-4b60-bf89-d63128cad841,-27.490906,153.186239,2022-03-26T10:03:30Z,PRESENT,iNaturalist Australia,Acraea terpsicore
782,6fe0f7fc-05db-4fd8-a445-3a2a39cb738a,Acraea terpsicore,https://biodiversity.org.au/afd/taxa/ba632bea-a7b4-4b60-bf89-d63128cad841,-13.55331,132.27159,2013-04-04T00:00:00Z,PRESENT,Fauna Atlas N.T.,Acraea terpsicore
783,6fe75e06-a5a1-4307-b868-c0c42deb04ac,Acraea terpsicore,https://biodiversity.org.au/afd/taxa/ba632bea-a7b4-4b60-bf89-d63128cad841,-18.0469,144.8846,2021-04-24T12:00:00Z,PRESENT,Butterflies Australia,Acraea terpsicore
784,70056005-b006-419e-a52b-ec1060258603,Acraea terpsicore,https://biodiversity.org.au/afd/taxa/ba632bea-a7b4-4b60-bf89-d63128cad841,-22.10975,145.194722,2021-08-13T16:57:00Z,PRESENT,iNaturalist Australia,Acraea terpsicore
785,7025a5ea-941e-4ae8-a2c9-be6ce503b340,Acraea terpsicore,https://biodiversity.org.au/afd/taxa/ba632bea-a7b4-4b60-bf89-d63128cad841,-16.04653,130.38212,2015-05-26T00:00:00Z,PRESENT,Northern Territory Museum and Art Gallery provider for OZCAM,Acraea terpsicore
786,704cdcb1-87cd-49c4-bc8c-c44d67a4e887,Acraea terpsicore,https://biodiversity.org.au/afd/taxa/ba632bea-a7b4-4b60-bf89-d63128cad841,-16.785784,145.690812,2023-04-15T09:43:00Z,PRESENT,iNaturalist Australia,Acraea terpsicore
787,708e2e09-a936-449a-8e16-dcbdb5c296ce,Acraea terpsicore,https://biodiversity.org.au/afd/taxa/ba632bea-a7b4-4b60-bf89-d63128cad841,-14.3083,125.987091,2015-02-01T00:00:00Z,PRESENT,Fauna Atlas N.T.,Acraea terpsicore
788,7092865c-04fc-46a1-9fbb-f0918027ed51,Acraea terpsicore,https://biodiversity.org.au/afd/taxa/ba632bea-a7b4-4b60-bf89-d63128cad841,-18.406162,143.510349,2025-05-08T10:12:00Z,PRESENT,iNaturalist Australia,Acraea terpsicore
789,7095c8e3-03a9-46a9-8175-c27cdeeaba0f,Acraea terpsicore,https://biodiversity.org.au/afd/taxa/ba632bea-a7b4-4b60-bf89-d63128cad841,-12.35509,130.87968,2013-12-28T00:00:00Z,PRESENT,Fauna Atlas N.T.,Acraea terpsicore
790,70d8c495-a6be-43a6-ad54-cb1b4de0f420,Acraea terpsicore,https://biodiversity.org.au/afd/taxa/ba632bea-a7b4-4b60-bf89-d63128cad841,-28.181806,153.061889,2024-12-30T10:54:00Z,PRESENT,iNaturalist Australia,Acraea terpsicore
791,70e0dbdc-fa1f-496c-a595-e769faa6e763,Acraea terpsicore,https://biodiversity.org.au/afd/taxa/ba632bea-a7b4-4b60-bf89-d63128cad841,-19.201291,146.754401,2023-12-08T15:24:20Z,PRESENT,iNaturalist Australia,Acraea terpsicore
792,710fb102-d458-426d-817d-862863177ff1,Acraea terpsicore,https://biodiversity.org.au/afd/taxa/ba632bea-a7b4-4b60-bf89-d63128cad841,-12.36341,130.904965,2025-07-02T10:15:00Z,PRESENT,iNaturalist Australia,Acraea terpsicore
793,7121d04d-9af3-44f2-93e3-2901b97a9a0c,Acraea terpsicore,https://biodiversity.org.au/afd/taxa/ba632bea-a7b4-4b60-bf89-d63128cad841,-27.529592,152.62372,2022-05-15T10:55:20Z,PRESENT,iNaturalist Australia,Acraea terpsicore
794,713b8da4-112a-4caa-9468-0a3969bb38b7,Acraea terpsicore,https://biodiversity.org.au/afd/taxa/ba632bea-a7b4-4b60-bf89-d63128cad841,-18.59799,144.72358,2024-09-01T03:58:00Z,PRESENT,Butterflies Australia,Acraea terpsicore
795,7180cfb0-4115-49d5-89c6-9b8c6bccfab8,Acraea terpsicore,https://biodiversity.org.au/afd/taxa/ba632bea-a7b4-4b60-bf89-d63128cad841,-21.91049,148.37016,2022-02-15T12:43:00Z,PRESENT,Butterflies Australia,Acraea terpsicore
796,71837612-92df-4a42-9de3-5b11a330028e,Acraea terpsicore,https://biodiversity.org.au/afd/taxa/ba632bea-a7b4-4b60-bf89-d63128cad841,-12.840698,132.382779,2019-05-31T13:02:00Z,PRESENT,iNaturalist Australia,Acraea terpsicore
797,719b282e-b4cf-4c93-9432-50ced322c858,Acraea terpsicore,https://biodiversity.org.au/afd/taxa/ba632bea-a7b4-4b60-bf89-d63128cad841,-18.646634,139.248883,2021-05-11T11:08:00Z,PRESENT,iNaturalist Australia,Acraea terpsicore
798,71b929b7-a3ea-4631-8baf-bdab154bed3f,Acraea terpsicore,https://biodiversity.org.au/afd/taxa/ba632bea-a7b4-4b60-bf89-d63128cad841,-24.472825,148.643112,2024-10-12T08:09:30Z,PRESENT,iNaturalist Australia,Acraea terpsicore
799,71dbed0e-8081-4829-83aa-772e2ba76984,Acraea terpsicore,https://biodiversity.org.au/afd/taxa/ba632bea-a7b4-4b60-bf89-d63128cad841,-16.048453,128.477211,2016-06-16T00:00:00Z,PRESENT,BowerBird,Acraea terpsicore
800,722a432b-f472-4fa4-9349-3540d8cc4bfb,Acraea terpsicore,https://biodiversity.org.au/afd/taxa/ba632bea-a7b4-4b60-bf89-d63128cad841,-21.403702,148.544511,2021-07-21T15:03:00Z,PRESENT,iNaturalist Australia,Acraea terpsicore
801,722f7deb-1a22-4629-8306-ce9f5b750838,Acraea terpsicore,https://biodiversity.org.au/afd/taxa/ba632bea-a7b4-4b60-bf89-d63128cad841,-12.339167,130.892868,2023-06-04T09:06:00Z,PRESENT,iNaturalist Australia,Acraea terpsicore
802,7240c59e-5377-4d12-8e98-285ac0330639,Acraea terpsicore,https://biodiversity.org.au/afd/taxa/ba632bea-a7b4-4b60-bf89-d63128cad841,-16.343789,131.084435,2019-05-07T12:33:00Z,PRESENT,iNaturalist Australia,Acraea terpsicore
803,726a8657-b459-4fec-ab7e-5fefe61c1126,Acraea terpsicore,https://biodiversity.org.au/afd/taxa/ba632bea-a7b4-4b60-bf89-d63128cad841,-29.779336,151.349267,2024-04-23T13:00:26Z,PRESENT,iNaturalist Australia,Acraea terpsicore
804,72a0d69c-c6b2-42a0-8fe0-aac0383384f1,Acraea terpsicore,https://biodiversity.org.au/afd/taxa/ba632bea-a7b4-4b60-bf89-d63128cad841,-17.00607,145.89932,2025-08-11T00:55:00Z,PRESENT,Butterflies Australia,Acraea terpsicore
805,72bada24-3f86-45e0-9ea1-b7afa4e04bb7,Acraea terpsicore,https://biodiversity.org.au/afd/taxa/ba632bea-a7b4-4b60-bf89-d63128cad841,-19.28447,146.804764,2023-09-02T07:27:40Z,PRESENT,iNaturalist Australia,Acraea terpsicore
806,72bfc62f-6a02-4d88-91c1-a2606bad7757,Acraea terpsicore,https://biodiversity.org.au/afd/taxa/ba632bea-a7b4-4b60-bf89-d63128cad841,-20.71448,140.479146,2025-07-19T15:40:00Z,PRESENT,iNaturalist Australia,Acraea terpsicore
807,73352ed1-46c0-4079-b2fc-2633d25e2e29,Acraea terpsicore,https://biodiversity.org.au/afd/taxa/ba632bea-a7b4-4b60-bf89-d63128cad841,-19.189516,146.77393,2025-06-13T12:34:00Z,PRESENT,iNaturalist Australia,Acraea terpsicore
808,73444ffd-0561-4539-b7a4-3cde51c4e0fc,Acraea terpsicore,https://biodiversity.org.au/afd/taxa/ba632bea-a7b4-4b60-bf89-d63128cad841,-19.39287,147.035032,2018-06-21T13:11:00Z,PRESENT,iNaturalist Australia,Acraea terpsicore
809,7373344b-4127-4f94-9e4c-fca85e3f3292,Acraea terpsicore,https://biodiversity.org.au/afd/taxa/ba632bea-a7b4-4b60-bf89-d63128cad841,-15.68333,128.68333,2013-05-23T00:00:00Z,PRESENT,Fauna Atlas N.T.,Acraea terpsicore
810,73ab38fa-5621-43d9-bddd-a0a8987127b3,Acraea terpsicore,https://biodiversity.org.au/afd/taxa/ba632bea-a7b4-4b60-bf89-d63128cad841,-20.344596,144.462509,2024-06-21T10:45:45Z,PRESENT,iNaturalist Australia,Acraea terpsicore
811,73bfdc07-5214-4d0e-9831-d32c7a4a9586,Acraea terpsicore,https://biodiversity.org.au/afd/taxa/ba632bea-a7b4-4b60-bf89-d63128cad841,-20.322141,148.61461,2023-01-20T08:37:00Z,PRESENT,iNaturalist Australia,Acraea terpsicore
812,73e91c46-4066-4ffa-bcdd-3d564d1d404b,Acraea terpsicore,https://biodiversity.org.au/afd/taxa/ba632bea-a7b4-4b60-bf89-d63128cad841,-19.189737,146.773524,2017-05-09T10:07:04Z,PRESENT,Encyclopedia of Life Images - Flickr Group,Acraea terpsicore
813,73f37b78-3e58-4881-ba53-fe09c50994f7,Acraea terpsicore,https://biodiversity.org.au/afd/taxa/ba632bea-a7b4-4b60-bf89-d63128cad841,-19.189737,146.773524,2017-05-09T10:09:35Z,PRESENT,Encyclopedia of Life Images - Flickr Group,Acraea terpsicore
814,740eefb2-c72f-4030-b24c-747c385221de,Acraea terpsicore,https://biodiversity.org.au/afd/taxa/ba632bea-a7b4-4b60-bf89-d63128cad841,-16.119,128.739,2013-05-19T00:00:00Z,PRESENT,iNaturalist Australia,Acraea terpsicore
815,741b0b89-1c18-4b8c-b466-1ff718f5057f,Acraea terpsicore,https://biodiversity.org.au/afd/taxa/ba632bea-a7b4-4b60-bf89-d63128cad841,-17.290816,145.474732,2017-05-12T00:00:00Z,PRESENT,iNaturalist Australia,Acraea terpsicore
816,7481fcb5-8a96-4b35-826a-7fa549f142cc,Acraea terpsicore,https://biodiversity.org.au/afd/taxa/ba632bea-a7b4-4b60-bf89-d63128cad841,-11.759967,130.639819,2025-04-03T18:02:00Z,PRESENT,iNaturalist Australia,Acraea terpsicore
817,749973a9-951f-4b90-bfed-c97b3d9f97e8,Acraea terpsicore,https://biodiversity.org.au/afd/taxa/ba632bea-a7b4-4b60-bf89-d63128cad841,-19.259317,146.80675,2017-05-06T11:14:00Z,PRESENT,iNaturalist Australia,Acraea terpsicore
818,74a56cdb-75de-4067-ae60-7e06b0dc7f76,Acraea terpsicore,https://biodiversity.org.au/afd/taxa/ba632bea-a7b4-4b60-bf89-d63128cad841,-20.02461,148.26595,2020-09-13T15:06:00Z,PRESENT,Butterflies Australia,Acraea terpsicore
819,74e92a42-8acb-4e32-9274-261d5bca7832,Acraea terpsicore,https://biodiversity.org.au/afd/taxa/ba632bea-a7b4-4b60-bf89-d63128cad841,-17.6518,145.4722,2022-03-08T09:15:00Z,PRESENT,Butterflies Australia,Acraea terpsicore
820,74ee8216-1c1e-4ca5-a1b6-6816e9f17159,Acraea terpsicore,https://biodiversity.org.au/afd/taxa/ba632bea-a7b4-4b60-bf89-d63128cad841,-12.375,130.896667,2013-01-04T00:00:00Z,PRESENT,Fauna Atlas N.T.,Acraea terpsicore
821,75181acb-a06a-4ed9-b6f8-744c653cbe75,Acraea terpsicore,https://biodiversity.org.au/afd/taxa/ba632bea-a7b4-4b60-bf89-d63128cad841,-12.65,131.1,2013-02-16T00:00:00Z,PRESENT,Fauna Atlas N.T.,Acraea terpsicore
822,752a62e3-e2e8-40cb-842b-09726e3a34bd,Acraea terpsicore,https://biodiversity.org.au/afd/taxa/ba632bea-a7b4-4b60-bf89-d63128cad841,-12.728611,130.929167,2013-02-07T00:00:00Z,PRESENT,Fauna Atlas N.T.,Acraea terpsicore
823,7542c6c0-a34f-40e5-86e6-1bc14f8f6e67,Acraea terpsicore,https://biodiversity.org.au/afd/taxa/ba632bea-a7b4-4b60-bf89-d63128cad841,-19.366524,146.639706,2022-09-19T21:18:00Z,PRESENT,iNaturalist Australia,Acraea terpsicore
824,7543eaf1-c001-40d8-ae91-f95fbd0fb456,Acraea terpsicore,https://biodiversity.org.au/afd/taxa/ba632bea-a7b4-4b60-bf89-d63128cad841,-19.33215,146.753397,2019-03-24T20:51:00Z,PRESENT,iNaturalist Australia,Acraea terpsicore
825,75adfa7a-f807-4166-a2aa-f54963362b0e,Acraea terpsicore,https://biodiversity.org.au/afd/taxa/ba632bea-a7b4-4b60-bf89-d63128cad841,-19.979528,148.260972,2025-08-10T09:02:57Z,PRESENT,iNaturalist Australia,Acraea terpsicore
826,75e7a8ab-267f-4499-9d28-8bef9d1412c9,Acraea terpsicore,https://biodiversity.org.au/afd/taxa/ba632bea-a7b4-4b60-bf89-d63128cad841,-23.85867,148.159427,2022-07-19T09:39:00Z,PRESENT,iNaturalist Australia,Acraea terpsicore
827,75f2f2d8-b9f1-4044-8fd0-5e0cdddae10c,Acraea terpsicore,https://biodiversity.org.au/afd/taxa/ba632bea-a7b4-4b60-bf89-d63128cad841,-13.49623,131.03572,2014-04-20T00:00:00Z,PRESENT,Fauna Atlas N.T.,Acraea terpsicore
828,75f7ed7c-a8c3-419e-accd-a3b3d2f093ee,Acraea terpsicore,https://biodiversity.org.au/afd/taxa/ba632bea-a7b4-4b60-bf89-d63128cad841,-27.50683,153.075454,2023-01-26T09:04:00Z,PRESENT,iNaturalist Australia,Acraea terpsicore
829,7640e705-75b8-4462-8b78-b768551252a6,Acraea terpsicore,https://biodiversity.org.au/afd/taxa/ba632bea-a7b4-4b60-bf89-d63128cad841,-20.351338,144.466241,2022-08-20T13:40:00Z,PRESENT,iNaturalist Australia,Acraea terpsicore
830,764db88d-aee6-45af-91f3-e4daf504f6f3,Acraea terpsicore,https://biodiversity.org.au/afd/taxa/ba632bea-a7b4-4b60-bf89-d63128cad841,-12.786667,130.977222,2013-04-02T00:00:00Z,PRESENT,Fauna Atlas N.T.,Acraea terpsicore
831,765c644a-f7f1-4483-9950-b0aa8bdbe7a3,Acraea terpsicore,https://biodiversity.org.au/afd/taxa/ba632bea-a7b4-4b60-bf89-d63128cad841,-19.354473,146.800432,2025-03-08T00:00:00Z,PRESENT,iNaturalist Australia,Acraea terpsicore
832,768346ad-e98c-4766-bf0e-8502580b9139,Acraea terpsicore,https://biodiversity.org.au/afd/taxa/ba632bea-a7b4-4b60-bf89-d63128cad841,-18.14259,144.328905,2025-05-07T12:18:00Z,PRESENT,iNaturalist Australia,Acraea terpsicore
833,7685d6b4-c158-4b65-a773-0b674e0d7fa0,Acraea terpsicore,https://biodiversity.org.au/afd/taxa/ba632bea-a7b4-4b60-bf89-d63128cad841,-19.319066,146.702301,2019-09-04T08:57:00Z,PRESENT,iNaturalist Australia,Acraea terpsicore
834,769880b9-b0de-43b7-9563-bf652c583dcd,Acraea terpsicore,https://biodiversity.org.au/afd/taxa/ba632bea-a7b4-4b60-bf89-d63128cad841,-28.244167,153.01825,2025-04-21T12:36:00Z,PRESENT,iNaturalist Australia,Acraea terpsicore
835,76a0538f-7bf2-4b42-a9b6-4df4af1fe719,Acraea terpsicore,https://biodiversity.org.au/afd/taxa/ba632bea-a7b4-4b60-bf89-d63128cad841,-25.559954,152.681264,2025-12-26T09:00:00Z,PRESENT,iNaturalist Australia,Acraea terpsicore
836,76e4793d-6362-4f91-8fb9-7713e370f842,Acraea terpsicore,https://biodiversity.org.au/afd/taxa/ba632bea-a7b4-4b60-bf89-d63128cad841,-12.64715,131.10956,2019-02-21T08:33:00Z,PRESENT,iNaturalist Australia,Acraea terpsicore
837,76ecdfbd-39eb-45bd-ac7d-a6e6441710db,Acraea terpsicore,https://biodiversity.org.au/afd/taxa/ba632bea-a7b4-4b60-bf89-d63128cad841,-27.918488,153.37738,2024-03-03T12:02:51Z,PRESENT,iNaturalist Australia,Acraea terpsicore
838,76feedaf-a5d6-47b5-873c-9a2259dc53ee,Acraea terpsicore,https://biodiversity.org.au/afd/taxa/ba632bea-a7b4-4b60-bf89-d63128cad841,-15.42599,144.974869,2022-06-25T01:30:00Z,PRESENT,Butterflies Australia,Acraea terpsicore
839,7744c6da-6d5e-427c-a2a3-ea5c2178edc9,Acraea terpsicore,https://biodiversity.org.au/afd/taxa/ba632bea-a7b4-4b60-bf89-d63128cad841,-19.324765,146.762339,2022-07-12T15:17:00Z,PRESENT,iNaturalist Australia,Acraea terpsicore
840,776327b4-fbe5-4cde-bfbe-3ae21f973d66,Acraea terpsicore,https://biodiversity.org.au/afd/taxa/ba632bea-a7b4-4b60-bf89-d63128cad841,-25.405383,152.906177,2024-03-02T01:51:00Z,PRESENT,iNaturalist Australia,Acraea terpsicore
841,778338c0-1590-44ae-89ed-8cd32cd6ef19,Acraea terpsicore,https://biodiversity.org.au/afd/taxa/ba632bea-a7b4-4b60-bf89-d63128cad841,-19.24039,146.782572,2023-05-10T07:59:00Z,PRESENT,iNaturalist Australia,Acraea terpsicore
842,7796a6b3-55a7-4dfa-aeb9-08cadfdef50c,Acraea terpsicore,https://biodiversity.org.au/afd/taxa/ba632bea-a7b4-4b60-bf89-d63128cad841,-14.313531,132.423002,2025-05-15T10:18:21Z,PRESENT,iNaturalist Australia,Acraea terpsicore
843,77c077d2-d613-4537-810a-c0cedbb13456,Acraea terpsicore,https://biodiversity.org.au/afd/taxa/ba632bea-a7b4-4b60-bf89-d63128cad841,-13.230953,131.114075,2023-05-10T12:17:00Z,PRESENT,iNaturalist Australia,Acraea terpsicore
844,783651fe-30f4-46ba-a447-45739af80e2c,Acraea terpsicore,https://biodiversity.org.au/afd/taxa/ba632bea-a7b4-4b60-bf89-d63128cad841,-19.5377,144.2055,2022-11-22T09:00:00Z,PRESENT,Butterflies Australia,Acraea terpsicore
845,78407d58-4c88-417f-8046-b65159ab08d0,Acraea terpsicore,https://biodiversity.org.au/afd/taxa/ba632bea-a7b4-4b60-bf89-d63128cad841,-21.6218,148.10772,2022-03-09T13:32:00Z,PRESENT,Butterflies Australia,Acraea terpsicore
846,7864b317-a855-4860-81fd-1fecb918ec82,Acraea terpsicore,https://biodiversity.org.au/afd/taxa/ba632bea-a7b4-4b60-bf89-d63128cad841,-16.725528,144.276988,2025-07-20T09:00:00Z,PRESENT,Butterflies Australia,Acraea terpsicore
847,787e97c7-c33f-44e7-9e5e-211691524c81,Acraea terpsicore,https://biodiversity.org.au/afd/taxa/ba632bea-a7b4-4b60-bf89-d63128cad841,-27.642623,153.002492,2025-04-26T10:51:00Z,PRESENT,iNaturalist Australia,Acraea terpsicore
848,7884263d-6a94-4eec-9fdc-1f2403fcb0b1,Acraea terpsicore,https://biodiversity.org.au/afd/taxa/ba632bea-a7b4-4b60-bf89-d63128cad841,-18.203917,144.565735,2025-05-01T15:04:00Z,PRESENT,iNaturalist Australia,Acraea terpsicore
849,789ce62c-2248-4eb4-a224-cddf4923a975,Acraea terpsicore,https://biodiversity.org.au/afd/taxa/ba632bea-a7b4-4b60-bf89-d63128cad841,-15.68333,128.68333,2013-05-12T00:00:00Z,PRESENT,Fauna Atlas N.T.,Acraea terpsicore
850,78bf770a-a015-4b08-8133-4297605167e8,Acraea terpsicore,https://biodiversity.org.au/afd/taxa/ba632bea-a7b4-4b60-bf89-d63128cad841,-12.4114,130.825,2013-02-17T00:00:00Z,PRESENT,Fauna Atlas N.T.,Acraea terpsicore
851,790d88ff-5c76-43b7-b13b-37e88e6ea4f0,Acraea terpsicore,https://biodiversity.org.au/afd/taxa/ba632bea-a7b4-4b60-bf89-d63128cad841,-19.0459,146.3936,2022-12-20T02:15:00Z,PRESENT,Butterflies Australia,Acraea terpsicore
852,792e432f-0ad8-4b93-9df7-d9946507cbe6,Acraea terpsicore,https://biodiversity.org.au/afd/taxa/ba632bea-a7b4-4b60-bf89-d63128cad841,-18.85554,146.126395,2025-06-14T11:29:00Z,PRESENT,iNaturalist Australia,Acraea terpsicore
853,7946a54f-e02d-4852-a000-0a00d0fcbbdf,Acraea terpsicore,https://biodiversity.org.au/afd/taxa/ba632bea-a7b4-4b60-bf89-d63128cad841,-16.498273,145.001061,2022-06-13T13:00:00Z,PRESENT,iNaturalist Australia,Acraea terpsicore
854,797e5abb-52e9-4fd3-9663-0c18203b0386,Acraea terpsicore,https://biodiversity.org.au/afd/taxa/ba632bea-a7b4-4b60-bf89-d63128cad841,-19.319315,146.701773,2018-08-22T13:26:00Z,PRESENT,iNaturalist Australia,Acraea terpsicore
855,79c43590-451d-4bca-9a19-30f3e26cc95e,Acraea terpsicore,https://biodiversity.org.au/afd/taxa/ba632bea-a7b4-4b60-bf89-d63128cad841,-22.34649,149.51844,2021-05-01T00:00:00Z,PRESENT,WildNet - Queensland Wildlife Data,Acraea terpsicore
856,79c5b203-cfca-4fd7-87c8-1781634776ab,Acraea terpsicore,https://biodiversity.org.au/afd/taxa/ba632bea-a7b4-4b60-bf89-d63128cad841,-11.22901,132.3806,2014-08-05T00:00:00Z,PRESENT,Fauna Atlas N.T.,Acraea terpsicore
857,79dd7d4f-7f3f-4a5a-bc7c-9820c68d7624,Acraea terpsicore,https://biodiversity.org.au/afd/taxa/ba632bea-a7b4-4b60-bf89-d63128cad841,-16.529578,145.136494,2025-06-11T13:47:00Z,PRESENT,iNaturalist Australia,Acraea terpsicore
858,79e9d10e-1eb1-45d4-aade-28c36ac714b4,Acraea terpsicore,https://biodiversity.org.au/afd/taxa/ba632bea-a7b4-4b60-bf89-d63128cad841,-27.619487,153.169683,2021-02-28T09:30:00Z,PRESENT,iNaturalist Australia,Acraea terpsicore
859,79f386d0-58dc-4964-b5a6-918f978bca9b,Acraea terpsicore,https://biodiversity.org.au/afd/taxa/ba632bea-a7b4-4b60-bf89-d63128cad841,-13.491678,131.04905,2025-11-13T09:37:00Z,PRESENT,iNaturalist Australia,Acraea terpsicore
860,7a0ac5ad-7c7b-4fd1-a709-453825134ba2,Acraea terpsicore,https://biodiversity.org.au/afd/taxa/ba632bea-a7b4-4b60-bf89-d63128cad841,-13.85727,136.81,2014-03-26T00:00:00Z,PRESENT,Northern Territory Museum and Art Gallery provider for OZCAM,Acraea terpsicore
861,7a1dcd26-4e2c-4042-a0c4-d619203d73f7,Acraea terpsicore,https://biodiversity.org.au/afd/taxa/ba632bea-a7b4-4b60-bf89-d63128cad841,-12.398,130.861,2013-01-23T00:00:00Z,PRESENT,Fauna Atlas N.T.,Acraea terpsicore
862,7a693321-4b00-44d6-b365-abe29769c6d2,Acraea terpsicore,https://biodiversity.org.au/afd/taxa/ba632bea-a7b4-4b60-bf89-d63128cad841,-16.338945,126.245108,2024-07-09T14:38:08Z,PRESENT,iNaturalist Australia,Acraea terpsicore
863,7a975eba-3b4b-46d2-a3a9-7457bb627849,Acraea terpsicore,https://biodiversity.org.au/afd/taxa/ba632bea-a7b4-4b60-bf89-d63128cad841,-24.257189,151.736742,2022-04-30T09:10:44Z,PRESENT,iNaturalist Australia,Acraea terpsicore
864,7ab3c6bd-9e19-4366-aec4-7abda3340cad,Acraea terpsicore,https://biodiversity.org.au/afd/taxa/ba632bea-a7b4-4b60-bf89-d63128cad841,-16.224566,128.750436,2023-07-13T08:32:05Z,PRESENT,iNaturalist Australia,Acraea terpsicore
865,7ab535ff-8746-41f6-9746-d318042927ac,Acraea terpsicore,https://biodiversity.org.au/afd/taxa/ba632bea-a7b4-4b60-bf89-d63128cad841,-10.579917,142.219391,2020-09-01T09:34:00Z,PRESENT,iNaturalist Australia,Acraea terpsicore
866,7b0d7576-8224-4d2d-b9a2-dc5493aeae18,Acraea terpsicore,https://biodiversity.org.au/afd/taxa/ba632bea-a7b4-4b60-bf89-d63128cad841,-16.838422,145.738775,2026-02-18T12:29:04Z,PRESENT,iNaturalist Australia,Acraea terpsicore
867,7b5a46bd-3236-419a-bb58-974531b33af8,Acraea terpsicore,https://biodiversity.org.au/afd/taxa/ba632bea-a7b4-4b60-bf89-d63128cad841,-12.433333,130.95,2013-08-21T00:00:00Z,PRESENT,Fauna Atlas N.T.,Acraea terpsicore
868,7b9678ba-6d79-4a16-98f8-802544ea1742,Acraea terpsicore,https://biodiversity.org.au/afd/taxa/ba632bea-a7b4-4b60-bf89-d63128cad841,-19.202258,146.750024,2022-09-07T13:50:06Z,PRESENT,iNaturalist Australia,Acraea terpsicore
869,7beeadc7-fd60-4d60-b6cf-ca008df792bc,Acraea terpsicore,https://biodiversity.org.au/afd/taxa/ba632bea-a7b4-4b60-bf89-d63128cad841,-12.391829,130.917065,2025-01-24T15:07:00Z,PRESENT,iNaturalist Australia,Acraea terpsicore
870,7c06ae90-93bb-486c-8fd5-15c52f07ff08,Acraea terpsicore,https://biodiversity.org.au/afd/taxa/ba632bea-a7b4-4b60-bf89-d63128cad841,-30.356361,153.10645,2024-11-22T11:08:09Z,PRESENT,iNaturalist Australia,Acraea terpsicore
871,7c186376-2cc1-48d0-ba22-31af3e7b36b4,Acraea terpsicore,https://biodiversity.org.au/afd/taxa/ba632bea-a7b4-4b60-bf89-d63128cad841,-12.4,130.916667,2015-01-31T00:00:00Z,PRESENT,Fauna Atlas N.T.,Acraea terpsicore
872,7c43b252-ed4d-4830-90e0-7df6654f2b41,Acraea terpsicore,https://biodiversity.org.au/afd/taxa/ba632bea-a7b4-4b60-bf89-d63128cad841,-19.199812,146.771056,2020-08-23T10:13:00Z,PRESENT,Earth Guardians Weekly Feed,Acraea terpsicore
873,7c67ad19-c0ed-4910-8d86-0cfce292c478,Acraea terpsicore,https://biodiversity.org.au/afd/taxa/ba632bea-a7b4-4b60-bf89-d63128cad841,-16.048453,128.477211,2016-06-16T00:00:00Z,PRESENT,iNaturalist Australia,Acraea terpsicore
874,7c75e2a5-6848-41c8-b070-da480baf01ee,Acraea terpsicore,https://biodiversity.org.au/afd/taxa/ba632bea-a7b4-4b60-bf89-d63128cad841,-18.05999,143.82834,2017-02-22T00:00:00Z,PRESENT,WildNet - Queensland Wildlife Data,Acraea terpsicore
875,7ca7a1af-18aa-41f1-be17-6048309e3e32,Acraea terpsicore,https://biodiversity.org.au/afd/taxa/ba632bea-a7b4-4b60-bf89-d63128cad841,-16.79997,145.35919,2021-07-26T11:08:00Z,PRESENT,Butterflies Australia,Acraea terpsicore
876,7ce68e65-905d-4fac-9cfa-6e460a801859,Acraea terpsicore,https://biodiversity.org.au/afd/taxa/ba632bea-a7b4-4b60-bf89-d63128cad841,-17.313545,144.610182,2017-05-05T00:00:00Z,PRESENT,iNaturalist Australia,Acraea terpsicore
877,7ce84c26-f04c-42a2-a79c-6481fa771b67,Acraea terpsicore,https://biodiversity.org.au/afd/taxa/ba632bea-a7b4-4b60-bf89-d63128cad841,-23.41751,146.41666,2021-08-26T11:23:00Z,PRESENT,iNaturalist Australia,Acraea terpsicore
878,7d0e883d-0dcd-4fe5-a2ec-828d2b1e3374,Acraea terpsicore,https://biodiversity.org.au/afd/taxa/ba632bea-a7b4-4b60-bf89-d63128cad841,-17.485328,140.840342,2025-08-17T09:56:00Z,PRESENT,iNaturalist Australia,Acraea terpsicore
879,7d1a130b-134a-4a2b-bccf-8d18066d6473,Acraea terpsicore,https://biodiversity.org.au/afd/taxa/ba632bea-a7b4-4b60-bf89-d63128cad841,-18.0199,144.0347,2021-03-22T10:45:00Z,PRESENT,Butterflies Australia,Acraea terpsicore
880,7d50553f-56a4-4b91-b813-85781cb81a0d,Acraea terpsicore,https://biodiversity.org.au/afd/taxa/ba632bea-a7b4-4b60-bf89-d63128cad841,-14.155221,126.238676,2025-07-04T09:12:27Z,PRESENT,iNaturalist Australia,Acraea terpsicore
881,7d59ec36-2668-478c-b504-dd67aa71193d,Acraea terpsicore,https://biodiversity.org.au/afd/taxa/ba632bea-a7b4-4b60-bf89-d63128cad841,-12.435138,130.741028,2025-01-01T03:30:00Z,PRESENT,iNaturalist Australia,Acraea terpsicore
882,7d7f0b8d-4abe-42c2-b7fa-edb044435589,Acraea terpsicore,https://biodiversity.org.au/afd/taxa/ba632bea-a7b4-4b60-bf89-d63128cad841,-18.2272,142.2444,2021-05-30T01:45:00Z,PRESENT,Butterflies Australia,Acraea terpsicore
883,7da51b8d-11aa-456b-ba60-dd95d22391ac,Acraea terpsicore,https://biodiversity.org.au/afd/taxa/ba632bea-a7b4-4b60-bf89-d63128cad841,-27.472086,152.958672,2022-02-13T13:00:00Z,PRESENT,iNaturalist Australia,Acraea terpsicore
884,7daa934d-bdf8-4e3d-9ba7-4f923233e478,Acraea terpsicore,https://biodiversity.org.au/afd/taxa/ba632bea-a7b4-4b60-bf89-d63128cad841,-14.46667,132.26667,2013-05-06T00:00:00Z,PRESENT,Fauna Atlas N.T.,Acraea terpsicore
885,7dbd5454-6caa-4289-807e-eabc15c0e65a,Acraea terpsicore,https://biodiversity.org.au/afd/taxa/ba632bea-a7b4-4b60-bf89-d63128cad841,-19.24039,146.782572,2023-05-10T08:00:00Z,PRESENT,iNaturalist Australia,Acraea terpsicore
886,7dc3c213-2fe8-4005-8ec9-baab7806ce38,Acraea terpsicore,https://biodiversity.org.au/afd/taxa/ba632bea-a7b4-4b60-bf89-d63128cad841,-14.18636,132.21562,2014-04-18T00:00:00Z,PRESENT,Fauna Atlas N.T.,Acraea terpsicore
887,7dfa7f5d-4bb5-4ad8-ab43-0717710a4e71,Acraea terpsicore,https://biodiversity.org.au/afd/taxa/ba632bea-a7b4-4b60-bf89-d63128cad841,-14.182983,132.038188,2025-04-26T10:31:00Z,PRESENT,iNaturalist Australia,Acraea terpsicore
888,7e06ef82-ec3a-4768-863b-cd0ff965d2ae,Acraea terpsicore,https://biodiversity.org.au/afd/taxa/ba632bea-a7b4-4b60-bf89-d63128cad841,-16.83616,141.97387,2025-06-12T02:12:00Z,PRESENT,Butterflies Australia,Acraea terpsicore
889,7e5c5053-925e-459d-8fa0-3b746904d016,Acraea terpsicore,https://biodiversity.org.au/afd/taxa/ba632bea-a7b4-4b60-bf89-d63128cad841,-12.553333,131.080833,2013-02-02T00:00:00Z,PRESENT,Fauna Atlas N.T.,Acraea terpsicore
890,7e60d7c2-46ec-4fbd-a05c-8833ce40f66e,Acraea terpsicore,https://biodiversity.org.au/afd/taxa/ba632bea-a7b4-4b60-bf89-d63128cad841,-12.339818,130.888663,2023-05-31T11:49:00Z,PRESENT,iNaturalist Australia,Acraea terpsicore
891,7e6b95cc-bc9e-49a7-a6c2-1fa684e932d6,Acraea terpsicore,https://biodiversity.org.au/afd/taxa/ba632bea-a7b4-4b60-bf89-d63128cad841,-12.407303,130.912619,2024-12-25T11:15:00Z,PRESENT,iNaturalist Australia,Acraea terpsicore
892,7eb90708-6563-4e7a-aaa0-27d8dbfd2c54,Acraea terpsicore,https://biodiversity.org.au/afd/taxa/ba632bea-a7b4-4b60-bf89-d63128cad841,-14.315547,132.420989,2025-06-17T14:19:00Z,PRESENT,iNaturalist Australia,Acraea terpsicore
893,7ed54cd2-ebc7-4ad5-be2d-5059d107ae23,Acraea terpsicore,https://biodiversity.org.au/afd/taxa/ba632bea-a7b4-4b60-bf89-d63128cad841,-18.655825,146.149556,2020-10-22T13:50:00Z,PRESENT,iNaturalist Australia,Acraea terpsicore
894,7edca7ea-169f-41ed-84a2-704ea18d51b1,Acraea terpsicore,https://biodiversity.org.au/afd/taxa/ba632bea-a7b4-4b60-bf89-d63128cad841,-21.3,149.1,2022-02-19T00:55:00Z,PRESENT,Earth Guardians Weekly Feed,Acraea terpsicore
895,7eedd0c1-37aa-4cf3-b6ca-82f968bdc4e1,Acraea terpsicore,https://biodiversity.org.au/afd/taxa/ba632bea-a7b4-4b60-bf89-d63128cad841,-18.17095,139.93493,2023-09-14T11:30:00Z,PRESENT,Butterflies Australia,Acraea terpsicore
896,7f19c0a0-c65e-4f0d-b153-03e25d0e4f9b,Acraea terpsicore,https://biodiversity.org.au/afd/taxa/ba632bea-a7b4-4b60-bf89-d63128cad841,-18.054242,144.061861,2025-04-19T23:16:42Z,PRESENT,iNaturalist Australia,Acraea terpsicore
897,7f3fe69e-dc95-4308-a80c-6d105ce4dbd5,Acraea terpsicore,https://biodiversity.org.au/afd/taxa/ba632bea-a7b4-4b60-bf89-d63128cad841,-18.7828,144.5995,2021-06-20T02:00:00Z,PRESENT,Butterflies Australia,Acraea terpsicore
898,7f4adb45-5235-4c8d-b1e6-6f6c29f3cbc7,Acraea terpsicore,https://biodiversity.org.au/afd/taxa/ba632bea-a7b4-4b60-bf89-d63128cad841,-19.999594,146.439745,2019-05-07T00:27:18Z,PRESENT,ALA species sightings and OzAtlas,Acraea terpsicore
899,7f6fc384-a7a1-41d3-a574-22d937d5cefb,Acraea terpsicore,https://biodiversity.org.au/afd/taxa/ba632bea-a7b4-4b60-bf89-d63128cad841,-20.014654,148.266157,2018-03-16T00:00:00Z,PRESENT,BowerBird,Acraea terpsicore
900,7f8592c2-3fac-4060-ba45-d9b25895701c,Acraea terpsicore,https://biodiversity.org.au/afd/taxa/ba632bea-a7b4-4b60-bf89-d63128cad841,-23.545952,145.3095,2021-06-15T12:47:00Z,PRESENT,iNaturalist Australia,Acraea terpsicore
901,7f8e06b6-fbe1-469b-b88c-4a54cb1ff6e3,Acraea terpsicore,https://biodiversity.org.au/afd/taxa/ba632bea-a7b4-4b60-bf89-d63128cad841,-12.626944,131.095278,2013-02-03T00:00:00Z,PRESENT,Fauna Atlas N.T.,Acraea terpsicore
902,7f9b9eeb-8a66-41bf-8395-ae7a25c7dc38,Acraea terpsicore,https://biodiversity.org.au/afd/taxa/ba632bea-a7b4-4b60-bf89-d63128cad841,-25.521828,152.68428,2024-04-13T12:25:33Z,PRESENT,iNaturalist Australia,Acraea terpsicore
903,7feed952-b0b0-43d5-a6cd-a099c2918b8a,Acraea terpsicore,https://biodiversity.org.au/afd/taxa/ba632bea-a7b4-4b60-bf89-d63128cad841,-19.254912,146.823085,2024-11-23T14:07:00Z,PRESENT,iNaturalist Australia,Acraea terpsicore
904,806600a7-d140-4719-b6eb-baf8866e8471,Acraea terpsicore,https://biodiversity.org.au/afd/taxa/ba632bea-a7b4-4b60-bf89-d63128cad841,-16.56237,144.89715,2025-07-14T23:29:00Z,PRESENT,Butterflies Australia,Acraea terpsicore
905,807cb069-af99-49bb-bca8-a738b6a79f94,Acraea terpsicore,https://biodiversity.org.au/afd/taxa/ba632bea-a7b4-4b60-bf89-d63128cad841,-12.35353,130.90407,2013-01-28T00:00:00Z,PRESENT,Fauna Atlas N.T.,Acraea terpsicore
906,807e3fc7-d690-447e-bb52-3ef149a53969,Acraea terpsicore,https://biodiversity.org.au/afd/taxa/ba632bea-a7b4-4b60-bf89-d63128cad841,-12.346385,130.920983,2025-01-18T06:10:15Z,PRESENT,iNaturalist Australia,Acraea terpsicore
907,807ed0bb-28d2-41f1-bc3e-a6ce133001b5,Acraea terpsicore,https://biodiversity.org.au/afd/taxa/ba632bea-a7b4-4b60-bf89-d63128cad841,-17.6253,145.5208,2021-04-09T11:00:00Z,PRESENT,Butterflies Australia,Acraea terpsicore
908,8097b66f-c98d-4166-9d5b-3fdfc4949d36,Acraea terpsicore,https://biodiversity.org.au/afd/taxa/ba632bea-a7b4-4b60-bf89-d63128cad841,-16.522142,145.101925,2025-05-31T12:13:00Z,PRESENT,iNaturalist Australia,Acraea terpsicore
909,80b7d57e-fd1e-4132-b48b-ae63b482606b,Acraea terpsicore,https://biodiversity.org.au/afd/taxa/ba632bea-a7b4-4b60-bf89-d63128cad841,-15.617765,131.130192,2024-08-29T10:06:00Z,PRESENT,iNaturalist Australia,Acraea terpsicore
910,80d366ca-50c3-4ffc-8c74-63fa1bab0da2,Acraea terpsicore,https://biodiversity.org.au/afd/taxa/ba632bea-a7b4-4b60-bf89-d63128cad841,-12.626944,131.095278,2013-02-03T00:00:00Z,PRESENT,Fauna Atlas N.T.,Acraea terpsicore
911,80d95bc8-eb1f-4ab6-9d53-1f464bda8eb8,Acraea terpsicore,https://biodiversity.org.au/afd/taxa/ba632bea-a7b4-4b60-bf89-d63128cad841,-14.86245,132.99287,2013-05-17T00:00:00Z,PRESENT,Fauna Atlas N.T.,Acraea terpsicore
912,8104abc1-edcd-4849-8147-b88b96b718bb,Acraea terpsicore,https://biodiversity.org.au/afd/taxa/ba632bea-a7b4-4b60-bf89-d63128cad841,-18.289869,143.549623,2025-08-28T17:59:00Z,PRESENT,iNaturalist Australia,Acraea terpsicore
913,8134e71b-f05e-4b05-b0c1-31c4a77017fb,Acraea terpsicore,https://biodiversity.org.au/afd/taxa/ba632bea-a7b4-4b60-bf89-d63128cad841,-12.483333,130.966667,2013-01-26T00:00:00Z,PRESENT,Fauna Atlas N.T.,Acraea terpsicore
914,8136050e-bced-4e20-b9c2-8f847cbf32ae,Acraea terpsicore,https://biodiversity.org.au/afd/taxa/ba632bea-a7b4-4b60-bf89-d63128cad841,-18.91147,146.3072,2022-12-20T08:45:00Z,PRESENT,Butterflies Australia,Acraea terpsicore
915,816d867a-9f18-4034-929a-0c8b258dd98f,Acraea terpsicore,https://biodiversity.org.au/afd/taxa/ba632bea-a7b4-4b60-bf89-d63128cad841,-13.49623,131.03572,2015-04-12T00:00:00Z,PRESENT,Fauna Atlas N.T.,Acraea terpsicore
916,817a2577-d7df-419d-95f8-120547baff51,Acraea terpsicore,https://biodiversity.org.au/afd/taxa/ba632bea-a7b4-4b60-bf89-d63128cad841,-22.385713,143.026613,2020-10-13T10:44:00Z,PRESENT,iNaturalist Australia,Acraea terpsicore
917,818e1c66-b0eb-4f61-81e4-f19883c8458e,Acraea terpsicore,https://biodiversity.org.au/afd/taxa/ba632bea-a7b4-4b60-bf89-d63128cad841,-20.081194,146.243958,2025-04-22T07:56:46Z,PRESENT,iNaturalist Australia,Acraea terpsicore
918,81ad81c8-49d2-48a0-967e-1cc79c2bd6fc,Acraea terpsicore,https://biodiversity.org.au/afd/taxa/ba632bea-a7b4-4b60-bf89-d63128cad841,-17.3809,145.3755,2023-04-07T10:30:00Z,PRESENT,Butterflies Australia,Acraea terpsicore
919,81c76224-ef9b-4daf-bf7f-d44e80387440,Acraea terpsicore,https://biodiversity.org.au/afd/taxa/ba632bea-a7b4-4b60-bf89-d63128cad841,-18.147742,144.3167,2025-08-28T11:32:00Z,PRESENT,iNaturalist Australia,Acraea terpsicore
920,81feb3fc-f345-4201-bf09-9a57a529f081,Acraea terpsicore,https://biodiversity.org.au/afd/taxa/ba632bea-a7b4-4b60-bf89-d63128cad841,-29.117785,153.444773,2023-03-20T13:07:00Z,PRESENT,iNaturalist Australia,Acraea terpsicore
921,8201f9f6-21f8-4cb6-a3c1-7a3d3f05fb70,Acraea terpsicore,https://biodiversity.org.au/afd/taxa/ba632bea-a7b4-4b60-bf89-d63128cad841,-12.472778,130.923333,2013-02-08T00:00:00Z,PRESENT,Fauna Atlas N.T.,Acraea terpsicore
922,820d9603-6160-40b7-8496-d68bea1685a4,Acraea terpsicore,https://biodiversity.org.au/afd/taxa/ba632bea-a7b4-4b60-bf89-d63128cad841,-15.764988,127.715363,2025-05-23T08:29:47Z,PRESENT,iNaturalist Australia,Acraea terpsicore
923,822baf88-1e38-4df4-bf93-ee271faf9357,Acraea terpsicore,https://biodiversity.org.au/afd/taxa/ba632bea-a7b4-4b60-bf89-d63128cad841,-13.55331,132.27159,2018-03-13T00:00:00Z,PRESENT,Fauna Atlas N.T.,Acraea terpsicore
924,82520fa8-7b28-4008-a050-630dc68d2865,Acraea terpsicore,https://biodiversity.org.au/afd/taxa/ba632bea-a7b4-4b60-bf89-d63128cad841,-13.49623,131.03572,2013-06-10T00:00:00Z,PRESENT,Fauna Atlas N.T.,Acraea terpsicore
925,828593fd-2478-4abc-96f0-1ab90bcd33a0,Acraea terpsicore,https://biodiversity.org.au/afd/taxa/ba632bea-a7b4-4b60-bf89-d63128cad841,-21.3,149.1,2022-04-17T14:30:00Z,PRESENT,Earth Guardians Weekly Feed,Acraea terpsicore
926,82a0aaea-f683-4942-9db8-a97ce0c5708f,Acraea terpsicore,https://biodiversity.org.au/afd/taxa/ba632bea-a7b4-4b60-bf89-d63128cad841,-12.41333,130.92194,2013-01-17T00:00:00Z,PRESENT,Fauna Atlas N.T.,Acraea terpsicore
927,82b65c17-5322-4d98-8795-63573e3e84ac,Acraea terpsicore,https://biodiversity.org.au/afd/taxa/ba632bea-a7b4-4b60-bf89-d63128cad841,-27.235447,152.424834,2025-02-08T15:47:00Z,PRESENT,iNaturalist Australia,Acraea terpsicore
928,82c2d7f7-54db-4121-96a6-66b317f6f746,Acraea terpsicore,https://biodiversity.org.au/afd/taxa/ba632bea-a7b4-4b60-bf89-d63128cad841,-25.33972,152.751141,2022-02-18T08:48:00Z,PRESENT,iNaturalist Australia,Acraea terpsicore
929,83087fb2-369b-4834-bcfd-24c3729f89be,Acraea terpsicore,https://biodiversity.org.au/afd/taxa/ba632bea-a7b4-4b60-bf89-d63128cad841,-13.751,130.689,2013-06-02T00:00:00Z,PRESENT,Fauna Atlas N.T.,Acraea terpsicore
930,830b2e13-c916-4e3a-a536-640fa3a6cbb4,Acraea terpsicore,https://biodiversity.org.au/afd/taxa/ba632bea-a7b4-4b60-bf89-d63128cad841,-19.334497,146.755782,2018-05-13T14:15:00Z,PRESENT,iNaturalist Australia,Acraea terpsicore
931,832f8912-53a2-4eb5-a06a-5ffd7d241b53,Acraea terpsicore,https://biodiversity.org.au/afd/taxa/ba632bea-a7b4-4b60-bf89-d63128cad841,-16.5778,145.1889,2017-07-27T10:17:00Z,PRESENT,Butterflies Australia,Acraea terpsicore
932,83356513-fb8e-4f01-a20b-2305595f5dac,Acraea terpsicore,https://biodiversity.org.au/afd/taxa/ba632bea-a7b4-4b60-bf89-d63128cad841,-17.639411,123.741346,2025-08-03T11:55:30Z,PRESENT,iNaturalist Australia,Acraea terpsicore
933,83aed3e8-bf78-491d-9f58-49de6d000837,Acraea terpsicore,https://biodiversity.org.au/afd/taxa/ba632bea-a7b4-4b60-bf89-d63128cad841,-19.189129,146.772776,2019-08-08T00:00:00Z,PRESENT,iNaturalist Australia,Acraea terpsicore
934,84277849-ac03-4199-a4ae-52d70971b5e3,Acraea terpsicore,https://biodiversity.org.au/afd/taxa/ba632bea-a7b4-4b60-bf89-d63128cad841,-19.331684,146.755879,2017-05-16T00:00:00Z,PRESENT,BowerBird,Acraea terpsicore
935,8437af55-4c68-46ab-a3de-e707314b496e,Acraea terpsicore,https://biodiversity.org.au/afd/taxa/ba632bea-a7b4-4b60-bf89-d63128cad841,-25.789027,152.696488,2025-03-05T14:47:00Z,PRESENT,iNaturalist Australia,Acraea terpsicore
936,847ba4e8-8a49-4e71-bf06-bb62d771765b,Acraea terpsicore,https://biodiversity.org.au/afd/taxa/ba632bea-a7b4-4b60-bf89-d63128cad841,-18.2001,142.8726,2021-05-29T01:00:00Z,PRESENT,Butterflies Australia,Acraea terpsicore
937,84b2252e-f30e-4c9b-916b-198e29e2f395,Acraea terpsicore,https://biodiversity.org.au/afd/taxa/ba632bea-a7b4-4b60-bf89-d63128cad841,-13.847353,136.416503,2022-06-18T13:32:24Z,PRESENT,iNaturalist Australia,Acraea terpsicore
938,84c7cce9-b62b-40dc-826d-1060e1654181,Acraea terpsicore,https://biodiversity.org.au/afd/taxa/ba632bea-a7b4-4b60-bf89-d63128cad841,-16.72759,144.27756,2025-07-21T00:43:00Z,PRESENT,Butterflies Australia,Acraea terpsicore
939,84d97974-8b3c-49f4-b3d3-b35e6af3a175,Acraea terpsicore,https://biodiversity.org.au/afd/taxa/ba632bea-a7b4-4b60-bf89-d63128cad841,-14.44537,132.260436,2023-04-08T10:18:00Z,PRESENT,iNaturalist Australia,Acraea terpsicore
940,854b7149-96bf-462a-8093-4e129da73233,Acraea terpsicore,https://biodiversity.org.au/afd/taxa/ba632bea-a7b4-4b60-bf89-d63128cad841,-15.68333,128.68333,2013-05-23T00:00:00Z,PRESENT,Fauna Atlas N.T.,Acraea terpsicore
941,85659dc6-0d3b-42ab-9bca-3b314b30bae7,Acraea terpsicore,https://biodiversity.org.au/afd/taxa/ba632bea-a7b4-4b60-bf89-d63128cad841,-18.015,138.85699,2023-09-11T11:03:00Z,PRESENT,Butterflies Australia,Acraea terpsicore
942,859fd6dc-432e-4f58-b57b-a813bf6108d3,Acraea terpsicore,https://biodiversity.org.au/afd/taxa/ba632bea-a7b4-4b60-bf89-d63128cad841,-18.1894,142.2644,2021-05-30T09:45:00Z,PRESENT,Butterflies Australia,Acraea terpsicore
943,85ea5266-bbba-4e46-b088-2073326b9c9b,Acraea terpsicore,https://biodiversity.org.au/afd/taxa/ba632bea-a7b4-4b60-bf89-d63128cad841,-17.82844,146.050896,2017-04-03T00:00:00Z,PRESENT,BowerBird,Acraea terpsicore
944,85ff0f07-2096-4409-bcd3-41754a90bd1d,Acraea terpsicore,https://biodiversity.org.au/afd/taxa/ba632bea-a7b4-4b60-bf89-d63128cad841,-19.322795,146.76628,2023-03-24T17:12:54Z,PRESENT,iNaturalist Australia,Acraea terpsicore
945,8644ba09-8cea-477f-9fa4-56b820211421,Acraea terpsicore,https://biodiversity.org.au/afd/taxa/ba632bea-a7b4-4b60-bf89-d63128cad841,-20,148.3,2025-08-10T09:02:00Z,PRESENT,Earth Guardians Weekly Feed,Acraea terpsicore
946,8652b494-d6c4-400f-91d7-72b9488294db,Acraea terpsicore,https://biodiversity.org.au/afd/taxa/ba632bea-a7b4-4b60-bf89-d63128cad841,-16.0717,127.1633,2014-06-02T00:00:00Z,PRESENT,Fauna Atlas N.T.,Acraea terpsicore
947,86a62327-cd24-4734-872f-e24dec1badcd,Acraea terpsicore,https://biodiversity.org.au/afd/taxa/ba632bea-a7b4-4b60-bf89-d63128cad841,-19.334793,146.758122,2019-03-12T08:41:00Z,PRESENT,iNaturalist Australia,Acraea terpsicore
948,86f03e90-c769-437c-8a19-58c4d282d2bf,Acraea terpsicore,https://biodiversity.org.au/afd/taxa/ba632bea-a7b4-4b60-bf89-d63128cad841,-12.616667,131.1,2013-02-23T00:00:00Z,PRESENT,Fauna Atlas N.T.,Acraea terpsicore
949,86f7bc5a-d147-4f5e-a7fc-64e931f5fa7f,Acraea terpsicore,https://biodiversity.org.au/afd/taxa/ba632bea-a7b4-4b60-bf89-d63128cad841,-19.203088,146.752351,2025-04-15T10:23:00Z,PRESENT,iNaturalist Australia,Acraea terpsicore
950,875569c6-6487-4d9e-bb81-9b7ba718c031,Acraea terpsicore,https://biodiversity.org.au/afd/taxa/ba632bea-a7b4-4b60-bf89-d63128cad841,-27.485029,152.952764,2021-12-30T09:47:00Z,PRESENT,iNaturalist Australia,Acraea terpsicore
951,8759c02d-203e-4a8d-9b7e-00310c646132,Acraea terpsicore,https://biodiversity.org.au/afd/taxa/ba632bea-a7b4-4b60-bf89-d63128cad841,-17.41528,145.98018,2017-11-03T00:00:00Z,PRESENT,WildNet - Queensland Wildlife Data,Acraea terpsicore
952,8759ee0b-5d3d-43a0-ab29-899c2a11e245,Acraea terpsicore,https://biodiversity.org.au/afd/taxa/ba632bea-a7b4-4b60-bf89-d63128cad841,-19.189458,146.773378,2024-10-29T09:30:29Z,PRESENT,iNaturalist Australia,Acraea terpsicore
953,876ed48b-a60e-485c-9484-0c249e5d335f,Acraea terpsicore,https://biodiversity.org.au/afd/taxa/ba632bea-a7b4-4b60-bf89-d63128cad841,-17.38,145.37,2021-03-11T02:00:00Z,PRESENT,Butterflies Australia,Acraea terpsicore
954,8778c6a6-6a72-432f-b62a-d59233811a61,Acraea terpsicore,https://biodiversity.org.au/afd/taxa/ba632bea-a7b4-4b60-bf89-d63128cad841,-13.483,132.583,2013-07-27T00:00:00Z,PRESENT,Fauna Atlas N.T.,Acraea terpsicore
955,87ef77a5-0488-46eb-bc3f-de8c8b86a885,Acraea terpsicore,https://biodiversity.org.au/afd/taxa/ba632bea-a7b4-4b60-bf89-d63128cad841,-17.378293,145.379378,2023-02-27T14:13:00Z,PRESENT,iNaturalist Australia,Acraea terpsicore
956,88084c91-a8ce-4c4e-b97c-5bcf438c7559,Acraea terpsicore,https://biodiversity.org.au/afd/taxa/ba632bea-a7b4-4b60-bf89-d63128cad841,-27.482931,152.961122,2022-01-03T10:42:00Z,PRESENT,iNaturalist Australia,Acraea terpsicore
957,8811d6de-cf61-4d57-b297-640194a791e3,Acraea terpsicore,https://biodiversity.org.au/afd/taxa/ba632bea-a7b4-4b60-bf89-d63128cad841,-11.22901,132.3806,2014-08-05T00:00:00Z,PRESENT,Fauna Atlas N.T.,Acraea terpsicore
958,8828836b-6609-467e-a1b2-73e4b8891099,Acraea terpsicore,https://biodiversity.org.au/afd/taxa/ba632bea-a7b4-4b60-bf89-d63128cad841,-17.491226,140.834107,2017-08-09T00:00:00Z,PRESENT,iNaturalist Australia,Acraea terpsicore
959,884e8d3e-7610-4077-9182-34a5e98186ce,Acraea terpsicore,https://biodiversity.org.au/afd/taxa/ba632bea-a7b4-4b60-bf89-d63128cad841,-19.94839,147.92311,2021-05-19T00:00:00Z,PRESENT,WildNet - Queensland Wildlife Data,Acraea terpsicore
960,88d3ba9a-b569-4aac-87c7-fdf66da00746,Acraea terpsicore,https://biodiversity.org.au/afd/taxa/ba632bea-a7b4-4b60-bf89-d63128cad841,-19.39158,147.0357,2018-06-21T00:00:00Z,PRESENT,WildNet - Queensland Wildlife Data,Acraea terpsicore
961,88fd0b74-257d-401e-91a6-75227bcafa4d,Acraea terpsicore,https://biodiversity.org.au/afd/taxa/ba632bea-a7b4-4b60-bf89-d63128cad841,-16.147687,135.631438,2021-05-30T10:49:00Z,PRESENT,iNaturalist Australia,Acraea terpsicore
962,8926e083-8e77-4678-a1c0-48888bd4ac0e,Acraea terpsicore,https://biodiversity.org.au/afd/taxa/ba632bea-a7b4-4b60-bf89-d63128cad841,-14.611111,132.036111,2013-05-26T00:00:00Z,PRESENT,Fauna Atlas N.T.,Acraea terpsicore
963,8956d96e-0671-4eea-9c41-3400c6915a7e,Acraea terpsicore,https://biodiversity.org.au/afd/taxa/ba632bea-a7b4-4b60-bf89-d63128cad841,-14.3173,132.4553,2014-04-15T00:00:00Z,PRESENT,Fauna Atlas N.T.,Acraea terpsicore
964,895abc2e-e446-4158-8b4f-4c091421e4a4,Acraea terpsicore,https://biodiversity.org.au/afd/taxa/ba632bea-a7b4-4b60-bf89-d63128cad841,-19.496964,146.299115,2017-07-30T00:03:00Z,PRESENT,iNaturalist Australia,Acraea terpsicore
965,895f8952-8921-44b8-b322-e08cf21fce5c,Acraea terpsicore,https://biodiversity.org.au/afd/taxa/ba632bea-a7b4-4b60-bf89-d63128cad841,-27.3807,152.909572,2022-02-08T11:04:00Z,PRESENT,iNaturalist Australia,Acraea terpsicore
966,897e1e8b-89f3-49e5-9e83-ffc3d5a3d566,Acraea terpsicore,https://biodiversity.org.au/afd/taxa/ba632bea-a7b4-4b60-bf89-d63128cad841,-13.795672,131.594208,2016-04-01T00:00:00Z,PRESENT,Fauna Atlas N.T.,Acraea terpsicore
967,898a01a2-8ac2-4b13-923a-8841b7fbb447,Acraea terpsicore,https://biodiversity.org.au/afd/taxa/ba632bea-a7b4-4b60-bf89-d63128cad841,-14.31803,132.42027,2014-04-13T00:00:00Z,PRESENT,Northern Territory Museum and Art Gallery provider for OZCAM,Acraea terpsicore
968,89b2f5cf-93ae-42de-aaa3-4356bd54db23,Acraea terpsicore,https://biodiversity.org.au/afd/taxa/ba632bea-a7b4-4b60-bf89-d63128cad841,-19.251163,146.787522,2025-05-18T12:17:26Z,PRESENT,iNaturalist Australia,Acraea terpsicore
969,89c15c0c-12ee-4142-9e34-34c7539d8841,Acraea terpsicore,https://biodiversity.org.au/afd/taxa/ba632bea-a7b4-4b60-bf89-d63128cad841,-19.309486,146.767413,2018-08-21T16:02:00Z,PRESENT,iNaturalist Australia,Acraea terpsicore
970,89fa79d7-c606-481a-804e-6a0086910c7d,Acraea terpsicore,https://biodiversity.org.au/afd/taxa/ba632bea-a7b4-4b60-bf89-d63128cad841,-30.356304,153.106737,2022-03-18T13:48:19Z,PRESENT,iNaturalist Australia,Acraea terpsicore
971,8a657011-fd78-45ba-ab50-dcb0f2cbbdc4,Acraea terpsicore,https://biodiversity.org.au/afd/taxa/ba632bea-a7b4-4b60-bf89-d63128cad841,-17.67736,141.07029,2023-08-18T11:11:00Z,PRESENT,Butterflies Australia,Acraea terpsicore
972,8a7a4af9-8296-4a6e-8e34-bdc23aa08fc1,Acraea terpsicore,https://biodiversity.org.au/afd/taxa/ba632bea-a7b4-4b60-bf89-d63128cad841,-17.885167,146.100845,2026-02-14T04:43:12Z,PRESENT,iNaturalist Australia,Acraea terpsicore
973,8aceb617-6385-4615-9a73-f27644e91e6e,Acraea terpsicore,https://biodiversity.org.au/afd/taxa/ba632bea-a7b4-4b60-bf89-d63128cad841,-14.149073,126.239059,2025-09-07T14:17:00Z,PRESENT,iNaturalist Australia,Acraea terpsicore
974,8af6cb2b-8ddf-441c-b27e-2975c3ee170a,Acraea terpsicore,https://biodiversity.org.au/afd/taxa/ba632bea-a7b4-4b60-bf89-d63128cad841,-14.519,132.198,2013-05-17T00:00:00Z,PRESENT,"Observation.org, Nature data from around the World",Acraea terpsicore
975,8b154e69-7a48-4af3-9f35-67478e795c93,Acraea terpsicore,https://biodiversity.org.au/afd/taxa/ba632bea-a7b4-4b60-bf89-d63128cad841,-19.309837,146.770138,2018-08-21T15:38:00Z,PRESENT,iNaturalist Australia,Acraea terpsicore
976,8b2dcef8-1065-423d-8053-0d3392fc98dd,Acraea terpsicore,https://biodiversity.org.au/afd/taxa/ba632bea-a7b4-4b60-bf89-d63128cad841,-18.946981,146.016342,2021-03-15T15:05:00Z,PRESENT,iNaturalist Australia,Acraea terpsicore
977,8b620659-6993-47d1-be6f-39fba9f16b21,Acraea terpsicore,https://biodiversity.org.au/afd/taxa/ba632bea-a7b4-4b60-bf89-d63128cad841,-20.071375,146.268922,2023-03-31T15:51:59Z,PRESENT,iNaturalist Australia,Acraea terpsicore
978,8b7df72e-192a-4e50-a312-7b6aa063bd4e,Acraea terpsicore,https://biodiversity.org.au/afd/taxa/ba632bea-a7b4-4b60-bf89-d63128cad841,-27.381719,153.005528,2024-12-07T13:39:00Z,PRESENT,iNaturalist Australia,Acraea terpsicore
979,8b84787d-03be-40b1-884c-e6cabd56e11f,Acraea terpsicore,https://biodiversity.org.au/afd/taxa/ba632bea-a7b4-4b60-bf89-d63128cad841,-12.601985,141.894715,2023-01-21T09:18:00Z,PRESENT,iNaturalist Australia,Acraea terpsicore
980,8bad62d3-3c26-4dd9-b844-f79eaa240cae,Acraea terpsicore,https://biodiversity.org.au/afd/taxa/ba632bea-a7b4-4b60-bf89-d63128cad841,-17.502572,140.825982,2021-06-01T11:30:00Z,PRESENT,iNaturalist Australia,Acraea terpsicore
981,8c0dba48-886a-487a-a219-9e8eb5933233,Acraea terpsicore,https://biodiversity.org.au/afd/taxa/ba632bea-a7b4-4b60-bf89-d63128cad841,-27.62243,152.30549,2020-11-04T11:56:00Z,PRESENT,Butterflies Australia,Acraea terpsicore
982,8c1b57c6-cc54-45e8-baf8-064736f20a97,Acraea terpsicore,https://biodiversity.org.au/afd/taxa/ba632bea-a7b4-4b60-bf89-d63128cad841,-17.455079,138.356223,2024-07-30T01:26:00Z,PRESENT,iNaturalist Australia,Acraea terpsicore
983,8c2cbffb-a72d-461b-b6f2-8f12e783e7be,Acraea terpsicore,https://biodiversity.org.au/afd/taxa/ba632bea-a7b4-4b60-bf89-d63128cad841,-13.85727,136.81,2014-03-26T00:00:00Z,PRESENT,Northern Territory Museum and Art Gallery provider for OZCAM,Acraea terpsicore
984,8c332787-aa5e-4892-b102-91aae8491798,Acraea terpsicore,https://biodiversity.org.au/afd/taxa/ba632bea-a7b4-4b60-bf89-d63128cad841,-18.769238,143.330411,2025-07-15T12:30:00Z,PRESENT,Butterflies Australia,Acraea terpsicore
985,8c4ef770-7a20-435a-9337-7ad656b3b0b4,Acraea terpsicore,https://biodiversity.org.au/afd/taxa/ba632bea-a7b4-4b60-bf89-d63128cad841,-12.70994,131.090185,2023-04-29T15:34:00Z,PRESENT,iNaturalist Australia,Acraea terpsicore
986,8c650738-2b38-4548-9fd4-6003da9cd87e,Acraea terpsicore,https://biodiversity.org.au/afd/taxa/ba632bea-a7b4-4b60-bf89-d63128cad841,-14.19339,144.48336,2026-02-21T01:06:00Z,PRESENT,Butterflies Australia,Acraea terpsicore
987,8d7af73a-7594-47f3-961c-fffaa85509f7,Acraea terpsicore,https://biodiversity.org.au/afd/taxa/ba632bea-a7b4-4b60-bf89-d63128cad841,-10.571913,142.227705,2024-07-24T10:12:01Z,PRESENT,iNaturalist Australia,Acraea terpsicore
988,8d820523-7525-4bc3-b625-0f23efe1eb15,Acraea terpsicore,https://biodiversity.org.au/afd/taxa/ba632bea-a7b4-4b60-bf89-d63128cad841,-21.156622,148.232488,2025-06-09T13:26:00Z,PRESENT,iNaturalist Australia,Acraea terpsicore
989,8dea5a2c-c9c6-476b-b429-c2531502587e,Acraea terpsicore,https://biodiversity.org.au/afd/taxa/ba632bea-a7b4-4b60-bf89-d63128cad841,-14.182627,132.187716,2017-05-31T16:21:00Z,PRESENT,iNaturalist Australia,Acraea terpsicore
990,8e81c1c3-42cd-4001-83b0-a73ec7f86011,Acraea terpsicore,https://biodiversity.org.au/afd/taxa/ba632bea-a7b4-4b60-bf89-d63128cad841,-14.46667,132.26667,2013-06-08T00:00:00Z,PRESENT,Fauna Atlas N.T.,Acraea terpsicore
991,8e8798cd-1c8e-4fce-88bb-12b6fe0c93e5,Acraea terpsicore,https://biodiversity.org.au/afd/taxa/ba632bea-a7b4-4b60-bf89-d63128cad841,-12.431503,132.9701,2021-06-20T12:10:00Z,PRESENT,iNaturalist Australia,Acraea terpsicore
992,8e8cfd26-4536-4e5e-a534-796b940a493f,Acraea terpsicore,https://biodiversity.org.au/afd/taxa/ba632bea-a7b4-4b60-bf89-d63128cad841,-14.18095,132.19424,2014-04-17T00:00:00Z,PRESENT,Fauna Atlas N.T.,Acraea terpsicore
993,8e9f8ca6-4cd8-4c4f-b760-05d4bd05e88c,Acraea terpsicore,https://biodiversity.org.au/afd/taxa/ba632bea-a7b4-4b60-bf89-d63128cad841,-18.2034,142.2458,2021-05-30T12:15:00Z,PRESENT,Butterflies Australia,Acraea terpsicore
994,8eae25e9-03b6-47fa-965c-df6dff2040f5,Acraea terpsicore,https://biodiversity.org.au/afd/taxa/ba632bea-a7b4-4b60-bf89-d63128cad841,-19.23119,146.769917,2025-09-20T12:30:00Z,PRESENT,Butterflies Australia,Acraea terpsicore
995,8eb906d1-a41f-4057-92f2-84486d950078,Acraea terpsicore,https://biodiversity.org.au/afd/taxa/ba632bea-a7b4-4b60-bf89-d63128cad841,-17.421294,145.801032,2022-10-26T09:39:00Z,PRESENT,iNaturalist Australia,Acraea terpsicore
996,8ec43918-77a7-4f9e-82b1-964d786196dd,Acraea terpsicore,https://biodiversity.org.au/afd/taxa/ba632bea-a7b4-4b60-bf89-d63128cad841,-12.5675,131.135556,2013-01-22T00:00:00Z,PRESENT,Fauna Atlas N.T.,Acraea terpsicore
997,8ef8b61f-8f89-4bf2-91f2-09f843a5970e,Acraea terpsicore,https://biodiversity.org.au/afd/taxa/ba632bea-a7b4-4b60-bf89-d63128cad841,-20.60958,147.07856,2019-06-20T00:00:00Z,PRESENT,WildNet - Queensland Wildlife Data,Acraea terpsicore
998,8f16b5fe-760f-4026-b5b4-91b0a56bbde9,Acraea terpsicore,https://biodiversity.org.au/afd/taxa/ba632bea-a7b4-4b60-bf89-d63128cad841,-12.363487,130.904977,2025-07-02T10:23:00Z,PRESENT,iNaturalist Australia,Acraea terpsicore
999,8f1943b0-ff4b-4ccd-adf8-ccf6a99be847,Acraea terpsicore,https://biodiversity.org.au/afd/taxa/ba632bea-a7b4-4b60-bf89-d63128cad841,-19.601921,146.83893,2025-06-14T12:51:45Z,PRESENT,iNaturalist Australia,Acraea terpsicore
1000,8f1ee280-ecdf-436a-9b75-6fd7ca6c58e0,Acraea terpsicore,https://biodiversity.org.au/afd/taxa/ba632bea-a7b4-4b60-bf89-d63128cad841,-21.367752,144.640709,2017-08-14T00:00:00Z,PRESENT,BowerBird,Acraea terpsicore
1001,8f56fc67-05f0-41b6-9c2b-69b589bf0296,Acraea terpsicore,https://biodiversity.org.au/afd/taxa/ba632bea-a7b4-4b60-bf89-d63128cad841,-17.3976,145.1582,2021-06-07T11:15:00Z,PRESENT,Butterflies Australia,Acraea terpsicore
1002,8fa1de69-d687-409e-bd03-d1003e45f914,Acraea terpsicore,https://biodiversity.org.au/afd/taxa/ba632bea-a7b4-4b60-bf89-d63128cad841,-12.41333,130.92195,2013-01-03T00:00:00Z,PRESENT,Northern Territory Museum and Art Gallery provider for OZCAM,Acraea terpsicore
1003,907b56bc-91c1-4595-854e-64cdfd09661e,Acraea terpsicore,https://biodiversity.org.au/afd/taxa/ba632bea-a7b4-4b60-bf89-d63128cad841,-17.485328,140.840342,2025-08-17T10:30:00Z,PRESENT,iNaturalist Australia,Acraea terpsicore
1004,9097bdac-b064-4504-acb0-938e434d6e7a,Acraea terpsicore,https://biodiversity.org.au/afd/taxa/ba632bea-a7b4-4b60-bf89-d63128cad841,-16.889734,145.415146,2025-07-16T14:07:54Z,PRESENT,iNaturalist Australia,Acraea terpsicore
1005,909d2380-8390-460c-b2c4-e0e21f13139c,Acraea terpsicore,https://biodiversity.org.au/afd/taxa/ba632bea-a7b4-4b60-bf89-d63128cad841,-19.257697,146.803232,2024-05-22T15:44:00Z,PRESENT,iNaturalist Australia,Acraea terpsicore
1006,90f9ec68-a74c-41ed-b332-908ddbae1014,Acraea terpsicore,https://biodiversity.org.au/afd/taxa/ba632bea-a7b4-4b60-bf89-d63128cad841,-12.433333,130.933333,2013-01-11T00:00:00Z,PRESENT,Fauna Atlas N.T.,Acraea terpsicore
1007,91224fb5-cbe5-4214-8671-a1114debf690,Acraea terpsicore,https://biodiversity.org.au/afd/taxa/ba632bea-a7b4-4b60-bf89-d63128cad841,-27.485772,152.954133,2022-01-11T12:23:23Z,PRESENT,iNaturalist Australia,Acraea terpsicore
1008,91254ba6-5c13-4c9e-bdc2-97636226cb2a,Acraea terpsicore,https://biodiversity.org.au/afd/taxa/ba632bea-a7b4-4b60-bf89-d63128cad841,-19.207633,146.741807,2020-12-14T13:36:00Z,PRESENT,iNaturalist Australia,Acraea terpsicore
1009,912ce27a-86ae-4255-a639-cfe00c793440,Acraea terpsicore,https://biodiversity.org.au/afd/taxa/ba632bea-a7b4-4b60-bf89-d63128cad841,-29.871411,150.591808,2024-11-11T12:15:00Z,PRESENT,Butterflies Australia,Acraea terpsicore
1010,91451fd5-2dd6-476a-a7da-c55638fdc83d,Acraea terpsicore,https://biodiversity.org.au/afd/taxa/ba632bea-a7b4-4b60-bf89-d63128cad841,-12.433333,130.95,2013-02-13T00:00:00Z,PRESENT,Fauna Atlas N.T.,Acraea terpsicore
1011,9173f9a7-d294-46ea-b694-9038b2173745,Acraea terpsicore,https://biodiversity.org.au/afd/taxa/ba632bea-a7b4-4b60-bf89-d63128cad841,-27.380222,152.907469,2024-04-02T11:36:00Z,PRESENT,iNaturalist Australia,Acraea terpsicore
1012,91db2cea-5f0d-4df6-94cc-2e612cfefc24,Acraea terpsicore,https://biodiversity.org.au/afd/taxa/ba632bea-a7b4-4b60-bf89-d63128cad841,-16.666825,144.024245,2025-06-10T11:45:00Z,PRESENT,Butterflies Australia,Acraea terpsicore
1013,921929c8-a6cb-4b60-8a67-979d87c69594,Acraea terpsicore,https://biodiversity.org.au/afd/taxa/ba632bea-a7b4-4b60-bf89-d63128cad841,-12.39599,130.927991,2014-01-15T00:00:00Z,PRESENT,Fauna Atlas N.T.,Acraea terpsicore
1014,92210a3a-0aaa-4a53-99ee-86d19062792b,Acraea terpsicore,https://biodiversity.org.au/afd/taxa/ba632bea-a7b4-4b60-bf89-d63128cad841,-15.2899,144.8473,2022-05-26T10:30:00Z,PRESENT,Butterflies Australia,Acraea terpsicore
1015,9239be32-9b85-42ad-ad21-5049ffb51aee,Acraea terpsicore,https://biodiversity.org.au/afd/taxa/ba632bea-a7b4-4b60-bf89-d63128cad841,-21.531951,146.859789,2025-04-11T16:36:00Z,PRESENT,iNaturalist Australia,Acraea terpsicore
1016,9244f649-3a08-4ca2-a1b7-b02dd9a4bba6,Acraea terpsicore,https://biodiversity.org.au/afd/taxa/ba632bea-a7b4-4b60-bf89-d63128cad841,-19.18787,146.771163,2025-06-20T16:23:40Z,PRESENT,iNaturalist Australia,Acraea terpsicore
1017,926de2a0-6b01-4976-b83d-57ed440e873d,Acraea terpsicore,https://biodiversity.org.au/afd/taxa/ba632bea-a7b4-4b60-bf89-d63128cad841,-12.432945,130.944804,2022-04-10T13:15:00Z,PRESENT,iNaturalist Australia,Acraea terpsicore
1018,927bec5e-4986-4a8e-bf74-20515813b801,Acraea terpsicore,https://biodiversity.org.au/afd/taxa/ba632bea-a7b4-4b60-bf89-d63128cad841,-27.619078,153.174255,2022-01-15T10:27:10Z,PRESENT,iNaturalist Australia,Acraea terpsicore
1019,927f91a5-122c-4a0e-b9ec-c942d87b2575,Acraea terpsicore,https://biodiversity.org.au/afd/taxa/ba632bea-a7b4-4b60-bf89-d63128cad841,-19.332666,146.753236,2019-06-16T20:22:00Z,PRESENT,iNaturalist Australia,Acraea terpsicore
1020,92826d56-2b1f-4519-b364-741cf41abaa5,Acraea terpsicore,https://biodiversity.org.au/afd/taxa/ba632bea-a7b4-4b60-bf89-d63128cad841,-14.92277,133.134,2015-04-04T00:00:00Z,PRESENT,Fauna Atlas N.T.,Acraea terpsicore
1021,92861edf-c36b-4f3d-81f5-4673d7e9266e,Acraea terpsicore,https://biodiversity.org.au/afd/taxa/ba632bea-a7b4-4b60-bf89-d63128cad841,-12.762552,130.957798,2021-04-11T11:37:26Z,PRESENT,iNaturalist Australia,Acraea terpsicore
1022,92bc45e5-be1c-4553-95e6-98af5c294467,Acraea terpsicore,https://biodiversity.org.au/afd/taxa/ba632bea-a7b4-4b60-bf89-d63128cad841,-14.887423,135.009556,2021-05-30T10:49:00Z,PRESENT,iNaturalist Australia,Acraea terpsicore
1023,93355f66-0f44-4fad-8850-187d131efd44,Acraea terpsicore,https://biodiversity.org.au/afd/taxa/ba632bea-a7b4-4b60-bf89-d63128cad841,-15.6681,145.2166,2021-08-10T10:30:00Z,PRESENT,Butterflies Australia,Acraea terpsicore
1024,936f699c-5e03-4b02-b7c0-d7e22e22c374,Acraea terpsicore,https://biodiversity.org.au/afd/taxa/ba632bea-a7b4-4b60-bf89-d63128cad841,-12.454361,130.947589,2024-04-26T18:04:00Z,PRESENT,iNaturalist Australia,Acraea terpsicore
1025,939edc8e-3c85-4c19-b50d-b9a28d083c99,Acraea terpsicore,https://biodiversity.org.au/afd/taxa/ba632bea-a7b4-4b60-bf89-d63128cad841,-16.40958,143.10366,2025-06-11T01:36:00Z,PRESENT,Butterflies Australia,Acraea terpsicore
1026,93a2f20c-8489-41d7-b5cb-96fea59bf7e5,Acraea terpsicore,https://biodiversity.org.au/afd/taxa/ba632bea-a7b4-4b60-bf89-d63128cad841,-23.919797,148.215605,2022-07-12T11:29:42Z,PRESENT,iNaturalist Australia,Acraea terpsicore
1027,93bb8a1f-28db-4015-9fc3-a07c465325d2,Acraea terpsicore,https://biodiversity.org.au/afd/taxa/ba632bea-a7b4-4b60-bf89-d63128cad841,-12.70719,130.994054,2025-05-18T11:47:23Z,PRESENT,iNaturalist Australia,Acraea terpsicore
1028,94241f8c-4267-4f71-9db4-c064bff00029,Acraea terpsicore,https://biodiversity.org.au/afd/taxa/ba632bea-a7b4-4b60-bf89-d63128cad841,-19.24005,146.800628,2022-05-29T14:12:03Z,PRESENT,iNaturalist Australia,Acraea terpsicore
1029,94282735-5851-4493-a584-49e3541ffd0f,Acraea terpsicore,https://biodiversity.org.au/afd/taxa/ba632bea-a7b4-4b60-bf89-d63128cad841,-17.410044,145.061769,2023-04-21T09:40:00Z,PRESENT,iNaturalist Australia,Acraea terpsicore
1030,9464793a-b0e9-43a1-9ff1-2afff589e113,Acraea terpsicore,https://biodiversity.org.au/afd/taxa/ba632bea-a7b4-4b60-bf89-d63128cad841,-19.289751,146.710184,2018-08-21T09:42:00Z,PRESENT,iNaturalist Australia,Acraea terpsicore
1031,9491d27e-1d42-422f-8ab5-1fb5ea084a6f,Acraea terpsicore,https://biodiversity.org.au/afd/taxa/ba632bea-a7b4-4b60-bf89-d63128cad841,-27.627306,153.074222,2023-10-28T12:52:00Z,PRESENT,iNaturalist Australia,Acraea terpsicore
1032,94c129a2-adf9-4813-aa37-829a28317308,Acraea terpsicore,https://biodiversity.org.au/afd/taxa/ba632bea-a7b4-4b60-bf89-d63128cad841,-11.645,133.388,2014-04-01T00:00:00Z,PRESENT,Fauna Atlas N.T.,Acraea terpsicore
1033,95246c2d-2795-48e6-bfea-c3318a86dcac,Acraea terpsicore,https://biodiversity.org.au/afd/taxa/ba632bea-a7b4-4b60-bf89-d63128cad841,-13.847222,136.423845,2025-03-28T08:17:55Z,PRESENT,iNaturalist Australia,Acraea terpsicore
1034,9572f730-b274-450b-80f4-cad54815d19b,Acraea terpsicore,https://biodiversity.org.au/afd/taxa/ba632bea-a7b4-4b60-bf89-d63128cad841,-18.48725,143.339997,2021-05-15T09:21:34Z,PRESENT,iNaturalist Australia,Acraea terpsicore
1035,9581b532-14e1-4210-a38a-e864fbd15e73,Acraea terpsicore,https://biodiversity.org.au/afd/taxa/ba632bea-a7b4-4b60-bf89-d63128cad841,-23.453424,146.4146,2025-05-27T11:34:00Z,PRESENT,iNaturalist Australia,Acraea terpsicore
1036,95d0042d-a063-4d89-aadb-bcc8e56bbecf,Acraea terpsicore,https://biodiversity.org.au/afd/taxa/ba632bea-a7b4-4b60-bf89-d63128cad841,-17.168748,125.358943,2025-06-04T12:41:02Z,PRESENT,iNaturalist Australia,Acraea terpsicore
1037,95e2d3f8-bc1a-4234-a136-aab85a84f443,Acraea terpsicore,https://biodiversity.org.au/afd/taxa/ba632bea-a7b4-4b60-bf89-d63128cad841,-18.03444,143.80417,2017-05-08T00:00:00Z,PRESENT,Queensland Museum provider for OZCAM,Acraea terpsicore
1038,9625f049-bbc9-4f1d-8462-c46b2254bec8,Acraea terpsicore,https://biodiversity.org.au/afd/taxa/ba632bea-a7b4-4b60-bf89-d63128cad841,-18.656281,146.14732,2019-09-01T11:10:00Z,PRESENT,iNaturalist Australia,Acraea terpsicore
1039,962f68ba-aa3b-4ca3-967b-06e43ff55718,Acraea terpsicore,https://biodiversity.org.au/afd/taxa/ba632bea-a7b4-4b60-bf89-d63128cad841,-14.926027,133.064398,2021-06-08T12:48:00Z,PRESENT,iNaturalist Australia,Acraea terpsicore
1040,964aa1b8-389d-4e03-8416-2fe92112538f,Acraea terpsicore,https://biodiversity.org.au/afd/taxa/ba632bea-a7b4-4b60-bf89-d63128cad841,-15.56732,144.450081,2017-03-16T00:00:00Z,PRESENT,Queensland Museum provider for OZCAM,Acraea terpsicore
1041,965b9ec9-cbb4-485f-90ab-3deb808856b0,Acraea terpsicore,https://biodiversity.org.au/afd/taxa/ba632bea-a7b4-4b60-bf89-d63128cad841,-11.41292,132.55472,2014-08-04T00:00:00Z,PRESENT,Northern Territory Museum and Art Gallery provider for OZCAM,Acraea terpsicore
1042,9663dd04-baa3-40af-92e4-3c01462cede1,Acraea terpsicore,https://biodiversity.org.au/afd/taxa/ba632bea-a7b4-4b60-bf89-d63128cad841,-19.200271,146.743919,2017-10-25T15:28:00Z,PRESENT,iNaturalist Australia,Acraea terpsicore
1043,969a3c4c-aaf6-473d-b7a7-243f6383d08e,Acraea terpsicore,https://biodiversity.org.au/afd/taxa/ba632bea-a7b4-4b60-bf89-d63128cad841,-18.936198,144.625927,2019-08-08T15:46:00Z,PRESENT,iNaturalist Australia,Acraea terpsicore
1044,96d6635c-6de1-4599-b175-a18c880fed0f,Acraea terpsicore,https://biodiversity.org.au/afd/taxa/ba632bea-a7b4-4b60-bf89-d63128cad841,-15.59738,128.279088,2013-05-22T15:04:00Z,PRESENT,iNaturalist Australia,Acraea terpsicore
1045,971d2305-fbee-427c-895d-329e5bc3c667,Acraea terpsicore,https://biodiversity.org.au/afd/taxa/ba632bea-a7b4-4b60-bf89-d63128cad841,-21.498855,145.036924,2025-06-25T12:04:00Z,PRESENT,iNaturalist Australia,Acraea terpsicore
1046,973526bc-5a49-40fe-ad90-1c91e995ee76,Acraea terpsicore,https://biodiversity.org.au/afd/taxa/ba632bea-a7b4-4b60-bf89-d63128cad841,-13.295962,132.336782,2018-01-17T21:33:00Z,PRESENT,iNaturalist Australia,Acraea terpsicore
1047,9747174c-113c-4303-bb94-1c2debab9e8f,Acraea terpsicore,https://biodiversity.org.au/afd/taxa/ba632bea-a7b4-4b60-bf89-d63128cad841,-19.189667,146.773912,2018-07-07T11:43:45Z,PRESENT,iNaturalist Australia,Acraea terpsicore
1048,974a2b6a-43b1-483d-8c0d-8d315a293018,Acraea terpsicore,https://biodiversity.org.au/afd/taxa/ba632bea-a7b4-4b60-bf89-d63128cad841,-17.470957,141.180113,2025-05-12T10:05:00Z,PRESENT,iNaturalist Australia,Acraea terpsicore
1049,9789b564-6b73-4521-9731-2756568b2557,Acraea terpsicore,https://biodiversity.org.au/afd/taxa/ba632bea-a7b4-4b60-bf89-d63128cad841,-15.4827,141.7503,2021-05-17T02:00:00Z,PRESENT,Butterflies Australia,Acraea terpsicore
1050,97b29404-0992-4084-abd4-3fd27fbcb7c0,Acraea terpsicore,https://biodiversity.org.au/afd/taxa/ba632bea-a7b4-4b60-bf89-d63128cad841,-17.44354,140.84256,2023-08-16T02:55:00Z,PRESENT,Butterflies Australia,Acraea terpsicore
1051,97cd786d-b00a-4bd3-8eeb-1c1b03ab2e05,Acraea terpsicore,https://biodiversity.org.au/afd/taxa/ba632bea-a7b4-4b60-bf89-d63128cad841,-18.300726,143.351069,2022-09-04T10:09:00Z,PRESENT,iNaturalist Australia,Acraea terpsicore
1052,97f0e4ad-f3a7-42fe-a301-62957faba381,Acraea terpsicore,https://biodiversity.org.au/afd/taxa/ba632bea-a7b4-4b60-bf89-d63128cad841,-17.669609,141.077793,2020-09-12T17:46:00Z,PRESENT,iNaturalist Australia,Acraea terpsicore
1053,97f6e833-79ec-4950-875d-b8f5f4a3bbb8,Acraea terpsicore,https://biodiversity.org.au/afd/taxa/ba632bea-a7b4-4b60-bf89-d63128cad841,-12.338794,130.89286,2025-05-20T14:43:00Z,PRESENT,iNaturalist Australia,Acraea terpsicore
1054,983b59a9-a242-4c8a-a8b8-c28e6ee74dba,Acraea terpsicore,https://biodiversity.org.au/afd/taxa/ba632bea-a7b4-4b60-bf89-d63128cad841,-21.3,149.2,2024-02-10T18:00:00Z,PRESENT,Earth Guardians Weekly Feed,Acraea terpsicore
1055,984d50f6-ce51-4b75-b1d7-5ba29225c6e4,Acraea terpsicore,https://biodiversity.org.au/afd/taxa/ba632bea-a7b4-4b60-bf89-d63128cad841,-13.933928,143.202653,2022-05-15T15:43:25Z,PRESENT,iNaturalist Australia,Acraea terpsicore
1056,98581d3e-7957-45cf-bc84-74c748ded5f5,Acraea terpsicore,https://biodiversity.org.au/afd/taxa/ba632bea-a7b4-4b60-bf89-d63128cad841,-15.80426,128.479632,2023-05-29T14:36:00Z,PRESENT,iNaturalist Australia,Acraea terpsicore
1057,985b4e01-2060-43ac-847d-59e9d5907aa1,Acraea terpsicore,https://biodiversity.org.au/afd/taxa/ba632bea-a7b4-4b60-bf89-d63128cad841,-27.48575,152.951333,2022-02-12T11:38:00Z,PRESENT,iNaturalist Australia,Acraea terpsicore
1058,98791f43-3490-410f-a93c-257c48171e55,Acraea terpsicore,https://biodiversity.org.au/afd/taxa/ba632bea-a7b4-4b60-bf89-d63128cad841,-12.41333,130.92194,2013-01-10T00:00:00Z,PRESENT,Fauna Atlas N.T.,Acraea terpsicore
1059,9891dce4-3bb8-4fd5-8bc7-23a2a944b61e,Acraea terpsicore,https://biodiversity.org.au/afd/taxa/ba632bea-a7b4-4b60-bf89-d63128cad841,-19.987034,148.26354,2025-05-05T12:33:36Z,PRESENT,iNaturalist Australia,Acraea terpsicore
1060,98eabfb3-b2c1-458f-8e6e-709baa543b76,Acraea terpsicore,https://biodiversity.org.au/afd/taxa/ba632bea-a7b4-4b60-bf89-d63128cad841,-20.34185,144.460183,2024-08-22T08:49:00Z,PRESENT,iNaturalist Australia,Acraea terpsicore
1061,99087fdd-7665-4f67-86cb-244e549cb974,Acraea terpsicore,https://biodiversity.org.au/afd/taxa/ba632bea-a7b4-4b60-bf89-d63128cad841,-14.438333,132.268333,2020-05-23T14:31:57Z,PRESENT,iNaturalist Australia,Acraea terpsicore
1062,999880ce-afb4-48de-b068-79d27f213b0c,Acraea terpsicore,https://biodiversity.org.au/afd/taxa/ba632bea-a7b4-4b60-bf89-d63128cad841,-21.3,149.2,2022-01-28T18:47:00Z,PRESENT,Earth Guardians Weekly Feed,Acraea terpsicore
1063,99b1390e-a2a3-412d-a0e2-aaeac9e1f98b,Acraea terpsicore,https://biodiversity.org.au/afd/taxa/ba632bea-a7b4-4b60-bf89-d63128cad841,-14.851163,141.591981,2017-07-13T14:22:00Z,PRESENT,Butterflies Australia,Acraea terpsicore
1064,99cc3f55-c589-403f-9003-8991155d6907,Acraea terpsicore,https://biodiversity.org.au/afd/taxa/ba632bea-a7b4-4b60-bf89-d63128cad841,-18.263181,145.962526,2019-08-31T06:52:00Z,PRESENT,iNaturalist Australia,Acraea terpsicore
1065,99d78da7-49ce-4528-bca9-3b92843ec0e8,Acraea terpsicore,https://biodiversity.org.au/afd/taxa/ba632bea-a7b4-4b60-bf89-d63128cad841,-19.256205,146.793972,2022-04-16T09:52:00Z,PRESENT,iNaturalist Australia,Acraea terpsicore
1066,99f43bad-db92-4901-be31-4032ffe6d3ea,Acraea terpsicore,https://biodiversity.org.au/afd/taxa/ba632bea-a7b4-4b60-bf89-d63128cad841,-23.460556,150.458056,2023-06-24T13:17:00Z,PRESENT,iNaturalist Australia,Acraea terpsicore
1067,9a11f048-e52f-4b40-b287-5c92d663efe0,Acraea terpsicore,https://biodiversity.org.au/afd/taxa/ba632bea-a7b4-4b60-bf89-d63128cad841,-18.5886,143.6032,2025-07-15T06:28:00Z,PRESENT,Butterflies Australia,Acraea terpsicore
1068,9a123330-2d56-443f-a53f-dc3954b20364,Acraea terpsicore,https://biodiversity.org.au/afd/taxa/ba632bea-a7b4-4b60-bf89-d63128cad841,-19.312739,146.772157,2025-08-19T11:37:00Z,PRESENT,iNaturalist Australia,Acraea terpsicore
1069,9a4e98ca-7337-4c18-ab36-0b709990b204,Acraea terpsicore,https://biodiversity.org.au/afd/taxa/ba632bea-a7b4-4b60-bf89-d63128cad841,-21.4058,148.5448,2022-10-26T09:45:00Z,PRESENT,Butterflies Australia,Acraea terpsicore
1070,9a69914f-6975-49e4-8602-b42586ed424f,Acraea terpsicore,https://biodiversity.org.au/afd/taxa/ba632bea-a7b4-4b60-bf89-d63128cad841,-16.71356,137.418347,2025-07-14T10:35:00Z,PRESENT,iNaturalist Australia,Acraea terpsicore
1071,9a9a46fb-414a-4ad4-ba55-bc465d1194d9,Acraea terpsicore,https://biodiversity.org.au/afd/taxa/ba632bea-a7b4-4b60-bf89-d63128cad841,-18.0416,143.8146,2019-04-13T10:30:00Z,PRESENT,Butterflies Australia,Acraea terpsicore
1072,9abb8d83-e9d3-4fdd-9eb6-4f9eabbd260e,Acraea terpsicore,https://biodiversity.org.au/afd/taxa/ba632bea-a7b4-4b60-bf89-d63128cad841,-12.41333,130.92194,2013-01-10T00:00:00Z,PRESENT,Fauna Atlas N.T.,Acraea terpsicore
1073,9aca2423-79ad-47b8-8ea7-b68b01331a9e,Acraea terpsicore,https://biodiversity.org.au/afd/taxa/ba632bea-a7b4-4b60-bf89-d63128cad841,-19.135865,146.842356,2017-07-10T12:20:00Z,PRESENT,iNaturalist Australia,Acraea terpsicore
1074,9ace0cb4-ae76-4c53-a103-a1224193e3b2,Acraea terpsicore,https://biodiversity.org.au/afd/taxa/ba632bea-a7b4-4b60-bf89-d63128cad841,-12.42643,130.937178,2025-06-29T11:41:40Z,PRESENT,iNaturalist Australia,Acraea terpsicore
1075,9ad46a53-76c0-4333-9453-a2e480935259,Acraea terpsicore,https://biodiversity.org.au/afd/taxa/ba632bea-a7b4-4b60-bf89-d63128cad841,-16.833196,145.703909,2019-08-23T07:26:00Z,PRESENT,iNaturalist Australia,Acraea terpsicore
1076,9ae17f84-2530-41a4-9a0e-1bc819291f8b,Acraea terpsicore,https://biodiversity.org.au/afd/taxa/ba632bea-a7b4-4b60-bf89-d63128cad841,-12.41333,130.92195,2013-02-01T00:00:00Z,PRESENT,Northern Territory Museum and Art Gallery provider for OZCAM,Acraea terpsicore
1077,9ba46c43-a01b-4ffc-be40-7bf63658c50f,Acraea terpsicore,https://biodiversity.org.au/afd/taxa/ba632bea-a7b4-4b60-bf89-d63128cad841,-14.733333,134.716667,2018-03-13T00:00:00Z,PRESENT,Fauna Atlas N.T.,Acraea terpsicore
1078,9bd48cc2-9a43-4e60-9bae-dacb0a41c249,Acraea terpsicore,https://biodiversity.org.au/afd/taxa/ba632bea-a7b4-4b60-bf89-d63128cad841,-18.6122,143.837,2021-01-13T02:00:00Z,PRESENT,Butterflies Australia,Acraea terpsicore
1079,9bf9555f-4640-401b-942d-e4a0a1ce1f37,Acraea terpsicore,https://biodiversity.org.au/afd/taxa/ba632bea-a7b4-4b60-bf89-d63128cad841,-19.18944,146.773964,2022-07-01T12:36:00Z,PRESENT,iNaturalist Australia,Acraea terpsicore
1080,9c5d93f1-4449-4dfb-8c36-55fa315b9e9e,Acraea terpsicore,https://biodiversity.org.au/afd/taxa/ba632bea-a7b4-4b60-bf89-d63128cad841,-15.895,128.1337,2014-05-06T00:00:00Z,PRESENT,Fauna Atlas N.T.,Acraea terpsicore
1081,9d11f08b-db6b-406b-8b6f-30ff7fefdd7e,Acraea terpsicore,https://biodiversity.org.au/afd/taxa/ba632bea-a7b4-4b60-bf89-d63128cad841,-19.406123,146.731462,2018-08-20T14:06:00Z,PRESENT,iNaturalist Australia,Acraea terpsicore
1082,9d172a4b-a622-4537-8197-d4a3bf204ffb,Acraea terpsicore,https://biodiversity.org.au/afd/taxa/ba632bea-a7b4-4b60-bf89-d63128cad841,-22.4204,148.697,2022-10-25T12:15:00Z,PRESENT,Butterflies Australia,Acraea terpsicore
1083,9d24b7dd-a204-48de-942e-3efe029ccb8d,Acraea terpsicore,https://biodiversity.org.au/afd/taxa/ba632bea-a7b4-4b60-bf89-d63128cad841,-14.316143,132.42125,2024-09-06T13:37:00Z,PRESENT,iNaturalist Australia,Acraea terpsicore
1084,9d310109-1420-4e0a-b62f-a334fa93ea98,Acraea terpsicore,https://biodiversity.org.au/afd/taxa/ba632bea-a7b4-4b60-bf89-d63128cad841,-14.178466,132.184626,2020-07-26T15:38:00Z,PRESENT,iNaturalist Australia,Acraea terpsicore
1085,9d8cf8d8-cf3c-40d1-b2b0-0bbc39598e5b,Acraea terpsicore,https://biodiversity.org.au/afd/taxa/ba632bea-a7b4-4b60-bf89-d63128cad841,-18.0425,144.8982,2021-04-25T01:45:00Z,PRESENT,Butterflies Australia,Acraea terpsicore
1086,9d900b26-61c4-4561-b4b9-50314f1d007c,Acraea terpsicore,https://biodiversity.org.au/afd/taxa/ba632bea-a7b4-4b60-bf89-d63128cad841,-19.404261,146.815524,2021-08-10T11:35:00Z,PRESENT,iNaturalist Australia,Acraea terpsicore
1087,9dad67c6-fa5d-4d50-b7f9-f361c45156f5,Acraea terpsicore,https://biodiversity.org.au/afd/taxa/ba632bea-a7b4-4b60-bf89-d63128cad841,-17.016998,145.729392,2017-03-30T16:53:00Z,PRESENT,iNaturalist Australia,Acraea terpsicore
1088,9dd4dd01-823e-4676-9eeb-2ff46fcc9bc6,Acraea terpsicore,https://biodiversity.org.au/afd/taxa/ba632bea-a7b4-4b60-bf89-d63128cad841,-25.887934,152.629341,2022-03-17T13:31:00Z,PRESENT,iNaturalist Australia,Acraea terpsicore
1089,9e7fe894-f472-4652-9617-83e8694eaddf,Acraea terpsicore,https://biodiversity.org.au/afd/taxa/ba632bea-a7b4-4b60-bf89-d63128cad841,-17.92329,138.75086,2023-09-11T12:49:00Z,PRESENT,Butterflies Australia,Acraea terpsicore
1090,9eb1bddb-9e2d-40cb-8c73-76d88a22cf79,Acraea terpsicore,https://biodiversity.org.au/afd/taxa/ba632bea-a7b4-4b60-bf89-d63128cad841,-26.61881,153.0658,2024-03-02T09:59:00Z,PRESENT,iNaturalist Australia,Acraea terpsicore
1091,9ec8a6e2-0df8-4bda-b4ca-28caa659b9f0,Acraea terpsicore,https://biodiversity.org.au/afd/taxa/ba632bea-a7b4-4b60-bf89-d63128cad841,-13.43555,132.41565,2013-03-26T00:00:00Z,PRESENT,Fauna Atlas N.T.,Acraea terpsicore
1092,9ee18ad0-2cac-46a1-b0a9-b0ce6df2ff0e,Acraea terpsicore,https://biodiversity.org.au/afd/taxa/ba632bea-a7b4-4b60-bf89-d63128cad841,-12.41333,130.92194,2013-01-25T00:00:00Z,PRESENT,Fauna Atlas N.T.,Acraea terpsicore
1093,9f087728-0610-4d5e-8665-b3b60b8cf62b,Acraea terpsicore,https://biodiversity.org.au/afd/taxa/ba632bea-a7b4-4b60-bf89-d63128cad841,-20.714972,140.477208,2025-06-23T12:03:00Z,PRESENT,iNaturalist Australia,Acraea terpsicore
1094,9f1804a0-3bc5-4e5e-8a85-647c528b937d,Acraea terpsicore,https://biodiversity.org.au/afd/taxa/ba632bea-a7b4-4b60-bf89-d63128cad841,-19.191259,146.771706,2021-03-05T08:33:00Z,PRESENT,iNaturalist Australia,Acraea terpsicore
1095,9f2d3eea-79b7-4f5e-b80f-5c6ba53c4691,Acraea terpsicore,https://biodiversity.org.au/afd/taxa/ba632bea-a7b4-4b60-bf89-d63128cad841,-15.814888,144.858505,2021-05-24T15:55:00Z,PRESENT,Earth Guardians Weekly Feed,Acraea terpsicore
1096,9f32b1bc-7cf8-44b4-88b9-17e1238004e3,Acraea terpsicore,https://biodiversity.org.au/afd/taxa/ba632bea-a7b4-4b60-bf89-d63128cad841,-12.022536,135.571253,2022-02-03T11:17:58Z,PRESENT,iNaturalist Australia,Acraea terpsicore
1097,9f33e554-f8cb-44c9-a867-d1bffbcdef27,Acraea terpsicore,https://biodiversity.org.au/afd/taxa/ba632bea-a7b4-4b60-bf89-d63128cad841,-20.589702,139.493803,2022-10-02T12:36:27Z,PRESENT,iNaturalist Australia,Acraea terpsicore
1098,9f5cfe52-86b0-4063-9fee-744b91f87417,Acraea terpsicore,https://biodiversity.org.au/afd/taxa/ba632bea-a7b4-4b60-bf89-d63128cad841,-20.8408,144.2046,2022-09-24T10:15:00Z,PRESENT,Butterflies Australia,Acraea terpsicore
1099,9f68151e-f8e0-4e0a-aafe-bda705fb7679,Acraea terpsicore,https://biodiversity.org.au/afd/taxa/ba632bea-a7b4-4b60-bf89-d63128cad841,-16.833987,145.699694,2021-09-17T11:05:00Z,PRESENT,iNaturalist Australia,Acraea terpsicore
1100,9f7b0d3f-c0bc-4b08-bfd4-4a3ee24e7d71,Acraea terpsicore,https://biodiversity.org.au/afd/taxa/ba632bea-a7b4-4b60-bf89-d63128cad841,-23.737818999999998,133.855233,2023-02-27T18:12:00Z,PRESENT,iNaturalist Australia,Acraea terpsicore
1101,9f7fccd6-20b4-409e-b92e-bd658d5851db,Acraea terpsicore,https://biodiversity.org.au/afd/taxa/ba632bea-a7b4-4b60-bf89-d63128cad841,-12.433333,130.933333,2013-01-11T00:00:00Z,PRESENT,Fauna Atlas N.T.,Acraea terpsicore
1102,9fca092f-5137-4c63-9bac-ec7c844d1144,Acraea terpsicore,https://biodiversity.org.au/afd/taxa/ba632bea-a7b4-4b60-bf89-d63128cad841,-15.8803,127.2192,2014-06-03T00:00:00Z,PRESENT,Fauna Atlas N.T.,Acraea terpsicore
1103,9ffa52e6-aeef-4ddd-82a4-52328f8d1331,Acraea terpsicore,https://biodiversity.org.au/afd/taxa/ba632bea-a7b4-4b60-bf89-d63128cad841,-26.929556,152.932319,2025-02-09T12:32:04Z,PRESENT,iNaturalist Australia,Acraea terpsicore
1104,a00d2450-c42a-4ac7-8e82-0d78874c602a,Acraea terpsicore,https://biodiversity.org.au/afd/taxa/ba632bea-a7b4-4b60-bf89-d63128cad841,-15.29618,145.10588,2026-02-12T01:18:00Z,PRESENT,Butterflies Australia,Acraea terpsicore
1105,a01a4298-1994-4602-abc7-601589912a74,Acraea terpsicore,https://biodiversity.org.au/afd/taxa/ba632bea-a7b4-4b60-bf89-d63128cad841,-23.398416,150.48917,2025-04-05T14:05:42Z,PRESENT,iNaturalist Australia,Acraea terpsicore
1106,a02cb493-93b0-4f02-854e-ea08849cd37c,Acraea terpsicore,https://biodiversity.org.au/afd/taxa/ba632bea-a7b4-4b60-bf89-d63128cad841,-16.786864,145.690612,2022-04-11T09:42:00Z,PRESENT,iNaturalist Australia,Acraea terpsicore
1107,a06a16a6-49f8-4b76-bb59-39bab8a0eb8e,Acraea terpsicore,https://biodiversity.org.au/afd/taxa/ba632bea-a7b4-4b60-bf89-d63128cad841,-19.28119,146.810345,2017-09-07T15:51:20Z,PRESENT,Encyclopedia of Life Images - Flickr Group,Acraea terpsicore
1108,a06cf8f3-d5c9-4507-b29f-7ecb3afff757,Acraea terpsicore,https://biodiversity.org.au/afd/taxa/ba632bea-a7b4-4b60-bf89-d63128cad841,-12.21125,136.83202,2014-07-13T00:00:00Z,PRESENT,Fauna Atlas N.T.,Acraea terpsicore
1109,a09b333c-b06f-4dba-929e-c260281c0b71,Acraea terpsicore,https://biodiversity.org.au/afd/taxa/ba632bea-a7b4-4b60-bf89-d63128cad841,-18.646488,139.250488,2025-07-04T14:59:00Z,PRESENT,iNaturalist Australia,Acraea terpsicore
1110,a09d7bb1-9eb2-4009-9299-7b57101a3924,Acraea terpsicore,https://biodiversity.org.au/afd/taxa/ba632bea-a7b4-4b60-bf89-d63128cad841,-17.14342,144.529518,2026-02-14T19:25:27Z,PRESENT,iNaturalist Australia,Acraea terpsicore
1111,a0b1aae5-c4a1-4aca-823c-7f8b090413eb,Acraea terpsicore,https://biodiversity.org.au/afd/taxa/ba632bea-a7b4-4b60-bf89-d63128cad841,-19.261825,146.810547,2024-02-25T16:36:08Z,PRESENT,iNaturalist Australia,Acraea terpsicore
1112,a0ba31d7-4bf1-4e3a-9cdd-496be4b4d9dd,Acraea terpsicore,https://biodiversity.org.au/afd/taxa/ba632bea-a7b4-4b60-bf89-d63128cad841,-19.204861,146.744857,2019-04-20T13:55:00Z,PRESENT,iNaturalist Australia,Acraea terpsicore
1113,a0bd689f-d7b0-4e1e-92e7-c9671884ddcf,Acraea terpsicore,https://biodiversity.org.au/afd/taxa/ba632bea-a7b4-4b60-bf89-d63128cad841,-12.411528,132.957519,2025-06-15T15:48:00Z,PRESENT,iNaturalist Australia,Acraea terpsicore
1114,a1120587-8cd8-40fb-8ef3-43ce30fd906a,Acraea terpsicore,https://biodiversity.org.au/afd/taxa/ba632bea-a7b4-4b60-bf89-d63128cad841,-19.258522,146.802262,2023-04-24T13:35:09Z,PRESENT,iNaturalist Australia,Acraea terpsicore
1115,a119660a-6db0-4da0-81e6-743f6ed7b34b,Acraea terpsicore,https://biodiversity.org.au/afd/taxa/ba632bea-a7b4-4b60-bf89-d63128cad841,-13.29,132.335,2013-04-01T00:00:00Z,PRESENT,Fauna Atlas N.T.,Acraea terpsicore
1116,a135c464-1d82-4f56-b248-b0f6f9c19a3b,Acraea terpsicore,https://biodiversity.org.au/afd/taxa/ba632bea-a7b4-4b60-bf89-d63128cad841,-18.688224,138.531548,2025-06-25T15:24:00Z,PRESENT,iNaturalist Australia,Acraea terpsicore
1117,a1361526-47ee-4399-97c1-8509118d6c49,Acraea terpsicore,https://biodiversity.org.au/afd/taxa/ba632bea-a7b4-4b60-bf89-d63128cad841,-19.279092,146.725991,2026-01-03T12:47:00Z,PRESENT,iNaturalist Australia,Acraea terpsicore
1118,a14db71e-ea87-4567-bfe7-7f78d1ab6760,Acraea terpsicore,https://biodiversity.org.au/afd/taxa/ba632bea-a7b4-4b60-bf89-d63128cad841,-17.9407,141.7553,2020-06-13T12:30:00Z,PRESENT,Butterflies Australia,Acraea terpsicore
1119,a14f0ebf-df2d-4d4b-aca8-7763688549fb,Acraea terpsicore,https://biodiversity.org.au/afd/taxa/ba632bea-a7b4-4b60-bf89-d63128cad841,-12.37308,130.88657,2015-01-19T00:00:00Z,PRESENT,Fauna Atlas N.T.,Acraea terpsicore
1120,a176cc15-e3a4-476d-8ac2-b57b675be05e,Acraea terpsicore,https://biodiversity.org.au/afd/taxa/ba632bea-a7b4-4b60-bf89-d63128cad841,-17.365211,145.420383,2025-05-28T10:33:50Z,PRESENT,iNaturalist Australia,Acraea terpsicore
1121,a180dd0b-27ae-446d-b273-cc8886531141,Acraea terpsicore,https://biodiversity.org.au/afd/taxa/ba632bea-a7b4-4b60-bf89-d63128cad841,-20.364578,144.460328,2025-08-13T12:16:10Z,PRESENT,iNaturalist Australia,Acraea terpsicore
1122,a18a815a-2e83-43ee-9798-b99b94acad33,Acraea terpsicore,https://biodiversity.org.au/afd/taxa/ba632bea-a7b4-4b60-bf89-d63128cad841,-17.408804,124.945046,2021-06-25T14:57:00Z,PRESENT,iNaturalist Australia,Acraea terpsicore
1123,a1c5919e-b025-49e5-9101-40a203751fd4,Acraea terpsicore,https://biodiversity.org.au/afd/taxa/ba632bea-a7b4-4b60-bf89-d63128cad841,-17.465432,140.828973,2025-05-24T12:35:50Z,PRESENT,iNaturalist Australia,Acraea terpsicore
1124,a244a910-77a7-4556-b238-25efd795d4a7,Acraea terpsicore,https://biodiversity.org.au/afd/taxa/ba632bea-a7b4-4b60-bf89-d63128cad841,-18.656193,146.148165,2021-09-28T15:08:00Z,PRESENT,iNaturalist Australia,Acraea terpsicore
1125,a27b2176-221e-4622-b683-8ca6009a26b6,Acraea terpsicore,https://biodiversity.org.au/afd/taxa/ba632bea-a7b4-4b60-bf89-d63128cad841,-18.135885,144.339635,2022-09-12T01:15:00Z,PRESENT,Butterflies Australia,Acraea terpsicore
1126,a2891527-80aa-4dd8-8b33-479fd7e1b6e3,Acraea terpsicore,https://biodiversity.org.au/afd/taxa/ba632bea-a7b4-4b60-bf89-d63128cad841,-12.395744,130.871855,2013-03-11T00:00:00Z,PRESENT,Fauna Atlas N.T.,Acraea terpsicore
1127,a28c027f-de14-4f1c-99ed-01e769ae6219,Acraea terpsicore,https://biodiversity.org.au/afd/taxa/ba632bea-a7b4-4b60-bf89-d63128cad841,-17.38664,145.37717,2022-03-10T08:12:00Z,PRESENT,iNaturalist Australia,Acraea terpsicore
1128,a2ab62d5-b2a1-4e12-9ea8-23b5f09f81af,Acraea terpsicore,https://biodiversity.org.au/afd/taxa/ba632bea-a7b4-4b60-bf89-d63128cad841,-19.28934,146.723325,2023-05-31T13:12:24Z,PRESENT,iNaturalist Australia,Acraea terpsicore
1129,a2ba0d53-dabf-429f-a226-76d483d9a8d2,Acraea terpsicore,https://biodiversity.org.au/afd/taxa/ba632bea-a7b4-4b60-bf89-d63128cad841,-12.433333,130.9,2013-02-06T00:00:00Z,PRESENT,Fauna Atlas N.T.,Acraea terpsicore
1130,a2d9d80e-ee7d-4f3c-a130-490db9cc6789,Acraea terpsicore,https://biodiversity.org.au/afd/taxa/ba632bea-a7b4-4b60-bf89-d63128cad841,-17.229,145.373,2021-08-18T02:00:00Z,PRESENT,Butterflies Australia,Acraea terpsicore
1131,a3067bdd-42a6-440a-bf6d-ddf19e26ec32,Acraea terpsicore,https://biodiversity.org.au/afd/taxa/ba632bea-a7b4-4b60-bf89-d63128cad841,-15.2,125.53333,2015-07-22T00:00:00Z,PRESENT,Fauna Atlas N.T.,Acraea terpsicore
1132,a30f8c8a-33fc-42fd-a161-8005fa5516aa,Acraea terpsicore,https://biodiversity.org.au/afd/taxa/ba632bea-a7b4-4b60-bf89-d63128cad841,-17.214841,145.642617,2023-04-16T00:00:00Z,PRESENT,iNaturalist Australia,Acraea terpsicore
1133,a345ad10-087f-4338-a36e-a9d4f04d57a3,Acraea terpsicore,https://biodiversity.org.au/afd/taxa/ba632bea-a7b4-4b60-bf89-d63128cad841,-20.494273,147.967184,2023-04-04T12:34:00Z,PRESENT,iNaturalist Australia,Acraea terpsicore
1134,a36bb5d0-7e25-4822-978c-8aabe5133d89,Acraea terpsicore,https://biodiversity.org.au/afd/taxa/ba632bea-a7b4-4b60-bf89-d63128cad841,-21.983692,146.37387,2022-03-23T08:51:56Z,PRESENT,iNaturalist Australia,Acraea terpsicore
1135,a3871f9f-71c9-4ed1-b676-2c9b1a0e903e,Acraea terpsicore,https://biodiversity.org.au/afd/taxa/ba632bea-a7b4-4b60-bf89-d63128cad841,-12.453936,130.950125,2024-05-18T13:54:00Z,PRESENT,iNaturalist Australia,Acraea terpsicore
1136,a3a07d88-b06f-4886-8d11-938c8429b938,Acraea terpsicore,https://biodiversity.org.au/afd/taxa/ba632bea-a7b4-4b60-bf89-d63128cad841,-12.41333,130.92194,2013-01-25T00:00:00Z,PRESENT,Fauna Atlas N.T.,Acraea terpsicore
1137,a3b7faa5-1e0f-402e-9db9-111c1094d62d,Acraea terpsicore,https://biodiversity.org.au/afd/taxa/ba632bea-a7b4-4b60-bf89-d63128cad841,-12.40277,130.92386,2013-01-03T00:00:00Z,PRESENT,Fauna Atlas N.T.,Acraea terpsicore
1138,a3d30656-174e-458f-b5b8-903a1b3b606e,Acraea terpsicore,https://biodiversity.org.au/afd/taxa/ba632bea-a7b4-4b60-bf89-d63128cad841,-17.26412,145.448831,2022-04-10T14:42:15Z,PRESENT,iNaturalist Australia,Acraea terpsicore
1139,a423419b-04e8-45a5-9cbc-99a6370c310d,Acraea terpsicore,https://biodiversity.org.au/afd/taxa/ba632bea-a7b4-4b60-bf89-d63128cad841,-12.433333,130.95,2013-02-13T00:00:00Z,PRESENT,Fauna Atlas N.T.,Acraea terpsicore
1140,a45972ee-ac22-4f6a-84f9-05dfe7649476,Acraea terpsicore,https://biodiversity.org.au/afd/taxa/ba632bea-a7b4-4b60-bf89-d63128cad841,-12.395571,130.933739,2025-07-08T14:09:00Z,PRESENT,iNaturalist Australia,Acraea terpsicore
1141,a45abfc5-896a-4613-998e-6fa1aab05248,Acraea terpsicore,https://biodiversity.org.au/afd/taxa/ba632bea-a7b4-4b60-bf89-d63128cad841,-14.182627,132.187716,2017-05-31T16:21:00Z,PRESENT,iNaturalist Australia,Acraea terpsicore
1142,a48bfce0-7d93-4581-a8ac-152200d48917,Acraea terpsicore,https://biodiversity.org.au/afd/taxa/ba632bea-a7b4-4b60-bf89-d63128cad841,-21.025654,148.425124,2023-04-05T17:08:03Z,PRESENT,iNaturalist Australia,Acraea terpsicore
1143,a52597d1-8d37-425b-8937-d08389b524ff,Acraea terpsicore,https://biodiversity.org.au/afd/taxa/ba632bea-a7b4-4b60-bf89-d63128cad841,-12.41333,130.92194,2013-01-25T00:00:00Z,PRESENT,Fauna Atlas N.T.,Acraea terpsicore
1144,a5612d75-91ff-4eea-8516-44c2bb8088a3,Acraea terpsicore,https://biodiversity.org.au/afd/taxa/ba632bea-a7b4-4b60-bf89-d63128cad841,-10.579269,142.218212,2018-08-22T00:00:00Z,PRESENT,iNaturalist Australia,Acraea terpsicore
1145,a592aa4c-2c90-42a7-9b15-9bca4afdc90e,Acraea terpsicore,https://biodiversity.org.au/afd/taxa/ba632bea-a7b4-4b60-bf89-d63128cad841,-19.24039,146.782572,2023-05-10T08:23:00Z,PRESENT,iNaturalist Australia,Acraea terpsicore
1146,a59c4e08-0881-4f2e-8ff9-e201cc896102,Acraea terpsicore,https://biodiversity.org.au/afd/taxa/ba632bea-a7b4-4b60-bf89-d63128cad841,-20.066911,148.450878,2024-07-24T09:25:42Z,PRESENT,iNaturalist Australia,Acraea terpsicore
1147,a5a81b64-2ba6-4d29-8fe0-307137bd138f,Acraea terpsicore,https://biodiversity.org.au/afd/taxa/ba632bea-a7b4-4b60-bf89-d63128cad841,-16.535437,145.13049,2019-07-25T14:34:00Z,PRESENT,iNaturalist Australia,Acraea terpsicore
1148,a5b529b9-472a-494b-ab04-d77109ecf34d,Acraea terpsicore,https://biodiversity.org.au/afd/taxa/ba632bea-a7b4-4b60-bf89-d63128cad841,-21.63841,149.351126,2025-05-31T15:59:45Z,PRESENT,iNaturalist Australia,Acraea terpsicore
1149,a5c47c35-6669-4c58-813a-b834a04f5993,Acraea terpsicore,https://biodiversity.org.au/afd/taxa/ba632bea-a7b4-4b60-bf89-d63128cad841,-17.485552,140.840042,2025-06-22T08:54:00Z,PRESENT,iNaturalist Australia,Acraea terpsicore
1150,a5c5a864-6115-43d5-bec0-7050baf757c1,Acraea terpsicore,https://biodiversity.org.au/afd/taxa/ba632bea-a7b4-4b60-bf89-d63128cad841,-22.60323,145.674147,2025-07-09T13:20:10Z,PRESENT,iNaturalist Australia,Acraea terpsicore
1151,a5d75463-bf62-45ca-8040-189541f91d2e,Acraea terpsicore,https://biodiversity.org.au/afd/taxa/ba632bea-a7b4-4b60-bf89-d63128cad841,-27.485661,152.951986,2026-01-07T13:38:00Z,PRESENT,iNaturalist Australia,Acraea terpsicore
1152,a638be38-0769-4a46-a07f-07db3007d6cd,Acraea terpsicore,https://biodiversity.org.au/afd/taxa/ba632bea-a7b4-4b60-bf89-d63128cad841,-21.3,149.2,2021-01-01T00:00:00Z,PRESENT,Earth Guardians Weekly Feed,Acraea terpsicore
1153,a6598ce7-d3d0-49dc-bdaf-121f4b108358,Acraea terpsicore,https://biodiversity.org.au/afd/taxa/ba632bea-a7b4-4b60-bf89-d63128cad841,-15.687301,145.022725,2022-06-27T09:45:00Z,PRESENT,Butterflies Australia,Acraea terpsicore
1154,a6b7b7b4-69c4-45c2-982b-ebca56d71811,Acraea terpsicore,https://biodiversity.org.au/afd/taxa/ba632bea-a7b4-4b60-bf89-d63128cad841,-18.1289,145.1759,2021-08-20T12:45:00Z,PRESENT,Butterflies Australia,Acraea terpsicore
1155,a6b86a5d-76e3-496f-8910-2768eefed807,Acraea terpsicore,https://biodiversity.org.au/afd/taxa/ba632bea-a7b4-4b60-bf89-d63128cad841,-16.785291,145.690609,2023-04-15T09:38:00Z,PRESENT,iNaturalist Australia,Acraea terpsicore
1156,a70500d6-a2f7-48c0-bb41-fce8fd717184,Acraea terpsicore,https://biodiversity.org.au/afd/taxa/ba632bea-a7b4-4b60-bf89-d63128cad841,-12.41333,130.92194,2013-01-25T00:00:00Z,PRESENT,Fauna Atlas N.T.,Acraea terpsicore
1157,a70a96c3-67ab-437e-bf6a-73b3e3c8236d,Acraea terpsicore,https://biodiversity.org.au/afd/taxa/ba632bea-a7b4-4b60-bf89-d63128cad841,-20.014005,148.266109,2023-06-08T12:02:00Z,PRESENT,iNaturalist Australia,Acraea terpsicore
1158,a72cf0db-ccf2-41c8-b1c1-390b42eab7c2,Acraea terpsicore,https://biodiversity.org.au/afd/taxa/ba632bea-a7b4-4b60-bf89-d63128cad841,-15.6353,128.6703,2014-05-03T00:00:00Z,PRESENT,Fauna Atlas N.T.,Acraea terpsicore
1159,a73494e9-151b-4368-b614-9f5ae3416b6f,Acraea terpsicore,https://biodiversity.org.au/afd/taxa/ba632bea-a7b4-4b60-bf89-d63128cad841,-23.658439,148.077906,2025-04-04T16:11:07Z,PRESENT,iNaturalist Australia,Acraea terpsicore
1160,a75b82b3-5fdd-4d62-827b-c3b77d374525,Acraea terpsicore,https://biodiversity.org.au/afd/taxa/ba632bea-a7b4-4b60-bf89-d63128cad841,-19.319307,146.701849,2018-08-20T15:18:00Z,PRESENT,iNaturalist Australia,Acraea terpsicore
1161,a763edcf-3656-4dad-9dda-9c31fa6445dc,Acraea terpsicore,https://biodiversity.org.au/afd/taxa/ba632bea-a7b4-4b60-bf89-d63128cad841,-30.3031,153.13734,2020-11-01T11:07:00Z,PRESENT,Butterflies Australia,Acraea terpsicore
1162,a76799c1-d1bd-4456-ae47-1f38285508d4,Acraea terpsicore,https://biodiversity.org.au/afd/taxa/ba632bea-a7b4-4b60-bf89-d63128cad841,-18.1112,144.255,2021-03-22T08:15:00Z,PRESENT,Butterflies Australia,Acraea terpsicore
1163,a76dbf93-6a21-4bb6-9c47-aa5e5c174d0e,Acraea terpsicore,https://biodiversity.org.au/afd/taxa/ba632bea-a7b4-4b60-bf89-d63128cad841,-19.816116,139.145628,2025-05-10T11:36:38Z,PRESENT,iNaturalist Australia,Acraea terpsicore
1164,a7961e10-7e4b-4c3c-ba86-3edb0efe6aa9,Acraea terpsicore,https://biodiversity.org.au/afd/taxa/ba632bea-a7b4-4b60-bf89-d63128cad841,-18.2224,144.667601,2023-03-06T16:31:00Z,PRESENT,iNaturalist Australia,Acraea terpsicore
1165,a7adb65d-3fbf-4402-932b-1909cc7ce522,Acraea terpsicore,https://biodiversity.org.au/afd/taxa/ba632bea-a7b4-4b60-bf89-d63128cad841,-12.566667,131.25,2013-02-12T00:00:00Z,PRESENT,Fauna Atlas N.T.,Acraea terpsicore
1166,a7bc8b55-f235-4ec1-9b06-1d26f9b4dc63,Acraea terpsicore,https://biodiversity.org.au/afd/taxa/ba632bea-a7b4-4b60-bf89-d63128cad841,-16.478311,145.462444,2021-12-22T10:12:46Z,PRESENT,iNaturalist Australia,Acraea terpsicore
1167,a7e50096-6474-4d95-a332-35fff30a31d1,Acraea terpsicore,https://biodiversity.org.au/afd/taxa/ba632bea-a7b4-4b60-bf89-d63128cad841,-12.580967,131.129625,2022-11-20T17:54:28Z,PRESENT,iNaturalist Australia,Acraea terpsicore
1168,a800a6e5-c47e-4553-9ca3-f34ef3129c5e,Acraea terpsicore,https://biodiversity.org.au/afd/taxa/ba632bea-a7b4-4b60-bf89-d63128cad841,-24.839347,152.204907,2025-05-08T11:21:41Z,PRESENT,iNaturalist Australia,Acraea terpsicore
1169,a80646f7-c5ce-4d66-9087-639d1ffd57b6,Acraea terpsicore,https://biodiversity.org.au/afd/taxa/ba632bea-a7b4-4b60-bf89-d63128cad841,-14.646944,132.040556,2013-06-02T00:00:00Z,PRESENT,Fauna Atlas N.T.,Acraea terpsicore
1170,a82fcca9-0053-4b50-875f-91775a7bfb3c,Acraea terpsicore,https://biodiversity.org.au/afd/taxa/ba632bea-a7b4-4b60-bf89-d63128cad841,-30.645985,153.016257,2022-10-31T01:07:00Z,PRESENT,NatureMapr,Acraea terpsicore
1171,a84884e9-5062-4028-bf15-ea40534b0988,Acraea terpsicore,https://biodiversity.org.au/afd/taxa/ba632bea-a7b4-4b60-bf89-d63128cad841,-12.41333,130.92194,2013-01-25T00:00:00Z,PRESENT,Fauna Atlas N.T.,Acraea terpsicore
1172,a89a1c6e-22ff-485b-8b99-41c75364d456,Acraea terpsicore,https://biodiversity.org.au/afd/taxa/ba632bea-a7b4-4b60-bf89-d63128cad841,-16.72584,144.27717,2025-07-21T03:51:00Z,PRESENT,Butterflies Australia,Acraea terpsicore
1173,a8a138df-144c-474a-a756-751514d36c47,Acraea terpsicore,https://biodiversity.org.au/afd/taxa/ba632bea-a7b4-4b60-bf89-d63128cad841,-27.915588,153.358428,2024-04-18T13:56:06Z,PRESENT,iNaturalist Australia,Acraea terpsicore
1174,a8b49e3d-597b-4163-8145-3a40d71cb206,Acraea terpsicore,https://biodiversity.org.au/afd/taxa/ba632bea-a7b4-4b60-bf89-d63128cad841,-28.493204,153.5506,2022-02-10T06:56:00Z,PRESENT,iNaturalist Australia,Acraea terpsicore
1175,a8bcec5d-215e-4d6a-a9e0-83cf2aac0036,Acraea terpsicore,https://biodiversity.org.au/afd/taxa/ba632bea-a7b4-4b60-bf89-d63128cad841,-12.41333,130.92194,2013-01-25T00:00:00Z,PRESENT,Fauna Atlas N.T.,Acraea terpsicore
1176,a8c68437-2be2-4ecd-b3e0-b64b351a7ade,Acraea terpsicore,https://biodiversity.org.au/afd/taxa/ba632bea-a7b4-4b60-bf89-d63128cad841,-20.049733,148.239947,2023-06-06T11:13:00Z,PRESENT,iNaturalist Australia,Acraea terpsicore
1177,a905d146-900d-46fe-b938-bd150fc16911,Acraea terpsicore,https://biodiversity.org.au/afd/taxa/ba632bea-a7b4-4b60-bf89-d63128cad841,-19.258451,146.802212,2025-06-12T15:16:41Z,PRESENT,iNaturalist Australia,Acraea terpsicore
1178,a90e6d19-0cc9-4b8a-b18f-88ce72ce6c1f,Acraea terpsicore,https://biodiversity.org.au/afd/taxa/ba632bea-a7b4-4b60-bf89-d63128cad841,-19.248515,146.813781,2021-12-31T08:29:20Z,PRESENT,iNaturalist Australia,Acraea terpsicore
1179,a90f42ed-c3ee-40c5-8041-a80dc50ae9a1,Acraea terpsicore,https://biodiversity.org.au/afd/taxa/ba632bea-a7b4-4b60-bf89-d63128cad841,-27.481705,152.938019,2023-01-27T11:01:02Z,PRESENT,iNaturalist Australia,Acraea terpsicore
1180,a918dca0-272a-465c-a949-a62faa04ab80,Acraea terpsicore,https://biodiversity.org.au/afd/taxa/ba632bea-a7b4-4b60-bf89-d63128cad841,-27.48445,152.95545,2022-01-11T12:06:00Z,PRESENT,Butterflies Australia,Acraea terpsicore
1181,a91bd356-6930-43b5-a661-882a8d826ff0,Acraea terpsicore,https://biodiversity.org.au/afd/taxa/ba632bea-a7b4-4b60-bf89-d63128cad841,-14.923005,133.06672,2015-05-05T15:59:00Z,PRESENT,iNaturalist Australia,Acraea terpsicore
1182,a9439b5a-eb41-4e1c-a51a-131e35a089e9,Acraea terpsicore,https://biodiversity.org.au/afd/taxa/ba632bea-a7b4-4b60-bf89-d63128cad841,-15.405,128.882,2013-04-28T00:00:00Z,PRESENT,Fauna Atlas N.T.,Acraea terpsicore
1183,a9a94f2e-3a1c-4664-9355-3e5f828cb8ca,Acraea terpsicore,https://biodiversity.org.au/afd/taxa/ba632bea-a7b4-4b60-bf89-d63128cad841,-18.201104,144.571917,2025-08-21T12:59:00Z,PRESENT,iNaturalist Australia,Acraea terpsicore
1184,a9b71c24-6476-4ffb-ae2c-9232a3bade8c,Acraea terpsicore,https://biodiversity.org.au/afd/taxa/ba632bea-a7b4-4b60-bf89-d63128cad841,-17.485143,140.840213,2025-08-03T09:42:00Z,PRESENT,iNaturalist Australia,Acraea terpsicore
1185,a9bf55ab-b2d4-4952-8c5e-fef123ade650,Acraea terpsicore,https://biodiversity.org.au/afd/taxa/ba632bea-a7b4-4b60-bf89-d63128cad841,-18.650028,139.254067,2025-07-04T11:04:00Z,PRESENT,iNaturalist Australia,Acraea terpsicore
1186,a9e64c51-b27e-4bec-ba83-7606c6c8d088,Acraea terpsicore,https://biodiversity.org.au/afd/taxa/ba632bea-a7b4-4b60-bf89-d63128cad841,-17.080612,145.448351,2018-08-29T13:36:00Z,PRESENT,iNaturalist Australia,Acraea terpsicore
1187,aa0da386-63fe-4f20-8cd3-e52c2fcbcd15,Acraea terpsicore,https://biodiversity.org.au/afd/taxa/ba632bea-a7b4-4b60-bf89-d63128cad841,-19.601979,146.840663,2025-05-25T12:29:00Z,PRESENT,iNaturalist Australia,Acraea terpsicore
1188,aa728551-e5fd-4336-8291-089353eaa826,Acraea terpsicore,https://biodiversity.org.au/afd/taxa/ba632bea-a7b4-4b60-bf89-d63128cad841,-17.505563,140.82187,2023-07-31T11:34:30Z,PRESENT,iNaturalist Australia,Acraea terpsicore
1189,aa85eea1-5235-482f-92d5-6d85c34c33fa,Acraea terpsicore,https://biodiversity.org.au/afd/taxa/ba632bea-a7b4-4b60-bf89-d63128cad841,-19.312944,146.724154,2025-09-12T12:12:00Z,PRESENT,iNaturalist Australia,Acraea terpsicore
1190,aabe5994-e799-47b6-98ef-28bfa4e867f9,Acraea terpsicore,https://biodiversity.org.au/afd/taxa/ba632bea-a7b4-4b60-bf89-d63128cad841,-20.611291,139.593505,2025-09-12T11:22:00Z,PRESENT,iNaturalist Australia,Acraea terpsicore
1191,aad33e3b-7dc5-4160-bac2-5affdc2a8fa4,Acraea terpsicore,https://biodiversity.org.au/afd/taxa/ba632bea-a7b4-4b60-bf89-d63128cad841,-12.467,131.068,2013-02-17T00:00:00Z,PRESENT,Fauna Atlas N.T.,Acraea terpsicore
1192,aae2d761-38a9-4668-8db2-6ab44790f0dd,Acraea terpsicore,https://biodiversity.org.au/afd/taxa/ba632bea-a7b4-4b60-bf89-d63128cad841,-16.1076,144.776466,2022-06-27T12:15:00Z,PRESENT,Butterflies Australia,Acraea terpsicore
1193,aaea4b03-2ca9-4cca-9aa1-148d6c5d0281,Acraea terpsicore,https://biodiversity.org.au/afd/taxa/ba632bea-a7b4-4b60-bf89-d63128cad841,-19.220277,146.751505,2019-05-09T09:35:00Z,PRESENT,iNaturalist Australia,Acraea terpsicore
1194,ab549c96-f36f-465a-8dc1-e9082affd458,Acraea terpsicore,https://biodiversity.org.au/afd/taxa/ba632bea-a7b4-4b60-bf89-d63128cad841,-26.621175,153.065247,2024-03-02T08:52:00Z,PRESENT,iNaturalist Australia,Acraea terpsicore
1195,ab62f049-f853-426d-b4c8-a9023cee6400,Acraea terpsicore,https://biodiversity.org.au/afd/taxa/ba632bea-a7b4-4b60-bf89-d63128cad841,-12.433333,130.833333,2013-11-29T00:00:00Z,PRESENT,Fauna Atlas N.T.,Acraea terpsicore
1196,abc00c69-7f04-42db-8a98-cece52cb3505,Acraea terpsicore,https://biodiversity.org.au/afd/taxa/ba632bea-a7b4-4b60-bf89-d63128cad841,-16.742664,137.487504,2025-07-20T11:37:00Z,PRESENT,iNaturalist Australia,Acraea terpsicore
1197,ac17f1c6-61a8-4716-9aab-67223691ac27,Acraea terpsicore,https://biodiversity.org.au/afd/taxa/ba632bea-a7b4-4b60-bf89-d63128cad841,-16.832501,145.708085,2019-08-23T08:26:00Z,PRESENT,iNaturalist Australia,Acraea terpsicore
1198,ac61d9bc-fc7d-4be3-b5d5-1d90088d4c4c,Acraea terpsicore,https://biodiversity.org.au/afd/taxa/ba632bea-a7b4-4b60-bf89-d63128cad841,-21.161211,148.884187,2024-03-08T11:47:37Z,PRESENT,iNaturalist Australia,Acraea terpsicore
1199,ac63d65e-e5b8-41d1-a9e8-e27e1ceaa5cb,Acraea terpsicore,https://biodiversity.org.au/afd/taxa/ba632bea-a7b4-4b60-bf89-d63128cad841,-14.4,132.4,2021-01-02T17:24:00Z,PRESENT,Earth Guardians Weekly Feed,Acraea terpsicore
1200,ac8fe0c3-2249-423b-a269-d041b6f3ee12,Acraea terpsicore,https://biodiversity.org.au/afd/taxa/ba632bea-a7b4-4b60-bf89-d63128cad841,-12.90021,131.16206,2013-02-23T00:00:00Z,PRESENT,Fauna Atlas N.T.,Acraea terpsicore
1201,ac93d9fa-4f31-4605-8792-87db95b65a9f,Acraea terpsicore,https://biodiversity.org.au/afd/taxa/ba632bea-a7b4-4b60-bf89-d63128cad841,-27.902728,153.299028,2025-02-13T12:49:38Z,PRESENT,iNaturalist Australia,Acraea terpsicore
1202,aca2b87d-bde3-4003-86da-1bd7d4586051,Acraea terpsicore,https://biodiversity.org.au/afd/taxa/ba632bea-a7b4-4b60-bf89-d63128cad841,-18.182647,142.265142,2025-05-16T11:43:00Z,PRESENT,iNaturalist Australia,Acraea terpsicore
1203,ace9972e-142e-4c4c-a59d-5c0972a559a7,Acraea terpsicore,https://biodiversity.org.au/afd/taxa/ba632bea-a7b4-4b60-bf89-d63128cad841,-12.43777,130.83377,2015-08-18T00:00:00Z,PRESENT,Fauna Atlas N.T.,Acraea terpsicore
1204,ad3c440a-8e90-485e-be2a-2d17b1e840ee,Acraea terpsicore,https://biodiversity.org.au/afd/taxa/ba632bea-a7b4-4b60-bf89-d63128cad841,-23.683,141.104,2019-09-26T14:00:00Z,PRESENT,ALA species sightings and OzAtlas,Acraea terpsicore
1205,ad45aa8e-e117-4b23-a7bf-5aabf81331ae,Acraea terpsicore,https://biodiversity.org.au/afd/taxa/ba632bea-a7b4-4b60-bf89-d63128cad841,-19.192381,146.769276,2022-01-01T04:07:00Z,PRESENT,iNaturalist Australia,Acraea terpsicore
1206,ad6b90e6-a0a6-40b7-ad82-3de0ddf89997,Acraea terpsicore,https://biodiversity.org.au/afd/taxa/ba632bea-a7b4-4b60-bf89-d63128cad841,-13.28032,132.33576,2013-04-01T09:36:00Z,PRESENT,iNaturalist Australia,Acraea terpsicore
1207,ad7fba32-6003-4ebe-9978-2b5ba9bd2d4b,Acraea terpsicore,https://biodiversity.org.au/afd/taxa/ba632bea-a7b4-4b60-bf89-d63128cad841,-12.41333,130.92194,2013-01-25T00:00:00Z,PRESENT,Fauna Atlas N.T.,Acraea terpsicore
1208,ad809b47-8eb9-416d-a154-867f47992508,Acraea terpsicore,https://biodiversity.org.au/afd/taxa/ba632bea-a7b4-4b60-bf89-d63128cad841,-12.376485,130.852151,2025-06-29T11:43:00Z,PRESENT,iNaturalist Australia,Acraea terpsicore
1209,ada062d7-d50a-4c95-bb47-dca4e086740e,Acraea terpsicore,https://biodiversity.org.au/afd/taxa/ba632bea-a7b4-4b60-bf89-d63128cad841,-28.493208,153.5507,2022-02-16T13:07:00Z,PRESENT,iNaturalist Australia,Acraea terpsicore
1210,adb72256-7db7-4a94-b202-c1ae19f4ddd4,Acraea terpsicore,https://biodiversity.org.au/afd/taxa/ba632bea-a7b4-4b60-bf89-d63128cad841,-22.480569,143.171093,2025-09-30T13:21:34Z,PRESENT,iNaturalist Australia,Acraea terpsicore
1211,add80809-0d74-4a13-9943-04417c5a68e0,Acraea terpsicore,https://biodiversity.org.au/afd/taxa/ba632bea-a7b4-4b60-bf89-d63128cad841,-12.41333,130.92194,2013-12-17T00:00:00Z,PRESENT,Fauna Atlas N.T.,Acraea terpsicore
1212,ae0df961-c598-4500-ab28-a605d01248d5,Acraea terpsicore,https://biodiversity.org.au/afd/taxa/ba632bea-a7b4-4b60-bf89-d63128cad841,-16.12389,129.04917,2013-08-03T00:00:00Z,PRESENT,Fauna Atlas N.T.,Acraea terpsicore
1213,ae2c47ad-8437-4458-8063-8b76fc2c7fbe,Acraea terpsicore,https://biodiversity.org.au/afd/taxa/ba632bea-a7b4-4b60-bf89-d63128cad841,-14.437082,132.264404,2019-05-14T08:59:35Z,PRESENT,iNaturalist Australia,Acraea terpsicore
1214,ae5b3a7b-d4fa-4a1d-b096-ed1bd72fe3fe,Acraea terpsicore,https://biodiversity.org.au/afd/taxa/ba632bea-a7b4-4b60-bf89-d63128cad841,-17.491226,140.834107,2017-08-09T00:00:00Z,PRESENT,BowerBird,Acraea terpsicore
1215,aec6170e-d21e-49cb-b85a-1c54199c3b41,Acraea terpsicore,https://biodiversity.org.au/afd/taxa/ba632bea-a7b4-4b60-bf89-d63128cad841,-14.5525,133.11417,2014-06-23T00:00:00Z,PRESENT,Fauna Atlas N.T.,Acraea terpsicore
1216,aeee0d78-a8da-47ee-b36b-72cf09e71972,Acraea terpsicore,https://biodiversity.org.au/afd/taxa/ba632bea-a7b4-4b60-bf89-d63128cad841,-12.565753,131.305724,2025-06-27T10:49:00Z,PRESENT,iNaturalist Australia,Acraea terpsicore
1217,af86d0f2-346d-4516-9ec9-9547ad0d7a1d,Acraea terpsicore,https://biodiversity.org.au/afd/taxa/ba632bea-a7b4-4b60-bf89-d63128cad841,-26.593439,153.139979,2023-04-29T17:10:32Z,PRESENT,iNaturalist Australia,Acraea terpsicore
1218,af89d644-f043-4f65-9679-a9ac32daacb3,Acraea terpsicore,https://biodiversity.org.au/afd/taxa/ba632bea-a7b4-4b60-bf89-d63128cad841,-20.7294,145.1825,2021-06-21T12:15:00Z,PRESENT,Butterflies Australia,Acraea terpsicore
1219,af911219-3b0c-46af-a606-cb3c3ace3ea8,Acraea terpsicore,https://biodiversity.org.au/afd/taxa/ba632bea-a7b4-4b60-bf89-d63128cad841,-16.727888,125.46473,2025-01-29T18:57:05Z,PRESENT,iNaturalist Australia,Acraea terpsicore
1220,af97d1bb-7315-46ed-81fa-2376341467a0,Acraea terpsicore,https://biodiversity.org.au/afd/taxa/ba632bea-a7b4-4b60-bf89-d63128cad841,-12.37308,130.88657,2013-02-24T00:00:00Z,PRESENT,Fauna Atlas N.T.,Acraea terpsicore
1221,afcdc628-0da4-46cb-bb5e-f21542421293,Acraea terpsicore,https://biodiversity.org.au/afd/taxa/ba632bea-a7b4-4b60-bf89-d63128cad841,-14.45277,126.66373,2015-05-19T00:00:00Z,PRESENT,Fauna Atlas N.T.,Acraea terpsicore
1222,afd9cba4-2c0c-42e6-a7ba-2849a607d2ef,Acraea terpsicore,https://biodiversity.org.au/afd/taxa/ba632bea-a7b4-4b60-bf89-d63128cad841,-18.707419,146.294596,2019-04-26T08:20:00Z,PRESENT,iNaturalist Australia,Acraea terpsicore
1223,aff1401c-baf5-497f-bf1d-8eca4391add1,Acraea terpsicore,https://biodiversity.org.au/afd/taxa/ba632bea-a7b4-4b60-bf89-d63128cad841,-21.108,149.175,2019-11-09T11:44:00Z,PRESENT,Butterflies Australia,Acraea terpsicore
1224,b0290679-4945-458e-bfee-c7df63a52a29,Acraea terpsicore,https://biodiversity.org.au/afd/taxa/ba632bea-a7b4-4b60-bf89-d63128cad841,-15.57467,133.21518,2015-09-17T00:00:00Z,PRESENT,Northern Territory Museum and Art Gallery provider for OZCAM,Acraea terpsicore
1225,b05202be-08a3-4319-b185-674d55435d48,Acraea terpsicore,https://biodiversity.org.au/afd/taxa/ba632bea-a7b4-4b60-bf89-d63128cad841,-27.4847,152.95529,2023-02-12T10:13:00Z,PRESENT,Butterflies Australia,Acraea terpsicore
1226,b05309a7-1c15-44f4-8a48-02d39f8086e2,Acraea terpsicore,https://biodiversity.org.au/afd/taxa/ba632bea-a7b4-4b60-bf89-d63128cad841,-14.178925,132.189158,2024-05-16T16:36:00Z,PRESENT,iNaturalist Australia,Acraea terpsicore
1227,b0721331-57f3-4615-8450-bcdb25007b00,Acraea terpsicore,https://biodiversity.org.au/afd/taxa/ba632bea-a7b4-4b60-bf89-d63128cad841,-16.576814,145.191278,2019-07-06T17:32:00Z,PRESENT,iNaturalist Australia,Acraea terpsicore
1228,b08e4a19-7ef6-40a1-bef5-ffa96346fd25,Acraea terpsicore,https://biodiversity.org.au/afd/taxa/ba632bea-a7b4-4b60-bf89-d63128cad841,-12.410993,130.831478,2025-05-24T13:42:00Z,PRESENT,iNaturalist Australia,Acraea terpsicore
1229,b09aecaf-4ace-4912-8c09-9fdef6f5b0c2,Acraea terpsicore,https://biodiversity.org.au/afd/taxa/ba632bea-a7b4-4b60-bf89-d63128cad841,-13.233333,131.1,2013-02-13T00:00:00Z,PRESENT,Fauna Atlas N.T.,Acraea terpsicore
1230,b0a43305-66bc-428f-9826-3e51aeed5ca7,Acraea terpsicore,https://biodiversity.org.au/afd/taxa/ba632bea-a7b4-4b60-bf89-d63128cad841,-20.092125,148.510947,2017-07-22T12:57:00Z,PRESENT,iNaturalist Australia,Acraea terpsicore
1231,b0aef9bf-5f78-4324-85c5-9a0e1392dd14,Acraea terpsicore,https://biodiversity.org.au/afd/taxa/ba632bea-a7b4-4b60-bf89-d63128cad841,-19.23924,146.805329,2024-05-23T12:31:00Z,PRESENT,iNaturalist Australia,Acraea terpsicore
1232,b0cf9f7f-dd6a-4602-a91b-86e541b6ac6d,Acraea terpsicore,https://biodiversity.org.au/afd/taxa/ba632bea-a7b4-4b60-bf89-d63128cad841,-21.161211,148.884187,2024-03-08T11:47:37Z,PRESENT,iNaturalist Australia,Acraea terpsicore
1233,b0eac935-9a1a-49ea-959a-6bfe3a68e31e,Acraea terpsicore,https://biodiversity.org.au/afd/taxa/ba632bea-a7b4-4b60-bf89-d63128cad841,-12.432945,130.944804,2022-04-10T13:21:00Z,PRESENT,iNaturalist Australia,Acraea terpsicore
1234,b1148b50-c7ad-4850-a973-df5382172429,Acraea terpsicore,https://biodiversity.org.au/afd/taxa/ba632bea-a7b4-4b60-bf89-d63128cad841,-19.17215,146.82803,2022-07-14T14:14:00Z,PRESENT,iNaturalist Australia,Acraea terpsicore
1235,b114981c-e03b-42aa-b6a0-9153788d329d,Acraea terpsicore,https://biodiversity.org.au/afd/taxa/ba632bea-a7b4-4b60-bf89-d63128cad841,-10.5792,142.21488,2023-06-04T10:00:00Z,PRESENT,Butterflies Australia,Acraea terpsicore
1236,b1211158-ad5d-4132-9d76-c4bb48e1864c,Acraea terpsicore,https://biodiversity.org.au/afd/taxa/ba632bea-a7b4-4b60-bf89-d63128cad841,-15.524453,145.271731,2025-07-20T12:22:00Z,PRESENT,iNaturalist Australia,Acraea terpsicore
1237,b12d9327-0c7f-4246-b961-2ce4e1599414,Acraea terpsicore,https://biodiversity.org.au/afd/taxa/ba632bea-a7b4-4b60-bf89-d63128cad841,-12.41333,130.92195,2013-02-01T00:00:00Z,PRESENT,Northern Territory Museum and Art Gallery provider for OZCAM,Acraea terpsicore
1238,b12ec922-50b6-43b3-9410-bb58f123c582,Acraea terpsicore,https://biodiversity.org.au/afd/taxa/ba632bea-a7b4-4b60-bf89-d63128cad841,-23.843791,151.102896,2023-04-21T10:16:00Z,PRESENT,iNaturalist Australia,Acraea terpsicore
1239,b1342a82-58e3-4fe8-b30d-647fa56a4aa9,Acraea terpsicore,https://biodiversity.org.au/afd/taxa/ba632bea-a7b4-4b60-bf89-d63128cad841,-19.56895,138.81176,2023-09-07T12:01:00Z,PRESENT,Butterflies Australia,Acraea terpsicore
1240,b13da304-c8bb-4951-9836-ad2c1d65b105,Acraea terpsicore,https://biodiversity.org.au/afd/taxa/ba632bea-a7b4-4b60-bf89-d63128cad841,-20.014916,148.266059,2023-10-08T11:49:00Z,PRESENT,iNaturalist Australia,Acraea terpsicore
1241,b14165ba-039c-4c73-abcd-a49346c260f1,Acraea terpsicore,https://biodiversity.org.au/afd/taxa/ba632bea-a7b4-4b60-bf89-d63128cad841,-14.193259,129.453193,2024-09-15T11:10:00Z,PRESENT,iNaturalist Australia,Acraea terpsicore
1242,b1583ba0-28f3-4473-aa39-6bb55fdde1bb,Acraea terpsicore,https://biodiversity.org.au/afd/taxa/ba632bea-a7b4-4b60-bf89-d63128cad841,-19.1609,146.60314,2025-09-22T01:15:00Z,PRESENT,Butterflies Australia,Acraea terpsicore
1243,b1697baf-40d2-4899-ac64-5d959186ad26,Acraea terpsicore,https://biodiversity.org.au/afd/taxa/ba632bea-a7b4-4b60-bf89-d63128cad841,-15.974562,144.82883,2021-06-03T12:40:00Z,PRESENT,iNaturalist Australia,Acraea terpsicore
1244,b1b37f62-0579-4afc-a1d8-d8c75fed23b6,Acraea terpsicore,https://biodiversity.org.au/afd/taxa/ba632bea-a7b4-4b60-bf89-d63128cad841,-26.612577,153.064414,2023-06-09T13:55:00Z,PRESENT,iNaturalist Australia,Acraea terpsicore
1245,b1bddc14-d1cf-4706-9ac1-317e7edbf671,Acraea terpsicore,https://biodiversity.org.au/afd/taxa/ba632bea-a7b4-4b60-bf89-d63128cad841,-12.378683,130.848405,2025-06-01T17:23:00Z,PRESENT,iNaturalist Australia,Acraea terpsicore
1246,b1d83f88-7871-4e65-8fe8-17de117b4a3d,Acraea terpsicore,https://biodiversity.org.au/afd/taxa/ba632bea-a7b4-4b60-bf89-d63128cad841,-27.48585,152.95141,2022-01-14T13:15:00Z,PRESENT,Butterflies Australia,Acraea terpsicore
1247,b2314bdb-39e1-4821-8b76-81b48c903fd2,Acraea terpsicore,https://biodiversity.org.au/afd/taxa/ba632bea-a7b4-4b60-bf89-d63128cad841,-21.778503,148.933989,2025-07-09T13:30:00Z,PRESENT,iNaturalist Australia,Acraea terpsicore
1248,b2407ef2-80eb-4764-91a0-cbe6a1de3cee,Acraea terpsicore,https://biodiversity.org.au/afd/taxa/ba632bea-a7b4-4b60-bf89-d63128cad841,-27.45527,152.89127,2022-02-17T09:54:00Z,PRESENT,Butterflies Australia,Acraea terpsicore
1249,b2423edc-bf9c-45a7-b489-ec1fcc8cfa77,Acraea terpsicore,https://biodiversity.org.au/afd/taxa/ba632bea-a7b4-4b60-bf89-d63128cad841,-16.160978,136.754338,2024-07-22T08:24:16Z,PRESENT,iNaturalist Australia,Acraea terpsicore
1250,b2795ecf-3ea5-4002-9353-d49a8345bc45,Acraea terpsicore,https://biodiversity.org.au/afd/taxa/ba632bea-a7b4-4b60-bf89-d63128cad841,-27.485256,152.954423,2022-01-21T14:05:30Z,PRESENT,iNaturalist Australia,Acraea terpsicore
1251,b2a118f1-2a24-45ca-ad6c-c63721f215b0,Acraea terpsicore,https://biodiversity.org.au/afd/taxa/ba632bea-a7b4-4b60-bf89-d63128cad841,-17.374638,145.315353,2025-09-04T10:45:00Z,PRESENT,Butterflies Australia,Acraea terpsicore
1252,b2a50219-1ae7-487d-a9a2-47202d321399,Acraea terpsicore,https://biodiversity.org.au/afd/taxa/ba632bea-a7b4-4b60-bf89-d63128cad841,-17.155436,144.521359,2023-07-04T17:16:32Z,PRESENT,iNaturalist Australia,Acraea terpsicore
1253,b2a8cc08-7098-4bc2-a148-5874982c2825,Acraea terpsicore,https://biodiversity.org.au/afd/taxa/ba632bea-a7b4-4b60-bf89-d63128cad841,-10.602,142.2551,2023-06-03T11:30:00Z,PRESENT,Butterflies Australia,Acraea terpsicore
1254,b2bef2f0-c6ad-4575-95ef-82862a3e38bf,Acraea terpsicore,https://biodiversity.org.au/afd/taxa/ba632bea-a7b4-4b60-bf89-d63128cad841,-14.322422,132.419108,2015-05-07T17:19:00Z,PRESENT,iNaturalist Australia,Acraea terpsicore
1255,b2d3ca47-2fea-48a5-a428-c38fab5c3b8c,Acraea terpsicore,https://biodiversity.org.au/afd/taxa/ba632bea-a7b4-4b60-bf89-d63128cad841,-19.1877,146.7708,2025-04-24T14:22:00Z,PRESENT,iNaturalist Australia,Acraea terpsicore
1256,b2eacf9d-a82a-4aac-a621-cdfa46d8555a,Acraea terpsicore,https://biodiversity.org.au/afd/taxa/ba632bea-a7b4-4b60-bf89-d63128cad841,-19.324537,146.75145,2025-05-14T00:00:00Z,PRESENT,iNaturalist Australia,Acraea terpsicore
1257,b3148867-b50b-44c0-8c76-751eb663acd8,Acraea terpsicore,https://biodiversity.org.au/afd/taxa/ba632bea-a7b4-4b60-bf89-d63128cad841,-12.433333,130.833333,2013-11-29T00:00:00Z,PRESENT,Fauna Atlas N.T.,Acraea terpsicore
1258,b3279283-0da2-45cd-ae90-73550af30895,Acraea terpsicore,https://biodiversity.org.au/afd/taxa/ba632bea-a7b4-4b60-bf89-d63128cad841,-19.45352,147.23114,2018-06-21T00:00:00Z,PRESENT,WildNet - Queensland Wildlife Data,Acraea terpsicore
1259,b329a603-52aa-451f-adad-b7136fe183b7,Acraea terpsicore,https://biodiversity.org.au/afd/taxa/ba632bea-a7b4-4b60-bf89-d63128cad841,-12.36833,130.99833,2013-12-12T00:00:00Z,PRESENT,Northern Territory Museum and Art Gallery provider for OZCAM,Acraea terpsicore
1260,b3467f95-68d5-40ea-b07b-85697536f52f,Acraea terpsicore,https://biodiversity.org.au/afd/taxa/ba632bea-a7b4-4b60-bf89-d63128cad841,-19.002622,146.396853,2023-06-12T16:45:00Z,PRESENT,iNaturalist Australia,Acraea terpsicore
1261,b36b7d8a-ae9c-4384-893c-910456f7dbef,Acraea terpsicore,https://biodiversity.org.au/afd/taxa/ba632bea-a7b4-4b60-bf89-d63128cad841,-12.642959,141.864026,2021-05-01T09:10:00Z,PRESENT,iNaturalist Australia,Acraea terpsicore
1262,b387782c-4486-45ad-9b56-1dc590dbf7b8,Acraea terpsicore,https://biodiversity.org.au/afd/taxa/ba632bea-a7b4-4b60-bf89-d63128cad841,-17.413423,145.067651,2023-04-21T12:15:00Z,PRESENT,iNaturalist Australia,Acraea terpsicore
1263,b3c4645a-8ca8-4d7b-8dcb-64a36bd13975,Acraea terpsicore,https://biodiversity.org.au/afd/taxa/ba632bea-a7b4-4b60-bf89-d63128cad841,-12.41333,130.92194,2013-01-25T00:00:00Z,PRESENT,Fauna Atlas N.T.,Acraea terpsicore
1264,b3dc1c17-1f63-4c26-b628-86182803a162,Acraea terpsicore,https://biodiversity.org.au/afd/taxa/ba632bea-a7b4-4b60-bf89-d63128cad841,-18.2124,144.09813,2025-03-12T03:37:00Z,PRESENT,Butterflies Australia,Acraea terpsicore
1265,b4341fb2-e7e9-499b-b415-14262a869d76,Acraea terpsicore,https://biodiversity.org.au/afd/taxa/ba632bea-a7b4-4b60-bf89-d63128cad841,-13.55331,132.27159,2019-11-29T00:00:00Z,PRESENT,Fauna Atlas N.T.,Acraea terpsicore
1266,b451d2f3-ab75-4b9f-b5bd-2993405ab909,Acraea terpsicore,https://biodiversity.org.au/afd/taxa/ba632bea-a7b4-4b60-bf89-d63128cad841,-12.467,131.068,2013-12-27T00:00:00Z,PRESENT,Fauna Atlas N.T.,Acraea terpsicore
1267,b46efba3-817e-4b11-9049-76038a2cabf9,Acraea terpsicore,https://biodiversity.org.au/afd/taxa/ba632bea-a7b4-4b60-bf89-d63128cad841,-12.399437,130.928047,2026-02-26T14:39:00Z,PRESENT,iNaturalist Australia,Acraea terpsicore
1268,b473a450-2051-4b05-8f77-ea6b4a0296fb,Acraea terpsicore,https://biodiversity.org.au/afd/taxa/ba632bea-a7b4-4b60-bf89-d63128cad841,-17.075493,145.740984,2021-02-18T12:55:00Z,PRESENT,iNaturalist Australia,Acraea terpsicore
1269,b4866f1b-98c4-468f-aac6-a6fdc817f53f,Acraea terpsicore,https://biodiversity.org.au/afd/taxa/ba632bea-a7b4-4b60-bf89-d63128cad841,-20.014923,148.266064,2023-10-08T11:50:00Z,PRESENT,iNaturalist Australia,Acraea terpsicore
1270,b499d616-a8ea-4bd7-bec2-99a9540b6ca2,Acraea terpsicore,https://biodiversity.org.au/afd/taxa/ba632bea-a7b4-4b60-bf89-d63128cad841,-12.76174,131.50109,2013-02-17T00:00:00Z,PRESENT,Fauna Atlas N.T.,Acraea terpsicore
1271,b4cfe976-0538-43a7-b3be-fe2a470a5e73,Acraea terpsicore,https://biodiversity.org.au/afd/taxa/ba632bea-a7b4-4b60-bf89-d63128cad841,-18.701348,138.486854,2019-09-22T11:57:00Z,PRESENT,iNaturalist Australia,Acraea terpsicore
1272,b4db0be3-007b-4477-9053-61469ef3e827,Acraea terpsicore,https://biodiversity.org.au/afd/taxa/ba632bea-a7b4-4b60-bf89-d63128cad841,-12.409526,130.831972,2025-05-11T11:32:00Z,PRESENT,iNaturalist Australia,Acraea terpsicore
1273,b4db78ec-6432-4d80-8253-197bb5d05c41,Acraea terpsicore,https://biodiversity.org.au/afd/taxa/ba632bea-a7b4-4b60-bf89-d63128cad841,-17.10234,144.39264,2026-02-11T01:17:00Z,PRESENT,Butterflies Australia,Acraea terpsicore
1274,b4f44566-8cc9-4c97-9f06-451011809a2d,Acraea terpsicore,https://biodiversity.org.au/afd/taxa/ba632bea-a7b4-4b60-bf89-d63128cad841,-17.4861,128.376205,2025-05-16T13:53:29Z,PRESENT,iNaturalist Australia,Acraea terpsicore
1275,b4fdabed-e5aa-4b32-bf2c-5d1733459359,Acraea terpsicore,https://biodiversity.org.au/afd/taxa/ba632bea-a7b4-4b60-bf89-d63128cad841,-17.412684,124.942986,2021-06-11T15:28:00Z,PRESENT,iNaturalist Australia,Acraea terpsicore
1276,b51565c9-ae02-475b-b1bd-da84d3f19878,Acraea terpsicore,https://biodiversity.org.au/afd/taxa/ba632bea-a7b4-4b60-bf89-d63128cad841,-19.283184,146.814061,2023-09-08T16:55:00Z,PRESENT,iNaturalist Australia,Acraea terpsicore
1277,b516f84c-cd40-4e24-820a-7e722af2584f,Acraea terpsicore,https://biodiversity.org.au/afd/taxa/ba632bea-a7b4-4b60-bf89-d63128cad841,-12.433333,130.9,2013-02-06T00:00:00Z,PRESENT,Fauna Atlas N.T.,Acraea terpsicore
1278,b537b5c4-55e4-4c56-9023-5b78bac7d980,Acraea terpsicore,https://biodiversity.org.au/afd/taxa/ba632bea-a7b4-4b60-bf89-d63128cad841,-15.59738,128.279088,2013-05-22T15:18:00Z,PRESENT,iNaturalist Australia,Acraea terpsicore
1279,b55a0ede-654e-40b4-9e3c-cbb25eb0083b,Acraea terpsicore,https://biodiversity.org.au/afd/taxa/ba632bea-a7b4-4b60-bf89-d63128cad841,-14.315565,132.421121,2024-08-06T15:58:52Z,PRESENT,iNaturalist Australia,Acraea terpsicore
1280,b57056df-c721-436d-ab29-559c3db4852c,Acraea terpsicore,https://biodiversity.org.au/afd/taxa/ba632bea-a7b4-4b60-bf89-d63128cad841,-12.710278,130.989722,2013-02-18T00:00:00Z,PRESENT,Fauna Atlas N.T.,Acraea terpsicore
1281,b5797b11-fc05-4f16-958e-7d1178d529ed,Acraea terpsicore,https://biodiversity.org.au/afd/taxa/ba632bea-a7b4-4b60-bf89-d63128cad841,-19.1903,146.774033,2025-06-18T11:12:00Z,PRESENT,iNaturalist Australia,Acraea terpsicore
1282,b58535f1-dd8c-407e-a1df-c60b842d147c,Acraea terpsicore,https://biodiversity.org.au/afd/taxa/ba632bea-a7b4-4b60-bf89-d63128cad841,-15.32361,129.1259,2013-05-26T00:00:00Z,PRESENT,Fauna Atlas N.T.,Acraea terpsicore
1283,b58e6e04-0f98-4a83-9f86-c3105e7320dd,Acraea terpsicore,https://biodiversity.org.au/afd/taxa/ba632bea-a7b4-4b60-bf89-d63128cad841,-19.752313,147.595742,2023-07-19T07:51:00Z,PRESENT,iNaturalist Australia,Acraea terpsicore
1284,b5938e95-4eff-481c-ae11-f6de6e5f5fc0,Acraea terpsicore,https://biodiversity.org.au/afd/taxa/ba632bea-a7b4-4b60-bf89-d63128cad841,-30.64678,153.018004,2022-10-30T01:10:00Z,PRESENT,NatureMapr,Acraea terpsicore
1285,b5ae713a-d4ea-4c3e-94a9-852f8b01cf82,Acraea terpsicore,https://biodiversity.org.au/afd/taxa/ba632bea-a7b4-4b60-bf89-d63128cad841,-12.362282,130.866445,2023-05-21T13:30:00Z,PRESENT,iNaturalist Australia,Acraea terpsicore
1286,b5c57a0b-04a1-47ee-bda3-01211f5e56ca,Acraea terpsicore,https://biodiversity.org.au/afd/taxa/ba632bea-a7b4-4b60-bf89-d63128cad841,-16.65775,125.9513,2014-05-15T00:00:00Z,PRESENT,Fauna Atlas N.T.,Acraea terpsicore
1287,b5de09b7-e1d6-4880-bf8c-8b71e3b62b24,Acraea terpsicore,https://biodiversity.org.au/afd/taxa/ba632bea-a7b4-4b60-bf89-d63128cad841,-19.31658,146.74739,2021-04-02T12:19:00Z,PRESENT,iNaturalist Australia,Acraea terpsicore
1288,b5e0d8d1-fb79-410a-98d1-9613071c08f6,Acraea terpsicore,https://biodiversity.org.au/afd/taxa/ba632bea-a7b4-4b60-bf89-d63128cad841,-19.25825,146.802445,2022-10-28T11:45:38Z,PRESENT,iNaturalist Australia,Acraea terpsicore
1289,b60290c4-2558-4038-bfe0-53c86ba72743,Acraea terpsicore,https://biodiversity.org.au/afd/taxa/ba632bea-a7b4-4b60-bf89-d63128cad841,-20.360599,145.659701,2019-07-30T10:21:00Z,PRESENT,iNaturalist Australia,Acraea terpsicore
1290,b63d411e-deea-41a5-9e9f-e0631c3c206d,Acraea terpsicore,https://biodiversity.org.au/afd/taxa/ba632bea-a7b4-4b60-bf89-d63128cad841,-17.368,145.4261,2021-03-29T11:00:00Z,PRESENT,Butterflies Australia,Acraea terpsicore
1291,b648d3f2-49b3-4e89-8387-0c0b822622c7,Acraea terpsicore,https://biodiversity.org.au/afd/taxa/ba632bea-a7b4-4b60-bf89-d63128cad841,-17.410611,145.061419,2021-05-25T09:43:00Z,PRESENT,iNaturalist Australia,Acraea terpsicore
1292,b65090bf-d8d7-4a4e-821f-3c765665e512,Acraea terpsicore,https://biodiversity.org.au/afd/taxa/ba632bea-a7b4-4b60-bf89-d63128cad841,-18.0283,144.0487,2021-03-22T09:15:00Z,PRESENT,Butterflies Australia,Acraea terpsicore
1293,b6527dee-7384-4f21-8b9d-1f72e1d8677f,Acraea terpsicore,https://biodiversity.org.au/afd/taxa/ba632bea-a7b4-4b60-bf89-d63128cad841,-12.35353,130.90407,2013-01-28T00:00:00Z,PRESENT,Fauna Atlas N.T.,Acraea terpsicore
1294,b6575eea-0fcd-49e1-9e3d-6d5a61e340f2,Acraea terpsicore,https://biodiversity.org.au/afd/taxa/ba632bea-a7b4-4b60-bf89-d63128cad841,-16.757736,145.669579,2021-08-03T10:57:00Z,PRESENT,iNaturalist Australia,Acraea terpsicore
1295,b65cbd3a-ec13-4432-b3ef-8ba85360fadb,Acraea terpsicore,https://biodiversity.org.au/afd/taxa/ba632bea-a7b4-4b60-bf89-d63128cad841,-12.90845,131.64551,2014-06-28T00:00:00Z,PRESENT,Fauna Atlas N.T.,Acraea terpsicore
1296,b66ba3a2-3de6-4555-86a5-82452d85d0c3,Acraea terpsicore,https://biodiversity.org.au/afd/taxa/ba632bea-a7b4-4b60-bf89-d63128cad841,-27.905122,153.375223,2024-05-08T00:00:00Z,PRESENT,iNaturalist Australia,Acraea terpsicore
1297,b6763cc2-fe61-4ae1-a36c-72e4974d559b,Acraea terpsicore,https://biodiversity.org.au/afd/taxa/ba632bea-a7b4-4b60-bf89-d63128cad841,-12.772178,130.409549,2025-05-26T11:10:00Z,PRESENT,iNaturalist Australia,Acraea terpsicore
1298,b6cda26b-0871-489e-8e85-641b944e5b50,Acraea terpsicore,https://biodiversity.org.au/afd/taxa/ba632bea-a7b4-4b60-bf89-d63128cad841,-19.195407,146.763193,2024-04-23T09:17:47Z,PRESENT,iNaturalist Australia,Acraea terpsicore
1299,b6ddeb38-736e-4fa3-a588-91c1952b94c9,Acraea terpsicore,https://biodiversity.org.au/afd/taxa/ba632bea-a7b4-4b60-bf89-d63128cad841,-17.31161,145.588899,2024-08-15T02:15:00Z,PRESENT,Butterflies Australia,Acraea terpsicore
1300,b6fb71f9-a238-4720-917f-490fd8d667a1,Acraea terpsicore,https://biodiversity.org.au/afd/taxa/ba632bea-a7b4-4b60-bf89-d63128cad841,-12.354167,130.880556,2013-01-19T00:00:00Z,PRESENT,Fauna Atlas N.T.,Acraea terpsicore
1301,b705046a-b2fb-4521-b650-638607886b46,Acraea terpsicore,https://biodiversity.org.au/afd/taxa/ba632bea-a7b4-4b60-bf89-d63128cad841,-16.903263,145.413749,2025-07-16T14:08:33Z,PRESENT,iNaturalist Australia,Acraea terpsicore
1302,b7438ab4-bf29-4d29-b367-735c3a47ca17,Acraea terpsicore,https://biodiversity.org.au/afd/taxa/ba632bea-a7b4-4b60-bf89-d63128cad841,-14.314842,132.42278,2021-06-01T10:37:00Z,PRESENT,iNaturalist Australia,Acraea terpsicore
1303,b76a0e51-6569-4b2f-bc2f-456243c7c165,Acraea terpsicore,https://biodiversity.org.au/afd/taxa/ba632bea-a7b4-4b60-bf89-d63128cad841,-17.767642,139.540237,2022-06-11T11:06:05Z,PRESENT,iNaturalist Australia,Acraea terpsicore
1304,b7b18650-7144-4a11-bcba-eb45be2bbf58,Acraea terpsicore,https://biodiversity.org.au/afd/taxa/ba632bea-a7b4-4b60-bf89-d63128cad841,-12.360513,130.869971,2022-04-25T15:56:00Z,PRESENT,iNaturalist Australia,Acraea terpsicore
1305,b7fda94b-29ba-43c2-b79b-c289d85e7898,Acraea terpsicore,https://biodiversity.org.au/afd/taxa/ba632bea-a7b4-4b60-bf89-d63128cad841,-16.912185,145.703615,2022-03-01T12:29:00Z,PRESENT,iNaturalist Australia,Acraea terpsicore
1306,b80bdad7-baee-4f73-a2a3-2f3393a9f36e,Acraea terpsicore,https://biodiversity.org.au/afd/taxa/ba632bea-a7b4-4b60-bf89-d63128cad841,-10.601686,142.253087,2020-03-07T12:16:00Z,PRESENT,iNaturalist Australia,Acraea terpsicore
1307,b80f6879-d22f-4658-be39-a757ac89edcb,Acraea terpsicore,https://biodiversity.org.au/afd/taxa/ba632bea-a7b4-4b60-bf89-d63128cad841,-17.36004,144.8754,2021-02-11T10:45:00Z,PRESENT,Butterflies Australia,Acraea terpsicore
1308,b810afac-d615-4076-af44-e51add4c1790,Acraea terpsicore,https://biodiversity.org.au/afd/taxa/ba632bea-a7b4-4b60-bf89-d63128cad841,-14.92277,133.134,2015-04-04T00:00:00Z,PRESENT,Fauna Atlas N.T.,Acraea terpsicore
1309,b89bc885-ac2c-4ab8-a88b-bd5aabeed1ef,Acraea terpsicore,https://biodiversity.org.au/afd/taxa/ba632bea-a7b4-4b60-bf89-d63128cad841,-19.207633,146.741807,2019-05-19T00:00:00Z,PRESENT,iNaturalist Australia,Acraea terpsicore
1310,b910d753-848f-4d18-b74a-211a8850d81e,Acraea terpsicore,https://biodiversity.org.au/afd/taxa/ba632bea-a7b4-4b60-bf89-d63128cad841,-12.93062,132.57068,2013-04-20T00:00:00Z,PRESENT,Northern Territory Museum and Art Gallery provider for OZCAM,Acraea terpsicore
1311,b946de30-28c4-40f6-bb33-62c2fff15c13,Acraea terpsicore,https://biodiversity.org.au/afd/taxa/ba632bea-a7b4-4b60-bf89-d63128cad841,-19.243469,146.786754,2025-05-22T14:01:00Z,PRESENT,iNaturalist Australia,Acraea terpsicore
1312,b9589584-d1f7-4b13-a7ba-6c1db15eee30,Acraea terpsicore,https://biodiversity.org.au/afd/taxa/ba632bea-a7b4-4b60-bf89-d63128cad841,-16.529578,145.136494,2025-11-07T09:00:00Z,PRESENT,iNaturalist Australia,Acraea terpsicore
1313,b95ace62-2003-4a7e-914c-50c0301b61b1,Acraea terpsicore,https://biodiversity.org.au/afd/taxa/ba632bea-a7b4-4b60-bf89-d63128cad841,-17.977101,122.343947,2023-04-23T11:48:32Z,PRESENT,iNaturalist Australia,Acraea terpsicore
1314,b95c58db-d4d0-4c6a-aaac-451023847e4c,Acraea terpsicore,https://biodiversity.org.au/afd/taxa/ba632bea-a7b4-4b60-bf89-d63128cad841,-19.25845,146.802859,2022-10-29T10:30:00Z,PRESENT,Butterflies Australia,Acraea terpsicore
1315,b960d53c-932a-4e2f-881d-38cce5454721,Acraea terpsicore,https://biodiversity.org.au/afd/taxa/ba632bea-a7b4-4b60-bf89-d63128cad841,-28.01958,153.33863,2021-03-16T17:43:00Z,PRESENT,Butterflies Australia,Acraea terpsicore
1316,b967015c-9ea7-4cfd-81c6-cdc403621870,Acraea terpsicore,https://biodiversity.org.au/afd/taxa/ba632bea-a7b4-4b60-bf89-d63128cad841,-17.154665,125.279835,2023-07-10T10:46:03Z,PRESENT,iNaturalist Australia,Acraea terpsicore
1317,b9b17236-138e-45bb-a987-3f03c957cab5,Acraea terpsicore,https://biodiversity.org.au/afd/taxa/ba632bea-a7b4-4b60-bf89-d63128cad841,-17.931482,124.784465,2023-05-21T10:05:00Z,PRESENT,iNaturalist Australia,Acraea terpsicore
1318,b9ffced9-78ad-4594-8a65-316456fa0c2c,Acraea terpsicore,https://biodiversity.org.au/afd/taxa/ba632bea-a7b4-4b60-bf89-d63128cad841,-19.271009,146.753217,2021-04-03T23:05:00Z,PRESENT,NatureMapr,Acraea terpsicore
1319,ba2d408f-e819-46a3-9a92-b90094cf1612,Acraea terpsicore,https://biodiversity.org.au/afd/taxa/ba632bea-a7b4-4b60-bf89-d63128cad841,-12.64813,131.11176,2019-03-16T09:58:00Z,PRESENT,iNaturalist Australia,Acraea terpsicore
1320,ba36d0cc-fd29-4135-94b8-766ba6ec115a,Acraea terpsicore,https://biodiversity.org.au/afd/taxa/ba632bea-a7b4-4b60-bf89-d63128cad841,-24.426,145.461,2019-10-01T14:00:00Z,PRESENT,ALA species sightings and OzAtlas,Acraea terpsicore
1321,ba3f413b-1b67-4dcd-97c5-c62570ae9af6,Acraea terpsicore,https://biodiversity.org.au/afd/taxa/ba632bea-a7b4-4b60-bf89-d63128cad841,-20.103687,146.883151,2022-10-01T10:55:00Z,PRESENT,iNaturalist Australia,Acraea terpsicore
1322,ba477e88-afb4-42e4-b54e-30946217fbc7,Acraea terpsicore,https://biodiversity.org.au/afd/taxa/ba632bea-a7b4-4b60-bf89-d63128cad841,-14.633667,143.978903,2021-07-22T08:33:00Z,PRESENT,iNaturalist Australia,Acraea terpsicore
1323,ba5c58df-b685-42ae-be36-2e8af446bed3,Acraea terpsicore,https://biodiversity.org.au/afd/taxa/ba632bea-a7b4-4b60-bf89-d63128cad841,-12.728611,130.929167,2013-02-07T00:00:00Z,PRESENT,Fauna Atlas N.T.,Acraea terpsicore
1324,ba85c5e9-1f9d-40b9-b05b-e54bed1116e8,Acraea terpsicore,https://biodiversity.org.au/afd/taxa/ba632bea-a7b4-4b60-bf89-d63128cad841,-19.439963,146.732543,2024-04-21T12:38:00Z,PRESENT,iNaturalist Australia,Acraea terpsicore
1325,ba8a65f0-7633-479f-9aae-e2c819ec9583,Acraea terpsicore,https://biodiversity.org.au/afd/taxa/ba632bea-a7b4-4b60-bf89-d63128cad841,-15.72389,135.642893,2023-06-15T16:05:00Z,PRESENT,iNaturalist Australia,Acraea terpsicore
1326,ba940729-36f7-4c88-a9c0-9373b253ce29,Acraea terpsicore,https://biodiversity.org.au/afd/taxa/ba632bea-a7b4-4b60-bf89-d63128cad841,-27.368395,152.977813,2020-12-20T18:32:24Z,PRESENT,iNaturalist Australia,Acraea terpsicore
1327,badf31bf-0dee-422e-b077-02606a488b44,Acraea terpsicore,https://biodiversity.org.au/afd/taxa/ba632bea-a7b4-4b60-bf89-d63128cad841,-17.3853,145.3826,2021-04-08T11:00:00Z,PRESENT,Butterflies Australia,Acraea terpsicore
1328,baf65160-6bd8-4789-9588-e42b0bfc0034,Acraea terpsicore,https://biodiversity.org.au/afd/taxa/ba632bea-a7b4-4b60-bf89-d63128cad841,-18.02165,143.79834,2017-02-21T00:00:00Z,PRESENT,WildNet - Queensland Wildlife Data,Acraea terpsicore
1329,bbcc0f1a-2238-4e19-828e-1c0293c4a21f,Acraea terpsicore,https://biodiversity.org.au/afd/taxa/ba632bea-a7b4-4b60-bf89-d63128cad841,-12.332978,130.893963,2023-05-08T11:43:28Z,PRESENT,iNaturalist Australia,Acraea terpsicore
1330,bbce677a-fb81-4af5-9d42-69ebab8a30b2,Acraea terpsicore,https://biodiversity.org.au/afd/taxa/ba632bea-a7b4-4b60-bf89-d63128cad841,-12.453966,130.949789,2024-05-18T13:36:00Z,PRESENT,iNaturalist Australia,Acraea terpsicore
1331,bbd06759-430b-4c5b-95f9-58be03dbc24d,Acraea terpsicore,https://biodiversity.org.au/afd/taxa/ba632bea-a7b4-4b60-bf89-d63128cad841,-22.900189,149.475843,2022-09-22T13:19:04Z,PRESENT,iNaturalist Australia,Acraea terpsicore
1332,bc202af6-3e62-4773-85df-c445ae7ceaae,Acraea terpsicore,https://biodiversity.org.au/afd/taxa/ba632bea-a7b4-4b60-bf89-d63128cad841,-16.468963,137.048283,2023-06-17T13:08:00Z,PRESENT,iNaturalist Australia,Acraea terpsicore
1333,bc580d8c-f580-4c3e-9e81-a2962e95dd0a,Acraea terpsicore,https://biodiversity.org.au/afd/taxa/ba632bea-a7b4-4b60-bf89-d63128cad841,-21.2232,149.14644,2020-03-23T11:17:00Z,PRESENT,Butterflies Australia,Acraea terpsicore
1334,bc724e50-9672-45d2-abbe-6b195ab32973,Acraea terpsicore,https://biodiversity.org.au/afd/taxa/ba632bea-a7b4-4b60-bf89-d63128cad841,-12.41333,130.92194,2013-01-02T00:00:00Z,PRESENT,Fauna Atlas N.T.,Acraea terpsicore
1335,bc7c30d9-1986-4474-a959-ef3bab2d1f7b,Acraea terpsicore,https://biodiversity.org.au/afd/taxa/ba632bea-a7b4-4b60-bf89-d63128cad841,-17.408858,145.062822,2021-05-25T09:46:00Z,PRESENT,iNaturalist Australia,Acraea terpsicore
1336,bc8af4f8-7a80-42e8-8c00-345bb37e2da5,Acraea terpsicore,https://biodiversity.org.au/afd/taxa/ba632bea-a7b4-4b60-bf89-d63128cad841,-24.793,144.704,2019-09-30T14:00:00Z,PRESENT,ALA species sightings and OzAtlas,Acraea terpsicore
1337,bc9f7b93-2ef6-47aa-9ce0-bce00589c946,Acraea terpsicore,https://biodiversity.org.au/afd/taxa/ba632bea-a7b4-4b60-bf89-d63128cad841,-23.841239,151.079631,2023-05-16T12:08:22Z,PRESENT,iNaturalist Australia,Acraea terpsicore
1338,bceb6872-c2f3-4387-8e41-48ccd8349078,Acraea terpsicore,https://biodiversity.org.au/afd/taxa/ba632bea-a7b4-4b60-bf89-d63128cad841,-13.21222,131.1475,2013-01-11T00:00:00Z,PRESENT,Fauna Atlas N.T.,Acraea terpsicore
1339,bd7143da-ca24-45dd-a822-c3c2046d816e,Acraea terpsicore,https://biodiversity.org.au/afd/taxa/ba632bea-a7b4-4b60-bf89-d63128cad841,-13.49623,131.03572,2015-03-19T00:00:00Z,PRESENT,Fauna Atlas N.T.,Acraea terpsicore
1340,bd742df1-9f1c-44d3-83e5-54a1565aa77c,Acraea terpsicore,https://biodiversity.org.au/afd/taxa/ba632bea-a7b4-4b60-bf89-d63128cad841,-19.267834,146.704426,2021-04-25T08:43:05Z,PRESENT,iNaturalist Australia,Acraea terpsicore
1341,be0c932e-a55e-41d3-b306-00fab56ca60e,Acraea terpsicore,https://biodiversity.org.au/afd/taxa/ba632bea-a7b4-4b60-bf89-d63128cad841,-14.825639,144.113612,2020-09-10T11:16:00Z,PRESENT,iNaturalist Australia,Acraea terpsicore
1342,be0f689a-4a8f-453f-96a2-7d76aae435fa,Acraea terpsicore,https://biodiversity.org.au/afd/taxa/ba632bea-a7b4-4b60-bf89-d63128cad841,-12.4,130.916667,2015-01-31T00:00:00Z,PRESENT,Fauna Atlas N.T.,Acraea terpsicore
1343,be1ef957-9516-4c2c-b21c-af7d4accc26b,Acraea terpsicore,https://biodiversity.org.au/afd/taxa/ba632bea-a7b4-4b60-bf89-d63128cad841,-18.0496,144.905,2021-04-25T10:15:00Z,PRESENT,Butterflies Australia,Acraea terpsicore
1344,bea00b82-e161-4ffc-9ac6-52045680d456,Acraea terpsicore,https://biodiversity.org.au/afd/taxa/ba632bea-a7b4-4b60-bf89-d63128cad841,-13.29373,132.335158,2025-01-26T13:31:59Z,PRESENT,iNaturalist Australia,Acraea terpsicore
1345,bea1445c-15fd-4970-a02d-f54534d2ae79,Acraea terpsicore,https://biodiversity.org.au/afd/taxa/ba632bea-a7b4-4b60-bf89-d63128cad841,-15.4351,131.09632,2015-05-27T00:00:00Z,PRESENT,Northern Territory Museum and Art Gallery provider for OZCAM,Acraea terpsicore
1346,bea91926-4c4f-42f3-8a9c-834213b820d1,Acraea terpsicore,https://biodiversity.org.au/afd/taxa/ba632bea-a7b4-4b60-bf89-d63128cad841,-16.070278,136.307222,2025-05-23T14:37:00Z,PRESENT,iNaturalist Australia,Acraea terpsicore
1347,bf0e3881-2ef8-4e3a-98f6-d375f72da03a,Acraea terpsicore,https://biodiversity.org.au/afd/taxa/ba632bea-a7b4-4b60-bf89-d63128cad841,-12.37308,130.88657,2015-01-29T00:00:00Z,PRESENT,Fauna Atlas N.T.,Acraea terpsicore
1348,bf0f4d1b-57aa-4813-a821-8b49e334d9c5,Acraea terpsicore,https://biodiversity.org.au/afd/taxa/ba632bea-a7b4-4b60-bf89-d63128cad841,-26.619618,153.065605,2023-04-17T12:25:34Z,PRESENT,iNaturalist Australia,Acraea terpsicore
1349,bf443186-9b2c-401b-838a-9d14cc3fb889,Acraea terpsicore,https://biodiversity.org.au/afd/taxa/ba632bea-a7b4-4b60-bf89-d63128cad841,-19.251638,146.798644,2023-12-17T14:17:00Z,PRESENT,iNaturalist Australia,Acraea terpsicore
1350,bf551c1b-6e24-488a-83da-84516dcd5bcf,Acraea terpsicore,https://biodiversity.org.au/afd/taxa/ba632bea-a7b4-4b60-bf89-d63128cad841,-14.314736,132.42192,2023-02-14T16:11:00Z,PRESENT,iNaturalist Australia,Acraea terpsicore
1351,bf5a94de-af4c-47d6-a171-08a6e7f74b8a,Acraea terpsicore,https://biodiversity.org.au/afd/taxa/ba632bea-a7b4-4b60-bf89-d63128cad841,-19.506628,140.281239,2023-05-01T12:14:59Z,PRESENT,iNaturalist Australia,Acraea terpsicore
1352,bf84a1d7-3f8b-4989-abaa-75358afa7df8,Acraea terpsicore,https://biodiversity.org.au/afd/taxa/ba632bea-a7b4-4b60-bf89-d63128cad841,-25.6054,151.5403,2025-01-31T03:15:00Z,PRESENT,Butterflies Australia,Acraea terpsicore
1353,bf88422a-22c3-4e3a-a777-f73f8c3f2e90,Acraea terpsicore,https://biodiversity.org.au/afd/taxa/ba632bea-a7b4-4b60-bf89-d63128cad841,-18.9994,146.0748,2022-12-19T11:00:00Z,PRESENT,Butterflies Australia,Acraea terpsicore
1354,bfceb10b-7af8-4cc8-842b-e6825ebbacf4,Acraea terpsicore,https://biodiversity.org.au/afd/taxa/ba632bea-a7b4-4b60-bf89-d63128cad841,-19.325058,146.608945,2023-05-20T16:17:00Z,PRESENT,iNaturalist Australia,Acraea terpsicore
1355,bfdd9c1e-74ee-4a06-b173-5bb1d4731a8b,Acraea terpsicore,https://biodiversity.org.au/afd/taxa/ba632bea-a7b4-4b60-bf89-d63128cad841,-18.0643,145.2073,2021-08-20T02:30:00Z,PRESENT,Butterflies Australia,Acraea terpsicore
1356,c001d69c-a367-448d-bcc3-93b83ca7ac52,Acraea terpsicore,https://biodiversity.org.au/afd/taxa/ba632bea-a7b4-4b60-bf89-d63128cad841,-13.82712,131.83217,2013-04-01T00:00:00Z,PRESENT,Northern Territory Museum and Art Gallery provider for OZCAM,Acraea terpsicore
1357,c0020349-3f6b-4147-bf08-74862a845ab1,Acraea terpsicore,https://biodiversity.org.au/afd/taxa/ba632bea-a7b4-4b60-bf89-d63128cad841,-19.20149,146.75151,2021-03-21T00:00:00Z,PRESENT,WildNet - Queensland Wildlife Data,Acraea terpsicore
1358,c004fa7b-730e-471f-98b8-d96fef206c39,Acraea terpsicore,https://biodiversity.org.au/afd/taxa/ba632bea-a7b4-4b60-bf89-d63128cad841,-21.3,149.2,2021-01-14T08:34:00Z,PRESENT,Earth Guardians Weekly Feed,Acraea terpsicore
1359,c0201d4f-5679-4aff-8bbe-facaa6912554,Acraea terpsicore,https://biodiversity.org.au/afd/taxa/ba632bea-a7b4-4b60-bf89-d63128cad841,-12.858945,132.818437,2023-04-30T09:35:00Z,PRESENT,iNaturalist Australia,Acraea terpsicore
1360,c06f7d64-ebfc-47f9-9c11-91908115707f,Acraea terpsicore,https://biodiversity.org.au/afd/taxa/ba632bea-a7b4-4b60-bf89-d63128cad841,-19.331449,146.76252,2018-05-13T16:48:00Z,PRESENT,iNaturalist Australia,Acraea terpsicore
1361,c072d705-4d82-4022-be07-65505704e3fd,Acraea terpsicore,https://biodiversity.org.au/afd/taxa/ba632bea-a7b4-4b60-bf89-d63128cad841,-12.336417,130.897088,2025-05-23T17:10:00Z,PRESENT,iNaturalist Australia,Acraea terpsicore
1362,c0858458-613a-4be2-9715-4df369ce218c,Acraea terpsicore,https://biodiversity.org.au/afd/taxa/ba632bea-a7b4-4b60-bf89-d63128cad841,-14.180143,132.188026,2023-05-09T11:53:00Z,PRESENT,iNaturalist Australia,Acraea terpsicore
1363,c0c2e980-2a37-46b2-b8d8-027b6f85c71a,Acraea terpsicore,https://biodiversity.org.au/afd/taxa/ba632bea-a7b4-4b60-bf89-d63128cad841,-19.4702,144.2571,2022-11-24T10:45:00Z,PRESENT,Butterflies Australia,Acraea terpsicore
1364,c0e9e8a9-ac8f-4b20-8105-0a0cb21604cf,Acraea terpsicore,https://biodiversity.org.au/afd/taxa/ba632bea-a7b4-4b60-bf89-d63128cad841,-10.579917,142.219391,2020-08-21T07:59:00Z,PRESENT,iNaturalist Australia,Acraea terpsicore
1365,c1191c0f-93db-4811-83c3-1ad6ef902222,Acraea terpsicore,https://biodiversity.org.au/afd/taxa/ba632bea-a7b4-4b60-bf89-d63128cad841,-19.97861,148.25969,2022-09-21T11:00:00Z,PRESENT,Butterflies Australia,Acraea terpsicore
1366,c1324428-d112-41b8-999d-5b86bb32095a,Acraea terpsicore,https://biodiversity.org.au/afd/taxa/ba632bea-a7b4-4b60-bf89-d63128cad841,-13.55331,132.27159,2019-11-29T00:00:00Z,PRESENT,Fauna Atlas N.T.,Acraea terpsicore
1367,c137f528-b3cf-4a7e-919e-9b928a322791,Acraea terpsicore,https://biodiversity.org.au/afd/taxa/ba632bea-a7b4-4b60-bf89-d63128cad841,-12.41333,130.92194,2013-01-25T00:00:00Z,PRESENT,Fauna Atlas N.T.,Acraea terpsicore
1368,c144f765-435d-4b26-8666-dbd0f0987762,Acraea terpsicore,https://biodiversity.org.au/afd/taxa/ba632bea-a7b4-4b60-bf89-d63128cad841,-14.452114,132.271515,2023-05-15T15:35:00Z,PRESENT,iNaturalist Australia,Acraea terpsicore
1369,c14d95a8-ebeb-4e86-b1c1-2c65d452ef4a,Acraea terpsicore,https://biodiversity.org.au/afd/taxa/ba632bea-a7b4-4b60-bf89-d63128cad841,-17.15761,144.522762,2026-02-11T01:30:00Z,PRESENT,Butterflies Australia,Acraea terpsicore
1370,c15d37f5-17b9-4423-be0d-2e99c209c71e,Acraea terpsicore,https://biodiversity.org.au/afd/taxa/ba632bea-a7b4-4b60-bf89-d63128cad841,-19.3,146.8,2025-08-03T18:13:00Z,PRESENT,Earth Guardians Weekly Feed,Acraea terpsicore
1371,c1b4dc40-1474-4cdc-886a-8ef4ba0806b3,Acraea terpsicore,https://biodiversity.org.au/afd/taxa/ba632bea-a7b4-4b60-bf89-d63128cad841,-26.57559,148.780369,2020-10-26T12:45:00Z,PRESENT,Butterflies Australia,Acraea terpsicore
1372,c1bfccad-aeb2-4357-99bc-e38ab6b190cf,Acraea terpsicore,https://biodiversity.org.au/afd/taxa/ba632bea-a7b4-4b60-bf89-d63128cad841,-13.49623,131.03572,2014-03-22T00:00:00Z,PRESENT,Fauna Atlas N.T.,Acraea terpsicore
1373,c22a5eb1-eb52-494c-8fc9-ff949d2f0d20,Acraea terpsicore,https://biodiversity.org.au/afd/taxa/ba632bea-a7b4-4b60-bf89-d63128cad841,-16.992753,145.422517,2023-03-23T18:21:42Z,PRESENT,iNaturalist Australia,Acraea terpsicore
1374,c25fd7ff-4072-4462-84b2-309818e7f742,Acraea terpsicore,https://biodiversity.org.au/afd/taxa/ba632bea-a7b4-4b60-bf89-d63128cad841,-16.71154,144.80243,2025-04-23T00:37:00Z,PRESENT,Butterflies Australia,Acraea terpsicore
1375,c26c0828-0dae-47ca-b793-95605d8a1acb,Acraea terpsicore,https://biodiversity.org.au/afd/taxa/ba632bea-a7b4-4b60-bf89-d63128cad841,-15.425,145.0592,2022-06-24T02:00:00Z,PRESENT,Butterflies Australia,Acraea terpsicore
1376,c27ac12b-eda3-4c31-a328-e69b9d849261,Acraea terpsicore,https://biodiversity.org.au/afd/taxa/ba632bea-a7b4-4b60-bf89-d63128cad841,-12.371995,130.868864,2021-04-26T08:40:00Z,PRESENT,iNaturalist Australia,Acraea terpsicore
1377,c27b7885-54cb-404a-bbfb-b7784c744bb5,Acraea terpsicore,https://biodiversity.org.au/afd/taxa/ba632bea-a7b4-4b60-bf89-d63128cad841,-10.583602,142.211572,2020-08-24T10:02:00Z,PRESENT,iNaturalist Australia,Acraea terpsicore
1378,c2f9d9d8-f23f-499b-98cf-2f235ca70e7e,Acraea terpsicore,https://biodiversity.org.au/afd/taxa/ba632bea-a7b4-4b60-bf89-d63128cad841,-22.019996,146.488007,2022-11-08T08:04:22Z,PRESENT,iNaturalist Australia,Acraea terpsicore
1379,c2fbae9f-4fc0-42bf-bf02-8f03fa43a944,Acraea terpsicore,https://biodiversity.org.au/afd/taxa/ba632bea-a7b4-4b60-bf89-d63128cad841,-19.258013,146.803889,2021-02-17T13:21:00Z,PRESENT,iNaturalist Australia,Acraea terpsicore
1380,c3065e6d-197c-4a4f-a9b8-7e3e2c5a4670,Acraea terpsicore,https://biodiversity.org.au/afd/taxa/ba632bea-a7b4-4b60-bf89-d63128cad841,-17.379722,144.959722,2025-08-23T11:54:00Z,PRESENT,iNaturalist Australia,Acraea terpsicore
1381,c3777e59-0aa6-4f8f-974f-d89288faf3ad,Acraea terpsicore,https://biodiversity.org.au/afd/taxa/ba632bea-a7b4-4b60-bf89-d63128cad841,-12.4,130.916667,2013-01-29T00:00:00Z,PRESENT,Fauna Atlas N.T.,Acraea terpsicore
1382,c3a1afe0-16c7-47c2-9d3c-84e1fe46ebff,Acraea terpsicore,https://biodiversity.org.au/afd/taxa/ba632bea-a7b4-4b60-bf89-d63128cad841,-16.54544,143.78377,2025-06-10T03:22:00Z,PRESENT,Butterflies Australia,Acraea terpsicore
1383,c3b5cc2d-3ae6-42ac-967a-19d81fe92a51,Acraea terpsicore,https://biodiversity.org.au/afd/taxa/ba632bea-a7b4-4b60-bf89-d63128cad841,-17.3,123.6,2021-02-20T08:28:00Z,PRESENT,Earth Guardians Weekly Feed,Acraea terpsicore
1384,c3d56ae7-3aa1-4ae5-868a-61423c3eaa70,Acraea terpsicore,https://biodiversity.org.au/afd/taxa/ba632bea-a7b4-4b60-bf89-d63128cad841,-17.46543,140.828975,2025-05-24T12:36:31Z,PRESENT,iNaturalist Australia,Acraea terpsicore
1385,c3d97c7b-84c0-4ae7-8964-bb6222532e0b,Acraea terpsicore,https://biodiversity.org.au/afd/taxa/ba632bea-a7b4-4b60-bf89-d63128cad841,-16.456757,145.372074,2023-07-08T12:33:00Z,PRESENT,iNaturalist Australia,Acraea terpsicore
1386,c3edf57e-ebeb-4550-82f1-495cd17a9b53,Acraea terpsicore,https://biodiversity.org.au/afd/taxa/ba632bea-a7b4-4b60-bf89-d63128cad841,-12.337059,130.907797,2024-06-22T12:49:00Z,PRESENT,iNaturalist Australia,Acraea terpsicore
1387,c4155d81-e741-4364-89e9-de07ffd84cff,Acraea terpsicore,https://biodiversity.org.au/afd/taxa/ba632bea-a7b4-4b60-bf89-d63128cad841,-17.379089,145.378185,2023-02-27T14:36:00Z,PRESENT,iNaturalist Australia,Acraea terpsicore
1388,c4199fbe-bcd4-4c1e-8df8-e30d771ec955,Acraea terpsicore,https://biodiversity.org.au/afd/taxa/ba632bea-a7b4-4b60-bf89-d63128cad841,-12.538244,131.04549,2026-02-12T12:13:00Z,PRESENT,iNaturalist Australia,Acraea terpsicore
1389,c4310087-23fd-49ae-b343-4e1e3e169a68,Acraea terpsicore,https://biodiversity.org.au/afd/taxa/ba632bea-a7b4-4b60-bf89-d63128cad841,-13.8475,136.417,2022-06-18T01:45:00Z,PRESENT,Butterflies Australia,Acraea terpsicore
1390,c43ec431-4aa1-4fa7-9852-268676c2ce30,Acraea terpsicore,https://biodiversity.org.au/afd/taxa/ba632bea-a7b4-4b60-bf89-d63128cad841,-21.42133,144.998139,2022-10-11T10:16:00Z,PRESENT,iNaturalist Australia,Acraea terpsicore
1391,c4490458-ba0d-4a6d-89a3-7cce9803a12d,Acraea terpsicore,https://biodiversity.org.au/afd/taxa/ba632bea-a7b4-4b60-bf89-d63128cad841,-19.201536,146.753593,2024-10-31T09:50:00Z,PRESENT,iNaturalist Australia,Acraea terpsicore
1392,c49932fb-57d3-4a2b-8090-d1dab68664ca,Acraea terpsicore,https://biodiversity.org.au/afd/taxa/ba632bea-a7b4-4b60-bf89-d63128cad841,-19.276405,146.804589,2023-11-01T21:01:00Z,PRESENT,iNaturalist Australia,Acraea terpsicore
1393,c4a0cfb1-1d18-4b71-998c-8c4cad162dc5,Acraea terpsicore,https://biodiversity.org.au/afd/taxa/ba632bea-a7b4-4b60-bf89-d63128cad841,-15.8217,127.5192,2014-05-30T00:00:00Z,PRESENT,Fauna Atlas N.T.,Acraea terpsicore
1394,c4a7a923-9074-4286-ba9b-b8811bd2ac2a,Acraea terpsicore,https://biodiversity.org.au/afd/taxa/ba632bea-a7b4-4b60-bf89-d63128cad841,-16.532975,145.13132,2025-06-28T13:00:00Z,PRESENT,iNaturalist Australia,Acraea terpsicore
1395,c4d18ff3-96d9-4a4b-b183-3affbd506314,Acraea terpsicore,https://biodiversity.org.au/afd/taxa/ba632bea-a7b4-4b60-bf89-d63128cad841,-14.324489,132.425355,2025-06-07T14:59:00Z,PRESENT,iNaturalist Australia,Acraea terpsicore
1396,c4d791a3-a07e-475f-946a-0ddc5dd2cbc1,Acraea terpsicore,https://biodiversity.org.au/afd/taxa/ba632bea-a7b4-4b60-bf89-d63128cad841,-27.377139,152.90713,2023-10-25T12:28:00Z,PRESENT,iNaturalist Australia,Acraea terpsicore
1397,c4e669d6-1c2f-4007-abf3-296864ffa2b9,Acraea terpsicore,https://biodiversity.org.au/afd/taxa/ba632bea-a7b4-4b60-bf89-d63128cad841,-13.526,132.541,2013-07-25T00:00:00Z,PRESENT,Fauna Atlas N.T.,Acraea terpsicore
1398,c505129f-f1d6-45a3-a7a7-cfc59308aa1f,Acraea terpsicore,https://biodiversity.org.au/afd/taxa/ba632bea-a7b4-4b60-bf89-d63128cad841,-20.588619,139.574461,2025-09-12T14:02:00Z,PRESENT,iNaturalist Australia,Acraea terpsicore
1399,c5602697-191c-4824-b44a-c6b4a89613fa,Acraea terpsicore,https://biodiversity.org.au/afd/taxa/ba632bea-a7b4-4b60-bf89-d63128cad841,-19.451644,146.9796,2025-05-31T11:15:00Z,PRESENT,iNaturalist Australia,Acraea terpsicore
1400,c5696785-c36f-4d0f-9152-2f86dc8a10ea,Acraea terpsicore,https://biodiversity.org.au/afd/taxa/ba632bea-a7b4-4b60-bf89-d63128cad841,-14.179947,132.187814,2015-04-18T11:24:00Z,PRESENT,iNaturalist Australia,Acraea terpsicore
1401,c5a883cb-9ce1-432a-9a53-5198dd90a802,Acraea terpsicore,https://biodiversity.org.au/afd/taxa/ba632bea-a7b4-4b60-bf89-d63128cad841,-19.7,147.5,2021-04-06T07:48:00Z,PRESENT,Earth Guardians Weekly Feed,Acraea terpsicore
1402,c60b003c-8461-4ade-8b03-4d6d1a1a3d2c,Acraea terpsicore,https://biodiversity.org.au/afd/taxa/ba632bea-a7b4-4b60-bf89-d63128cad841,-26.679345,153.138502,2024-03-20T09:18:00Z,PRESENT,iNaturalist Australia,Acraea terpsicore
1403,c6238d23-92fd-4418-a1f4-0f9e19ad2752,Acraea terpsicore,https://biodiversity.org.au/afd/taxa/ba632bea-a7b4-4b60-bf89-d63128cad841,-19.206778,146.745295,2021-07-21T14:54:00Z,PRESENT,iNaturalist Australia,Acraea terpsicore
1404,c64ae4fd-2461-4426-848b-f70b6c015b1c,Acraea terpsicore,https://biodiversity.org.au/afd/taxa/ba632bea-a7b4-4b60-bf89-d63128cad841,-17.60833,145.48103,2025-08-29T02:03:00Z,PRESENT,Butterflies Australia,Acraea terpsicore
1405,c671a77b-d971-4d20-bb2d-a47a01259052,Acraea terpsicore,https://biodiversity.org.au/afd/taxa/ba632bea-a7b4-4b60-bf89-d63128cad841,-20.370143,148.377419,2022-07-09T12:26:00Z,PRESENT,iNaturalist Australia,Acraea terpsicore
1406,c687c820-66b4-49d2-a363-b8b829d2a4f7,Acraea terpsicore,https://biodiversity.org.au/afd/taxa/ba632bea-a7b4-4b60-bf89-d63128cad841,-13.038611,130.924167,2013-01-28T00:00:00Z,PRESENT,Fauna Atlas N.T.,Acraea terpsicore
1407,c69c9c38-850f-4045-a710-bd268885de36,Acraea terpsicore,https://biodiversity.org.au/afd/taxa/ba632bea-a7b4-4b60-bf89-d63128cad841,-12.21125,136.83202,2014-07-13T00:00:00Z,PRESENT,Fauna Atlas N.T.,Acraea terpsicore
1408,c6ab069c-16ac-48e3-afed-3590f8475418,Acraea terpsicore,https://biodiversity.org.au/afd/taxa/ba632bea-a7b4-4b60-bf89-d63128cad841,-19.816184,146.091672,2019-08-07T08:08:00Z,PRESENT,iNaturalist Australia,Acraea terpsicore
1409,c6df2097-8da4-4ec5-a3da-17f12b3cb8e0,Acraea terpsicore,https://biodiversity.org.au/afd/taxa/ba632bea-a7b4-4b60-bf89-d63128cad841,-12.90845,131.64551,2013-01-27T00:00:00Z,PRESENT,Fauna Atlas N.T.,Acraea terpsicore
1410,c710674c-2d3d-49f6-9e22-d750195a1303,Acraea terpsicore,https://biodiversity.org.au/afd/taxa/ba632bea-a7b4-4b60-bf89-d63128cad841,-18.3118,143.7768,2021-05-29T11:15:00Z,PRESENT,Butterflies Australia,Acraea terpsicore
1411,c71d441f-864d-442d-aa2b-a4e1cc9b9f63,Acraea terpsicore,https://biodiversity.org.au/afd/taxa/ba632bea-a7b4-4b60-bf89-d63128cad841,-19.207633,146.741807,2021-05-16T14:43:00Z,PRESENT,iNaturalist Australia,Acraea terpsicore
1412,c76c9c21-522a-4afa-9b16-02fdd531878d,Acraea terpsicore,https://biodiversity.org.au/afd/taxa/ba632bea-a7b4-4b60-bf89-d63128cad841,-18.9307,144.4932,2022-09-21T02:15:00Z,PRESENT,Butterflies Australia,Acraea terpsicore
1413,c7713357-4098-43b2-92b4-5b9ebaa08789,Acraea terpsicore,https://biodiversity.org.au/afd/taxa/ba632bea-a7b4-4b60-bf89-d63128cad841,-14.314736,132.42192,2023-02-14T16:31:00Z,PRESENT,iNaturalist Australia,Acraea terpsicore
1414,c78623fd-9f4f-47ea-8388-68d44c95617e,Acraea terpsicore,https://biodiversity.org.au/afd/taxa/ba632bea-a7b4-4b60-bf89-d63128cad841,-12.41333,130.92194,2013-01-21T00:00:00Z,PRESENT,Fauna Atlas N.T.,Acraea terpsicore
1415,c78ec5c0-cf49-444f-9ab0-5c5ca4a20b48,Acraea terpsicore,https://biodiversity.org.au/afd/taxa/ba632bea-a7b4-4b60-bf89-d63128cad841,-21.693716,146.944605,2025-02-10T10:56:00Z,PRESENT,iNaturalist Australia,Acraea terpsicore
1416,c7970c52-8ac6-404f-a8d7-9a72d294d0aa,Acraea terpsicore,https://biodiversity.org.au/afd/taxa/ba632bea-a7b4-4b60-bf89-d63128cad841,-12.207471,130.891905,2025-05-21T18:37:13Z,PRESENT,iNaturalist Australia,Acraea terpsicore
1417,c7f427d7-55c5-4d7c-bd9e-bc32d32d1004,Acraea terpsicore,https://biodiversity.org.au/afd/taxa/ba632bea-a7b4-4b60-bf89-d63128cad841,-17.338119,145.517411,2025-08-05T15:37:00Z,PRESENT,iNaturalist Australia,Acraea terpsicore
1418,c8367e60-754d-45a3-a427-814ddebba4db,Acraea terpsicore,https://biodiversity.org.au/afd/taxa/ba632bea-a7b4-4b60-bf89-d63128cad841,-19.282002,146.811803,2021-09-01T11:49:00Z,PRESENT,iNaturalist Australia,Acraea terpsicore
1419,c87d99c1-5dd8-404c-8ff5-1eafc0a30d95,Acraea terpsicore,https://biodiversity.org.au/afd/taxa/ba632bea-a7b4-4b60-bf89-d63128cad841,-19.207633,146.741807,2021-05-16T14:58:00Z,PRESENT,iNaturalist Australia,Acraea terpsicore
1420,c88275ce-1da0-42a2-ae62-49fe8105ade4,Acraea terpsicore,https://biodiversity.org.au/afd/taxa/ba632bea-a7b4-4b60-bf89-d63128cad841,-12.433333,130.95,2013-04-08T00:00:00Z,PRESENT,Fauna Atlas N.T.,Acraea terpsicore
1421,c8b5a992-ad08-480b-a0da-94349bc7ea39,Acraea terpsicore,https://biodiversity.org.au/afd/taxa/ba632bea-a7b4-4b60-bf89-d63128cad841,-20.709263,140.502309,2025-07-05T16:00:00Z,PRESENT,iNaturalist Australia,Acraea terpsicore
1422,c8f01611-8e4e-4cac-b71e-bb1ff886c6f0,Acraea terpsicore,https://biodiversity.org.au/afd/taxa/ba632bea-a7b4-4b60-bf89-d63128cad841,-16.9,145.4,2023-06-03T11:20:00Z,PRESENT,Earth Guardians Weekly Feed,Acraea terpsicore
1423,c94ce97b-9596-4b3f-aa2d-5ebe7da63958,Acraea terpsicore,https://biodiversity.org.au/afd/taxa/ba632bea-a7b4-4b60-bf89-d63128cad841,-21.3,149.2,2021-12-20T11:38:00Z,PRESENT,Earth Guardians Weekly Feed,Acraea terpsicore
1424,c973f244-c653-4558-b7d7-c77abce8c3c6,Acraea terpsicore,https://biodiversity.org.au/afd/taxa/ba632bea-a7b4-4b60-bf89-d63128cad841,-25.68278,152.214093,2025-06-01T07:47:35Z,PRESENT,iNaturalist Australia,Acraea terpsicore
1425,c979d0a4-7f03-44ff-b2d5-79384dfcf2b8,Acraea terpsicore,https://biodiversity.org.au/afd/taxa/ba632bea-a7b4-4b60-bf89-d63128cad841,-15.7,128.7,2021-01-30T09:09:00Z,PRESENT,Earth Guardians Weekly Feed,Acraea terpsicore
1426,c9a80c8e-9eb1-4bf8-bee7-5b4d172d7eaf,Acraea terpsicore,https://biodiversity.org.au/afd/taxa/ba632bea-a7b4-4b60-bf89-d63128cad841,-14.15535,136.42044,2021-06-17T00:00:00Z,PRESENT,Northern Territory Museum and Art Gallery provider for OZCAM,Acraea terpsicore
1427,c9ad59b9-d85d-4b6c-b03b-9c46bbf90206,Acraea terpsicore,https://biodiversity.org.au/afd/taxa/ba632bea-a7b4-4b60-bf89-d63128cad841,-13.795672,131.594208,2016-04-01T00:00:00Z,PRESENT,Fauna Atlas N.T.,Acraea terpsicore
1428,c9f08661-b6b5-47e9-a52c-5c4ad00e9e6a,Acraea terpsicore,https://biodiversity.org.au/afd/taxa/ba632bea-a7b4-4b60-bf89-d63128cad841,-17.111672,145.683266,2021-03-26T12:22:00Z,PRESENT,iNaturalist Australia,Acraea terpsicore
1429,c9fd1213-1536-4776-ad74-99af645cd71d,Acraea terpsicore,https://biodiversity.org.au/afd/taxa/ba632bea-a7b4-4b60-bf89-d63128cad841,-19.34161,146.743205,2017-06-07T16:38:00Z,PRESENT,iNaturalist Australia,Acraea terpsicore
1430,ca0680c3-b13d-4568-bc83-04ab535c1dbe,Acraea terpsicore,https://biodiversity.org.au/afd/taxa/ba632bea-a7b4-4b60-bf89-d63128cad841,-19.343154,146.729399,2019-06-26T15:04:00Z,PRESENT,iNaturalist Australia,Acraea terpsicore
1431,ca605041-b33d-4965-834b-2cfb40477f37,Acraea terpsicore,https://biodiversity.org.au/afd/taxa/ba632bea-a7b4-4b60-bf89-d63128cad841,-16.521826,144.898614,2022-07-12T00:00:00Z,PRESENT,iNaturalist Australia,Acraea terpsicore
1432,ca75cfbf-b362-493e-b9c2-4f5e0423aa35,Acraea terpsicore,https://biodiversity.org.au/afd/taxa/ba632bea-a7b4-4b60-bf89-d63128cad841,-21.134643,148.528218,2024-10-06T09:10:00Z,PRESENT,iNaturalist Australia,Acraea terpsicore
1433,ca7afe68-68db-468a-8bfb-c2473f053805,Acraea terpsicore,https://biodiversity.org.au/afd/taxa/ba632bea-a7b4-4b60-bf89-d63128cad841,-16.747602,145.66216,2021-09-21T10:50:00Z,PRESENT,iNaturalist Australia,Acraea terpsicore
1434,ca84aa58-9c3c-4540-a34e-30961e89a131,Acraea terpsicore,https://biodiversity.org.au/afd/taxa/ba632bea-a7b4-4b60-bf89-d63128cad841,-18.273,142.6818,2021-05-29T02:45:00Z,PRESENT,Butterflies Australia,Acraea terpsicore
1435,cae41f1d-f101-4604-bca1-ea4fbf44d4a6,Acraea terpsicore,https://biodiversity.org.au/afd/taxa/ba632bea-a7b4-4b60-bf89-d63128cad841,-22.345367,149.517778,2025-05-04T13:09:00Z,PRESENT,iNaturalist Australia,Acraea terpsicore
1436,caef3904-ac25-4440-84c0-fbeba1ea3d3b,Acraea terpsicore,https://biodiversity.org.au/afd/taxa/ba632bea-a7b4-4b60-bf89-d63128cad841,-19.320461,146.759065,2021-06-18T12:39:19Z,PRESENT,iNaturalist Australia,Acraea terpsicore
1437,caf283de-f395-4382-8a9d-1424febc4e6b,Acraea terpsicore,https://biodiversity.org.au/afd/taxa/ba632bea-a7b4-4b60-bf89-d63128cad841,-17.290816,145.474732,2017-05-12T00:00:00Z,PRESENT,BowerBird,Acraea terpsicore
1438,cb557fc9-b0e5-4eb4-9fff-163b488add32,Acraea terpsicore,https://biodiversity.org.au/afd/taxa/ba632bea-a7b4-4b60-bf89-d63128cad841,-17.73836,141.03753,2023-08-18T11:49:00Z,PRESENT,Butterflies Australia,Acraea terpsicore
1439,cb8e8566-3629-4d06-97e3-9e769d071806,Acraea terpsicore,https://biodiversity.org.au/afd/taxa/ba632bea-a7b4-4b60-bf89-d63128cad841,-18.496958,143.32048,2025-06-10T17:25:13Z,PRESENT,iNaturalist Australia,Acraea terpsicore
1440,cb8f7dec-54d7-413c-a671-e5a8fcd0bd40,Acraea terpsicore,https://biodiversity.org.au/afd/taxa/ba632bea-a7b4-4b60-bf89-d63128cad841,-13.49623,131.03572,2014-03-22T00:00:00Z,PRESENT,Fauna Atlas N.T.,Acraea terpsicore
1441,cbe51700-a0d9-4e25-b24a-b597b25f9d6a,Acraea terpsicore,https://biodiversity.org.au/afd/taxa/ba632bea-a7b4-4b60-bf89-d63128cad841,-30.176903,153.191928,2022-05-03T15:57:00Z,PRESENT,iNaturalist Australia,Acraea terpsicore
1442,cc3abf7f-4f38-4aa7-875c-2e1b8ba9314e,Acraea terpsicore,https://biodiversity.org.au/afd/taxa/ba632bea-a7b4-4b60-bf89-d63128cad841,-15.766667,128.733333,2013-08-05T00:00:00Z,PRESENT,Fauna Atlas N.T.,Acraea terpsicore
1443,cc4a5480-b581-4ec0-a911-566c2b95ed95,Acraea terpsicore,https://biodiversity.org.au/afd/taxa/ba632bea-a7b4-4b60-bf89-d63128cad841,-14.182983,132.038188,2025-04-26T14:14:00Z,PRESENT,iNaturalist Australia,Acraea terpsicore
1444,cc5e52b1-e7f0-4ddc-b4dc-d4c61ca4e96d,Acraea terpsicore,https://biodiversity.org.au/afd/taxa/ba632bea-a7b4-4b60-bf89-d63128cad841,-15.766667,128.733333,2013-08-05T00:00:00Z,PRESENT,Fauna Atlas N.T.,Acraea terpsicore
1445,cc9e37df-cb3f-4552-aedb-9cf0be4f6a65,Acraea terpsicore,https://biodiversity.org.au/afd/taxa/ba632bea-a7b4-4b60-bf89-d63128cad841,-19.259557,146.806312,2023-09-08T11:51:00Z,PRESENT,iNaturalist Australia,Acraea terpsicore
1446,cca41f80-efaa-428f-98b4-20aa01b42c07,Acraea terpsicore,https://biodiversity.org.au/afd/taxa/ba632bea-a7b4-4b60-bf89-d63128cad841,-27.530788,153.141358,2022-12-25T14:35:59Z,PRESENT,iNaturalist Australia,Acraea terpsicore
1447,cca70719-f445-48ab-8ccf-de13f2e27bf4,Acraea terpsicore,https://biodiversity.org.au/afd/taxa/ba632bea-a7b4-4b60-bf89-d63128cad841,-27.483194,152.955723,2025-04-06T11:18:00Z,PRESENT,iNaturalist Australia,Acraea terpsicore
1448,cca8da65-14eb-4a7f-bc42-78b319700ca1,Acraea terpsicore,https://biodiversity.org.au/afd/taxa/ba632bea-a7b4-4b60-bf89-d63128cad841,-19.205819,146.754932,2017-04-05T11:38:00Z,PRESENT,iNaturalist Australia,Acraea terpsicore
1449,ccb7bae8-932b-43f7-97c9-100b8a2a7b40,Acraea terpsicore,https://biodiversity.org.au/afd/taxa/ba632bea-a7b4-4b60-bf89-d63128cad841,-17.74992,138.4816,2023-09-11T14:04:00Z,PRESENT,Butterflies Australia,Acraea terpsicore
1450,ccc295b2-fe92-4e6e-aeac-1973b28cd867,Acraea terpsicore,https://biodiversity.org.au/afd/taxa/ba632bea-a7b4-4b60-bf89-d63128cad841,-20.701987,139.496667,2023-01-14T16:20:42Z,PRESENT,iNaturalist Australia,Acraea terpsicore
1451,cccc1dad-cd20-40ad-85d3-f78d5439590f,Acraea terpsicore,https://biodiversity.org.au/afd/taxa/ba632bea-a7b4-4b60-bf89-d63128cad841,-22.349479,149.521256,2024-11-27T07:46:00Z,PRESENT,iNaturalist Australia,Acraea terpsicore
1452,ce091133-f1f1-473f-846e-0b8be1119238,Acraea terpsicore,https://biodiversity.org.au/afd/taxa/ba632bea-a7b4-4b60-bf89-d63128cad841,-17.15743,144.522558,2024-04-04T09:45:00Z,PRESENT,Butterflies Australia,Acraea terpsicore
1453,ce2a12ce-8f79-4c38-8c8f-ae271729b896,Acraea terpsicore,https://biodiversity.org.au/afd/taxa/ba632bea-a7b4-4b60-bf89-d63128cad841,-19.240336,146.799416,2024-05-24T09:59:00Z,PRESENT,iNaturalist Australia,Acraea terpsicore
1454,ce3b03a8-dd6e-4db2-92b9-26181e4f3ed1,Acraea terpsicore,https://biodiversity.org.au/afd/taxa/ba632bea-a7b4-4b60-bf89-d63128cad841,-19.327605,146.751591,2023-02-21T15:19:00Z,PRESENT,iNaturalist Australia,Acraea terpsicore
1455,ce6781cd-c1dc-42e6-9d4d-9bafcb7e00d4,Acraea terpsicore,https://biodiversity.org.au/afd/taxa/ba632bea-a7b4-4b60-bf89-d63128cad841,-12.41333,130.92194,2013-01-04T00:00:00Z,PRESENT,Fauna Atlas N.T.,Acraea terpsicore
1456,ce75bf8b-f59e-4fe0-aa1a-495de372c0d0,Acraea terpsicore,https://biodiversity.org.au/afd/taxa/ba632bea-a7b4-4b60-bf89-d63128cad841,-27.100348,152.930979,2022-01-04T10:54:00Z,PRESENT,iNaturalist Australia,Acraea terpsicore
1457,cec1d2ce-0b61-4a48-8637-98fc7fc29ee5,Acraea terpsicore,https://biodiversity.org.au/afd/taxa/ba632bea-a7b4-4b60-bf89-d63128cad841,-19.332308,146.753369,2017-08-19T00:00:00Z,PRESENT,BowerBird,Acraea terpsicore
1458,cf0bf82d-572e-47fb-b91d-6d0937597cea,Acraea terpsicore,https://biodiversity.org.au/afd/taxa/ba632bea-a7b4-4b60-bf89-d63128cad841,-17.415091,145.059267,2021-06-06T11:02:00Z,PRESENT,iNaturalist Australia,Acraea terpsicore
1459,cf47c9df-a27a-4198-96cf-c213dc387498,Acraea terpsicore,https://biodiversity.org.au/afd/taxa/ba632bea-a7b4-4b60-bf89-d63128cad841,-16.9,145.7,2023-03-27T13:00:00Z,PRESENT,Earth Guardians Weekly Feed,Acraea terpsicore
1460,cf537df7-3636-4997-8c36-d85727b434e9,Acraea terpsicore,https://biodiversity.org.au/afd/taxa/ba632bea-a7b4-4b60-bf89-d63128cad841,-12.432945,130.944804,2023-02-11T07:24:00Z,PRESENT,iNaturalist Australia,Acraea terpsicore
1461,cfc00e67-a84b-41ad-b011-91b523ef7fed,Acraea terpsicore,https://biodiversity.org.au/afd/taxa/ba632bea-a7b4-4b60-bf89-d63128cad841,-12.41333,130.92194,2013-01-04T00:00:00Z,PRESENT,Fauna Atlas N.T.,Acraea terpsicore
1462,cfcc1db0-4f04-422d-924f-c34ae8a1a277,Acraea terpsicore,https://biodiversity.org.au/afd/taxa/ba632bea-a7b4-4b60-bf89-d63128cad841,-16.446255,123.027981,2025-02-07T15:54:58Z,PRESENT,iNaturalist Australia,Acraea terpsicore
1463,cfd1869d-f451-43db-92d0-c4106cbfeaef,Acraea terpsicore,https://biodiversity.org.au/afd/taxa/ba632bea-a7b4-4b60-bf89-d63128cad841,-14.08263,136.4314,2021-06-17T00:00:00Z,PRESENT,Northern Territory Museum and Art Gallery provider for OZCAM,Acraea terpsicore
1464,d07007e4-b59a-4bd4-834c-fda39693db2c,Acraea terpsicore,https://biodiversity.org.au/afd/taxa/ba632bea-a7b4-4b60-bf89-d63128cad841,-20.925833,149.015055,2021-06-21T11:01:00Z,PRESENT,iNaturalist Australia,Acraea terpsicore
1465,d07bf9af-e76d-45a5-93db-cf142e67b078,Acraea terpsicore,https://biodiversity.org.au/afd/taxa/ba632bea-a7b4-4b60-bf89-d63128cad841,-18.73018,146.29125,2025-09-25T00:04:00Z,PRESENT,Butterflies Australia,Acraea terpsicore
1466,d0a709e3-b870-4647-9563-e3df6820d43f,Acraea terpsicore,https://biodiversity.org.au/afd/taxa/ba632bea-a7b4-4b60-bf89-d63128cad841,-18.131857,144.426191,2025-05-19T08:58:26Z,PRESENT,iNaturalist Australia,Acraea terpsicore
1467,d0b87303-d905-475c-8b52-c9305a09da24,Acraea terpsicore,https://biodiversity.org.au/afd/taxa/ba632bea-a7b4-4b60-bf89-d63128cad841,-12.566667,131.25,2013-02-12T00:00:00Z,PRESENT,Fauna Atlas N.T.,Acraea terpsicore
1468,d0bdc270-4088-4041-8a74-b8ec40e1af23,Acraea terpsicore,https://biodiversity.org.au/afd/taxa/ba632bea-a7b4-4b60-bf89-d63128cad841,-19.263338,146.805633,2025-04-11T12:14:31Z,PRESENT,iNaturalist Australia,Acraea terpsicore
1469,d0ec66a8-1c15-4ce6-a852-92b64d377567,Acraea terpsicore,https://biodiversity.org.au/afd/taxa/ba632bea-a7b4-4b60-bf89-d63128cad841,-15.68333,128.68333,2013-05-12T00:00:00Z,PRESENT,Fauna Atlas N.T.,Acraea terpsicore
1470,d110c6e6-c82f-4e1f-b7c1-9ef6511b4090,Acraea terpsicore,https://biodiversity.org.au/afd/taxa/ba632bea-a7b4-4b60-bf89-d63128cad841,-12.41333,130.92194,2013-01-25T00:00:00Z,PRESENT,Fauna Atlas N.T.,Acraea terpsicore
1471,d12338b5-f36b-4572-adac-44dcd0ebb2e1,Acraea terpsicore,https://biodiversity.org.au/afd/taxa/ba632bea-a7b4-4b60-bf89-d63128cad841,-19.333853,146.74388,2024-07-25T13:50:07Z,PRESENT,iNaturalist Australia,Acraea terpsicore
1472,d1a784f0-e582-42d2-b8f6-ee1333624ef5,Acraea terpsicore,https://biodiversity.org.au/afd/taxa/ba632bea-a7b4-4b60-bf89-d63128cad841,-19.27602,147.03438,2023-05-08T00:00:00Z,PRESENT,WildNet - Queensland Wildlife Data,Acraea terpsicore
1473,d1c7ece5-1826-48dc-8e40-bb022ce08d3f,Acraea terpsicore,https://biodiversity.org.au/afd/taxa/ba632bea-a7b4-4b60-bf89-d63128cad841,-25.403763,152.903694,2024-02-24T08:27:00Z,PRESENT,iNaturalist Australia,Acraea terpsicore
1474,d1d354e2-0aea-41e2-93b4-28c88cf61562,Acraea terpsicore,https://biodiversity.org.au/afd/taxa/ba632bea-a7b4-4b60-bf89-d63128cad841,-19.552836,145.756504,2019-08-08T11:05:00Z,PRESENT,iNaturalist Australia,Acraea terpsicore
1475,d1e5a97e-3dd7-4c08-8edb-edf619b41df7,Acraea terpsicore,https://biodiversity.org.au/afd/taxa/ba632bea-a7b4-4b60-bf89-d63128cad841,-16.658,145.263,2021-04-18T10:15:00Z,PRESENT,Butterflies Australia,Acraea terpsicore
1476,d215bc5e-2bc5-4b98-8602-7edbe01fddf6,Acraea terpsicore,https://biodiversity.org.au/afd/taxa/ba632bea-a7b4-4b60-bf89-d63128cad841,-14.17739,132.191276,2019-04-28T10:11:00Z,PRESENT,iNaturalist Australia,Acraea terpsicore
1477,d229b839-fbb6-4eba-a274-734bd1d1b49c,Acraea terpsicore,https://biodiversity.org.au/afd/taxa/ba632bea-a7b4-4b60-bf89-d63128cad841,-27.485605,152.954097,2026-01-28T11:35:00Z,PRESENT,iNaturalist Australia,Acraea terpsicore
1478,d264d740-100a-47dc-bf06-d135dd4db6c2,Acraea terpsicore,https://biodiversity.org.au/afd/taxa/ba632bea-a7b4-4b60-bf89-d63128cad841,-19.168645,146.84745,2022-07-11T12:44:00Z,PRESENT,iNaturalist Australia,Acraea terpsicore
1479,d2658cae-43c4-4f8f-b56f-91ac291acedc,Acraea terpsicore,https://biodiversity.org.au/afd/taxa/ba632bea-a7b4-4b60-bf89-d63128cad841,-20.638308,147.856047,2025-07-23T11:55:53Z,PRESENT,iNaturalist Australia,Acraea terpsicore
1480,d2fde963-c6f6-488f-b840-61511a439f5d,Acraea terpsicore,https://biodiversity.org.au/afd/taxa/ba632bea-a7b4-4b60-bf89-d63128cad841,-19.1895,146.77373,2017-07-17T00:00:00Z,PRESENT,WildNet - Queensland Wildlife Data,Acraea terpsicore
1481,d35af019-3250-45a8-9cbd-114dfb7a2095,Acraea terpsicore,https://biodiversity.org.au/afd/taxa/ba632bea-a7b4-4b60-bf89-d63128cad841,-19.260124,146.809458,2025-06-28T14:21:00Z,PRESENT,iNaturalist Australia,Acraea terpsicore
1482,d368e2e6-505d-4664-ba4f-50943e386610,Acraea terpsicore,https://biodiversity.org.au/afd/taxa/ba632bea-a7b4-4b60-bf89-d63128cad841,-19.29395,147.02626,2023-05-08T00:00:00Z,PRESENT,WildNet - Queensland Wildlife Data,Acraea terpsicore
1483,d3725208-7320-4c3c-9e3a-b7e04fe6a83b,Acraea terpsicore,https://biodiversity.org.au/afd/taxa/ba632bea-a7b4-4b60-bf89-d63128cad841,-19.333536,146.754471,2017-04-26T16:47:00Z,PRESENT,iNaturalist Australia,Acraea terpsicore
1484,d3757d4a-21a6-404e-8e25-5f51645868e9,Acraea terpsicore,https://biodiversity.org.au/afd/taxa/ba632bea-a7b4-4b60-bf89-d63128cad841,-14.95306,133.22324,2015-04-05T00:00:00Z,PRESENT,Fauna Atlas N.T.,Acraea terpsicore
1485,d3818959-7c8f-4589-a84c-302329fdefe6,Acraea terpsicore,https://biodiversity.org.au/afd/taxa/ba632bea-a7b4-4b60-bf89-d63128cad841,-13.293694,132.335175,2024-12-24T10:41:00Z,PRESENT,iNaturalist Australia,Acraea terpsicore
1486,d38fd3ab-8878-409e-90af-f78aca932463,Acraea terpsicore,https://biodiversity.org.au/afd/taxa/ba632bea-a7b4-4b60-bf89-d63128cad841,-22.481254,143.172076,2025-09-30T13:56:50Z,PRESENT,iNaturalist Australia,Acraea terpsicore
1487,d39df117-5ae0-4ce0-825b-0ae8102b84f1,Acraea terpsicore,https://biodiversity.org.au/afd/taxa/ba632bea-a7b4-4b60-bf89-d63128cad841,-19.203,146.7394,2025-06-06T09:47:00Z,PRESENT,iNaturalist Australia,Acraea terpsicore
1488,d3c8b3b4-2089-4443-9888-ea9bf9d41278,Acraea terpsicore,https://biodiversity.org.au/afd/taxa/ba632bea-a7b4-4b60-bf89-d63128cad841,-12.468333,130.967778,2013-02-13T00:00:00Z,PRESENT,Fauna Atlas N.T.,Acraea terpsicore
1489,d3cdecab-14c6-47f8-9ce3-25f76f21c72a,Acraea terpsicore,https://biodiversity.org.au/afd/taxa/ba632bea-a7b4-4b60-bf89-d63128cad841,-19.19019,146.773595,2025-04-16T16:32:00Z,PRESENT,iNaturalist Australia,Acraea terpsicore
1490,d4168de0-cd78-4299-abaf-5fbbc465c5e6,Acraea terpsicore,https://biodiversity.org.au/afd/taxa/ba632bea-a7b4-4b60-bf89-d63128cad841,-17.44326,140.84228,2023-08-16T03:03:00Z,PRESENT,Butterflies Australia,Acraea terpsicore
1491,d42687ef-4682-4e70-81b7-710fd6df256a,Acraea terpsicore,https://biodiversity.org.au/afd/taxa/ba632bea-a7b4-4b60-bf89-d63128cad841,-13.822692,131.834423,2023-05-13T10:53:00Z,PRESENT,iNaturalist Australia,Acraea terpsicore
1492,d42f0da0-bbef-49d4-9a96-a2b5382908ea,Acraea terpsicore,https://biodiversity.org.au/afd/taxa/ba632bea-a7b4-4b60-bf89-d63128cad841,-18.5943,143.5978,2021-01-14T08:45:00Z,PRESENT,Butterflies Australia,Acraea terpsicore
1493,d448c16f-543c-4db2-ad89-84b1bc1a4d7a,Acraea terpsicore,https://biodiversity.org.au/afd/taxa/ba632bea-a7b4-4b60-bf89-d63128cad841,-17.3721,145.3159,2023-05-01T11:00:00Z,PRESENT,Butterflies Australia,Acraea terpsicore
1494,d45377fa-a5e0-4633-b847-fb00a926187f,Acraea terpsicore,https://biodiversity.org.au/afd/taxa/ba632bea-a7b4-4b60-bf89-d63128cad841,-16.841919999999998,145.73999,2022-02-28T13:14:00Z,PRESENT,Butterflies Australia,Acraea terpsicore
1495,d4dd9cb2-ae24-4375-9849-278c870c3a51,Acraea terpsicore,https://biodiversity.org.au/afd/taxa/ba632bea-a7b4-4b60-bf89-d63128cad841,-19.203138,146.739638,2025-05-11T14:22:37Z,PRESENT,iNaturalist Australia,Acraea terpsicore
1496,d58e5cfc-f595-4e8f-b0c3-049e21d08ed3,Acraea terpsicore,https://biodiversity.org.au/afd/taxa/ba632bea-a7b4-4b60-bf89-d63128cad841,-14.46667,132.26667,2013-06-08T00:00:00Z,PRESENT,Fauna Atlas N.T.,Acraea terpsicore
1497,d666e515-0882-4ecf-9d60-91109e5a0164,Acraea terpsicore,https://biodiversity.org.au/afd/taxa/ba632bea-a7b4-4b60-bf89-d63128cad841,-27.48562,152.95412,2022-01-09T13:07:00Z,PRESENT,Butterflies Australia,Acraea terpsicore
1498,d6cad9d6-40f6-44b9-b686-76c01a7957a7,Acraea terpsicore,https://biodiversity.org.au/afd/taxa/ba632bea-a7b4-4b60-bf89-d63128cad841,-20.35373,144.466047,2019-08-18T15:40:00Z,PRESENT,Earth Guardians Weekly Feed,Acraea terpsicore
1499,d706e7d2-7fee-4926-a749-a59862a65d7a,Acraea terpsicore,https://biodiversity.org.au/afd/taxa/ba632bea-a7b4-4b60-bf89-d63128cad841,-14.5,132.2,2021-02-21T00:43:00Z,PRESENT,Earth Guardians Weekly Feed,Acraea terpsicore
1500,d7491feb-92a5-4de1-bcfe-e1ede823d473,Acraea terpsicore,https://biodiversity.org.au/afd/taxa/ba632bea-a7b4-4b60-bf89-d63128cad841,-10.578713,142.226696,2025-04-27T20:43:54Z,PRESENT,iNaturalist Australia,Acraea terpsicore
1501,d75c49bc-9dc2-4093-92b4-6ef56dc1d8dc,Acraea terpsicore,https://biodiversity.org.au/afd/taxa/ba632bea-a7b4-4b60-bf89-d63128cad841,-18.03444,143.80417,2017-05-08T00:00:00Z,PRESENT,Queensland Museum provider for OZCAM,Acraea terpsicore
1502,d784fc22-c427-43fb-aa12-f12b36fe5b7d,Acraea terpsicore,https://biodiversity.org.au/afd/taxa/ba632bea-a7b4-4b60-bf89-d63128cad841,-17.45122,140.8384,2023-08-15T03:30:00Z,PRESENT,Butterflies Australia,Acraea terpsicore
1503,d79acba1-f54b-4b59-a4e4-1964fed4f6f6,Acraea terpsicore,https://biodiversity.org.au/afd/taxa/ba632bea-a7b4-4b60-bf89-d63128cad841,-12.35098,130.904277,2022-07-07T12:59:00Z,PRESENT,Butterflies Australia,Acraea terpsicore
1504,d7b5e8bc-94b6-40a8-91f7-0fce474df118,Acraea terpsicore,https://biodiversity.org.au/afd/taxa/ba632bea-a7b4-4b60-bf89-d63128cad841,-12.433333,130.95,2013-12-04T00:00:00Z,PRESENT,Fauna Atlas N.T.,Acraea terpsicore
1505,d7c6032f-1ccc-4ac3-8940-b2840e7ec204,Acraea terpsicore,https://biodiversity.org.au/afd/taxa/ba632bea-a7b4-4b60-bf89-d63128cad841,-12.40277,130.92386,2013-01-03T00:00:00Z,PRESENT,Fauna Atlas N.T.,Acraea terpsicore
1506,d7e25400-5cb5-4d43-a4df-744b36d067d4,Acraea terpsicore,https://biodiversity.org.au/afd/taxa/ba632bea-a7b4-4b60-bf89-d63128cad841,-17.671814,141.072546,2023-06-22T14:14:00Z,PRESENT,iNaturalist Australia,Acraea terpsicore
1507,d8007e89-bf64-4054-9721-916437157b90,Acraea terpsicore,https://biodiversity.org.au/afd/taxa/ba632bea-a7b4-4b60-bf89-d63128cad841,-16.8,137,2022-08-15T14:42:00Z,PRESENT,Earth Guardians Weekly Feed,Acraea terpsicore
1508,d8273968-b3e1-4cf1-b724-6608a848dee2,Acraea terpsicore,https://biodiversity.org.au/afd/taxa/ba632bea-a7b4-4b60-bf89-d63128cad841,-26.62041,153.065417,2023-04-20T10:30:00Z,PRESENT,Butterflies Australia,Acraea terpsicore
1509,d829791a-78df-4970-a337-b6e4f21fc4de,Acraea terpsicore,https://biodiversity.org.au/afd/taxa/ba632bea-a7b4-4b60-bf89-d63128cad841,-12.395397000000001,130.930794,2025-01-08T13:21:00Z,PRESENT,iNaturalist Australia,Acraea terpsicore
1510,d83013dc-1a22-4f47-a7eb-9c2027b60e9f,Acraea terpsicore,https://biodiversity.org.au/afd/taxa/ba632bea-a7b4-4b60-bf89-d63128cad841,-17.149917,144.522797,2025-07-12T09:05:40Z,PRESENT,iNaturalist Australia,Acraea terpsicore
1511,d885b449-c8ed-4bd4-b04a-9a150cf8e485,Acraea terpsicore,https://biodiversity.org.au/afd/taxa/ba632bea-a7b4-4b60-bf89-d63128cad841,-19.196357,146.768698,2024-04-23T08:47:31Z,PRESENT,iNaturalist Australia,Acraea terpsicore
1512,d88ef96e-f923-4cb0-a36d-74a3352b36d6,Acraea terpsicore,https://biodiversity.org.au/afd/taxa/ba632bea-a7b4-4b60-bf89-d63128cad841,-17.093282,144.39551,2026-02-11T09:30:00Z,PRESENT,Butterflies Australia,Acraea terpsicore
1513,d8a1e704-4187-4c79-87b6-96c4d61631de,Acraea terpsicore,https://biodiversity.org.au/afd/taxa/ba632bea-a7b4-4b60-bf89-d63128cad841,-19.342278,146.743087,2017-06-07T00:00:00Z,PRESENT,BowerBird,Acraea terpsicore
1514,d8cc7f2b-6c45-4c3b-95d7-ec732797ebf0,Acraea terpsicore,https://biodiversity.org.au/afd/taxa/ba632bea-a7b4-4b60-bf89-d63128cad841,-18.06165,143.82501,2017-02-22T00:00:00Z,PRESENT,WildNet - Queensland Wildlife Data,Acraea terpsicore
1515,d8f3c2b4-854f-4cc2-9a60-a4eb6d407384,Acraea terpsicore,https://biodiversity.org.au/afd/taxa/ba632bea-a7b4-4b60-bf89-d63128cad841,-12.451297,130.825372,2025-04-26T16:15:00Z,PRESENT,iNaturalist Australia,Acraea terpsicore
1516,d8f6bfc2-4621-473f-936d-53c5dace79fa,Acraea terpsicore,https://biodiversity.org.au/afd/taxa/ba632bea-a7b4-4b60-bf89-d63128cad841,-21.3,149.1,2023-01-25T10:31:46Z,PRESENT,Earth Guardians Weekly Feed,Acraea terpsicore
1517,d91643ee-0266-4c12-8984-ffe0ccb40592,Acraea terpsicore,https://biodiversity.org.au/afd/taxa/ba632bea-a7b4-4b60-bf89-d63128cad841,-18.1584,142.2189,2021-05-31T11:45:00Z,PRESENT,Butterflies Australia,Acraea terpsicore
1518,d93f10a6-ddd4-4594-84d3-91410730a918,Acraea terpsicore,https://biodiversity.org.au/afd/taxa/ba632bea-a7b4-4b60-bf89-d63128cad841,-21.3,149.2,2023-12-14T06:49:00Z,PRESENT,Earth Guardians Weekly Feed,Acraea terpsicore
1519,d94d954b-9721-450c-84c4-b32ef1ff4087,Acraea terpsicore,https://biodiversity.org.au/afd/taxa/ba632bea-a7b4-4b60-bf89-d63128cad841,-13.49623,131.03572,2015-03-19T00:00:00Z,PRESENT,Fauna Atlas N.T.,Acraea terpsicore
1520,d94ffd8c-a219-486c-a7c6-8cbbf4232b21,Acraea terpsicore,https://biodiversity.org.au/afd/taxa/ba632bea-a7b4-4b60-bf89-d63128cad841,-24.153899,151.88562,2025-08-05T09:15:00Z,PRESENT,iNaturalist Australia,Acraea terpsicore
1521,d9573ae9-7b76-42cc-8ad1-4e2d6a7f0617,Acraea terpsicore,https://biodiversity.org.au/afd/taxa/ba632bea-a7b4-4b60-bf89-d63128cad841,-15.796639,131.034056,2015-06-04T00:00:00Z,PRESENT,Fauna Atlas N.T.,Acraea terpsicore
1522,d95c9551-262c-4c9b-8d1a-608480fbf6c1,Acraea terpsicore,https://biodiversity.org.au/afd/taxa/ba632bea-a7b4-4b60-bf89-d63128cad841,-17.975116,122.344946,2025-04-27T13:04:00Z,PRESENT,iNaturalist Australia,Acraea terpsicore
1523,d9908074-7d15-4372-a124-2635ea205a4d,Acraea terpsicore,https://biodiversity.org.au/afd/taxa/ba632bea-a7b4-4b60-bf89-d63128cad841,-19.259872,146.8078,2022-07-17T11:39:32Z,PRESENT,iNaturalist Australia,Acraea terpsicore
1524,d9cfe769-4957-428c-b1e0-5ed60c6ca957,Acraea terpsicore,https://biodiversity.org.au/afd/taxa/ba632bea-a7b4-4b60-bf89-d63128cad841,-14.84944,144.167807,2022-07-08T10:18:00Z,PRESENT,iNaturalist Australia,Acraea terpsicore
1525,d9e45ba3-b6ca-4bbb-9c42-33e1fcf7e21e,Acraea terpsicore,https://biodiversity.org.au/afd/taxa/ba632bea-a7b4-4b60-bf89-d63128cad841,-19.230255,146.76636,2017-04-13T14:00:00Z,PRESENT,ALA species sightings and OzAtlas,Acraea terpsicore
1526,d9f5457d-7c2e-473b-a82c-3b619eec9315,Acraea terpsicore,https://biodiversity.org.au/afd/taxa/ba632bea-a7b4-4b60-bf89-d63128cad841,-17.469056,144.620722,2020-07-12T15:14:00Z,PRESENT,iNaturalist Australia,Acraea terpsicore
1527,da0c6620-d8d4-41b5-8886-4845c96d65b3,Acraea terpsicore,https://biodiversity.org.au/afd/taxa/ba632bea-a7b4-4b60-bf89-d63128cad841,-17.050606,145.540475,2021-07-04T12:32:00Z,PRESENT,iNaturalist Australia,Acraea terpsicore
1528,da1c857b-57f2-4a3e-8613-c8f2a7a36e0c,Acraea terpsicore,https://biodiversity.org.au/afd/taxa/ba632bea-a7b4-4b60-bf89-d63128cad841,-16.577304,145.18311,2018-09-18T14:12:00Z,PRESENT,iNaturalist Australia,Acraea terpsicore
1529,da20e09a-ab83-4297-afa7-f38dbfeb8ae7,Acraea terpsicore,https://biodiversity.org.au/afd/taxa/ba632bea-a7b4-4b60-bf89-d63128cad841,-18.183458,142.265047,2022-07-18T12:45:00Z,PRESENT,iNaturalist Australia,Acraea terpsicore
1530,dabc5351-b833-4934-8c52-afcd95374c5a,Acraea terpsicore,https://biodiversity.org.au/afd/taxa/ba632bea-a7b4-4b60-bf89-d63128cad841,-18.14259,144.328905,2025-05-22T12:58:00Z,PRESENT,iNaturalist Australia,Acraea terpsicore
1531,daed5821-4a18-4302-8805-2c2b2c8359da,Acraea terpsicore,https://biodiversity.org.au/afd/taxa/ba632bea-a7b4-4b60-bf89-d63128cad841,-18.14999,143.96667,2017-02-22T00:00:00Z,PRESENT,WildNet - Queensland Wildlife Data,Acraea terpsicore
1532,db0f6eb2-54af-4afa-9bf9-2b43dcea7daf,Acraea terpsicore,https://biodiversity.org.au/afd/taxa/ba632bea-a7b4-4b60-bf89-d63128cad841,-19.217936,146.755049,2022-01-25T09:01:00Z,PRESENT,iNaturalist Australia,Acraea terpsicore
1533,db37b9ac-abc1-4f9d-acd9-86fbd0809979,Acraea terpsicore,https://biodiversity.org.au/afd/taxa/ba632bea-a7b4-4b60-bf89-d63128cad841,-16.95398,144.27035,2025-06-09T11:50:00Z,PRESENT,Butterflies Australia,Acraea terpsicore
1534,db49dbb7-91da-46e8-8a03-68ba54c2038b,Acraea terpsicore,https://biodiversity.org.au/afd/taxa/ba632bea-a7b4-4b60-bf89-d63128cad841,-19.335125,146.754562,2021-06-20T18:19:00Z,PRESENT,iNaturalist Australia,Acraea terpsicore
1535,db99a9c9-aa9e-4334-b98e-54a63351f2bd,Acraea terpsicore,https://biodiversity.org.au/afd/taxa/ba632bea-a7b4-4b60-bf89-d63128cad841,-19.210512,146.768448,2025-06-16T10:50:00Z,PRESENT,iNaturalist Australia,Acraea terpsicore
1536,dba5c9fa-6e9b-45e8-8a0f-e90565d39d35,Acraea terpsicore,https://biodiversity.org.au/afd/taxa/ba632bea-a7b4-4b60-bf89-d63128cad841,-19.188918,146.674358,2019-06-19T10:24:49Z,PRESENT,iNaturalist Australia,Acraea terpsicore
1537,dba797c2-5a53-4cc8-87d2-f2016d24b660,Acraea terpsicore,https://biodiversity.org.au/afd/taxa/ba632bea-a7b4-4b60-bf89-d63128cad841,-12.41333,130.92194,2013-01-02T00:00:00Z,PRESENT,Fauna Atlas N.T.,Acraea terpsicore
1538,dc48f054-06c4-4670-ba73-eaf52108b28a,Acraea terpsicore,https://biodiversity.org.au/afd/taxa/ba632bea-a7b4-4b60-bf89-d63128cad841,-23.155325,150.457318,2025-05-22T09:41:14Z,PRESENT,iNaturalist Australia,Acraea terpsicore
1539,dc4e5fca-e688-4a06-aeb4-0fe4a8907ff5,Acraea terpsicore,https://biodiversity.org.au/afd/taxa/ba632bea-a7b4-4b60-bf89-d63128cad841,-19.344316,146.598896,2023-05-23T09:23:00Z,PRESENT,iNaturalist Australia,Acraea terpsicore
1540,dc5ff46c-c637-4c4e-a83f-e76888c431e6,Acraea terpsicore,https://biodiversity.org.au/afd/taxa/ba632bea-a7b4-4b60-bf89-d63128cad841,-12.367463,130.909894,2021-06-24T09:36:00Z,PRESENT,iNaturalist Australia,Acraea terpsicore
1541,dc719b4f-8bf4-43d2-a686-29edeee22e78,Acraea terpsicore,https://biodiversity.org.au/afd/taxa/ba632bea-a7b4-4b60-bf89-d63128cad841,-21.132188,148.525623,2024-10-07T10:49:00Z,PRESENT,iNaturalist Australia,Acraea terpsicore
1542,dc9513b9-963f-4e53-acab-ac779498d3b0,Acraea terpsicore,https://biodiversity.org.au/afd/taxa/ba632bea-a7b4-4b60-bf89-d63128cad841,-20.519007,145.400623,2019-08-04T12:52:00Z,PRESENT,iNaturalist Australia,Acraea terpsicore
1543,dca93406-913b-4788-a306-ac0976fba743,Acraea terpsicore,https://biodiversity.org.au/afd/taxa/ba632bea-a7b4-4b60-bf89-d63128cad841,-19.23506,146.76599,2023-11-05T07:23:00Z,PRESENT,iNaturalist Australia,Acraea terpsicore
1544,dcd61cde-9a9b-4a3d-8abf-8a36220d8099,Acraea terpsicore,https://biodiversity.org.au/afd/taxa/ba632bea-a7b4-4b60-bf89-d63128cad841,-12.4114,130.825,2013-02-17T00:00:00Z,PRESENT,Fauna Atlas N.T.,Acraea terpsicore
1545,dd038807-8cfd-4d8b-b005-d82f71925f5e,Acraea terpsicore,https://biodiversity.org.au/afd/taxa/ba632bea-a7b4-4b60-bf89-d63128cad841,-16.80624,145.725301,2021-02-19T11:23:00Z,PRESENT,iNaturalist Australia,Acraea terpsicore
1546,dd2c54c6-e7d6-4b56-9394-29316a2578eb,Acraea terpsicore,https://biodiversity.org.au/afd/taxa/ba632bea-a7b4-4b60-bf89-d63128cad841,-17.3035,123.62601,2025-08-09T07:05:00Z,PRESENT,Butterflies Australia,Acraea terpsicore
1547,dd84c792-beb8-42a8-affc-1daaf33e6fea,Acraea terpsicore,https://biodiversity.org.au/afd/taxa/ba632bea-a7b4-4b60-bf89-d63128cad841,-17.415091,145.059267,2021-06-06T11:10:00Z,PRESENT,iNaturalist Australia,Acraea terpsicore
1548,dda23875-22c5-4fbb-9082-044fc429a9a9,Acraea terpsicore,https://biodiversity.org.au/afd/taxa/ba632bea-a7b4-4b60-bf89-d63128cad841,-19.331778,146.759322,2025-05-06T18:01:52Z,PRESENT,iNaturalist Australia,Acraea terpsicore
1549,ddbe5135-9383-4a84-9ed0-23b777da4632,Acraea terpsicore,https://biodiversity.org.au/afd/taxa/ba632bea-a7b4-4b60-bf89-d63128cad841,-12.395744,130.871855,2013-03-11T00:00:00Z,PRESENT,Fauna Atlas N.T.,Acraea terpsicore
1550,dde4d7b1-a5a0-4ba4-9c6d-70f0bcd05750,Acraea terpsicore,https://biodiversity.org.au/afd/taxa/ba632bea-a7b4-4b60-bf89-d63128cad841,-12.41333,130.92194,2013-06-20T00:00:00Z,PRESENT,Fauna Atlas N.T.,Acraea terpsicore
1551,ddfc798e-5b74-4e3f-8d06-29999af3bccc,Acraea terpsicore,https://biodiversity.org.au/afd/taxa/ba632bea-a7b4-4b60-bf89-d63128cad841,-18.11665,143.96667,2017-02-23T00:00:00Z,PRESENT,WildNet - Queensland Wildlife Data,Acraea terpsicore
1552,de1b7281-b1d5-49ca-8ece-9f0ddab0a1b0,Acraea terpsicore,https://biodiversity.org.au/afd/taxa/ba632bea-a7b4-4b60-bf89-d63128cad841,-20.768882,148.349065,2024-05-17T12:11:43Z,PRESENT,iNaturalist Australia,Acraea terpsicore
1553,de263ef0-f7a4-4ec8-bb33-d43211dcda89,Acraea terpsicore,https://biodiversity.org.au/afd/taxa/ba632bea-a7b4-4b60-bf89-d63128cad841,-13.55332,132.27158,2013-04-16T00:00:00Z,PRESENT,Northern Territory Museum and Art Gallery provider for OZCAM,Acraea terpsicore
1554,de6e4a7b-aded-4ebd-8e44-9135d4c2f213,Acraea terpsicore,https://biodiversity.org.au/afd/taxa/ba632bea-a7b4-4b60-bf89-d63128cad841,-17.00016,145.88355,2025-08-11T01:28:00Z,PRESENT,Butterflies Australia,Acraea terpsicore
1555,de86b07c-a231-4b6d-9879-03ea3ff4acba,Acraea terpsicore,https://biodiversity.org.au/afd/taxa/ba632bea-a7b4-4b60-bf89-d63128cad841,-13.21222,131.1475,2013-01-11T00:00:00Z,PRESENT,Fauna Atlas N.T.,Acraea terpsicore
1556,de951f47-ee81-45d0-b3c6-ab7457497186,Acraea terpsicore,https://biodiversity.org.au/afd/taxa/ba632bea-a7b4-4b60-bf89-d63128cad841,-19.176612,146.551946,2019-09-02T13:02:00Z,PRESENT,iNaturalist Australia,Acraea terpsicore
1557,df0b1863-0374-4122-95a2-4240146b7e19,Acraea terpsicore,https://biodiversity.org.au/afd/taxa/ba632bea-a7b4-4b60-bf89-d63128cad841,-14.46667,132.26667,2013-05-12T00:00:00Z,PRESENT,Fauna Atlas N.T.,Acraea terpsicore
1558,df15f620-26f0-42d2-a0f1-82280eb54335,Acraea terpsicore,https://biodiversity.org.au/afd/taxa/ba632bea-a7b4-4b60-bf89-d63128cad841,-18.655476,146.148739,2022-10-03T08:09:00Z,PRESENT,iNaturalist Australia,Acraea terpsicore
1559,df5deff4-14ec-4f37-96b3-4fb782725939,Acraea terpsicore,https://biodiversity.org.au/afd/taxa/ba632bea-a7b4-4b60-bf89-d63128cad841,-14.611111,132.036111,2013-05-26T00:00:00Z,PRESENT,Fauna Atlas N.T.,Acraea terpsicore
1560,df5e9de2-8c8c-4ab7-9f43-c01aa3be2dcc,Acraea terpsicore,https://biodiversity.org.au/afd/taxa/ba632bea-a7b4-4b60-bf89-d63128cad841,-20.592282,139.544548,2025-07-26T13:01:00Z,PRESENT,iNaturalist Australia,Acraea terpsicore
1561,dfb4535c-6061-4822-8003-9ea346e64ac4,Acraea terpsicore,https://biodiversity.org.au/afd/taxa/ba632bea-a7b4-4b60-bf89-d63128cad841,-15.1017,135.7188,2014-07-01T00:00:00Z,PRESENT,Fauna Atlas N.T.,Acraea terpsicore
1562,dfd09a65-f4ff-4fc8-ab16-2b2df8e37c4c,Acraea terpsicore,https://biodiversity.org.au/afd/taxa/ba632bea-a7b4-4b60-bf89-d63128cad841,-30.256864,153.139868,2021-04-27T09:30:00Z,PRESENT,iNaturalist Australia,Acraea terpsicore
1563,dfd13d3c-292a-4cf1-aaf6-d7360b4d301e,Acraea terpsicore,https://biodiversity.org.au/afd/taxa/ba632bea-a7b4-4b60-bf89-d63128cad841,-16.756445,145.670273,2019-10-31T08:53:00Z,PRESENT,iNaturalist Australia,Acraea terpsicore
1564,dfddb162-681d-46a3-97ef-092cdfce7599,Acraea terpsicore,https://biodiversity.org.au/afd/taxa/ba632bea-a7b4-4b60-bf89-d63128cad841,-20.07269,146.26175,2021-02-25T02:11:00Z,PRESENT,Butterflies Australia,Acraea terpsicore
1565,dfef1517-2103-4e41-9f11-1b23f2de1cd0,Acraea terpsicore,https://biodiversity.org.au/afd/taxa/ba632bea-a7b4-4b60-bf89-d63128cad841,-12.330917,136.933806,2014-09-09T00:00:00Z,PRESENT,Fauna Atlas N.T.,Acraea terpsicore
1566,e0027942-94d7-4925-9c54-fd2d367d66a0,Acraea terpsicore,https://biodiversity.org.au/afd/taxa/ba632bea-a7b4-4b60-bf89-d63128cad841,-18.19593,144.18443,2025-03-12T03:07:00Z,PRESENT,Butterflies Australia,Acraea terpsicore
1567,e00f7c4e-990d-4555-a3c5-441e29a1ef3f,Acraea terpsicore,https://biodiversity.org.au/afd/taxa/ba632bea-a7b4-4b60-bf89-d63128cad841,-15.1017,135.7188,2014-07-01T00:00:00Z,PRESENT,Fauna Atlas N.T.,Acraea terpsicore
1568,e02d3c90-79b6-4b18-8636-ca173a410f6a,Acraea terpsicore,https://biodiversity.org.au/afd/taxa/ba632bea-a7b4-4b60-bf89-d63128cad841,-18.182647,142.265142,2025-05-16T11:02:00Z,PRESENT,iNaturalist Australia,Acraea terpsicore
1569,e057ffe2-247d-4ab3-be5a-60d21204e65c,Acraea terpsicore,https://biodiversity.org.au/afd/taxa/ba632bea-a7b4-4b60-bf89-d63128cad841,-12.41333,130.92194,2013-01-25T00:00:00Z,PRESENT,Fauna Atlas N.T.,Acraea terpsicore
1570,e070b71e-1ff8-4b99-a8e9-c1d6cdb14615,Acraea terpsicore,https://biodiversity.org.au/afd/taxa/ba632bea-a7b4-4b60-bf89-d63128cad841,-25.187114,149.971476,2025-04-18T13:05:00Z,PRESENT,iNaturalist Australia,Acraea terpsicore
1571,e100a742-ff73-4d4b-b101-128c9ec531dd,Acraea terpsicore,https://biodiversity.org.au/afd/taxa/ba632bea-a7b4-4b60-bf89-d63128cad841,-19.20311,146.748952,2021-05-01T22:40:00Z,PRESENT,NatureMapr,Acraea terpsicore
1572,e1275e2f-9196-4c8d-b79f-1e313005f61c,Acraea terpsicore,https://biodiversity.org.au/afd/taxa/ba632bea-a7b4-4b60-bf89-d63128cad841,-29.573857,152.849076,2022-03-02T14:31:00Z,PRESENT,iNaturalist Australia,Acraea terpsicore
1573,e136c6bc-d7f3-4c46-98af-b97bf2d62ced,Acraea terpsicore,https://biodiversity.org.au/afd/taxa/ba632bea-a7b4-4b60-bf89-d63128cad841,-26.610082,153.067419,2023-08-15T13:24:00Z,PRESENT,iNaturalist Australia,Acraea terpsicore
1574,e14bced2-0bde-4cca-9215-5cf85668ef51,Acraea terpsicore,https://biodiversity.org.au/afd/taxa/ba632bea-a7b4-4b60-bf89-d63128cad841,-15.615394,131.12163,2024-08-29T10:26:00Z,PRESENT,iNaturalist Australia,Acraea terpsicore
1575,e1726c13-5f63-4064-b5fd-22293d22a04f,Acraea terpsicore,https://biodiversity.org.au/afd/taxa/ba632bea-a7b4-4b60-bf89-d63128cad841,-12.731422,130.361849,2021-04-03T21:28:24Z,PRESENT,iNaturalist Australia,Acraea terpsicore
1576,e1836edb-6469-44e2-9633-3c13f7ec4595,Acraea terpsicore,https://biodiversity.org.au/afd/taxa/ba632bea-a7b4-4b60-bf89-d63128cad841,-12.333793,130.893571,2025-04-25T12:01:14Z,PRESENT,iNaturalist Australia,Acraea terpsicore
1577,e1b076ad-3d97-4603-8d97-b104f6bec389,Acraea terpsicore,https://biodiversity.org.au/afd/taxa/ba632bea-a7b4-4b60-bf89-d63128cad841,-19.23895,146.805169,2022-10-03T09:44:22Z,PRESENT,iNaturalist Australia,Acraea terpsicore
1578,e1cb5489-ce0a-4408-9bd6-259925265574,Acraea terpsicore,https://biodiversity.org.au/afd/taxa/ba632bea-a7b4-4b60-bf89-d63128cad841,-18.202742,144.572022,2017-04-06T00:00:00Z,PRESENT,BowerBird,Acraea terpsicore
1579,e1d273f1-bc88-4b1f-9ae6-0a9142302f2b,Acraea terpsicore,https://biodiversity.org.au/afd/taxa/ba632bea-a7b4-4b60-bf89-d63128cad841,-20.942483,144.197717,2024-08-21T15:32:00Z,PRESENT,iNaturalist Australia,Acraea terpsicore
1580,e21320d2-aa9d-46e1-b6ac-9419755dbd86,Acraea terpsicore,https://biodiversity.org.au/afd/taxa/ba632bea-a7b4-4b60-bf89-d63128cad841,-12.866923,131.628995,2019-06-23T10:24:00Z,PRESENT,iNaturalist Australia,Acraea terpsicore
1581,e234e77a-f853-42dc-81ff-11da12c87010,Acraea terpsicore,https://biodiversity.org.au/afd/taxa/ba632bea-a7b4-4b60-bf89-d63128cad841,-19.196308,146.773996,2020-08-18T11:47:00Z,PRESENT,iNaturalist Australia,Acraea terpsicore
1582,e24ee915-b91f-4e43-85e1-f4b4eeeca5be,Acraea terpsicore,https://biodiversity.org.au/afd/taxa/ba632bea-a7b4-4b60-bf89-d63128cad841,-19.211034,146.510989,2021-03-28T10:23:30Z,PRESENT,iNaturalist Australia,Acraea terpsicore
1583,e2525298-5d6b-42a0-9966-62cb0b5a74ed,Acraea terpsicore,https://biodiversity.org.au/afd/taxa/ba632bea-a7b4-4b60-bf89-d63128cad841,-23.083317,148.012228,2025-06-05T09:42:00Z,PRESENT,iNaturalist Australia,Acraea terpsicore
1584,e28088ed-22ca-487b-9bd7-a977f08bdb53,Acraea terpsicore,https://biodiversity.org.au/afd/taxa/ba632bea-a7b4-4b60-bf89-d63128cad841,-20.339078,144.462012,2025-05-19T10:45:00Z,PRESENT,iNaturalist Australia,Acraea terpsicore
1585,e3038faa-9726-41b6-9e2c-74cbaf062e35,Acraea terpsicore,https://biodiversity.org.au/afd/taxa/ba632bea-a7b4-4b60-bf89-d63128cad841,-19.276944,146.7775,2017-12-25T00:00:00Z,PRESENT,BowerBird,Acraea terpsicore
1586,e3127eac-3f62-4dd9-b27d-3e897d388e59,Acraea terpsicore,https://biodiversity.org.au/afd/taxa/ba632bea-a7b4-4b60-bf89-d63128cad841,-17.454586,138.358619,2023-06-20T10:09:00Z,PRESENT,iNaturalist Australia,Acraea terpsicore
1587,e33cc015-d625-43e3-9ec1-3d33d018cfc4,Acraea terpsicore,https://biodiversity.org.au/afd/taxa/ba632bea-a7b4-4b60-bf89-d63128cad841,-12.09638,133.185959,2021-07-27T11:03:25Z,PRESENT,iNaturalist Australia,Acraea terpsicore
1588,e33d674d-9e36-4ad8-b430-50c14d18089a,Acraea terpsicore,https://biodiversity.org.au/afd/taxa/ba632bea-a7b4-4b60-bf89-d63128cad841,-14.18174,144.231487,2022-08-06T09:23:00Z,PRESENT,iNaturalist Australia,Acraea terpsicore
1589,e35a98de-4603-4a77-9e04-d2b69bcf51b4,Acraea terpsicore,https://biodiversity.org.au/afd/taxa/ba632bea-a7b4-4b60-bf89-d63128cad841,-18.194339,144.606938,2021-07-05T13:50:00Z,PRESENT,iNaturalist Australia,Acraea terpsicore
1590,e39185ac-3e91-4b23-a1c0-91114d551934,Acraea terpsicore,https://biodiversity.org.au/afd/taxa/ba632bea-a7b4-4b60-bf89-d63128cad841,-18.589563,145.805241,2021-06-20T22:38:00Z,PRESENT,iNaturalist Australia,Acraea terpsicore
1591,e3a74905-3c50-42df-8485-b8664b6c4300,Acraea terpsicore,https://biodiversity.org.au/afd/taxa/ba632bea-a7b4-4b60-bf89-d63128cad841,-20.7555,144.4832,2021-06-28T01:00:00Z,PRESENT,Butterflies Australia,Acraea terpsicore
1592,e3b3046d-9907-44a4-a759-29b110409924,Acraea terpsicore,https://biodiversity.org.au/afd/taxa/ba632bea-a7b4-4b60-bf89-d63128cad841,-19.318265,140.52681,2025-07-03T16:37:00Z,PRESENT,iNaturalist Australia,Acraea terpsicore
1593,e3b4ebbc-3dc2-43cb-b581-bfe2700ab0e1,Acraea terpsicore,https://biodiversity.org.au/afd/taxa/ba632bea-a7b4-4b60-bf89-d63128cad841,-12.357417,130.88575,2025-05-29T12:42:00Z,PRESENT,iNaturalist Australia,Acraea terpsicore
1594,e3b67b08-63ed-4184-8ea6-2a010a186b5a,Acraea terpsicore,https://biodiversity.org.au/afd/taxa/ba632bea-a7b4-4b60-bf89-d63128cad841,-30.35656,153.10465,2023-01-08T11:22:00Z,PRESENT,Butterflies Australia,Acraea terpsicore
1595,e3bc89ac-f2d1-4902-b854-6d5ad96fad73,Acraea terpsicore,https://biodiversity.org.au/afd/taxa/ba632bea-a7b4-4b60-bf89-d63128cad841,-15.895,128.1337,2014-05-06T00:00:00Z,PRESENT,Fauna Atlas N.T.,Acraea terpsicore
1596,e3d11415-bead-4cf1-9c48-c355074142a0,Acraea terpsicore,https://biodiversity.org.au/afd/taxa/ba632bea-a7b4-4b60-bf89-d63128cad841,-18.300686,143.352218,2024-07-14T13:11:00Z,PRESENT,iNaturalist Australia,Acraea terpsicore
1597,e40c57cf-5ff3-4e99-9019-923bd9f18ce6,Acraea terpsicore,https://biodiversity.org.au/afd/taxa/ba632bea-a7b4-4b60-bf89-d63128cad841,-17.15757,144.52297,2022-08-31T14:41:00Z,PRESENT,Butterflies Australia,Acraea terpsicore
1598,e40ec964-1056-4aa7-a3c9-3ed0f0429ac0,Acraea terpsicore,https://biodiversity.org.au/afd/taxa/ba632bea-a7b4-4b60-bf89-d63128cad841,-20.001656,148.241641,2022-09-25T03:30:00Z,PRESENT,Butterflies Australia,Acraea terpsicore
1599,e43e3113-7f8d-40ac-91e0-61199064b2c4,Acraea terpsicore,https://biodiversity.org.au/afd/taxa/ba632bea-a7b4-4b60-bf89-d63128cad841,-19.326298,146.754616,2024-04-22T00:00:00Z,PRESENT,iNaturalist Australia,Acraea terpsicore
1600,e484c9d9-5488-4908-8dc8-9c2a45b5c747,Acraea terpsicore,https://biodiversity.org.au/afd/taxa/ba632bea-a7b4-4b60-bf89-d63128cad841,-12.35509,130.87968,2013-12-28T00:00:00Z,PRESENT,Fauna Atlas N.T.,Acraea terpsicore
1601,e4a1bbdf-36a4-4b03-89d8-4fa904634fd0,Acraea terpsicore,https://biodiversity.org.au/afd/taxa/ba632bea-a7b4-4b60-bf89-d63128cad841,-12.347399,130.899014,2025-01-25T17:12:29Z,PRESENT,iNaturalist Australia,Acraea terpsicore
1602,e4b743a3-3952-46fc-a9bd-9ea806eade15,Acraea terpsicore,https://biodiversity.org.au/afd/taxa/ba632bea-a7b4-4b60-bf89-d63128cad841,-15.9748,144.8289,2022-05-25T11:30:00Z,PRESENT,Butterflies Australia,Acraea terpsicore
1603,e4d003d4-9767-4d94-bad1-fd221e88f366,Acraea terpsicore,https://biodiversity.org.au/afd/taxa/ba632bea-a7b4-4b60-bf89-d63128cad841,-16.0183,127.5328,2014-05-31T00:00:00Z,PRESENT,Fauna Atlas N.T.,Acraea terpsicore
1604,e4d728cb-8411-46ff-9fb3-cc402435fb35,Acraea terpsicore,https://biodiversity.org.au/afd/taxa/ba632bea-a7b4-4b60-bf89-d63128cad841,-19.248398,146.790665,2019-08-29T08:56:58Z,PRESENT,iNaturalist Australia,Acraea terpsicore
1605,e4e2ed42-8d23-4e8a-ba55-dfe625fbd576,Acraea terpsicore,https://biodiversity.org.au/afd/taxa/ba632bea-a7b4-4b60-bf89-d63128cad841,-26.603195,153.032333,2026-02-17T10:00:54Z,PRESENT,iNaturalist Australia,Acraea terpsicore
1606,e4fd24f1-86d0-4c5f-a3a5-54432bd5183f,Acraea terpsicore,https://biodiversity.org.au/afd/taxa/ba632bea-a7b4-4b60-bf89-d63128cad841,-16.271011,128.664625,2022-10-06T09:52:00Z,PRESENT,iNaturalist Australia,Acraea terpsicore
1607,e4ffed9e-befc-40cd-9439-b6a57fcff265,Acraea terpsicore,https://biodiversity.org.au/afd/taxa/ba632bea-a7b4-4b60-bf89-d63128cad841,-14.18636,132.21562,2014-04-18T00:00:00Z,PRESENT,Fauna Atlas N.T.,Acraea terpsicore
1608,e510ae74-338a-4cca-8c92-f0dfc35ca00e,Acraea terpsicore,https://biodiversity.org.au/afd/taxa/ba632bea-a7b4-4b60-bf89-d63128cad841,-15.630572,131.135467,2021-08-24T15:17:00Z,PRESENT,iNaturalist Australia,Acraea terpsicore
1609,e52056b2-f518-4efb-ab9f-218042dd7a18,Acraea terpsicore,https://biodiversity.org.au/afd/taxa/ba632bea-a7b4-4b60-bf89-d63128cad841,-12.331667,130.894444,2014-03-02T00:00:00Z,PRESENT,Fauna Atlas N.T.,Acraea terpsicore
1610,e599294a-d203-49b0-90b7-1bd6cac0d1d4,Acraea terpsicore,https://biodiversity.org.au/afd/taxa/ba632bea-a7b4-4b60-bf89-d63128cad841,-20.64667,146.95494,2019-06-17T00:00:00Z,PRESENT,WildNet - Queensland Wildlife Data,Acraea terpsicore
1611,e5bb4c2f-1048-48de-b8d3-4222685b84eb,Acraea terpsicore,https://biodiversity.org.au/afd/taxa/ba632bea-a7b4-4b60-bf89-d63128cad841,-14.719538,144.064864,2020-08-07T10:11:00Z,PRESENT,iNaturalist Australia,Acraea terpsicore
1612,e5e08443-a982-41f6-906a-0e7a2d352aae,Acraea terpsicore,https://biodiversity.org.au/afd/taxa/ba632bea-a7b4-4b60-bf89-d63128cad841,-12.395267,130.932954,2024-12-24T09:55:00Z,PRESENT,iNaturalist Australia,Acraea terpsicore
1613,e5fd14ce-0b87-4873-8d34-7217924d482d,Acraea terpsicore,https://biodiversity.org.au/afd/taxa/ba632bea-a7b4-4b60-bf89-d63128cad841,-19.25807,146.802475,2025-04-17T10:16:00Z,PRESENT,iNaturalist Australia,Acraea terpsicore
1614,e6057617-cf29-41d1-9c97-3cf5cacf0678,Acraea terpsicore,https://biodiversity.org.au/afd/taxa/ba632bea-a7b4-4b60-bf89-d63128cad841,-19.316294,146.749814,2019-06-15T00:51:00Z,PRESENT,NatureMapr,Acraea terpsicore
1615,e613811f-080f-4e21-b901-a036939dba62,Acraea terpsicore,https://biodiversity.org.au/afd/taxa/ba632bea-a7b4-4b60-bf89-d63128cad841,-12.41333,130.92194,2013-01-25T00:00:00Z,PRESENT,Fauna Atlas N.T.,Acraea terpsicore
1616,e64cfcb2-9f21-4f75-9f9a-3f3c3b2098a1,Acraea terpsicore,https://biodiversity.org.au/afd/taxa/ba632bea-a7b4-4b60-bf89-d63128cad841,-12.398056,130.895833,2013-01-12T00:00:00Z,PRESENT,Fauna Atlas N.T.,Acraea terpsicore
1617,e65e268d-a79a-49e0-8e0f-c59e204a0310,Acraea terpsicore,https://biodiversity.org.au/afd/taxa/ba632bea-a7b4-4b60-bf89-d63128cad841,-20.090541,148.509071,2021-09-29T11:00:00Z,PRESENT,Butterflies Australia,Acraea terpsicore
1618,e663e52f-0ddf-4248-8e89-058522b6df08,Acraea terpsicore,https://biodiversity.org.au/afd/taxa/ba632bea-a7b4-4b60-bf89-d63128cad841,-15.796639,131.034056,2015-06-04T00:00:00Z,PRESENT,Fauna Atlas N.T.,Acraea terpsicore
1619,e6d233e6-8318-4e0c-89dc-ba1fd48a8ecf,Acraea terpsicore,https://biodiversity.org.au/afd/taxa/ba632bea-a7b4-4b60-bf89-d63128cad841,-20.071144,148.260142,2022-08-18T14:37:00Z,PRESENT,iNaturalist Australia,Acraea terpsicore
1620,e6eda30b-09c4-4558-a81e-3a70adfdc74e,Acraea terpsicore,https://biodiversity.org.au/afd/taxa/ba632bea-a7b4-4b60-bf89-d63128cad841,-18.12974,143.95672,2025-08-30T05:15:00Z,PRESENT,Butterflies Australia,Acraea terpsicore
1621,e70105d2-f7d5-4c5e-906c-5ae85f0838a7,Acraea terpsicore,https://biodiversity.org.au/afd/taxa/ba632bea-a7b4-4b60-bf89-d63128cad841,-16.478226,145.011524,2025-06-28T13:54:00Z,PRESENT,iNaturalist Australia,Acraea terpsicore
1622,e75855fe-fb76-4c31-a31c-0eda80b4d55a,Acraea terpsicore,https://biodiversity.org.au/afd/taxa/ba632bea-a7b4-4b60-bf89-d63128cad841,-12.90845,131.64551,2013-01-27T00:00:00Z,PRESENT,Fauna Atlas N.T.,Acraea terpsicore
1623,e7ac2961-c9a0-4adf-b8b4-5a338392c8ad,Acraea terpsicore,https://biodiversity.org.au/afd/taxa/ba632bea-a7b4-4b60-bf89-d63128cad841,-21.4408,148.5343,2022-10-26T09:15:00Z,PRESENT,Butterflies Australia,Acraea terpsicore
1624,e80272e6-818e-4f16-8055-f7c883e692b5,Acraea terpsicore,https://biodiversity.org.au/afd/taxa/ba632bea-a7b4-4b60-bf89-d63128cad841,-17.150938,145.179857,2023-08-31T12:13:00Z,PRESENT,iNaturalist Australia,Acraea terpsicore
1625,e809afd3-ec63-4c95-a256-dedda1cda61a,Acraea terpsicore,https://biodiversity.org.au/afd/taxa/ba632bea-a7b4-4b60-bf89-d63128cad841,-31.88798,152.65836,2024-11-10T04:41:00Z,PRESENT,Butterflies Australia,Acraea terpsicore
1626,e81beff8-7d1d-4e66-80b5-4fa6bde9abb5,Acraea terpsicore,https://biodiversity.org.au/afd/taxa/ba632bea-a7b4-4b60-bf89-d63128cad841,-18.2903,143.5433,2021-05-29T11:45:00Z,PRESENT,Butterflies Australia,Acraea terpsicore
1627,e84356a0-8b3e-4edc-84f6-1a7f03a56fa6,Acraea terpsicore,https://biodiversity.org.au/afd/taxa/ba632bea-a7b4-4b60-bf89-d63128cad841,-19.163847,146.84708,2021-03-07T14:36:00Z,PRESENT,iNaturalist Australia,Acraea terpsicore
1628,e860f7c9-d360-4f92-86e5-bfb8c37b8196,Acraea terpsicore,https://biodiversity.org.au/afd/taxa/ba632bea-a7b4-4b60-bf89-d63128cad841,-27.384271,152.914538,2022-02-08T15:28:00Z,PRESENT,iNaturalist Australia,Acraea terpsicore
1629,e864cabc-384b-4729-b091-c4224bb1d297,Acraea terpsicore,https://biodiversity.org.au/afd/taxa/ba632bea-a7b4-4b60-bf89-d63128cad841,-23.078948,148.026937,2025-08-04T11:36:03Z,PRESENT,iNaturalist Australia,Acraea terpsicore
1630,e86917b2-92b4-4368-af2b-50f195741100,Acraea terpsicore,https://biodiversity.org.au/afd/taxa/ba632bea-a7b4-4b60-bf89-d63128cad841,-10.5784,142.2267,2021-03-17T11:00:00Z,PRESENT,Butterflies Australia,Acraea terpsicore
1631,e86ccb2e-22a9-4ca7-b19a-07b45540fded,Acraea terpsicore,https://biodiversity.org.au/afd/taxa/ba632bea-a7b4-4b60-bf89-d63128cad841,-20.1,146.2,2021-02-05T11:44:00Z,PRESENT,Earth Guardians Weekly Feed,Acraea terpsicore
1632,e88c16f1-4013-460b-8511-ea5fde9d05fc,Acraea terpsicore,https://biodiversity.org.au/afd/taxa/ba632bea-a7b4-4b60-bf89-d63128cad841,-18.09,144.4322,2021-03-23T03:00:00Z,PRESENT,Butterflies Australia,Acraea terpsicore
1633,e898d274-439b-4617-a817-1827d34d4144,Acraea terpsicore,https://biodiversity.org.au/afd/taxa/ba632bea-a7b4-4b60-bf89-d63128cad841,-26.66613,153.139686,2024-02-21T13:13:48Z,PRESENT,iNaturalist Australia,Acraea terpsicore
1634,e8c301b1-cd72-4f86-b57e-8f6658925471,Acraea terpsicore,https://biodiversity.org.au/afd/taxa/ba632bea-a7b4-4b60-bf89-d63128cad841,-16.4986,145.0022,2021-03-31T02:00:00Z,PRESENT,Butterflies Australia,Acraea terpsicore
1635,e8d1a754-78c1-4ec8-a98c-091f787da6f3,Acraea terpsicore,https://biodiversity.org.au/afd/taxa/ba632bea-a7b4-4b60-bf89-d63128cad841,-21.534182,146.860722,2019-07-29T14:16:00Z,PRESENT,iNaturalist Australia,Acraea terpsicore
1636,e8e1fdd6-8fcc-47ce-ad03-75876c4876d9,Acraea terpsicore,https://biodiversity.org.au/afd/taxa/ba632bea-a7b4-4b60-bf89-d63128cad841,-20.99622,146.42616,2024-09-04T01:33:00Z,PRESENT,Butterflies Australia,Acraea terpsicore
1637,e8ffd0bf-705f-4633-bb29-f9157d5c75bb,Acraea terpsicore,https://biodiversity.org.au/afd/taxa/ba632bea-a7b4-4b60-bf89-d63128cad841,-17.38,144.954167,2021-06-04T13:31:00Z,PRESENT,iNaturalist Australia,Acraea terpsicore
1638,e9140586-084d-4edd-a04b-13bef07c934c,Acraea terpsicore,https://biodiversity.org.au/afd/taxa/ba632bea-a7b4-4b60-bf89-d63128cad841,-16.6544,145.5671,2022-05-05T11:15:00Z,PRESENT,Butterflies Australia,Acraea terpsicore
1639,e91dfc0a-5126-46ad-883c-1e646eac4399,Acraea terpsicore,https://biodiversity.org.au/afd/taxa/ba632bea-a7b4-4b60-bf89-d63128cad841,-15.935,127.2213,2014-05-30T00:00:00Z,PRESENT,Fauna Atlas N.T.,Acraea terpsicore
1640,e91ef911-3def-42b9-b7de-3804bbe657e6,Acraea terpsicore,https://biodiversity.org.au/afd/taxa/ba632bea-a7b4-4b60-bf89-d63128cad841,-15.766667,128.733333,2013-05-11T00:00:00Z,PRESENT,Fauna Atlas N.T.,Acraea terpsicore
1641,e92dd62b-841f-40e6-9abb-c6d1aca316b1,Acraea terpsicore,https://biodiversity.org.au/afd/taxa/ba632bea-a7b4-4b60-bf89-d63128cad841,-12.428442,132.965317,2025-06-03T11:59:00Z,PRESENT,iNaturalist Australia,Acraea terpsicore
1642,e988ce3a-d29b-4f86-a0d0-c19704c91c9b,Acraea terpsicore,https://biodiversity.org.au/afd/taxa/ba632bea-a7b4-4b60-bf89-d63128cad841,-17.975116,122.344946,2023-04-23T11:38:00Z,PRESENT,iNaturalist Australia,Acraea terpsicore
1643,e9d05600-4d33-4bc5-90a1-40641d9f127c,Acraea terpsicore,https://biodiversity.org.au/afd/taxa/ba632bea-a7b4-4b60-bf89-d63128cad841,-17.338003,144.679753,2025-09-15T13:27:00Z,PRESENT,iNaturalist Australia,Acraea terpsicore
1644,e9d3e7a4-6b85-4c48-86c6-c11f778eed6d,Acraea terpsicore,https://biodiversity.org.au/afd/taxa/ba632bea-a7b4-4b60-bf89-d63128cad841,-16.816345,145.370312,2022-03-06T11:57:00Z,PRESENT,iNaturalist Australia,Acraea terpsicore
1645,e9ed9fc0-d008-461d-a205-7e158c0f87b1,Acraea terpsicore,https://biodiversity.org.au/afd/taxa/ba632bea-a7b4-4b60-bf89-d63128cad841,-23.164882,150.77555,2025-12-31T11:39:00Z,PRESENT,iNaturalist Australia,Acraea terpsicore
1646,ea084246-54f0-4f42-a0b2-3307b7a2c3cb,Acraea terpsicore,https://biodiversity.org.au/afd/taxa/ba632bea-a7b4-4b60-bf89-d63128cad841,-23.644664,149.331094,2025-04-30T13:43:20Z,PRESENT,iNaturalist Australia,Acraea terpsicore
1647,ea29746d-30e2-49c4-8d0a-b96a7aa941a5,Acraea terpsicore,https://biodiversity.org.au/afd/taxa/ba632bea-a7b4-4b60-bf89-d63128cad841,-19.24039,146.782572,2023-05-10T08:22:00Z,PRESENT,iNaturalist Australia,Acraea terpsicore
1648,ea3a75ff-59b1-438d-a377-dc00ec13ccaa,Acraea terpsicore,https://biodiversity.org.au/afd/taxa/ba632bea-a7b4-4b60-bf89-d63128cad841,-17.3585,145.3281,2021-03-06T08:45:00Z,PRESENT,Butterflies Australia,Acraea terpsicore
1649,ea57eff1-13f2-405a-a839-3afc51d6909e,Acraea terpsicore,https://biodiversity.org.au/afd/taxa/ba632bea-a7b4-4b60-bf89-d63128cad841,-14.85178,129.99898,2017-05-10T00:00:00Z,PRESENT,Northern Territory Museum and Art Gallery provider for OZCAM,Acraea terpsicore
1650,ea6f5dca-14fa-4b2f-bc5e-8dbae84e3705,Acraea terpsicore,https://biodiversity.org.au/afd/taxa/ba632bea-a7b4-4b60-bf89-d63128cad841,-12.38023,130.99432,2013-12-12T00:00:00Z,PRESENT,Fauna Atlas N.T.,Acraea terpsicore
1651,ea7e5b14-1e72-4f68-93b2-54d90b445d27,Acraea terpsicore,https://biodiversity.org.au/afd/taxa/ba632bea-a7b4-4b60-bf89-d63128cad841,-12.429047,130.747965,2021-05-26T13:30:00Z,PRESENT,iNaturalist Australia,Acraea terpsicore
1652,ea85beea-a845-4e7e-b929-3a058a8e3ad6,Acraea terpsicore,https://biodiversity.org.au/afd/taxa/ba632bea-a7b4-4b60-bf89-d63128cad841,-10.576429,142.231033,2025-08-26T02:59:30Z,PRESENT,iNaturalist Australia,Acraea terpsicore
1653,ea86f56f-905d-4de9-b50f-5234fe21c8d9,Acraea terpsicore,https://biodiversity.org.au/afd/taxa/ba632bea-a7b4-4b60-bf89-d63128cad841,-17.706253,133.638319,2025-06-30T14:28:00Z,PRESENT,iNaturalist Australia,Acraea terpsicore
1654,eab1ca12-b564-40ba-ad18-a12c51835273,Acraea terpsicore,https://biodiversity.org.au/afd/taxa/ba632bea-a7b4-4b60-bf89-d63128cad841,-17.33931,145.61473,2021-07-29T11:42:00Z,PRESENT,Butterflies Australia,Acraea terpsicore
1655,eab58b45-2e2f-41c5-ae70-0decdc5bc73f,Acraea terpsicore,https://biodiversity.org.au/afd/taxa/ba632bea-a7b4-4b60-bf89-d63128cad841,-19.406396,146.732254,2022-10-15T08:40:35Z,PRESENT,iNaturalist Australia,Acraea terpsicore
1656,eabe6d37-c3f7-42a8-b187-2e97b80e5214,Acraea terpsicore,https://biodiversity.org.au/afd/taxa/ba632bea-a7b4-4b60-bf89-d63128cad841,-19.017354,146.108929,2025-05-27T15:41:57Z,PRESENT,iNaturalist Australia,Acraea terpsicore
1657,ead734b3-562a-4b23-b146-b53e486e6138,Acraea terpsicore,https://biodiversity.org.au/afd/taxa/ba632bea-a7b4-4b60-bf89-d63128cad841,-19.034724,146.421737,2024-07-26T16:11:00Z,PRESENT,iNaturalist Australia,Acraea terpsicore
1658,eae95293-8ca8-437a-9f9b-bf98a609616d,Acraea terpsicore,https://biodiversity.org.au/afd/taxa/ba632bea-a7b4-4b60-bf89-d63128cad841,-16.7938,145.6658,2021-05-02T10:34:00Z,PRESENT,Butterflies Australia,Acraea terpsicore
1659,eaf61bf0-0b20-42eb-a905-440b7c50aa8a,Acraea terpsicore,https://biodiversity.org.au/afd/taxa/ba632bea-a7b4-4b60-bf89-d63128cad841,-17.26544,144.5764,2026-02-10T04:09:00Z,PRESENT,Butterflies Australia,Acraea terpsicore
1660,eb19648b-4d2a-4ac6-8e4c-5398bb5e7f0e,Acraea terpsicore,https://biodiversity.org.au/afd/taxa/ba632bea-a7b4-4b60-bf89-d63128cad841,-12.39096,130.845915,2021-10-09T14:57:00Z,PRESENT,iNaturalist Australia,Acraea terpsicore
1661,eb40dfee-bbe4-40d8-a648-5b8da3190f2f,Acraea terpsicore,https://biodiversity.org.au/afd/taxa/ba632bea-a7b4-4b60-bf89-d63128cad841,-13.345287,131.132981,2024-05-14T13:46:00Z,PRESENT,iNaturalist Australia,Acraea terpsicore
1662,eb6df2c4-9408-4aa8-98cf-5f23879d0ea8,Acraea terpsicore,https://biodiversity.org.au/afd/taxa/ba632bea-a7b4-4b60-bf89-d63128cad841,-12.660516,131.77279,2022-05-01T16:24:00Z,PRESENT,iNaturalist Australia,Acraea terpsicore
1663,eb8d216c-ac1e-40db-a9e3-7f49a925ca23,Acraea terpsicore,https://biodiversity.org.au/afd/taxa/ba632bea-a7b4-4b60-bf89-d63128cad841,-12.650938,132.573927,2023-05-06T14:18:00Z,PRESENT,iNaturalist Australia,Acraea terpsicore
1664,eb91b55e-b0c1-4c6e-8dcd-029683fdd412,Acraea terpsicore,https://biodiversity.org.au/afd/taxa/ba632bea-a7b4-4b60-bf89-d63128cad841,-14.3,132.4,2021-01-24T10:49:00Z,PRESENT,Earth Guardians Weekly Feed,Acraea terpsicore
1665,ebc4da0e-90f8-4e44-9f7a-f700fc8ac47f,Acraea terpsicore,https://biodiversity.org.au/afd/taxa/ba632bea-a7b4-4b60-bf89-d63128cad841,-27.485728,152.951375,2022-01-02T10:59:00Z,PRESENT,iNaturalist Australia,Acraea terpsicore
1666,ebf0f06f-4c5f-47eb-baa6-7e4762097814,Acraea terpsicore,https://biodiversity.org.au/afd/taxa/ba632bea-a7b4-4b60-bf89-d63128cad841,-20.272255,148.714606,2023-07-10T09:36:00Z,PRESENT,iNaturalist Australia,Acraea terpsicore
1667,ec5f2ea9-a016-48a7-964a-7e9f7906609f,Acraea terpsicore,https://biodiversity.org.au/afd/taxa/ba632bea-a7b4-4b60-bf89-d63128cad841,-15.405,128.882,2013-04-28T00:00:00Z,PRESENT,Fauna Atlas N.T.,Acraea terpsicore
1668,ecaa2b89-404c-43b1-8192-1c63d47ade71,Acraea terpsicore,https://biodiversity.org.au/afd/taxa/ba632bea-a7b4-4b60-bf89-d63128cad841,-15.25611,129.67198,2013-04-24T00:00:00Z,PRESENT,Fauna Atlas N.T.,Acraea terpsicore
1669,ecda7752-df3b-4284-9dc3-0b2ed8ee7546,Acraea terpsicore,https://biodiversity.org.au/afd/taxa/ba632bea-a7b4-4b60-bf89-d63128cad841,-19.239053,146.804688,2024-05-20T17:04:42Z,PRESENT,iNaturalist Australia,Acraea terpsicore
1670,ece4dada-d825-4db7-8829-60ff5bc9b4d0,Acraea terpsicore,https://biodiversity.org.au/afd/taxa/ba632bea-a7b4-4b60-bf89-d63128cad841,-18.22308,144.665875,2024-05-03T13:37:20Z,PRESENT,iNaturalist Australia,Acraea terpsicore
1671,ed1ad574-5808-4317-b139-04d859aa7e0d,Acraea terpsicore,https://biodiversity.org.au/afd/taxa/ba632bea-a7b4-4b60-bf89-d63128cad841,-12.554173,130.869717,2025-01-04T12:21:34Z,PRESENT,iNaturalist Australia,Acraea terpsicore
1672,ed659977-e701-4c77-908a-9c5545de0366,Acraea terpsicore,https://biodiversity.org.au/afd/taxa/ba632bea-a7b4-4b60-bf89-d63128cad841,-19.0274,146.4183,2022-12-21T11:00:00Z,PRESENT,Butterflies Australia,Acraea terpsicore
1673,ed6c9c5a-282b-4d43-803e-f9281b6d327d,Acraea terpsicore,https://biodiversity.org.au/afd/taxa/ba632bea-a7b4-4b60-bf89-d63128cad841,-18.204128,144.563907,2025-05-05T12:13:45Z,PRESENT,iNaturalist Australia,Acraea terpsicore
1674,ed765d70-b1f1-46b5-b9ba-88f1d917a302,Acraea terpsicore,https://biodiversity.org.au/afd/taxa/ba632bea-a7b4-4b60-bf89-d63128cad841,-18.2793,143.547855,2022-04-09T17:46:22Z,PRESENT,iNaturalist Australia,Acraea terpsicore
1675,ed8ec2f8-7a7c-4fbf-91ef-9f06749ca0bf,Acraea terpsicore,https://biodiversity.org.au/afd/taxa/ba632bea-a7b4-4b60-bf89-d63128cad841,-20.354172,144.464306,2019-08-01T12:57:00Z,PRESENT,iNaturalist Australia,Acraea terpsicore
1676,ed994a36-06ca-4a2b-81da-1c926056ef78,Acraea terpsicore,https://biodiversity.org.au/afd/taxa/ba632bea-a7b4-4b60-bf89-d63128cad841,-10.59105,142.29459,2020-02-18T11:46:00Z,PRESENT,Butterflies Australia,Acraea terpsicore
1677,ee481cb6-a50f-49e1-b814-47b3dd9a5769,Acraea terpsicore,https://biodiversity.org.au/afd/taxa/ba632bea-a7b4-4b60-bf89-d63128cad841,-10.581494,142.211231,2021-06-11T14:51:00Z,PRESENT,iNaturalist Australia,Acraea terpsicore
1678,ee4cfcd8-d91d-4152-b983-689c863e5260,Acraea terpsicore,https://biodiversity.org.au/afd/taxa/ba632bea-a7b4-4b60-bf89-d63128cad841,-18.0067,139.04892,2023-09-11T10:03:00Z,PRESENT,Butterflies Australia,Acraea terpsicore
1679,ee51dc08-40ed-4d39-8e42-38e147370f8d,Acraea terpsicore,https://biodiversity.org.au/afd/taxa/ba632bea-a7b4-4b60-bf89-d63128cad841,-11.522892,130.739028,2025-04-12T10:39:24Z,PRESENT,iNaturalist Australia,Acraea terpsicore
1680,ee66754d-a668-4223-b2f4-9f9d8ed43d17,Acraea terpsicore,https://biodiversity.org.au/afd/taxa/ba632bea-a7b4-4b60-bf89-d63128cad841,-20.441535,145.532879,2022-09-24T11:53:00Z,PRESENT,iNaturalist Australia,Acraea terpsicore
1681,ee9b521f-7009-4135-ac20-258d59ec4ce9,Acraea terpsicore,https://biodiversity.org.au/afd/taxa/ba632bea-a7b4-4b60-bf89-d63128cad841,-12.37308,130.88657,2013-02-24T00:00:00Z,PRESENT,Fauna Atlas N.T.,Acraea terpsicore
1682,eed35599-dbcb-4faf-b339-a6487f44b843,Acraea terpsicore,https://biodiversity.org.au/afd/taxa/ba632bea-a7b4-4b60-bf89-d63128cad841,-14.46667,132.26667,2013-05-06T00:00:00Z,PRESENT,Fauna Atlas N.T.,Acraea terpsicore
1683,eeda7c17-2fa1-4785-8232-f50aae17968a,Acraea terpsicore,https://biodiversity.org.au/afd/taxa/ba632bea-a7b4-4b60-bf89-d63128cad841,-19.15717,146.854684,2025-06-05T00:00:00Z,PRESENT,iNaturalist Australia,Acraea terpsicore
1684,eee23985-5eb5-4a5d-9bae-ddabcf88b2f7,Acraea terpsicore,https://biodiversity.org.au/afd/taxa/ba632bea-a7b4-4b60-bf89-d63128cad841,-18.380835,122.028988,2023-05-15T10:20:00Z,PRESENT,iNaturalist Australia,Acraea terpsicore
1685,eee8abcd-1a4c-4c7d-ab02-489e71c34b8b,Acraea terpsicore,https://biodiversity.org.au/afd/taxa/ba632bea-a7b4-4b60-bf89-d63128cad841,-16.7203,125.9275,2014-05-15T00:00:00Z,PRESENT,Fauna Atlas N.T.,Acraea terpsicore
1686,ef084a68-2782-4684-b99c-c0b3377145e5,Acraea terpsicore,https://biodiversity.org.au/afd/taxa/ba632bea-a7b4-4b60-bf89-d63128cad841,-17.374467,145.315581,2022-03-02T10:00:00Z,PRESENT,Butterflies Australia,Acraea terpsicore
1687,ef09bd5a-ab31-461d-b373-f8229d0a5e3d,Acraea terpsicore,https://biodiversity.org.au/afd/taxa/ba632bea-a7b4-4b60-bf89-d63128cad841,-25.773507,152.959608,2022-02-21T08:30:00Z,PRESENT,iNaturalist Australia,Acraea terpsicore
1688,ef1b9193-8d48-4155-9972-22d98fcc7c16,Acraea terpsicore,https://biodiversity.org.au/afd/taxa/ba632bea-a7b4-4b60-bf89-d63128cad841,-17.360614,145.327192,2021-03-06T12:06:00Z,PRESENT,iNaturalist Australia,Acraea terpsicore
1689,ef779663-34e6-46c8-acfb-0d34da459064,Acraea terpsicore,https://biodiversity.org.au/afd/taxa/ba632bea-a7b4-4b60-bf89-d63128cad841,-27.496647,152.959618,2022-03-06T10:58:00Z,PRESENT,iNaturalist Australia,Acraea terpsicore
1690,ef9b613c-b6ce-4596-9b5e-f5aae517d046,Acraea terpsicore,https://biodiversity.org.au/afd/taxa/ba632bea-a7b4-4b60-bf89-d63128cad841,-22.5694,143.136,2019-09-21T14:00:00Z,PRESENT,ALA species sightings and OzAtlas,Acraea terpsicore
1691,efbf7f4e-dc3a-4577-8a38-0db794629595,Acraea terpsicore,https://biodiversity.org.au/afd/taxa/ba632bea-a7b4-4b60-bf89-d63128cad841,-16.567777,145.183056,2023-01-28T12:59:00Z,PRESENT,iNaturalist Australia,Acraea terpsicore
1692,efc4e056-26a9-4041-94fc-37b3613e006d,Acraea terpsicore,https://biodiversity.org.au/afd/taxa/ba632bea-a7b4-4b60-bf89-d63128cad841,-16.420567,126.440535,2024-05-21T02:51:00Z,PRESENT,Butterflies Australia,Acraea terpsicore
1693,f027d76a-95cb-4a44-91b7-ac22c0328bd7,Acraea terpsicore,https://biodiversity.org.au/afd/taxa/ba632bea-a7b4-4b60-bf89-d63128cad841,-19.60983,146.828903,2024-04-25T10:34:44Z,PRESENT,iNaturalist Australia,Acraea terpsicore
1694,f0303283-312b-4a93-9bd8-95c5b46c7ce0,Acraea terpsicore,https://biodiversity.org.au/afd/taxa/ba632bea-a7b4-4b60-bf89-d63128cad841,-20.343213,144.460662,2024-05-10T14:01:24Z,PRESENT,iNaturalist Australia,Acraea terpsicore
1695,f0621938-49ba-4e64-91b7-d316a74fa519,Acraea terpsicore,https://biodiversity.org.au/afd/taxa/ba632bea-a7b4-4b60-bf89-d63128cad841,-16.933199,145.728593,2017-03-31T00:00:00Z,PRESENT,iNaturalist Australia,Acraea terpsicore
1696,f0624aa5-28e5-4702-8358-fc946e90b4dc,Acraea terpsicore,https://biodiversity.org.au/afd/taxa/ba632bea-a7b4-4b60-bf89-d63128cad841,-18.728389,144.311995,2025-08-04T12:42:00Z,PRESENT,iNaturalist Australia,Acraea terpsicore
1697,f08cd4e4-a453-459e-a851-dddc3426d3a1,Acraea terpsicore,https://biodiversity.org.au/afd/taxa/ba632bea-a7b4-4b60-bf89-d63128cad841,-16.112895,144.784696,2018-09-18T14:11:00Z,PRESENT,iNaturalist Australia,Acraea terpsicore
1698,f093cc1d-9d2f-410e-9013-c76647c63b52,Acraea terpsicore,https://biodiversity.org.au/afd/taxa/ba632bea-a7b4-4b60-bf89-d63128cad841,-19.207633,146.741807,2021-05-16T14:58:00Z,PRESENT,iNaturalist Australia,Acraea terpsicore
1699,f09ae98b-e2f8-40ad-865a-59bcbb796a88,Acraea terpsicore,https://biodiversity.org.au/afd/taxa/ba632bea-a7b4-4b60-bf89-d63128cad841,-27.528138,153.109531,2020-07-05T00:00:00Z,PRESENT,iNaturalist Australia,Acraea terpsicore
1700,f0ea2468-a7a2-41e8-9e62-0d42f4b34f0b,Acraea terpsicore,https://biodiversity.org.au/afd/taxa/ba632bea-a7b4-4b60-bf89-d63128cad841,-23.65659,148.078599,2023-06-11T11:03:50Z,PRESENT,iNaturalist Australia,Acraea terpsicore
1701,f108ba24-f226-4b6b-b376-f08006c87c33,Acraea terpsicore,https://biodiversity.org.au/afd/taxa/ba632bea-a7b4-4b60-bf89-d63128cad841,-12.472778,130.923333,2013-02-08T00:00:00Z,PRESENT,Fauna Atlas N.T.,Acraea terpsicore
1702,f12d1514-833a-4ca4-b85f-9d5c57520cdd,Acraea terpsicore,https://biodiversity.org.au/afd/taxa/ba632bea-a7b4-4b60-bf89-d63128cad841,-19.309875,146.769929,2018-09-08T09:15:00Z,PRESENT,iNaturalist Australia,Acraea terpsicore
1703,f15fc674-bad6-4b54-987e-f434e5257bfa,Acraea terpsicore,https://biodiversity.org.au/afd/taxa/ba632bea-a7b4-4b60-bf89-d63128cad841,-13.58283,131.45871,2014-04-19T00:00:00Z,PRESENT,Fauna Atlas N.T.,Acraea terpsicore
1704,f1942b9f-87c8-48d8-bf5e-9f5fc9a9b9c4,Acraea terpsicore,https://biodiversity.org.au/afd/taxa/ba632bea-a7b4-4b60-bf89-d63128cad841,-12.468333,130.967778,2013-02-13T00:00:00Z,PRESENT,Fauna Atlas N.T.,Acraea terpsicore
1705,f19b2ec3-8d77-4fd8-90b0-a52765c6577e,Acraea terpsicore,https://biodiversity.org.au/afd/taxa/ba632bea-a7b4-4b60-bf89-d63128cad841,-14.4828,127.6717,2015-05-15T00:00:00Z,PRESENT,Fauna Atlas N.T.,Acraea terpsicore
1706,f1afdb28-3809-43e7-8b77-c6e55f965d41,Acraea terpsicore,https://biodiversity.org.au/afd/taxa/ba632bea-a7b4-4b60-bf89-d63128cad841,-27.483221,152.955591,2022-01-11T11:07:00Z,PRESENT,iNaturalist Australia,Acraea terpsicore
1707,f221b32a-14ef-4784-867a-b20aed11e446,Acraea terpsicore,https://biodiversity.org.au/afd/taxa/ba632bea-a7b4-4b60-bf89-d63128cad841,-15.2,125.53333,2015-07-22T00:00:00Z,PRESENT,Fauna Atlas N.T.,Acraea terpsicore
1708,f25f5ba1-fdf0-42da-841e-6627ded38cf6,Acraea terpsicore,https://biodiversity.org.au/afd/taxa/ba632bea-a7b4-4b60-bf89-d63128cad841,-18.421208,122.112633,2021-07-19T15:38:05Z,PRESENT,iNaturalist Australia,Acraea terpsicore
1709,f289745a-2f69-4704-8ad1-07e07d2f63c9,Acraea terpsicore,https://biodiversity.org.au/afd/taxa/ba632bea-a7b4-4b60-bf89-d63128cad841,-12.41333,130.92195,2013-02-01T00:00:00Z,PRESENT,Northern Territory Museum and Art Gallery provider for OZCAM,Acraea terpsicore
1710,f2c826b7-06e9-46b3-beaf-74c9043322d2,Acraea terpsicore,https://biodiversity.org.au/afd/taxa/ba632bea-a7b4-4b60-bf89-d63128cad841,-15.32361,129.1259,2013-05-26T00:00:00Z,PRESENT,Fauna Atlas N.T.,Acraea terpsicore
1711,f2eb9bb2-eef6-4af8-90b3-085f21a1429c,Acraea terpsicore,https://biodiversity.org.au/afd/taxa/ba632bea-a7b4-4b60-bf89-d63128cad841,-17.1079,145.7929,2021-04-28T01:15:00Z,PRESENT,Butterflies Australia,Acraea terpsicore
1712,f33872dd-b8fc-4f43-a01d-dd36a3401219,Acraea terpsicore,https://biodiversity.org.au/afd/taxa/ba632bea-a7b4-4b60-bf89-d63128cad841,-27.580751,152.660144,2022-04-03T12:01:00Z,PRESENT,iNaturalist Australia,Acraea terpsicore
1713,f33911ea-bd95-4f2d-8e66-e1bf5a8625a5,Acraea terpsicore,https://biodiversity.org.au/afd/taxa/ba632bea-a7b4-4b60-bf89-d63128cad841,-27.380712,152.908785,2022-02-08T11:25:00Z,PRESENT,iNaturalist Australia,Acraea terpsicore
1714,f33ad728-2c36-41c5-98c2-d6bf0804c048,Acraea terpsicore,https://biodiversity.org.au/afd/taxa/ba632bea-a7b4-4b60-bf89-d63128cad841,-18.18125,144.01874,2025-03-12T04:23:00Z,PRESENT,Butterflies Australia,Acraea terpsicore
1715,f37b56f9-a9ae-42d0-ab30-bff4ad7c5a38,Acraea terpsicore,https://biodiversity.org.au/afd/taxa/ba632bea-a7b4-4b60-bf89-d63128cad841,-19.202405,146.749726,2022-05-02T08:14:30Z,PRESENT,iNaturalist Australia,Acraea terpsicore
1716,f382b451-f3ee-49de-baff-a45bd903344b,Acraea terpsicore,https://biodiversity.org.au/afd/taxa/ba632bea-a7b4-4b60-bf89-d63128cad841,-19.230497,146.770381,2025-07-06T09:49:00Z,PRESENT,iNaturalist Australia,Acraea terpsicore
1717,f38c4fed-6f41-400a-9c3b-fcdebc49b7dc,Acraea terpsicore,https://biodiversity.org.au/afd/taxa/ba632bea-a7b4-4b60-bf89-d63128cad841,-15.63528,128.67028,2014-05-03T00:00:00Z,PRESENT,Fauna Atlas N.T.,Acraea terpsicore
1718,f3a84675-ec60-4169-8d4d-8420c90a59c7,Acraea terpsicore,https://biodiversity.org.au/afd/taxa/ba632bea-a7b4-4b60-bf89-d63128cad841,-11.645,133.388,2014-04-01T00:00:00Z,PRESENT,Fauna Atlas N.T.,Acraea terpsicore
1719,f3ccd0fa-ae36-455f-babc-7bdc6d30dd94,Acraea terpsicore,https://biodiversity.org.au/afd/taxa/ba632bea-a7b4-4b60-bf89-d63128cad841,-19.258553,146.802537,2022-10-28T11:54:23Z,PRESENT,iNaturalist Australia,Acraea terpsicore
1720,f4042a8a-e5fd-4bc8-b867-4386d497a7fa,Acraea terpsicore,https://biodiversity.org.au/afd/taxa/ba632bea-a7b4-4b60-bf89-d63128cad841,-19.9818,148.260105,2022-12-20T10:51:00Z,PRESENT,iNaturalist Australia,Acraea terpsicore
1721,f42a1dc1-c25a-4cea-b949-d88af23e0f9b,Acraea terpsicore,https://biodiversity.org.au/afd/taxa/ba632bea-a7b4-4b60-bf89-d63128cad841,-17.31352,145.58584,2020-09-06T12:24:00Z,PRESENT,Butterflies Australia,Acraea terpsicore
1722,f4310871-871c-497e-98d6-ba166f99ce24,Acraea terpsicore,https://biodiversity.org.au/afd/taxa/ba632bea-a7b4-4b60-bf89-d63128cad841,-28.50604,153.544007,2022-03-12T11:21:32Z,PRESENT,iNaturalist Australia,Acraea terpsicore
1723,f443d590-581e-4f31-8ac6-ca8756a0aa18,Acraea terpsicore,https://biodiversity.org.au/afd/taxa/ba632bea-a7b4-4b60-bf89-d63128cad841,-17.95,122.233333,2015-09-26T00:00:00Z,PRESENT,Fauna Atlas N.T.,Acraea terpsicore
1724,f44491d0-256c-47cd-890b-12594851927d,Acraea terpsicore,https://biodiversity.org.au/afd/taxa/ba632bea-a7b4-4b60-bf89-d63128cad841,-21.988877,146.333354,2025-08-24T19:52:36Z,PRESENT,iNaturalist Australia,Acraea terpsicore
1725,f45945bb-6138-41f6-ad37-e0c733627885,Acraea terpsicore,https://biodiversity.org.au/afd/taxa/ba632bea-a7b4-4b60-bf89-d63128cad841,-15.8803,127.2192,2014-06-03T00:00:00Z,PRESENT,Fauna Atlas N.T.,Acraea terpsicore
1726,f45ccf74-7f8e-4177-98f9-40885bc95c99,Acraea terpsicore,https://biodiversity.org.au/afd/taxa/ba632bea-a7b4-4b60-bf89-d63128cad841,-19.227442,146.629049,2018-08-23T10:31:00Z,PRESENT,iNaturalist Australia,Acraea terpsicore
1727,f4b09e14-f744-48b9-a163-fbcee37b0d2d,Acraea terpsicore,https://biodiversity.org.au/afd/taxa/ba632bea-a7b4-4b60-bf89-d63128cad841,-15.5032,145.2798,2022-05-29T12:30:00Z,PRESENT,Butterflies Australia,Acraea terpsicore
1728,f4d2d495-645c-4eaa-97eb-ba2d67be5576,Acraea terpsicore,https://biodiversity.org.au/afd/taxa/ba632bea-a7b4-4b60-bf89-d63128cad841,-16.529578,145.136494,2025-06-11T13:46:00Z,PRESENT,iNaturalist Australia,Acraea terpsicore
1729,f4d98525-e7de-4bd4-bc8c-cad19d525135,Acraea terpsicore,https://biodiversity.org.au/afd/taxa/ba632bea-a7b4-4b60-bf89-d63128cad841,-13.291345,132.334548,2023-05-01T09:40:00Z,PRESENT,iNaturalist Australia,Acraea terpsicore
1730,f4fd6269-2b41-468a-aa36-1c734e785292,Acraea terpsicore,https://biodiversity.org.au/afd/taxa/ba632bea-a7b4-4b60-bf89-d63128cad841,-16.3363,126.9025,2014-06-04T00:00:00Z,PRESENT,Fauna Atlas N.T.,Acraea terpsicore
1731,f54cdbbd-2630-4954-ab89-1025c72dd734,Acraea terpsicore,https://biodiversity.org.au/afd/taxa/ba632bea-a7b4-4b60-bf89-d63128cad841,-13.8566,136.43651,2021-06-20T00:00:00Z,PRESENT,Northern Territory Museum and Art Gallery provider for OZCAM,Acraea terpsicore
1732,f54d6be0-a08b-42fe-b0fc-20a918707f6b,Acraea terpsicore,https://biodiversity.org.au/afd/taxa/ba632bea-a7b4-4b60-bf89-d63128cad841,-12.462203,130.834732,2025-07-04T13:40:41Z,PRESENT,iNaturalist Australia,Acraea terpsicore
1733,f588efa0-904c-446d-822c-ff9aea5ea216,Acraea terpsicore,https://biodiversity.org.au/afd/taxa/ba632bea-a7b4-4b60-bf89-d63128cad841,-19.4092,146.734603,2024-06-30T12:26:08Z,PRESENT,iNaturalist Australia,Acraea terpsicore
1734,f58c6034-d6d2-44bb-8dbe-be05121e0ed5,Acraea terpsicore,https://biodiversity.org.au/afd/taxa/ba632bea-a7b4-4b60-bf89-d63128cad841,-16.0519,136.313972,2018-08-04T17:08:00Z,PRESENT,iNaturalist Australia,Acraea terpsicore
1735,f5aa0f83-a725-4cf4-909a-bf8d3b75d8aa,Acraea terpsicore,https://biodiversity.org.au/afd/taxa/ba632bea-a7b4-4b60-bf89-d63128cad841,-14.08351,136.43106,2021-06-16T00:00:00Z,PRESENT,Northern Territory Museum and Art Gallery provider for OZCAM,Acraea terpsicore
1736,f5bd7d35-1fab-4415-9cf7-e66303e1ad83,Acraea terpsicore,https://biodiversity.org.au/afd/taxa/ba632bea-a7b4-4b60-bf89-d63128cad841,-12.41161,130.825055,2024-05-18T16:52:37Z,PRESENT,iNaturalist Australia,Acraea terpsicore
1737,f5c8099f-2461-4725-828b-d9d3d25b2161,Acraea terpsicore,https://biodiversity.org.au/afd/taxa/ba632bea-a7b4-4b60-bf89-d63128cad841,-19.189942,146.773758,2025-07-13T13:51:19Z,PRESENT,iNaturalist Australia,Acraea terpsicore
1738,f5d87e4a-65f6-47b5-a664-720641a5265e,Acraea terpsicore,https://biodiversity.org.au/afd/taxa/ba632bea-a7b4-4b60-bf89-d63128cad841,-19.193358,146.745836,2017-10-25T12:06:00Z,PRESENT,iNaturalist Australia,Acraea terpsicore
1739,f5ebef02-4b54-4933-84ba-b2d2303ab598,Acraea terpsicore,https://biodiversity.org.au/afd/taxa/ba632bea-a7b4-4b60-bf89-d63128cad841,-23.799313,151.356343,2024-07-12T13:59:00Z,PRESENT,iNaturalist Australia,Acraea terpsicore
1740,f65e4101-89ed-4550-8061-e60fe37ae88c,Acraea terpsicore,https://biodiversity.org.au/afd/taxa/ba632bea-a7b4-4b60-bf89-d63128cad841,-19.2227,146.7794,2025-06-08T12:07:00Z,PRESENT,iNaturalist Australia,Acraea terpsicore
1741,f67469cb-79c0-405b-a6bb-8a69d93d764e,Acraea terpsicore,https://biodiversity.org.au/afd/taxa/ba632bea-a7b4-4b60-bf89-d63128cad841,-16.2405,127.6045,2014-05-28T00:00:00Z,PRESENT,Fauna Atlas N.T.,Acraea terpsicore
1742,f6a6b80b-2c75-4949-aa60-7d525421f7f4,Acraea terpsicore,https://biodiversity.org.au/afd/taxa/ba632bea-a7b4-4b60-bf89-d63128cad841,-16.833074,145.702215,2019-11-20T09:28:00Z,PRESENT,iNaturalist Australia,Acraea terpsicore
1743,f6cdbef6-4956-4acb-9952-8e9c1749c3b5,Acraea terpsicore,https://biodiversity.org.au/afd/taxa/ba632bea-a7b4-4b60-bf89-d63128cad841,-26.578612,148.791595,2022-01-28T12:25:24Z,PRESENT,iNaturalist Australia,Acraea terpsicore
1744,f6e110b8-d8b1-40a3-813a-8d8ca77479b9,Acraea terpsicore,https://biodiversity.org.au/afd/taxa/ba632bea-a7b4-4b60-bf89-d63128cad841,-20.064842,146.27057,2025-08-23T03:01:01Z,PRESENT,iNaturalist Australia,Acraea terpsicore
1745,f701d45c-c92b-4b44-a3ad-eec17153b7bd,Acraea terpsicore,https://biodiversity.org.au/afd/taxa/ba632bea-a7b4-4b60-bf89-d63128cad841,-19.191259,146.771706,2022-03-06T10:08:00Z,PRESENT,iNaturalist Australia,Acraea terpsicore
1746,f725fcd3-8847-4d74-8118-5ceb9365b262,Acraea terpsicore,https://biodiversity.org.au/afd/taxa/ba632bea-a7b4-4b60-bf89-d63128cad841,-12.5675,131.135556,2013-01-22T00:00:00Z,PRESENT,Fauna Atlas N.T.,Acraea terpsicore
1747,f766d159-e82b-47ee-993b-dde1b637a551,Acraea terpsicore,https://biodiversity.org.au/afd/taxa/ba632bea-a7b4-4b60-bf89-d63128cad841,-21.914313,148.37209,2022-02-14T14:02:04Z,PRESENT,iNaturalist Australia,Acraea terpsicore
1748,f789a8bb-ff4d-4745-a28c-3be40a3a936a,Acraea terpsicore,https://biodiversity.org.au/afd/taxa/ba632bea-a7b4-4b60-bf89-d63128cad841,-27.485586,152.954163,2022-02-12T10:26:00Z,PRESENT,iNaturalist Australia,Acraea terpsicore
1749,f793156c-170f-4ee9-9326-2837adee7323,Acraea terpsicore,https://biodiversity.org.au/afd/taxa/ba632bea-a7b4-4b60-bf89-d63128cad841,-15.8803,127.2192,2014-06-03T00:00:00Z,PRESENT,Fauna Atlas N.T.,Acraea terpsicore
1750,f7a49fd0-7bd0-414f-b623-7220568e341b,Acraea terpsicore,https://biodiversity.org.au/afd/taxa/ba632bea-a7b4-4b60-bf89-d63128cad841,-19.32507,146.76175,2023-04-25T14:12:12Z,PRESENT,iNaturalist Australia,Acraea terpsicore
1751,f7de8401-6d3e-4ec1-9fdb-ff703bb4682d,Acraea terpsicore,https://biodiversity.org.au/afd/taxa/ba632bea-a7b4-4b60-bf89-d63128cad841,-18.01832,143.80001,2017-02-21T00:00:00Z,PRESENT,WildNet - Queensland Wildlife Data,Acraea terpsicore
1752,f7ea4020-f924-4163-b6a9-9289b4753b25,Acraea terpsicore,https://biodiversity.org.au/afd/taxa/ba632bea-a7b4-4b60-bf89-d63128cad841,-25.190929,149.972212,2025-04-27T12:34:00Z,PRESENT,iNaturalist Australia,Acraea terpsicore
1753,f8041a72-5d93-499e-80da-92ea00411577,Acraea terpsicore,https://biodiversity.org.au/afd/taxa/ba632bea-a7b4-4b60-bf89-d63128cad841,-12.371995,130.868864,2021-04-26T08:40:00Z,PRESENT,iNaturalist Australia,Acraea terpsicore
1754,f806cbba-3b9d-4556-8a38-b7b941aa075e,Acraea terpsicore,https://biodiversity.org.au/afd/taxa/ba632bea-a7b4-4b60-bf89-d63128cad841,-17.295303,145.478261,2021-08-04T11:36:00Z,PRESENT,iNaturalist Australia,Acraea terpsicore
1755,f80b53eb-f103-4557-ac51-91be7aac68b8,Acraea terpsicore,https://biodiversity.org.au/afd/taxa/ba632bea-a7b4-4b60-bf89-d63128cad841,-18.654694,146.150541,2022-06-24T00:00:00Z,PRESENT,iNaturalist Australia,Acraea terpsicore
1756,f847123c-48ff-4425-979b-a376ff423183,Acraea terpsicore,https://biodiversity.org.au/afd/taxa/ba632bea-a7b4-4b60-bf89-d63128cad841,-18.201149,144.571327,2025-05-01T15:51:00Z,PRESENT,iNaturalist Australia,Acraea terpsicore
1757,f84e9a30-8801-49f9-a048-bcd5ed1ab730,Acraea terpsicore,https://biodiversity.org.au/afd/taxa/ba632bea-a7b4-4b60-bf89-d63128cad841,-15.575292,128.696631,2018-02-12T13:57:00Z,PRESENT,iNaturalist Australia,Acraea terpsicore
1758,f8921dd2-19e0-460b-8a1b-01c7634c2a14,Acraea terpsicore,https://biodiversity.org.au/afd/taxa/ba632bea-a7b4-4b60-bf89-d63128cad841,-19.592898,146.838806,2024-07-15T12:08:00Z,PRESENT,iNaturalist Australia,Acraea terpsicore
1759,f8ff1930-6293-4d24-b2a8-d339659e9555,Acraea terpsicore,https://biodiversity.org.au/afd/taxa/ba632bea-a7b4-4b60-bf89-d63128cad841,-17.012064,145.822678,2020-06-26T12:25:00Z,PRESENT,Earth Guardians Weekly Feed,Acraea terpsicore
1760,f908fce2-3919-4321-8680-03ef55e22299,Acraea terpsicore,https://biodiversity.org.au/afd/taxa/ba632bea-a7b4-4b60-bf89-d63128cad841,-18.162943,140.856738,2020-08-08T13:54:00Z,PRESENT,iNaturalist Australia,Acraea terpsicore
1761,f918d8bb-11bd-4ea2-9184-ef8555e254d8,Acraea terpsicore,https://biodiversity.org.au/afd/taxa/ba632bea-a7b4-4b60-bf89-d63128cad841,-12.41333,130.92194,2013-01-25T00:00:00Z,PRESENT,Fauna Atlas N.T.,Acraea terpsicore
1762,f92856aa-60e5-44b2-8fb4-e70e0d583b9d,Acraea terpsicore,https://biodiversity.org.au/afd/taxa/ba632bea-a7b4-4b60-bf89-d63128cad841,-12.630085,141.873587,2020-04-13T09:01:00Z,PRESENT,iNaturalist Australia,Acraea terpsicore
1763,f93135a4-a657-484a-ac8d-9790509bbda6,Acraea terpsicore,https://biodiversity.org.au/afd/taxa/ba632bea-a7b4-4b60-bf89-d63128cad841,-17.143562,144.529065,2026-02-14T23:46:57Z,PRESENT,iNaturalist Australia,Acraea terpsicore
1764,f93ae4b0-1015-44da-9dad-a44f0356a90e,Acraea terpsicore,https://biodiversity.org.au/afd/taxa/ba632bea-a7b4-4b60-bf89-d63128cad841,-18.1981,142.2469,2021-05-31T09:45:00Z,PRESENT,Butterflies Australia,Acraea terpsicore
1765,f93e0eeb-deaa-4909-a3f0-b4d4af999d0a,Acraea terpsicore,https://biodiversity.org.au/afd/taxa/ba632bea-a7b4-4b60-bf89-d63128cad841,-15.8,128.7,2021-02-03T15:17:00Z,PRESENT,Earth Guardians Weekly Feed,Acraea terpsicore
1766,f97a3efb-1ea2-4e9f-a452-3dfd186dbb48,Acraea terpsicore,https://biodiversity.org.au/afd/taxa/ba632bea-a7b4-4b60-bf89-d63128cad841,-15.63852,128.302199,2024-07-13T10:04:00Z,PRESENT,iNaturalist Australia,Acraea terpsicore
1767,f9a978ca-204f-4572-bfc3-ddffc08744cb,Acraea terpsicore,https://biodiversity.org.au/afd/taxa/ba632bea-a7b4-4b60-bf89-d63128cad841,-12.37308,130.88657,2013-02-14T00:00:00Z,PRESENT,Fauna Atlas N.T.,Acraea terpsicore
1768,f9b3aef4-8197-453f-89b5-3daf6945e736,Acraea terpsicore,https://biodiversity.org.au/afd/taxa/ba632bea-a7b4-4b60-bf89-d63128cad841,-21.146317,149.207567,2024-06-10T12:22:00Z,PRESENT,iNaturalist Australia,Acraea terpsicore
1769,f9e3b633-4c98-4690-9a2a-f267336a764b,Acraea terpsicore,https://biodiversity.org.au/afd/taxa/ba632bea-a7b4-4b60-bf89-d63128cad841,-19.381316,146.450242,2017-09-02T14:06:10Z,PRESENT,Encyclopedia of Life Images - Flickr Group,Acraea terpsicore
1770,fa5b4044-f239-4b08-a2a6-6cb5f9787c45,Acraea terpsicore,https://biodiversity.org.au/afd/taxa/ba632bea-a7b4-4b60-bf89-d63128cad841,-12.358823,130.890219,2026-02-06T20:52:00Z,PRESENT,iNaturalist Australia,Acraea terpsicore
1771,fa6e82c8-8ac8-461d-939c-a713baaf4212,Acraea terpsicore,https://biodiversity.org.au/afd/taxa/ba632bea-a7b4-4b60-bf89-d63128cad841,-26.610082,153.067419,2023-10-09T08:00:20Z,PRESENT,iNaturalist Australia,Acraea terpsicore
1772,fa80b06b-345f-4170-b5cc-7a6a4f3097be,Acraea terpsicore,https://biodiversity.org.au/afd/taxa/ba632bea-a7b4-4b60-bf89-d63128cad841,-19.207633,146.741807,2023-09-24T12:00:00Z,PRESENT,iNaturalist Australia,Acraea terpsicore
1773,fa8bf5c0-0f4b-4c2c-aa0e-2a3b89be7568,Acraea terpsicore,https://biodiversity.org.au/afd/taxa/ba632bea-a7b4-4b60-bf89-d63128cad841,-17.47894,140.84186,2023-08-16T11:14:00Z,PRESENT,Butterflies Australia,Acraea terpsicore
1774,faabc15d-d4a8-465b-b67f-bf808ba01ba6,Acraea terpsicore,https://biodiversity.org.au/afd/taxa/ba632bea-a7b4-4b60-bf89-d63128cad841,-19.210829,146.510833,2021-02-18T09:43:59Z,PRESENT,iNaturalist Australia,Acraea terpsicore
1775,fab449ae-9eef-48a9-8c36-8709762417d1,Acraea terpsicore,https://biodiversity.org.au/afd/taxa/ba632bea-a7b4-4b60-bf89-d63128cad841,-18.804667,139.151389,2021-08-06T15:00:00Z,PRESENT,iNaturalist Australia,Acraea terpsicore
1776,fab51900-2cb2-46a2-baa0-0ebe64ed1aed,Acraea terpsicore,https://biodiversity.org.au/afd/taxa/ba632bea-a7b4-4b60-bf89-d63128cad841,-15.644754,144.508356,2021-06-20T15:35:00Z,PRESENT,iNaturalist Australia,Acraea terpsicore
1777,fad077fd-8e00-41f2-aab9-96fe16664e67,Acraea terpsicore,https://biodiversity.org.au/afd/taxa/ba632bea-a7b4-4b60-bf89-d63128cad841,-14.315547,132.420989,2025-06-17T14:21:00Z,PRESENT,iNaturalist Australia,Acraea terpsicore
1778,fad9bf84-a55d-43df-86bd-279b7c73be4c,Acraea terpsicore,https://biodiversity.org.au/afd/taxa/ba632bea-a7b4-4b60-bf89-d63128cad841,-12.41333,130.92194,2013-02-14T00:00:00Z,PRESENT,Fauna Atlas N.T.,Acraea terpsicore
1779,fadcc6e9-e9ab-404e-b1db-98abd75cc7fb,Acraea terpsicore,https://biodiversity.org.au/afd/taxa/ba632bea-a7b4-4b60-bf89-d63128cad841,-15.6353,128.6703,2014-05-03T00:00:00Z,PRESENT,Fauna Atlas N.T.,Acraea terpsicore
1780,fb21e66f-3350-4e6c-97a0-324bc01c9c54,Acraea terpsicore,https://biodiversity.org.au/afd/taxa/ba632bea-a7b4-4b60-bf89-d63128cad841,-26.866527,152.932101,2024-03-30T10:35:00Z,PRESENT,iNaturalist Australia,Acraea terpsicore
1781,fb2dbd1f-30e0-45ba-b547-9d614c48d98b,Acraea terpsicore,https://biodiversity.org.au/afd/taxa/ba632bea-a7b4-4b60-bf89-d63128cad841,-13.751,130.689,2013-06-02T00:00:00Z,PRESENT,Fauna Atlas N.T.,Acraea terpsicore
1782,fb75e266-34c4-458d-89ff-80eaf37f0c32,Acraea terpsicore,https://biodiversity.org.au/afd/taxa/ba632bea-a7b4-4b60-bf89-d63128cad841,-14.45277,126.66373,2015-05-19T00:00:00Z,PRESENT,Fauna Atlas N.T.,Acraea terpsicore
1783,fb88f565-efd7-4f8e-b980-27b7d1a157ea,Acraea terpsicore,https://biodiversity.org.au/afd/taxa/ba632bea-a7b4-4b60-bf89-d63128cad841,-17.31256,145.58708,2021-04-11T13:32:00Z,PRESENT,Butterflies Australia,Acraea terpsicore
1784,fb9d7041-f264-4303-88ac-fa7baa9da636,Acraea terpsicore,https://biodiversity.org.au/afd/taxa/ba632bea-a7b4-4b60-bf89-d63128cad841,-18.750063,126.107831,2025-08-10T15:14:00Z,PRESENT,iNaturalist Australia,Acraea terpsicore
1785,fbc517b5-6108-40e5-b3e7-8a8e1bbae0d4,Acraea terpsicore,https://biodiversity.org.au/afd/taxa/ba632bea-a7b4-4b60-bf89-d63128cad841,-18.215167,142.828462,2022-06-27T08:17:00Z,PRESENT,iNaturalist Australia,Acraea terpsicore
1786,fbc6b559-8058-45c5-93b6-7c4db7c6c7be,Acraea terpsicore,https://biodiversity.org.au/afd/taxa/ba632bea-a7b4-4b60-bf89-d63128cad841,-28.172833,153.066639,2025-03-22T12:32:00Z,PRESENT,iNaturalist Australia,Acraea terpsicore
1787,fbd7a8f9-4b06-412b-8017-625acc6dfe44,Acraea terpsicore,https://biodiversity.org.au/afd/taxa/ba632bea-a7b4-4b60-bf89-d63128cad841,-27.619487,153.169683,2021-02-28T09:30:00Z,PRESENT,iNaturalist Australia,Acraea terpsicore
1788,fc0d70a6-9378-4419-9f5a-2cbf7d145066,Acraea terpsicore,https://biodiversity.org.au/afd/taxa/ba632bea-a7b4-4b60-bf89-d63128cad841,-15.661044,130.480965,2021-01-04T11:57:23Z,PRESENT,iNaturalist Australia,Acraea terpsicore
1789,fc87a681-c215-45a1-90d5-32fa8737bde2,Acraea terpsicore,https://biodiversity.org.au/afd/taxa/ba632bea-a7b4-4b60-bf89-d63128cad841,-12.557915,130.862386,2023-04-23T10:05:00Z,PRESENT,iNaturalist Australia,Acraea terpsicore
1790,fc976f46-57d6-4d42-a83f-23893e44ba0a,Acraea terpsicore,https://biodiversity.org.au/afd/taxa/ba632bea-a7b4-4b60-bf89-d63128cad841,-13.103198,130.844391,2019-05-28T10:15:00Z,PRESENT,iNaturalist Australia,Acraea terpsicore
1791,fcb5a4bb-2d42-480c-bdce-18b72a905f32,Acraea terpsicore,https://biodiversity.org.au/afd/taxa/ba632bea-a7b4-4b60-bf89-d63128cad841,-19.19,146.7738,2025-07-24T11:39:00Z,PRESENT,iNaturalist Australia,Acraea terpsicore
1792,fcb700e7-e8c6-4d79-a2df-43cbf7b252b9,Acraea terpsicore,https://biodiversity.org.au/afd/taxa/ba632bea-a7b4-4b60-bf89-d63128cad841,-15.897901,128.13175,2025-08-01T11:20:50Z,PRESENT,iNaturalist Australia,Acraea terpsicore
1793,fcc1bf86-d7b9-4d4e-876e-e42c3a8810bc,Acraea terpsicore,https://biodiversity.org.au/afd/taxa/ba632bea-a7b4-4b60-bf89-d63128cad841,-16.499087,145.002052,2019-08-17T16:24:00Z,PRESENT,iNaturalist Australia,Acraea terpsicore
1794,fcc570b3-0db3-4781-9f6c-e6db8fbe52fe,Acraea terpsicore,https://biodiversity.org.au/afd/taxa/ba632bea-a7b4-4b60-bf89-d63128cad841,-27.633015,153.200115,2022-04-15T10:57:00Z,PRESENT,iNaturalist Australia,Acraea terpsicore
1795,fcfc6569-dae4-429d-8312-b85dade6a42f,Acraea terpsicore,https://biodiversity.org.au/afd/taxa/ba632bea-a7b4-4b60-bf89-d63128cad841,-18.204132,144.562408,2025-05-01T15:10:00Z,PRESENT,iNaturalist Australia,Acraea terpsicore
1796,fd00b449-116e-4911-9b39-7eae590c7b8d,Acraea terpsicore,https://biodiversity.org.au/afd/taxa/ba632bea-a7b4-4b60-bf89-d63128cad841,-23.600952,148.571701,2025-05-21T11:51:23Z,PRESENT,iNaturalist Australia,Acraea terpsicore
1797,fd30023c-d718-4362-b945-efc077b51b83,Acraea terpsicore,https://biodiversity.org.au/afd/taxa/ba632bea-a7b4-4b60-bf89-d63128cad841,-16.167,136.75809,2024-07-10T17:01:00Z,PRESENT,iNaturalist Australia,Acraea terpsicore
1798,fd32abef-5347-4b57-92ad-3ee8799f2312,Acraea terpsicore,https://biodiversity.org.au/afd/taxa/ba632bea-a7b4-4b60-bf89-d63128cad841,-19.9895,148.2614,2022-06-29T11:00:00Z,PRESENT,Butterflies Australia,Acraea terpsicore
1799,fd39763f-e845-4abe-bf1f-854c05775fba,Acraea terpsicore,https://biodiversity.org.au/afd/taxa/ba632bea-a7b4-4b60-bf89-d63128cad841,-12.913431,131.656971,2018-04-18T23:37:00Z,PRESENT,iNaturalist Australia,Acraea terpsicore
1800,fd72b6bc-6f5f-4bec-8938-2aa260214cb3,Acraea terpsicore,https://biodiversity.org.au/afd/taxa/ba632bea-a7b4-4b60-bf89-d63128cad841,-26.597819,153.012334,2023-11-02T18:12:16Z,PRESENT,iNaturalist Australia,Acraea terpsicore
1801,fd73c73b-7318-4a0b-8ab8-8f3c44618b3b,Acraea terpsicore,https://biodiversity.org.au/afd/taxa/ba632bea-a7b4-4b60-bf89-d63128cad841,-19.9891,148.2632,2025-02-04T09:45:00Z,PRESENT,Butterflies Australia,Acraea terpsicore
1802,fd8da6f7-7b21-40e7-93ea-0e765ddc6349,Acraea terpsicore,https://biodiversity.org.au/afd/taxa/ba632bea-a7b4-4b60-bf89-d63128cad841,-30.50413,153.00976,2022-01-09T17:48:00Z,PRESENT,iNaturalist Australia,Acraea terpsicore
1803,fdb8ba5d-ef70-4c51-b228-efd2b666b2f8,Acraea terpsicore,https://biodiversity.org.au/afd/taxa/ba632bea-a7b4-4b60-bf89-d63128cad841,-17.47162,141.17999,2023-08-15T11:53:00Z,PRESENT,Butterflies Australia,Acraea terpsicore
1804,fdba27cb-18c6-44af-b625-6c2414f84c1a,Acraea terpsicore,https://biodiversity.org.au/afd/taxa/ba632bea-a7b4-4b60-bf89-d63128cad841,-18.200678,144.658841,2022-07-17T13:18:40Z,PRESENT,iNaturalist Australia,Acraea terpsicore
1805,fddfa574-743e-49eb-8f66-f788a6cc7b8f,Acraea terpsicore,https://biodiversity.org.au/afd/taxa/ba632bea-a7b4-4b60-bf89-d63128cad841,-17.134302,144.53945,2025-06-21T12:57:20Z,PRESENT,iNaturalist Australia,Acraea terpsicore
1806,fdf72772-6690-4880-8420-4ef5b14ae6f9,Acraea terpsicore,https://biodiversity.org.au/afd/taxa/ba632bea-a7b4-4b60-bf89-d63128cad841,-20.194925,148.366472,2025-08-08T09:55:08Z,PRESENT,iNaturalist Australia,Acraea terpsicore
1807,fea51908-89c0-4059-89c3-d97dafec7562,Acraea terpsicore,https://biodiversity.org.au/afd/taxa/ba632bea-a7b4-4b60-bf89-d63128cad841,-30.645508,153.016612,2022-05-28T03:09:00Z,PRESENT,NatureMapr,Acraea terpsicore
1808,fef34eca-858b-4d0b-8bdc-628d656c7f43,Acraea terpsicore,https://biodiversity.org.au/afd/taxa/ba632bea-a7b4-4b60-bf89-d63128cad841,-13.5217,130.810945,2024-06-07T15:12:24Z,PRESENT,iNaturalist Australia,Acraea terpsicore
1809,ff0ffa0f-226c-4ebd-910e-b997f175ad48,Acraea terpsicore,https://biodiversity.org.au/afd/taxa/ba632bea-a7b4-4b60-bf89-d63128cad841,-28.909654,151.587222,2025-10-14T10:12:00Z,PRESENT,iNaturalist Australia,Acraea terpsicore
1810,ffb706f7-5f25-46de-8674-f956fb84d9f2,Acraea terpsicore,https://biodiversity.org.au/afd/taxa/ba632bea-a7b4-4b60-bf89-d63128cad841,-17.061046,145.753245,2021-02-04T08:27:00Z,PRESENT,iNaturalist Australia,Acraea terpsicore
1811,ffbf5dfb-f4dd-4cd6-a57f-85ed2710c135,Acraea terpsicore,https://biodiversity.org.au/afd/taxa/ba632bea-a7b4-4b60-bf89-d63128cad841,-10.6255,142.3125,2023-06-05T09:00:00Z,PRESENT,Butterflies Australia,Acraea terpsicore
1812,ffd038fd-246f-4131-b3eb-30eed570917a,Acraea terpsicore,https://biodiversity.org.au/afd/taxa/ba632bea-a7b4-4b60-bf89-d63128cad841,-22.462089,148.254165,2024-05-21T13:34:06Z,PRESENT,iNaturalist Australia,Acraea terpsicore
1813,fff03003-e901-4b34-bcf1-a8cd05d1c947,Acraea terpsicore,https://biodiversity.org.au/afd/taxa/ba632bea-a7b4-4b60-bf89-d63128cad841,-14.454398,132.266219,2019-05-09T12:25:00Z,PRESENT,iNaturalist Australia,Acraea terpsicore
